zinc_id,smiles
ZINC000445688610,O=C(Cc1ccc([N+](=O)[O-])cc1Br)N[C@H](CN1CCCC1)c1ccccc1
ZINC000302910501,COc1cc(CN2CCC(n3c(=O)[nH]c4ccccc43)CC2)c([N+](=O)[O-])cc1OC(F)F
ZINC000791141859,COc1ccc([C@@H](CN2CCCC2)NC(=O)Cc2cc(F)c(Cl)cc2[N+](=O)[O-])cc1
ZINC000593517946,CN(CCN1CCCCC1)c1cccc(C#N)n1
ZINC000593518463,CN(CCN1CCCCC1)c1cc(C#N)ccn1
ZINC000045513105,CCN(CC)C(=O)C(c1ccccc1)N1CCC(n2c(=O)[nH]c3ccccc32)CC1
ZINC000045513108,CCN(CC)C(=O)C(c1ccccc1)N1CCC(n2c(=O)[nH]c3ccccc32)CC1
ZINC000095456458,COc1ccc([C@@H](CN2CCCC2)NC(=O)Cc2ccccc2Br)cc1
ZINC000302810756,COc1ccc(Br)cc1CN1CCC(n2c(=O)[nH]c3ccccc32)CC1
ZINC000480422392,CC(C)N(C(C)C)S(=O)(=O)c1ccc(N[C@H](C)CN2C[C@H](C)C[C@H](C)C2)nc1
ZINC000480422394,CC(C)N(C(C)C)S(=O)(=O)c1ccc(N[C@H](C)CN2C[C@H](C)C[C@@H](C)C2)nc1
ZINC000480422395,CC(C)N(C(C)C)S(=O)(=O)c1ccc(N[C@@H](C)CN2C[C@H](C)C[C@H](C)C2)nc1
ZINC000480422396,CC(C)N(C(C)C)S(=O)(=O)c1ccc(N[C@@H](C)CN2C[C@H](C)C[C@@H](C)C2)nc1
ZINC000500389449,COc1ccc([C@@H](CN2CCCC2)NC(=O)Cc2cccc(OC(F)F)c2)cc1
ZINC000500397510,COc1ccc([C@@H](CN2CCCC2)NC(=O)Cc2cccc(Br)c2)cc1
ZINC000500417754,COc1ccc([C@@H](CN2CCCC2)NC(=O)Cc2ccccc2OC(F)F)cc1
ZINC000506123409,COC(=O)COc1c(C)cc(CN2CCC(n3c(=O)[nH]c4ccccc43)CC2)cc1C
ZINC000506125032,COCCOc1ccc(CN2CCC(n3c(=O)[nH]c4ccccc43)CC2)cc1OC
ZINC000506149478,CCOC(=O)COc1ccc(CN2CCC(n3c(=O)[nH]c4ccccc43)CC2)cc1
ZINC000506160869,CCOc1c(OC)cc(CN2CCC(n3c(=O)[nH]c4ccccc43)CC2)cc1OC
ZINC000511354015,CCCNC(=O)Nc1ccc(CC(=O)N[C@H](CN2CCCC2)c2ccccc2)cc1
ZINC000537728882,COc1ccc([C@@H](CN2CCCC2)NC(=O)Cc2ccc(Br)cc2)cc1
ZINC000539931239,COc1ccc([C@@H](CN2CCCC2)NC(=O)Cc2cc(Cl)ccc2OC)cc1
ZINC000539931370,COc1ccc([C@@H](CN2CCCC2)NC(=O)Cc2ccc(OC(F)F)cc2)cc1
ZINC000543843081,CC(C)S(=O)(=O)c1ccc(CN2CCC(n3c(=O)[nH]c4ccccc43)CC2)cc1
ZINC000589595827,CC(C)CNC(=O)c1cccc(CN2CCC(n3c(=O)[nH]c4ccccc43)CC2)c1
ZINC000779542750,COc1ccc([C@@H](CN2CCCC2)NC(=O)C(O)c2cc(Cl)cc(Cl)c2)cc1
ZINC000779542752,COc1ccc([C@@H](CN2CCCC2)NC(=O)C(O)c2cc(Cl)cc(Cl)c2)cc1
ZINC000802960969,COc1ccc([C@@H](CN2CCCC2)NC(=O)C(O)c2cccc(C(F)(F)F)c2)cc1
ZINC000802960971,COc1ccc([C@@H](CN2CCCC2)NC(=O)C(O)c2cccc(C(F)(F)F)c2)cc1
ZINC000813506489,COc1ccc([C@@H](CN2CCCC2)NC(=O)C(F)(F)c2ccc(OC)cc2)cc1
ZINC001135444777,O=C(Cc1ccc(NC(=O)C(F)(F)F)cc1)N[C@H](CN1CCCC1)c1ccccc1
ZINC001136939836,Cn1c(=O)n(C2CCN(Cc3ccc(OCC(F)F)cc3)CC2)c2ccccc21
ZINC001138146887,Cn1c(=O)n(C2CCN(Cc3cc(O)ccc3Br)CC2)c2ccccc21
ZINC001138553298,COc1cc(CN2CCC(n3c(=O)n(C)c4ccccc43)CC2)ccc1OC(F)F
ZINC001138574524,COc1cc(CN2CCC(n3c(=O)n(C)c4ccccc43)CC2)ccc1OC(C)C
ZINC001138745819,COc1cc(Cl)cc(CN2CCC(n3c(=O)n(C)c4ccccc43)CC2)c1OC
ZINC001138974218,CCOc1ccc(CN2CCC(n3c(=O)n(C)c4ccccc43)CC2)cc1OCC
ZINC001138978009,CCOc1ccc(CN2CCC(n3c(=O)n(C)c4ccccc43)CC2)c(OCC)c1
ZINC001139003523,CCOc1cc(CN2CCC(n3c(=O)[nH]c4ccccc43)CC2)ccc1OC(C)=O
ZINC001139004245,CCOc1cc(CN2CCC(n3c(=O)n(C)c4ccccc43)CC2)ccc1OC(C)=O
ZINC001139118031,COc1ccc(CN2CCC(n3c(=O)n(C)c4ccccc43)CC2)c(Cl)c1OC
ZINC001139132243,CCOC(=O)COc1ccccc1CN1CCC(n2c(=O)[nH]c3ccccc32)CC1
ZINC001140222426,Nc1cc(Br)ccc1CN1CCC(n2c(=O)[nH]c3ccccc32)CC1
ZINC001140223679,Cn1c(=O)n(C2CCN(Cc3ccc(Br)cc3N)CC2)c2ccccc21
ZINC001140551297,Cn1c(=O)n(C2CCN(Cc3cccc(O)c3Br)CC2)c2ccccc21
ZINC001143276287,CCOc1ccc(CN2CCC(n3c(=O)n(C)c4ccccc43)CC2)c(F)c1F
ZINC001143371240,COc1ccc(F)c(CN2CCC(n3c(=O)n(C)c4ccccc43)CC2)c1Cl
ZINC001143495458,CCOc1ccc(F)c(F)c1CN1CCC(n2c(=O)n(C)c3ccccc32)CC1
ZINC001143574636,CCOc1cc(F)c(CN2CCC(n3c(=O)n(C)c4ccccc43)CC2)c(F)c1
ZINC001143848057,COc1c(F)cc(CN2CCC(n3c(=O)n(C)c4ccccc43)CC2)cc1Cl
ZINC001143897269,COc1ccc(Cl)c(CN2CCC(n3c(=O)n(C)c4ccccc43)CC2)c1F
ZINC001143937442,CCOc1ccc(F)c(CN2CCC(n3c(=O)n(C)c4ccccc43)CC2)c1F
ZINC001144030551,CCOc1c(F)cc(CN2CCC(n3c(=O)n(C)c4ccccc43)CC2)cc1F
ZINC001144386311,Cn1c(=O)n(C2CCN(Cc3ccc(O)cc3C(F)(F)F)CC2)c2ccccc21
ZINC001151338522,COc1ccc([C@@H](CN2CCCC2)NC(=O)C(O)c2ccccc2C(F)(F)F)cc1
ZINC001151338525,COc1ccc([C@@H](CN2CCCC2)NC(=O)C(O)c2ccccc2C(F)(F)F)cc1
ZINC001151338872,COc1ccc([C@@H](CN2CCCC2)NC(=O)C(O)c2ccc(Cl)c(Cl)c2)cc1
ZINC001151338874,COc1ccc([C@@H](CN2CCCC2)NC(=O)C(O)c2ccc(Cl)c(Cl)c2)cc1
ZINC001160751826,COC(OC)c1ccc(NC(=O)C(C)(C)C)c(NCCN2CCC(F)(F)CC2)n1
ZINC001203328867,Cn1c(=O)n(C2CCN(Cc3ccccc3Br)CC2)c2ccccc21
ZINC001203367092,Cn1c(=O)n(C2CCN(Cc3c(F)c(F)c(F)c(F)c3F)CC2)c2ccccc21
ZINC001203769422,Cn1c(=O)n(C2CCN(Cc3cccc(Br)c3)CC2)c2ccccc21
ZINC001203908335,Cn1c(=O)n(C2CCN(Cc3ccc(Br)cc3)CC2)c2ccccc21
ZINC001204263296,CN(C)CCCOc1ccc(CN2CCC(n3c(=O)[nH]c4ccccc43)CC2)cc1
ZINC001204268374,CN(C)CCCOc1ccc(CN2CCC(n3c(=O)n(C)c4ccccc43)CC2)cc1
ZINC001207118168,Cn1c(=O)n(C2CCN(Cc3c(F)cccc3OC(F)F)CC2)c2ccccc21
ZINC001209665286,COc1cc(CN2CCC(n3c(=O)n(C)c4ccccc43)CC2)c(F)cc1Cl
ZINC001209681997,CCOc1cc(C(=O)OC)ccc1CN1CCC(n2c(=O)[nH]c3ccccc32)CC1
ZINC001209701364,COc1c(Cl)ccc(CN2CCC(n3c(=O)n(C)c4ccccc43)CC2)c1F
ZINC001223016687,COC(=O)C[C@@H](C)O[C@H]1c2ccccc2N(C)S(=O)(=O)c2cc(Cl)ccc21
ZINC001223016693,COC(=O)C[C@@H](C)O[C@@H]1c2ccccc2N(C)S(=O)(=O)c2cc(Cl)ccc21
ZINC001223017368,CCCOC(=O)C(C)O[C@@H]1c2ccccc2N(C)S(=O)(=O)c2cc(Cl)ccc21
ZINC001223017377,CCCOC(=O)C(C)O[C@H]1c2ccccc2N(C)S(=O)(=O)c2cc(Cl)ccc21
ZINC001223017378,CCCOC(=O)C(C)O[C@@H]1c2ccccc2N(C)S(=O)(=O)c2cc(Cl)ccc21
ZINC001223017381,CCCOC(=O)C(C)O[C@H]1c2ccccc2N(C)S(=O)(=O)c2cc(Cl)ccc21
ZINC001223017936,CCOC(=O)C[C@@H](C)O[C@H]1c2ccccc2N(C)S(=O)(=O)c2cc(Cl)ccc21
ZINC001223017937,CCOC(=O)C[C@@H](C)O[C@@H]1c2ccccc2N(C)S(=O)(=O)c2cc(Cl)ccc21
ZINC001223018353,CC(C)OC(=O)CO[C@H]1c2ccccc2N(C)S(=O)(=O)c2cc(Cl)ccc21
ZINC001223018354,CC(C)OC(=O)CO[C@@H]1c2ccccc2N(C)S(=O)(=O)c2cc(Cl)ccc21
ZINC001223020420,C=CC(=O)OC[C@H](C)O[C@H]1c2ccccc2N(C)S(=O)(=O)c2cc(Cl)ccc21
ZINC001223020421,C=CC(=O)OC[C@H](C)O[C@@H]1c2ccccc2N(C)S(=O)(=O)c2cc(Cl)ccc21
ZINC001223020422,C=CC(=O)OC[C@@H](C)O[C@H]1c2ccccc2N(C)S(=O)(=O)c2cc(Cl)ccc21
ZINC001223020423,C=CC(=O)OC[C@@H](C)O[C@@H]1c2ccccc2N(C)S(=O)(=O)c2cc(Cl)ccc21
ZINC001223020504,CCOC(=O)C(C)O[C@@H]1c2ccccc2N(C)S(=O)(=O)c2cc(Cl)ccc21
ZINC001223020505,CCOC(=O)C(C)O[C@H]1c2ccccc2N(C)S(=O)(=O)c2cc(Cl)ccc21
ZINC001223020584,C[C@H](O)CCCC(=O)O[C@H]1c2ccccc2N(C)S(=O)(=O)c2cc(Cl)ccc21
ZINC001223020586,C[C@H](O)CCCC(=O)O[C@@H]1c2ccccc2N(C)S(=O)(=O)c2cc(Cl)ccc21
ZINC001223020588,C[C@@H](O)CCCC(=O)O[C@H]1c2ccccc2N(C)S(=O)(=O)c2cc(Cl)ccc21
ZINC001223020592,C[C@@H](O)CCCC(=O)O[C@@H]1c2ccccc2N(C)S(=O)(=O)c2cc(Cl)ccc21
ZINC001223020676,CC[C@@H](CC(=O)OC)O[C@@H]1c2ccccc2N(C)S(=O)(=O)c2cc(Cl)ccc21
ZINC001223020678,CC[C@@H](CC(=O)OC)O[C@H]1c2ccccc2N(C)S(=O)(=O)c2cc(Cl)ccc21
ZINC001223021092,CCC(O[C@H]1c2ccccc2N(C)S(=O)(=O)c2cc(Cl)ccc21)C(=O)OC
ZINC001223021094,CCC(O[C@@H]1c2ccccc2N(C)S(=O)(=O)c2cc(Cl)ccc21)C(=O)OC
ZINC001223023471,CCOC(=O)C(CC)O[C@H]1c2ccccc2N(C)S(=O)(=O)c2cc(Cl)ccc21
ZINC001223023472,CCOC(=O)C(CC)O[C@@H]1c2ccccc2N(C)S(=O)(=O)c2cc(Cl)ccc21
ZINC001223023473,CCOC(=O)C(CC)O[C@H]1c2ccccc2N(C)S(=O)(=O)c2cc(Cl)ccc21
ZINC001223023474,CCOC(=O)C(CC)O[C@@H]1c2ccccc2N(C)S(=O)(=O)c2cc(Cl)ccc21
ZINC001231506118,COCCCOc1ccc(CN2CCC(n3c(=O)n(C)c4ccccc43)CC2)cc1
ZINC001231523423,Cn1c(=O)n(C2CCN(Cc3ccc(O)c(C(F)(F)F)c3)CC2)c2ccccc21
ZINC001231696181,COc1cc(Cl)c(CN2CCC(n3c(=O)n(C)c4ccccc43)CC2)c(OC)c1
ZINC001232374125,COc1cc(CN2CCC(n3c(=O)n(C)c4ccccc43)CC2)c(OC)cc1Cl
ZINC001232391483,COc1ccc(OC(C)C)c(CN2CCC(n3c(=O)n(C)c4ccccc43)CC2)c1
ZINC001232521498,Nc1c(Br)cccc1CN1CCC(n2c(=O)[nH]c3ccccc32)CC1
ZINC001232525659,Cn1c(=O)n(C2CCN(Cc3cccc(Br)c3N)CC2)c2ccccc21
ZINC001232578539,COC(=O)c1ccc(CN2CCC(n3c(=O)n(C)c4ccccc43)CC2)c(Cl)c1
ZINC001232998527,Cn1c(=O)n(C2CCN(Cc3cc(O)cc(Br)c3)CC2)c2ccccc21
ZINC001233003583,COc1cc(Cl)cc(F)c1CN1CCC(n2c(=O)n(C)c3ccccc32)CC1
ZINC001233400618,COc1ccc(CN2CCC(n3c(=O)n(C)c4ccccc43)CC2)c(Cl)c1O
ZINC001234719721,COc1ccc(CN2CCC(n3c(=O)n(C)c4ccccc43)CC2)c(OC(C)C)c1
ZINC001235671688,Cn1c(=O)n(C2CCN(Cc3ccc(O)c(OC(F)(F)F)c3)CC2)c2ccccc21
ZINC001235820316,Cn1c(=O)n(C2CCN(Cc3cc(OC(F)(F)F)ccc3N)CC2)c2ccccc21
ZINC001236686909,Cn1c(=O)n(C2CCN(Cc3ccc(Br)c(O)c3)CC2)c2ccccc21
ZINC001236721198,Cn1c(=O)n(C2CCN(Cc3ccc(OC(F)F)cc3F)CC2)c2ccccc21
ZINC001236731259,Cn1c(=O)n(C2CCN(Cc3ccc(O)cc3OC(F)(F)F)CC2)c2ccccc21
ZINC001236776891,COC(=O)c1cc(Cl)cc(CN2CCC(n3c(=O)n(C)c4ccccc43)CC2)c1
ZINC001237354333,Cn1c(=O)n(C2CCN(Cc3ccc(OC(F)F)c(F)c3)CC2)c2ccccc21
ZINC001237910380,CCOC(=O)COc1cccc(CN2CCC(n3c(=O)[nH]c4ccccc43)CC2)c1
ZINC001238343586,COc1c(Cl)ccc(F)c1CN1CCC(n2c(=O)n(C)c3ccccc32)CC1
ZINC001238652782,CCOc1cc(F)c(F)cc1CN1CCC(n2c(=O)n(C)c3ccccc32)CC1
ZINC001238791710,COc1cc(F)c(CN2CCC(n3c(=O)n(C)c4ccccc43)CC2)cc1Cl
ZINC001248799422,COc1ccc(CN2CCC(n3c(=O)n(C)c4ccccc43)CC2)c(OC)c1Cl
ZINC001249647646,COC(=O)c1c(Cl)cccc1CN1CCC(n2c(=O)n(C)c3ccccc32)CC1
ZINC001250409051,Cn1c(=O)n(C2CCN(Cc3cc(O)c(Cl)c(F)c3F)CC2)c2ccccc21
ZINC001250423960,COC(=O)c1c(F)ccc(CN2CCC(n3c(=O)[nH]c4ccccc43)CC2)c1F
ZINC001290115816,COc1ccc(CC(=O)N[C@H](CN2CCCC2)c2ccccc2)c(Cl)c1OC
ZINC001462033167,COC(=O)C(C)Oc1ccccc1CN1CCC(n2c(=O)[nH]c3ccccc32)CC1
ZINC001462033172,COC(=O)C(C)Oc1ccccc1CN1CCC(n2c(=O)[nH]c3ccccc32)CC1
ZINC001538718123,CC(=O)Nc1ccccc1C(F)(F)C(=O)N[C@H](CN1CCCC1)c1ccccc1
ZINC001596575028,COc1ccc([C@@H](CN2CCCC2)NC(=O)C(O)c2ccc(C(F)(F)F)cc2)cc1
ZINC001596575030,COc1ccc([C@@H](CN2CCCC2)NC(=O)C(O)c2ccc(C(F)(F)F)cc2)cc1
ZINC001618407082,COc1ccc(Br)c(CC(=O)N[C@H](CN2CCCC2)c2ccccc2)c1
ZINC001630883794,COc1ccc([C@@H](CN2CCCC2)NC(=O)Cc2cccc(OC)c2Cl)cc1
ZINC000001602370,CC(C)N(CCN1CCCCC1)c1ccccn1
ZINC000001602375,Cc1cc(C)nc(N(C)CCN2CCCCC2)c1
ZINC000005621294,COc1ccc2c3c1O[C@H]1[C@@]4(OC)C=C[C@@]5(C[C@H]4C(C)=NO)[C@@H](C2)N(C)CC[C@]315
ZINC000005621298,COc1ccc2c3c1O[C@H]1[C@@]4(OC)C=C[C@@]5(C[C@@H]4C(C)=NO)[C@@H](C2)N(C)CC[C@]315
ZINC001223018262,CN1c2ccccc2[C@@H](OC(=O)C[C@@H](O)C[N+](C)(C)C)c2ccc(Cl)cc2S1(=O)=O
ZINC001223018272,CN1c2ccccc2[C@H](OC(=O)C[C@@H](O)C[N+](C)(C)C)c2ccc(Cl)cc2S1(=O)=O
ZINC000768218732,O=c1[nH]c2ccccc2n1C1CCN(Cc2cc(Br)ccc2O)CC1
ZINC000768219424,O=c1[nH]c2ccccc2n1C1CCN(Cc2cccc(Br)c2O)CC1
ZINC000775645138,Cc1cc(Br)cc(CN2CCC(n3c(=O)[nH]c4ccccc43)CC2)c1O
ZINC001138389812,CCN(CC)c1ccc(CN2CCC(n3c(=O)n(C)c4ccccc43)CC2)c(OC)c1
ZINC001140100520,O=c1[nH]c2ccccc2n1C1CCN(Cc2c(O)cccc2Br)CC1
ZINC001144293130,O=c1[nH]c2ccccc2n1C1CCN(Cc2cc(Br)c(F)cc2O)CC1
ZINC001203580469,Cn1c(=O)n(C2CCN(Cc3cc(Cl)cc(Cl)c3O)CC2)c2ccccc21
ZINC001233027955,O=c1[nH]c2ccccc2n1C1CCN(Cc2c(O)cc(Br)cc2F)CC1
ZINC001233736614,O=c1[nH]c2ccccc2n1C1CCN(Cc2cccc(OC(F)(F)F)c2O)CC1
ZINC001235058447,O=c1[nH]c2ccccc2n1C1CCN(Cc2cc(Br)cc(F)c2O)CC1
ZINC001235292667,O=c1[nH]c2ccccc2n1C1CCN(Cc2cc(F)cc(Br)c2O)CC1
ZINC001236796395,Cn1c(=O)n(C2CCN(Cc3cc(Cl)c(Cl)cc3O)CC2)c2ccccc21
ZINC001237052937,O=c1[nH]c2ccccc2n1C1CCN(Cc2ccc(OCC(F)(F)F)cc2O)CC1
ZINC001237083091,Cn1c(=O)n(C2CCN(Cc3c(O)ccc(Cl)c3Cl)CC2)c2ccccc21
ZINC001237118615,O=c1[nH]c2ccccc2n1C1CCN(Cc2c(O)cccc2OC(F)(F)F)CC1
ZINC001237681213,Cc1cc(O)c(CN2CCC(n3c(=O)[nH]c4ccccc43)CC2)cc1Br
ZINC001250122852,Cc1cc(CN2CCC(n3c(=O)[nH]c4ccccc43)CC2)c(O)cc1Br
ZINC001138367626,Cn1c(=O)n(C2CCN(Cc3ccc(Br)cc3S(C)(=O)=O)CC2)c2ccccc21
ZINC001139240497,Cn1c(=O)n(C2CCN(Cc3cc(Br)ccc3OCC(=O)O)CC2)c2ccccc21
ZINC001204110756,COc1cc(CN2CCC(n3c(=O)n(C)c4ccccc43)CC2)cc(I)c1O
ZINC001223015493,COC(=O)CC(CC(=O)OC)O[C@H]1c2ccccc2N(C)S(=O)(=O)c2cc(Cl)ccc21
ZINC001223015494,COC(=O)CC(CC(=O)OC)O[C@@H]1c2ccccc2N(C)S(=O)(=O)c2cc(Cl)ccc21
ZINC001223020777,CCOC(=O)CC(O[C@@H]1c2ccccc2N(C)S(=O)(=O)c2cc(Cl)ccc21)C(=O)OCC
ZINC001223020778,CCOC(=O)CC(O[C@H]1c2ccccc2N(C)S(=O)(=O)c2cc(Cl)ccc21)C(=O)OCC
ZINC001223020779,CCOC(=O)CC(O[C@H]1c2ccccc2N(C)S(=O)(=O)c2cc(Cl)ccc21)C(=O)OCC
ZINC001223020780,CCOC(=O)CC(O[C@@H]1c2ccccc2N(C)S(=O)(=O)c2cc(Cl)ccc21)C(=O)OCC
ZINC001223023524,CC(=O)OC[C@@H](CO[C@@H]1c2ccccc2N(C)S(=O)(=O)c2cc(Cl)ccc21)OC(C)=O
ZINC001223023527,CC(=O)OC[C@H](CO[C@H]1c2ccccc2N(C)S(=O)(=O)c2cc(Cl)ccc21)OC(C)=O
ZINC001223023529,CC(=O)OC[C@H](CO[C@@H]1c2ccccc2N(C)S(=O)(=O)c2cc(Cl)ccc21)OC(C)=O
ZINC001223023530,CC(=O)OC[C@@H](CO[C@H]1c2ccccc2N(C)S(=O)(=O)c2cc(Cl)ccc21)OC(C)=O
ZINC001223023549,CC(=O)OCC(COC(C)=O)O[C@H]1c2ccccc2N(C)S(=O)(=O)c2cc(Cl)ccc21
ZINC001223023551,CC(=O)OCC(COC(C)=O)O[C@@H]1c2ccccc2N(C)S(=O)(=O)c2cc(Cl)ccc21
ZINC001231719096,CCOC(=O)COc1ccc(CN2CCC(n3c(=O)n(C)c4ccccc43)CC2)cc1OC
ZINC001232718501,Cn1c(=O)n(C2CCN(Cc3ccc(O)cc3I)CC2)c2ccccc21
ZINC001232870512,Cn1c(=O)n(C2CCN(Cc3ccc(O)c(I)c3)CC2)c2ccccc21
ZINC001233086190,COCCOc1ccc(CN2CCC(n3c(=O)n(C)c4ccccc43)CC2)cc1OCCOC
ZINC001236948155,Cn1c(=O)n(C2CCN(Cc3ccc(S(C)(=O)=O)c(Br)c3)CC2)c2ccccc21
ZINC001237963773,Cn1c(=O)n(C2CCN(Cc3cc(O)ccc3I)CC2)c2ccccc21
ZINC001295212847,COc1ccc([C@@H](CN2CCCC2)NC(=O)Cc2ccc(S(=O)(=O)C(F)F)cc2)cc1
ZINC001630882728,COc1ccc([C@@H](CN2CCCC2)NC(=O)Cc2ccccc2S(=O)(=O)C(F)F)cc1
ZINC000179624058,COc1cc(O)c(CN2CCC(n3c(=O)[nH]c4ccccc43)CC2)cc1OC
ZINC001141028484,COc1cc(O)c(CN2CCC(n3c(=O)n(C)c4ccccc43)CC2)c(OC)c1
ZINC001204345795,COc1cc(CN2CCC(n3c(=O)n(C)c4ccccc43)CC2)cc(O)c1O
ZINC001231452256,Cn1c(=O)n(C2CCN(Cc3ccc(C(=O)O)cc3O)CC2)c2ccccc21
ZINC001231565016,Cn1c(=O)n(C2CCN(Cc3cc(C(=O)O)ccc3O)CC2)c2ccccc21
ZINC001231636391,COc1cc(CN2CCC(n3c(=O)n(C)c4ccccc43)CC2)c(O)cc1O
ZINC001232839465,CN(C)c1ccc(CN2CCC(n3c(=O)n(C)c4ccccc43)CC2)c(O)c1
ZINC001236751520,COc1cc(O)c(CN2CCC(n3c(=O)n(C)c4ccccc43)CC2)cc1OC
ZINC001237675673,COc1cc(CN2CCC(n3c(=O)n(C)c4ccccc43)CC2)c(O)c(OC)c1
ZINC000891837703,COc1cc([N+](=O)[O-])cnc1NCCN1CCCCC1
ZINC000166719827,O=C(O)c1ccc([N+](=O)[O-])c(NCCN2CCCCC2)n1
ZINC000080250155,COC1CCN(CCNc2ncccc2[N+](=O)[O-])CC1
ZINC000894406394,COc1cc([N+](=O)[O-])cnc1N(C)CCN1CCCCC1
ZINC000295936725,Cc1cnc(NCCN2CCC(O)CC2)c([N+](=O)[O-])c1
ZINC000296008894,Cc1cc(NCCN2CCC(O)CC2)ncc1[N+](=O)[O-]
ZINC000296155301,Cc1ccnc(NCCN2CCC(O)CC2)c1[N+](=O)[O-]
ZINC000296155917,Cc1cc([N+](=O)[O-])cnc1NCCN1CCC(O)CC1
ZINC000296167318,Cc1nc(NCCN2CCC(O)CC2)ccc1[N+](=O)[O-]
ZINC000296169176,Cc1ccc([N+](=O)[O-])c(NCCN2CCC(O)CC2)n1
ZINC000080250554,COC1CCN(CCNc2nccc(C)c2[N+](=O)[O-])CC1
ZINC000080250369,COC1CCN(CCNc2cc(C)c([N+](=O)[O-])cn2)CC1
ZINC000080249994,COC1CCN(CCNc2ccc([N+](=O)[O-])cn2)CC1
ZINC000080250446,COC1CCN(CCNc2ncc(C)cc2[N+](=O)[O-])CC1
ZINC000080249732,COC1CCN(CCNc2ncc([N+](=O)[O-])cc2C)CC1
ZINC000129082687,COC1CCN(CCNc2nc(C)ccc2[N+](=O)[O-])CC1
ZINC000570180862,O=[N+]([O-])c1cnc(N[C@@H](CO)CN2CCCCC2)c(F)c1
ZINC000590572000,C[C@H]1CCCN(CCNc2ccc(N)c([N+](=O)[O-])n2)C1
ZINC000590572004,C[C@@H]1CCCN(CCNc2ccc(N)c([N+](=O)[O-])n2)C1
ZINC000591149316,COC1CCN(CCNc2ncc([N+](=O)[O-])cc2F)CC1
ZINC000596079049,C[C@@H]1CCCN([C@H](C)CNc2ccc(N)c([N+](=O)[O-])n2)C1
ZINC000596079050,C[C@@H]1CCCN([C@@H](C)CNc2ccc(N)c([N+](=O)[O-])n2)C1
ZINC000596079052,C[C@H]1CCCN([C@H](C)CNc2ccc(N)c([N+](=O)[O-])n2)C1
ZINC000596126826,CC[C@@H]1CCCCN1CCNc1ccc(N)c([N+](=O)[O-])n1
ZINC000596126827,CC[C@H]1CCCCN1CCNc1ccc(N)c([N+](=O)[O-])n1
ZINC000596213111,CC1(C)CCCN(CCNc2ccc(N)c([N+](=O)[O-])n2)C1
ZINC000596295837,CN(CCN1CCCCC1)c1ccc(N)c([N+](=O)[O-])n1
ZINC000596486853,CC1CCN(C[C@@H](C)Nc2ccc(N)c([N+](=O)[O-])n2)CC1
ZINC000596486855,CC1CCN(C[C@H](C)Nc2ccc(N)c([N+](=O)[O-])n2)CC1
ZINC000593516161,CN(CCN1CCCCC1)c1ccc([N+](=O)[O-])cn1
ZINC000593516531,CN(CCN1CCCCC1)c1ncccc1[N+](=O)[O-]
ZINC000596079051,C[C@H]1CCCN([C@@H](C)CNc2ccc(N)c([N+](=O)[O-])n2)C1
ZINC000443970120,CC1(C)CCCN(CCNc2ccc([N+](=O)[O-])cn2)C1
ZINC000301512843,CN(C)C1CCN(CCNc2ncccc2[N+](=O)[O-])CC1
ZINC000301677174,COC1CCN(CCNc2ccc([N+](=O)[O-])c(C)n2)CC1
ZINC000162391209,O=C(O)c1cnc(NCCN2CCCCC2)c([N+](=O)[O-])c1
ZINC000042295467,O=[N+]([O-])c1ccc(NCCN2CCCCC2)nc1
ZINC000042295482,O=[N+]([O-])c1cccnc1NCCN1CCCCC1
ZINC000267220688,CN(C)C1CCN(CCNc2ccc([N+](=O)[O-])cn2)CC1
ZINC000288835923,O=[N+]([O-])c1ccc(N[C@@H](CO)CN2CCCCC2)nc1
ZINC000288835925,O=[N+]([O-])c1ccc(N[C@H](CO)CN2CCCCC2)nc1
ZINC000288845191,O=[N+]([O-])c1cccnc1N[C@@H](CO)CN1CCCCC1
ZINC000288845193,O=[N+]([O-])c1cccnc1N[C@H](CO)CN1CCCCC1
ZINC000289172595,Cc1nc(N[C@@H](CO)CN2CCCCC2)ccc1[N+](=O)[O-]
ZINC000289172596,Cc1nc(N[C@H](CO)CN2CCCCC2)ccc1[N+](=O)[O-]
ZINC000289174323,Cc1cc(N[C@@H](CO)CN2CCCCC2)ncc1[N+](=O)[O-]
ZINC000289174326,Cc1cc(N[C@H](CO)CN2CCCCC2)ncc1[N+](=O)[O-]
ZINC000295732022,Cc1cnc(N[C@@H](CO)CN2CCCCC2)c([N+](=O)[O-])c1
ZINC000295732023,Cc1cnc(N[C@H](CO)CN2CCCCC2)c([N+](=O)[O-])c1
ZINC000570180859,O=[N+]([O-])c1cnc(N[C@H](CO)CN2CCCCC2)c(F)c1
ZINC001120883899,Nc1cc(NCCN2CCCCC2)ncc1[N+](=O)[O-]
ZINC001161867467,NC1CCN(CCNc2cc(Cl)cc([N+](=O)[O-])n2)CC1
ZINC001161867632,NC1CCN(CCNc2cc([N+](=O)[O-])cc(Cl)n2)CC1
ZINC001161867689,NC1CCN(CCNc2nccc(Cl)c2[N+](=O)[O-])CC1
ZINC001161867832,Cc1cc(C)c([N+](=O)[O-])c(NCCN2CCC(N)CC2)n1
ZINC001161867957,Cc1c([N+](=O)[O-])cnc(NCCN2CCC(N)CC2)c1C
ZINC001262678874,C[C@H](CN1CCCCC1)Nc1cc(N)c([N+](=O)[O-])cn1
ZINC001262678873,C[C@@H](CN1CCCCC1)Nc1cc(N)c([N+](=O)[O-])cn1
ZINC001337734079,C[C@H]1CCCN(CCNc2cc(N)c([N+](=O)[O-])cn2)C1
ZINC001337734081,C[C@@H]1CCCN(CCNc2cc(N)c([N+](=O)[O-])cn2)C1
ZINC001337918619,CN(CCN1CCCCC1)c1cc(N)c([N+](=O)[O-])cn1
ZINC001347919573,CC1CCN(CCNc2cc(N)c([N+](=O)[O-])cn2)CC1
ZINC000024911409,O=c1[nH]c2ccccc2n1C1CCN(Cc2cc(F)cc(F)c2)CC1
ZINC000024911943,O=c1[nH]c2ccccc2n1C1CCN(Cc2ccc(F)cc2F)CC1
ZINC000029177390,COc1ccc(CC(=O)N[C@H](CN2CCCC2)c2ccccc2)cc1
ZINC000029177424,O=C(Cc1ccc(F)cc1)N[C@H](CN1CCCC1)c1ccccc1
ZINC000029177469,O=C(Cc1ccccc1F)N[C@H](CN1CCCC1)c1ccccc1
ZINC000029177521,COc1cccc(CC(=O)N[C@H](CN2CCCC2)c2ccccc2)c1
ZINC000029177799,O=C(Cc1cccc(F)c1)N[C@H](CN1CCCC1)c1ccccc1
ZINC000029177823,COc1ccccc1CC(=O)N[C@H](CN1CCCC1)c1ccccc1
ZINC000033968465,O=c1[nH]c2ccccc2n1C1CCN(Cc2ccc(F)cc2)CC1
ZINC000038638297,O=c1[nH]c2ccccc2n1C1CCN(Cc2ccc(F)c(F)c2)CC1
ZINC000051286124,O=c1[nH]c2ccccc2n1C1CCN(Cc2cc(F)ccc2F)CC1
ZINC000054058740,CC1CCN([C@@H](CNc2ncc(C(N)=O)cc2Cl)C(C)C)CC1
ZINC000054058741,CC1CCN([C@H](CNc2ncc(C(N)=O)cc2Cl)C(C)C)CC1
ZINC000058102851,O=c1[nH]c2ccccc2n1C1CCN(Cc2cccc(F)c2F)CC1
ZINC000079457942,O=C(Cc1cc(F)ccc1F)N[C@H](CN1CCCC1)c1ccccc1
ZINC000080249851,COC1CCN(CCNc2ncc(C(F)(F)F)cc2Cl)CC1
ZINC000087062340,O=C(Cc1ccc(F)cc1F)N[C@H](CN1CCCC1)c1ccccc1
ZINC000087062381,O=C(Cc1c(F)cccc1F)N[C@H](CN1CCCC1)c1ccccc1
ZINC000087062394,O=C(Cc1ccc(F)c(F)c1)N[C@H](CN1CCCC1)c1ccccc1
ZINC000089435564,Cc1ccc(CC(=O)N[C@H](CN2CCCC2)c2ccccc2)cc1O
ZINC000121811216,O=c1[nH]c2ccccc2n1C1CCN(Cc2c(F)cccc2F)CC1
ZINC000186167822,O=c1[nH]c2ccccc2n1C1CCN(Cc2cc(O)cc(F)c2)CC1
ZINC000265001093,CC[C@H]1CCCCN1CCNc1ncc(C(=O)N(C)C)cc1Cl
ZINC000265001094,CC[C@@H]1CCCCN1CCNc1ncc(C(=O)N(C)C)cc1Cl
ZINC000296458009,CC(=O)c1cccc(CN2CCC(n3c(=O)[nH]c4ccccc43)CC2)c1
ZINC000296559398,CC(=O)c1ccc(CN2CCC(n3c(=O)[nH]c4ccccc43)CC2)cc1
ZINC000322272941,C[C@@H](CN1CCCCC1)Nc1nc(C(F)(F)F)ccc1C(=O)O
ZINC000322272943,C[C@H](CN1CCCCC1)Nc1nc(C(F)(F)F)ccc1C(=O)O
ZINC000346099758,OC[C@@H](CN1CCCCC1)Nc1ncc(C(F)(F)F)cc1Cl
ZINC000346099759,OC[C@H](CN1CCCCC1)Nc1ncc(C(F)(F)F)cc1Cl
ZINC000352785114,CCCNC(=O)c1ccc(NC[C@H](C(C)C)N2CCC(C)CC2)nc1
ZINC000352785115,CCCNC(=O)c1ccc(NC[C@@H](C(C)C)N2CCC(C)CC2)nc1
ZINC000359446582,CCOC(=O)c1cc(N[C@H](C)CN2CCCCC2)ncc1Cl
ZINC000359446583,CCOC(=O)c1cc(N[C@@H](C)CN2CCCCC2)ncc1Cl
ZINC000445692625,O=C(Cc1cccc(F)c1F)N[C@H](CN1CCCC1)c1ccccc1
ZINC000448647807,O=C(Cc1ccc(O)c(F)c1)N[C@H](CN1CCCC1)c1ccccc1
ZINC000506062981,COc1cccc(OCC(=O)N[C@@]2(C)CCCc3ccccc32)c1
ZINC000506062982,COc1cccc(OCC(=O)N[C@]2(C)CCCc3ccccc32)c1
ZINC000506120982,COc1ccccc1OCC(=O)N[C@@]1(C)CCCc2ccccc21
ZINC000506120986,COc1ccccc1OCC(=O)N[C@]1(C)CCCc2ccccc21
ZINC000506122226,COc1ccc(OCC(=O)N[C@@]2(C)CCCc3ccccc32)cc1
ZINC000506122227,COc1ccc(OCC(=O)N[C@]2(C)CCCc3ccccc32)cc1
ZINC000637878246,Nc1c(F)cccc1CN1CCC(n2c(=O)[nH]c3ccccc32)CC1
ZINC000647446128,C[C@@H]1C[C@H](C)CN(C[C@@H](C)Nc2ncc(C(=O)O)cc2Cl)C1
ZINC000647446129,C[C@@H]1C[C@@H](C)CN(C[C@@H](C)Nc2ncc(C(=O)O)cc2Cl)C1
ZINC000647446130,C[C@@H]1C[C@H](C)CN(C[C@H](C)Nc2ncc(C(=O)O)cc2Cl)C1
ZINC000647446131,C[C@@H]1C[C@@H](C)CN(C[C@H](C)Nc2ncc(C(=O)O)cc2Cl)C1
ZINC000647856477,CC(=O)c1ccc(C(F)(F)F)nc1NCCN1CCC(C)CC1
ZINC000647856799,CC(=O)c1ccc(C(F)(F)F)nc1NCCN1CCC[C@@H](C)C1
ZINC000647856800,CC(=O)c1ccc(C(F)(F)F)nc1NCCN1CCC[C@H](C)C1
ZINC000664070957,CC(=O)c1ccc(C(F)(F)F)nc1N(C)CCN1CCCCC1
ZINC000683140622,COC1CCN(CCNc2ncc(Br)cc2Cl)CC1
ZINC000683750287,COC1CCN(CCNc2ncc(Cl)cc2Br)CC1
ZINC000751112994,COC1CCN(CCNc2ccc(C(F)(F)F)c(Cl)n2)CC1
ZINC000753548826,COC(=O)c1cnc(NCCN2CCC(C)CC2)cc1C(F)(F)F
ZINC000753549378,COC(=O)c1cnc(NCCN2CCC[C@@H](C)C2)cc1C(F)(F)F
ZINC000753549381,COC(=O)c1cnc(NCCN2CCC[C@H](C)C2)cc1C(F)(F)F
ZINC000804347888,COC(=O)c1cnc(N[C@H](C)CN2CCCCC2)cc1C(F)(F)F
ZINC000804347889,COC(=O)c1cnc(N[C@@H](C)CN2CCCCC2)cc1C(F)(F)F
ZINC000910276529,C[C@@H]1CCCN([C@H](C)CNc2nc(C(F)(F)F)ccc2C(=O)O)C1
ZINC000910276530,C[C@@H]1CCCN([C@@H](C)CNc2nc(C(F)(F)F)ccc2C(=O)O)C1
ZINC000910276531,C[C@H]1CCCN([C@@H](C)CNc2nc(C(F)(F)F)ccc2C(=O)O)C1
ZINC000910276532,C[C@H]1CCCN([C@H](C)CNc2nc(C(F)(F)F)ccc2C(=O)O)C1
ZINC000910289934,CC[C@@H]1CCCCN1CCNc1nc(C(F)(F)F)ccc1C(=O)O
ZINC000910289936,CC[C@H]1CCCCN1CCNc1nc(C(F)(F)F)ccc1C(=O)O
ZINC000910299503,CC1(C)CCCN(CCNc2nc(C(F)(F)F)ccc2C(=O)O)C1
ZINC000910345222,C[C@@H]1CCCCN1[C@H](C)CNc1nc(C(F)(F)F)ccc1C(=O)O
ZINC000910345224,C[C@@H]1CCCCN1[C@@H](C)CNc1nc(C(F)(F)F)ccc1C(=O)O
ZINC000910345225,C[C@H]1CCCCN1[C@@H](C)CNc1nc(C(F)(F)F)ccc1C(=O)O
ZINC000910345226,C[C@H](CNc1nc(C(F)(F)F)ccc1C(=O)O)N1CCCC[C@@H]1C
ZINC000910346773,C[C@@H]1CCCN(C[C@@H](C)Nc2nc(C(F)(F)F)ccc2C(=O)O)C1
ZINC000910346774,C[C@@H]1CCCN(C[C@H](C)Nc2nc(C(F)(F)F)ccc2C(=O)O)C1
ZINC000910346776,C[C@H]1CCCN(C[C@H](C)Nc2nc(C(F)(F)F)ccc2C(=O)O)C1
ZINC000910346778,C[C@H]1CCCN(C[C@@H](C)Nc2nc(C(F)(F)F)ccc2C(=O)O)C1
ZINC000910351490,CC1CCN(C[C@@H](C)Nc2nc(C(F)(F)F)ccc2C(=O)O)CC1
ZINC000910351492,CC1CCN(C[C@H](C)Nc2nc(C(F)(F)F)ccc2C(=O)O)CC1
ZINC000929873881,CC(C(=O)N[C@H](CN1CCCC1)c1ccccc1)c1cccc(O)c1
ZINC000929873882,CC(C(=O)N[C@H](CN1CCCC1)c1ccccc1)c1cccc(O)c1
ZINC001140045618,O=c1[nH]c2ccccc2n1C1CCN(Cc2cc(O)ccc2F)CC1
ZINC001140127077,O=c1[nH]c2ccccc2n1C1CCN(Cc2ccc(O)cc2F)CC1
ZINC001140874012,Nc1cccc(F)c1CN1CCC(n2c(=O)[nH]c3ccccc32)CC1
ZINC001160746669,CC(C)(C)OC(=O)c1ccnc(NCCN2CCC(F)(F)CC2)c1
ZINC001160747616,CCOC(=O)c1cc(Cl)nc(NCCN2CCC(F)(F)CC2)c1
ZINC001160747898,CCOC(=O)c1cc(NCCN2CCC(F)(F)CC2)ncc1Cl
ZINC001160748790,CCOC(=O)c1c(C)cc(NCCN2CCC(F)(F)CC2)nc1C
ZINC001160749362,CCOC(=O)c1cnc(NCCN2CCC(F)(F)CC2)c(Cl)c1
ZINC001160752033,CCOC(=O)c1nc(NCCN2CCC(F)(F)CC2)ccc1Cl
ZINC001162153558,COC(=O)c1cnc(NC[C@H](C)N2CCCC[C@H]2C)c(Cl)c1
ZINC001162153559,COC(=O)c1cnc(NC[C@@H](C)N2CCCC[C@@H]2C)c(Cl)c1
ZINC001162153560,COC(=O)c1cnc(NC[C@H](C)N2CCCC[C@@H]2C)c(Cl)c1
ZINC001162153561,COC(=O)c1cnc(NC[C@@H](C)N2CCCC[C@H]2C)c(Cl)c1
ZINC001203353815,Cn1c(=O)n(C2CCN(Cc3ccccc3F)CC2)c2ccccc21
ZINC001203707019,Cc1ccccc1CN1CCC(n2c(=O)n(C)c3ccccc32)CC1
ZINC001203785599,Cn1c(=O)n(C2CCN(Cc3cccc(F)c3)CC2)c2ccccc21
ZINC001203894949,Cc1cccc(CN2CCC(n3c(=O)n(C)c4ccccc43)CC2)c1
ZINC001203918077,Cn1c(=O)n(C2CCN(Cc3ccc(F)cc3)CC2)c2ccccc21
ZINC001204171846,Cc1ccc(CN2CCC(n3c(=O)n(C)c4ccccc43)CC2)cc1
ZINC001232509825,Nc1ccc(F)cc1CN1CCC(n2c(=O)[nH]c3ccccc32)CC1
ZINC001233049760,O=c1[nH]c2ccccc2n1C1CCN(Cc2cccc(O)c2F)CC1
ZINC001236700041,O=c1[nH]c2ccccc2n1C1CCN(Cc2ccc(F)c(O)c2)CC1
ZINC001307106258,COC(=O)c1cnc(NCCN2CCCC(C)(C)C2)c(Cl)c1
ZINC001458487302,COC(=O)c1cnc(N[C@H](C)CN2CCC(C)CC2)c(Cl)c1
ZINC001458487304,COC(=O)c1cnc(N[C@@H](C)CN2CCC(C)CC2)c(Cl)c1
ZINC001472657809,COC(=O)c1cnc(NC[C@H](C)N2CCC[C@@H](C)C2)c(Cl)c1
ZINC001472657810,COC(=O)c1cnc(NC[C@@H](C)N2CCC[C@H](C)C2)c(Cl)c1
ZINC001472657811,COC(=O)c1cnc(NC[C@H](C)N2CCC[C@H](C)C2)c(Cl)c1
ZINC001472657812,COC(=O)c1cnc(NC[C@@H](C)N2CCC[C@@H](C)C2)c(Cl)c1
ZINC001472666572,COC(=O)c1cnc(N[C@H](C)CN2C[C@H](C)C[C@H](C)C2)c(Cl)c1
ZINC001472666573,COC(=O)c1cnc(N[C@H](C)CN2C[C@H](C)C[C@@H](C)C2)c(Cl)c1
ZINC001472666574,COC(=O)c1cnc(N[C@H](C)CN2C[C@@H](C)C[C@H](C)C2)c(Cl)c1
ZINC001472666575,COC(=O)c1cnc(N[C@@H](C)CN2C[C@H](C)C[C@H](C)C2)c(Cl)c1
ZINC001472668771,COC(=O)c1cnc(N[C@@H](C)CN2CCC[C@@H](C)C2)c(Cl)c1
ZINC001472668772,COC(=O)c1cnc(N[C@H](C)CN2CCC[C@H](C)C2)c(Cl)c1
ZINC001472668773,COC(=O)c1cnc(N[C@@H](C)CN2CCC[C@H](C)C2)c(Cl)c1
ZINC001472668774,COC(=O)c1cnc(N[C@H](C)CN2CCC[C@@H](C)C2)c(Cl)c1
ZINC001559188527,CCCN(CCN1CCCCC1)c1ncc(C(=O)OC)cc1Cl
ZINC001594375246,C[C@H]1CCCCN1CCNc1cc(C(F)(F)F)c(C(=O)O)cn1
ZINC001594375248,C[C@@H]1CCCCN1CCNc1cc(C(F)(F)F)c(C(=O)O)cn1
ZINC001594375354,C[C@@H]1CCCCN1[C@H](C)CNc1cc(C(F)(F)F)c(C(=O)O)cn1
ZINC001594375356,C[C@@H]1CCCCN1[C@@H](C)CNc1cc(C(F)(F)F)c(C(=O)O)cn1
ZINC001594375358,C[C@H]1CCCCN1[C@@H](C)CNc1cc(C(F)(F)F)c(C(=O)O)cn1
ZINC001594375361,C[C@H](CNc1cc(C(F)(F)F)c(C(=O)O)cn1)N1CCCC[C@@H]1C
ZINC001594383751,C[C@@H]1CCCN(C[C@@H](C)Nc2cc(C(F)(F)F)c(C(=O)O)cn2)C1
ZINC001594383753,C[C@@H]1CCCN(C[C@H](C)Nc2cc(C(F)(F)F)c(C(=O)O)cn2)C1
ZINC001594383756,C[C@H]1CCCN(C[C@H](C)Nc2cc(C(F)(F)F)c(C(=O)O)cn2)C1
ZINC001594383759,C[C@H]1CCCN(C[C@@H](C)Nc2cc(C(F)(F)F)c(C(=O)O)cn2)C1
ZINC001594416378,CC1CCN(C[C@@H](C)Nc2cc(C(F)(F)F)c(C(=O)O)cn2)CC1
ZINC001594416379,CC1CCN(C[C@H](C)Nc2cc(C(F)(F)F)c(C(=O)O)cn2)CC1
ZINC001595452590,CC[C@@H]1CCCCN1CCNc1cc(C(F)(F)F)c(C(=O)O)cn1
ZINC001595452591,CC[C@H]1CCCCN1CCNc1cc(C(F)(F)F)c(C(=O)O)cn1
ZINC001595452619,CC[C@@H]1CCCCN1CCNc1ncc(C(=O)O)cc1C(F)(F)F
ZINC001595452620,CC[C@H]1CCCCN1CCNc1ncc(C(=O)O)cc1C(F)(F)F
ZINC001595880083,CCCN(CCN1CCCCC1)c1ncc(C(=O)O)cc1Cl
ZINC001604164957,C[C@@H](CN1CCCCC1)Nc1cc(C(F)(F)F)c(C(=O)O)cn1
ZINC001604164958,C[C@H](CN1CCCCC1)Nc1cc(C(F)(F)F)c(C(=O)O)cn1
ZINC001604735444,C[C@@H]1CCCN(C(C)(C)CNc2ncc(C(=O)O)cc2Cl)C1
ZINC001604735445,C[C@H]1CCCN(C(C)(C)CNc2ncc(C(=O)O)cc2Cl)C1
ZINC001604738312,C[C@@H]1CCCN(C[C@@H](C)Nc2ncc(C(=O)O)cc2C(F)(F)F)C1
ZINC001604738313,C[C@@H]1CCCN(C[C@H](C)Nc2ncc(C(=O)O)cc2C(F)(F)F)C1
ZINC001604738314,C[C@H]1CCCN(C[C@H](C)Nc2ncc(C(=O)O)cc2C(F)(F)F)C1
ZINC001604738315,C[C@H]1CCCN(C[C@@H](C)Nc2ncc(C(=O)O)cc2C(F)(F)F)C1
ZINC001604752641,CC1CCN(C[C@@H](C)Nc2ncc(C(=O)O)cc2C(F)(F)F)CC1
ZINC001604752642,CC1CCN(C[C@H](C)Nc2ncc(C(=O)O)cc2C(F)(F)F)CC1
ZINC001611909082,COC(=O)c1cnc(NCC(C)(C)N2CCC[C@@H](C)C2)c(Cl)c1
ZINC001611909083,COC(=O)c1cnc(NCC(C)(C)N2CCC[C@H](C)C2)c(Cl)c1
ZINC001651508429,CC[C@@H]1CCCCN1CCNc1ncc(C(=O)OC)cc1Cl
ZINC001651508430,CC[C@H]1CCCCN1CCNc1ncc(C(=O)OC)cc1Cl
ZINC001776595420,C[C@@H]1C[C@@H](C)CN(CCNc2nc(C(F)(F)F)ccc2C(=O)O)C1
ZINC001776595421,C[C@@H]1C[C@H](C)CN(CCNc2nc(C(F)(F)F)ccc2C(=O)O)C1
ZINC001776595422,C[C@H]1C[C@H](C)CN(CCNc2nc(C(F)(F)F)ccc2C(=O)O)C1
ZINC001776632029,C[C@@H]1CCC[C@@H](C)N1CCNc1nc(C(F)(F)F)ccc1C(=O)O
ZINC001776632030,C[C@@H]1CCC[C@H](C)N1CCNc1nc(C(F)(F)F)ccc1C(=O)O
ZINC001776632031,C[C@H]1CCC[C@H](C)N1CCNc1nc(C(F)(F)F)ccc1C(=O)O
ZINC000253504613,COc1ccc2c3c1O[C@@H]1[C@]34CCN(C=O)[C@H](C2)[C@]42C=C[C@@]1(OC)C([N+](=O)[O-])C2
ZINC000096316365,COc1ccc2c3c1O[C@@H]1[C@]34CCN(C=O)[C@H](C2)[C@]42C=C[C@@]1(OC)C([N+](=O)[O-])C2
ZINC001160751882,COC(=O)c1cc(S(N)(=O)=O)cnc1NCCN1CCC(F)(F)CC1
ZINC000121797520,O=c1[nH]c2ccccc2n1C1CCN(Cc2ccc(OCC(F)F)cc2)CC1
ZINC000121802321,CCOc1cc(CN2CCC(n3c(=O)[nH]c4ccccc43)CC2)ccc1OC
ZINC000144433757,CC(C)Cc1ccc(C(C)C(=O)N[C@H](CN2CCCC2)c2ccccc2)cc1
ZINC000303216125,C[C@@H](c1ccc(C(F)(F)F)cc1)N1CCC(n2c(=O)[nH]c3ccccc32)CC1
ZINC000303216126,C[C@H](c1ccc(C(F)(F)F)cc1)N1CCC(n2c(=O)[nH]c3ccccc32)CC1
ZINC000506124088,O=c1[nH]c2ccccc2n1C1CCN(Cc2ccc(F)cc2C(F)(F)F)CC1
ZINC000506137121,O=c1[nH]c2ccccc2n1C1CCN(Cc2ccc(F)c(C(F)(F)F)c2)CC1
ZINC000506147170,O=c1[nH]c2ccccc2n1C1CCN(Cc2cc(F)cc(C(F)(F)F)c2)CC1
ZINC000506148702,O=c1[nH]c2ccccc2n1C1CCN(Cc2cc(C(F)(F)F)ccc2F)CC1
ZINC000555321731,CC(C)COc1ccccc1CN1CCC(n2c(=O)[nH]c3ccccc32)CC1
ZINC000607725778,O=c1[nH]c2ccccc2n1C1CCN(Cc2cc(Cl)ccc2Cl)CC1
ZINC000607781665,CC(C(=O)N[C@H](CN1CCCC1)c1ccccc1)c1ccccc1C(F)(F)F
ZINC000607781666,CC(C(=O)N[C@H](CN1CCCC1)c1ccccc1)c1ccccc1C(F)(F)F
ZINC001127407484,CC(Oc1ccc(C(F)(F)F)cc1)C(=O)N[C@]1(C)CCCc2ccccc21
ZINC001127407485,CC(Oc1ccc(C(F)(F)F)cc1)C(=O)N[C@]1(C)CCCc2ccccc21
ZINC001127407486,CC(Oc1ccc(C(F)(F)F)cc1)C(=O)N[C@@]1(C)CCCc2ccccc21
ZINC001127407487,CC(Oc1ccc(C(F)(F)F)cc1)C(=O)N[C@@]1(C)CCCc2ccccc21
ZINC001127492196,CC(Oc1ccccc1C(F)(F)F)C(=O)N[C@]1(C)CCCc2ccccc21
ZINC001127492198,CC(Oc1ccccc1C(F)(F)F)C(=O)N[C@]1(C)CCCc2ccccc21
ZINC001127492199,CC(Oc1ccccc1C(F)(F)F)C(=O)N[C@@]1(C)CCCc2ccccc21
ZINC001127492200,CC(Oc1ccccc1C(F)(F)F)C(=O)N[C@@]1(C)CCCc2ccccc21
ZINC001137877863,O=c1[nH]c2ccccc2n1C1CCN(Cc2c(F)ccc(Cl)c2F)CC1
ZINC001138000629,O=c1[nH]c2ccccc2n1C1CCN(Cc2c(F)ccc(F)c2Cl)CC1
ZINC001138007155,O=c1[nH]c2ccccc2n1C1CCN(Cc2cccc(C(F)(F)F)c2F)CC1
ZINC001138088947,O=c1[nH]c2ccccc2n1C1CCN(Cc2cc(F)ccc2C(F)(F)F)CC1
ZINC001139050064,O=c1[nH]c2ccccc2n1C1CCN(Cc2c(F)cc(Cl)cc2F)CC1
ZINC001139595124,CCOc1ccc(CN2CCC(n3c(=O)[nH]c4ccccc43)CC2)cc1Cl
ZINC001139614810,COc1ccc(CN2CCC(n3c(=O)[nH]c4ccccc43)CC2)cc1C(C)C
ZINC001140699913,O=c1[nH]c2ccccc2n1C1CCN(Cc2cc(F)c(Cl)cc2F)CC1
ZINC001140835106,O=c1[nH]c2ccccc2n1C1CCN(Cc2cc(Cl)c(O)c(Cl)c2)CC1
ZINC001142105523,O=c1[nH]c2ccccc2n1C1CCN(Cc2c(Cl)cc(O)cc2Cl)CC1
ZINC001143618134,O=c1[nH]c2ccccc2n1C1CCN(Cc2ccc(F)c(Cl)c2F)CC1
ZINC001143949929,O=c1[nH]c2ccccc2n1C1CCN(Cc2c(Cl)ccc(F)c2F)CC1
ZINC001144125484,O=c1[nH]c2ccccc2n1C1CCN(Cc2cc(Cl)c(F)cc2F)CC1
ZINC001144723399,O=c1[nH]c2ccccc2n1C1CCN(Cc2cc(F)c(F)cc2Cl)CC1
ZINC001173784839,CC(=O)Oc1ccc(C2CCC(NCCc3cn(C)c4ccccc34)CC2)cc1
ZINC001204462283,O=c1[nH]c2ccccc2n1C1CCN(Cc2c(F)cccc2C(F)(F)F)CC1
ZINC001204466359,O=c1[nH]c2ccccc2n1C1CCN(Cc2ccc(C(F)(F)F)cc2F)CC1
ZINC001204862773,O=c1[nH]c2ccccc2n1C1CCN(Cc2ccc(C(F)(F)F)c(F)c2)CC1
ZINC001223016255,CC(C)[C@@H](C)O[C@@H]1c2ccccc2N(C)S(=O)(=O)c2cc(Cl)ccc21
ZINC001223016256,CC(C)[C@H](C)O[C@H]1c2ccccc2N(C)S(=O)(=O)c2cc(Cl)ccc21
ZINC001223016257,CC(C)[C@H](C)O[C@@H]1c2ccccc2N(C)S(=O)(=O)c2cc(Cl)ccc21
ZINC001223016259,CC(C)[C@@H](C)O[C@H]1c2ccccc2N(C)S(=O)(=O)c2cc(Cl)ccc21
ZINC001223018351,CCC(CC)O[C@H]1c2ccccc2N(C)S(=O)(=O)c2cc(Cl)ccc21
ZINC001223018352,CCC(CC)O[C@@H]1c2ccccc2N(C)S(=O)(=O)c2cc(Cl)ccc21
ZINC001223022397,CCC[C@@H](C)O[C@@H]1c2ccccc2N(C)S(=O)(=O)c2cc(Cl)ccc21
ZINC001223022398,CCC[C@H](C)O[C@H]1c2ccccc2N(C)S(=O)(=O)c2cc(Cl)ccc21
ZINC001223022399,CCC[C@H](C)O[C@@H]1c2ccccc2N(C)S(=O)(=O)c2cc(Cl)ccc21
ZINC001223022400,CCC[C@@H](C)O[C@H]1c2ccccc2N(C)S(=O)(=O)c2cc(Cl)ccc21
ZINC001231808050,CC(C)(C)Oc1ccc(CN2CCC(n3c(=O)[nH]c4ccccc43)CC2)cc1
ZINC001232098356,O=c1[nH]c2ccccc2n1C1CCN(Cc2c(F)cc(F)cc2Cl)CC1
ZINC001232626169,O=c1[nH]c2ccccc2n1C1CCN(Cc2ccc(Cl)c(O)c2Cl)CC1
ZINC001232876735,O=c1[nH]c2ccccc2n1C1CCN(Cc2ccc(F)c(F)c2Cl)CC1
ZINC001233208999,O=c1[nH]c2ccccc2n1C1CCN(Cc2ccc(Cl)c(F)c2F)CC1
ZINC001237022258,CC(C)(C)Oc1ccccc1CN1CCC(n2c(=O)[nH]c3ccccc32)CC1
ZINC001237098099,CC(C)(C)Oc1cccc(CN2CCC(n3c(=O)[nH]c4ccccc43)CC2)c1
ZINC001237270166,COc1cc(CN2CCC(n3c(=O)[nH]c4ccccc43)CC2)ccc1C(F)F
ZINC001238319353,CC(C)Oc1c(F)cccc1CN1CCC(n2c(=O)[nH]c3ccccc32)CC1
ZINC001238421238,CC(C)Oc1cccc(CN2CCC(n3c(=O)[nH]c4ccccc43)CC2)c1F
ZINC001238443064,CC(C)Oc1ccc(CN2CCC(n3c(=O)[nH]c4ccccc43)CC2)c(F)c1
ZINC001238459226,CC(C)Oc1cc(CN2CCC(n3c(=O)[nH]c4ccccc43)CC2)ccc1F
ZINC001238482664,Cc1ccc(OC(C)C)cc1CN1CCC(n2c(=O)[nH]c3ccccc32)CC1
ZINC001238695974,CC(C)Oc1cc(F)ccc1CN1CCC(n2c(=O)[nH]c3ccccc32)CC1
ZINC001246346582,CC(=O)Oc1ccc(C2CCC(NCCc3c[nH]c4ccccc34)CC2)cc1
ZINC001295211196,CCCCc1ccc(CC(=O)N[C@H](CN2CCCC2)c2ccc(OC)cc2)cc1
ZINC001308654502,Cc1cc(C(F)(F)F)ccc1CN1CCC(n2c(=O)[nH]c3ccccc32)CC1
ZINC001357510200,CC(Oc1cccc(Br)c1)C(=O)N[C@]1(C)CCCc2ccccc21
ZINC001357510201,CC(Oc1cccc(Br)c1)C(=O)N[C@]1(C)CCCc2ccccc21
ZINC001357510203,CC(Oc1cccc(Br)c1)C(=O)N[C@@]1(C)CCCc2ccccc21
ZINC001357510205,CC(Oc1cccc(Br)c1)C(=O)N[C@@]1(C)CCCc2ccccc21
ZINC001440531913,CCCOC(C(=O)N[C@H](CN1CCCC1)c1ccccc1)c1ccc(F)cc1C
ZINC001440531952,CCCOC(C(=O)N[C@H](CN1CCCC1)c1ccccc1)c1ccc(F)cc1C
ZINC001458246080,CC(Oc1ccccc1Br)C(=O)N[C@]1(C)CCCc2ccccc21
ZINC001458246083,CC(Oc1ccccc1Br)C(=O)N[C@]1(C)CCCc2ccccc21
ZINC001458246101,CC(Oc1ccccc1Br)C(=O)N[C@@]1(C)CCCc2ccccc21
ZINC001458246102,CC(Oc1ccccc1Br)C(=O)N[C@@]1(C)CCCc2ccccc21
ZINC001462032219,COc1ccc(CN2CCC(n3c(=O)[nH]c4ccccc43)CC2)cc1C(C)(C)C
ZINC001474406579,CCCOc1ccc(CN2CCC(n3c(=O)[nH]c4ccccc43)CC2)c(C)c1
ZINC001520408696,CC(Oc1ccc(Br)cc1)C(=O)N[C@]1(C)CCCc2ccccc21
ZINC001520408697,CC(Oc1ccc(Br)cc1)C(=O)N[C@@]1(C)CCCc2ccccc21
ZINC001540337870,CC(C(=O)N[C@H](CN1CCCC1)c1ccccc1)c1ccc(C(F)(F)F)cc1
ZINC001540337871,CC(C(=O)N[C@H](CN1CCCC1)c1ccccc1)c1ccc(C(F)(F)F)cc1
ZINC001560722720,CCCOc1ccc(CN2CCC(n3c(=O)[nH]c4ccccc43)CC2)cc1C
ZINC001583360693,Cc1cc(OCC(=O)N[C@@]2(C)CCCc3ccccc32)ccc1Br
ZINC001583360694,Cc1cc(OCC(=O)N[C@]2(C)CCCc3ccccc32)ccc1Br
ZINC001587056307,O=C(N[C@H](CN1CCCC1)c1ccccc1)C(F)c1ccc(C(F)(F)F)cc1
ZINC001587056310,O=C(N[C@H](CN1CCCC1)c1ccccc1)C(F)c1ccc(C(F)(F)F)cc1
ZINC001628461119,CC(C)Cc1cccc(C(C)C(=O)N[C@H](CN2CCCC2)c2ccccc2)c1
ZINC001628461120,CC(C)Cc1cccc(C(C)C(=O)N[C@H](CN2CCCC2)c2ccccc2)c1
ZINC001659280102,Cc1cc(CN2CCC(n3c(=O)[nH]c4ccccc43)CC2)ccc1C(F)(F)F
ZINC001664103247,CCOc1c(Cl)cccc1CN1CCC(n2c(=O)[nH]c3ccccc32)CC1
ZINC001664103571,CCOc1ccc(Cl)cc1CN1CCC(n2c(=O)[nH]c3ccccc32)CC1
ZINC001144306568,Cn1c(=O)n(C2CCN(Cc3cc(Br)c(F)cc3O)CC2)c2ccccc21
ZINC001204339954,COc1cc(Br)cc(CN2CCC(n3c(=O)n(C)c4ccccc43)CC2)c1O
ZINC001231554335,COc1ccc(Br)c(CN2CCC(n3c(=O)n(C)c4ccccc43)CC2)c1O
ZINC001232975422,O=c1[nH]c2ccccc2n1C1CCN(Cc2ccc(I)cc2O)CC1
ZINC001233032233,Cn1c(=O)n(C2CCN(Cc3c(O)cc(Br)cc3F)CC2)c2ccccc21
ZINC001233111023,Cc1cc(Br)cc(CN2CCC(n3c(=O)n(C)c4ccccc43)CC2)c1O
ZINC001233140672,COc1cc(O)c(CN2CCC(n3c(=O)n(C)c4ccccc43)CC2)cc1Br
ZINC001235068204,Cn1c(=O)n(C2CCN(Cc3cc(Br)cc(F)c3O)CC2)c2ccccc21
ZINC001235304457,Cn1c(=O)n(C2CCN(Cc3cc(F)cc(Br)c3O)CC2)c2ccccc21
ZINC001236665516,Cc1cc(Br)c(O)c(CN2CCC(n3c(=O)n(C)c4ccccc43)CC2)c1
ZINC001236749253,COc1cc(CN2CCC(n3c(=O)n(C)c4ccccc43)CC2)c(O)cc1Br
ZINC001237056892,Cn1c(=O)n(C2CCN(Cc3ccc(OCC(F)(F)F)cc3O)CC2)c2ccccc21
ZINC001237074048,COc1cc(O)c(CN2CCC(n3c(=O)n(C)c4ccccc43)CC2)c(Br)c1
ZINC001237678656,Cc1cc(O)c(CN2CCC(n3c(=O)n(C)c4ccccc43)CC2)cc1Br
ZINC001237778256,O=c1[nH]c2ccccc2n1C1CCN(Cc2cccc(I)c2O)CC1
ZINC001250128294,Cc1cc(CN2CCC(n3c(=O)n(C)c4ccccc43)CC2)c(O)cc1Br
ZINC001161869990,COC(=O)c1cc(S(N)(=O)=O)cnc1NCCN1CCC(N)CC1
ZINC000179782850,COc1cc(OC)c(OC)cc1CN1CCC(n2c(=O)[nH]c3ccccc32)CC1
ZINC000179783055,COc1cc(OC)c(CN2CCC(n3c(=O)[nH]c4ccccc43)CC2)c(OC)c1
ZINC001143394516,COc1cc(F)c(F)cc1CN1CCC(n2c(=O)n(C)c3ccccc32)CC1
ZINC000891531755,COC(=O)COc1ccccc1CN1CCC(n2c(=O)[nH]c3ccccc32)CC1
ZINC001143412127,COc1ccc(F)c(F)c1CN1CCC(n2c(=O)n(C)c3ccccc32)CC1
ZINC000613172773,COc1ccc([C@@H](CN2CCCC2)NC(=O)C(OC)c2cccc(OC)c2)cc1
ZINC000613172775,COc1ccc([C@@H](CN2CCCC2)NC(=O)C(OC)c2cccc(OC)c2)cc1
ZINC000181868729,COC(=O)c1ccc(F)c(CN2CCC(n3c(=O)[nH]c4ccccc43)CC2)c1
ZINC000417728779,CN(C)C(=O)c1ccccc1CN1CCC(n2c(=O)[nH]c3ccccc32)CC1
ZINC000500383969,COc1ccc([C@@H](CN2CCCC2)NC(=O)Cc2ccc(NC(C)=O)cc2)cc1
ZINC000500390797,COc1ccc([C@@H](CN2CCCC2)NC(=O)Cc2cc(OC)ccc2OC)cc1
ZINC000070861023,CCOC(=O)C(c1ccccc1)N1CCC(n2c(=O)[nH]c3ccccc32)CC1
ZINC000070861026,CCOC(=O)C(c1ccccc1)N1CCC(n2c(=O)[nH]c3ccccc32)CC1
ZINC000272690829,COc1ccc([C@@H](CN2CCCC2)NC(=O)Cc2ccc(C(C)=O)cc2)cc1
ZINC000424759791,COc1ccc([C@@H](CN2CCCC2)NC(=O)Cc2cccc(NC(C)=O)c2)cc1
ZINC001143561186,COc1c(F)cc(F)cc1CN1CCC(n2c(=O)n(C)c3ccccc32)CC1
ZINC000506923909,COC(=O)C(c1ccc(F)cc1)N1CCC(n2c(=O)[nH]c3ccccc32)CC1
ZINC000506923911,COC(=O)C(c1ccc(F)cc1)N1CCC(n2c(=O)[nH]c3ccccc32)CC1
ZINC000428019726,COCc1cccc(CC(=O)N[C@H](CN2CCCC2)c2ccc(OC)cc2)c1
ZINC000192127416,COCCOc1ccc(CC(=O)N[C@H](CN2CCCC2)c2ccccc2)cc1
ZINC000444286668,COc1ccc([C@@H](CN2CCCC2)NC(=O)Cc2ccc(OC)cc2F)cc1
ZINC000444345602,COc1ccc([C@@H](CN2CCCC2)NC(=O)Cc2ccccc2NC(C)=O)cc1
ZINC000029177396,COc1cc(CC(=O)N[C@H](CN2CCCC2)c2ccccc2)cc(OC)c1OC
ZINC000450221939,CCS(=O)(=O)c1ccc(CN2CCC(n3c(=O)[nH]c4ccccc43)CC2)cc1
ZINC000162739273,COC(=O)C(c1ccccc1C)N1CCC(n2c(=O)[nH]c3ccccc32)CC1
ZINC000162739412,COC(=O)C(c1ccccc1C)N1CCC(n2c(=O)[nH]c3ccccc32)CC1
ZINC000121796650,COCCOc1cccc(CN2CCC(n3c(=O)[nH]c4ccccc43)CC2)c1
ZINC000121806541,COCCOc1ccccc1CN1CCC(n2c(=O)[nH]c3ccccc32)CC1
ZINC000121809751,COCCOc1ccc(CN2CCC(n3c(=O)[nH]c4ccccc43)CC2)cc1
ZINC000481708367,COc1ccc([C@@H](CN2CCCC2)NC(=O)Cc2cc(F)ccc2OC)cc1
ZINC000486150329,CC(C)N(C(C)C)S(=O)(=O)c1ccc(N[C@@H](C)CN2CCCCC2)nc1
ZINC000486150331,CC(C)N(C(C)C)S(=O)(=O)c1ccc(N[C@H](C)CN2CCCCC2)nc1
ZINC000591922037,CN(C)C1CCN(CCNc2ncc(C(=O)OC(C)(C)C)cc2Cl)CC1
ZINC000539932599,COc1ccc([C@@H](CN2CCCC2)NC(=O)Cc2c(OC)cccc2OC)cc1
ZINC000539932039,COc1ccc([C@@H](CN2CCCC2)NC(=O)Cc2ccc(OC)c(F)c2)cc1
ZINC000539932905,COc1ccc([C@@H](CN2CCCC2)NC(=O)Cc2ccc(OC)c(OC)c2)cc1
ZINC000541200511,COC(=O)COc1ccc(CN2CCC(n3c(=O)[nH]c4ccccc43)CC2)cc1
ZINC000132533319,COC(=O)c1ccc(CN2CCC(n3c(=O)[nH]c4ccccc43)CC2)cc1F
ZINC000175513589,COC(=O)C(c1ccccc1F)N1CCC(n2c(=O)[nH]c3ccccc32)CC1
ZINC000175513607,COC(=O)C(c1ccccc1F)N1CCC(n2c(=O)[nH]c3ccccc32)CC1
ZINC000179456272,COC(=O)c1ccc(CN2CCC(n3c(=O)[nH]c4ccccc43)CC2)c(F)c1
ZINC000029178248,COc1ccc(C(C)=O)cc1CC(=O)N[C@H](CN1CCCC1)c1ccccc1
ZINC000108081460,CC1CCN(CCNc2ccc(S(=O)(=O)N(C(C)C)C(C)C)cn2)CC1
ZINC000813404893,O=C(N[C@H](CN1CCCC1)c1ccccc1)C(O)c1ccc(Cl)cc1F
ZINC000813404896,O=C(N[C@H](CN1CCCC1)c1ccccc1)C(O)c1ccc(Cl)cc1F
ZINC000813506768,COc1ccc([C@@H](CN2CCCC2)NC(=O)C(O)c2ccc(Cl)cc2)cc1
ZINC000813506770,COc1ccc([C@@H](CN2CCCC2)NC(=O)C(O)c2ccc(Cl)cc2)cc1
ZINC001143915234,COc1ccc(CN2CCC(n3c(=O)n(C)c4ccccc43)CC2)c(F)c1F
ZINC001143977588,COc1ccc(F)c(CN2CCC(n3c(=O)n(C)c4ccccc43)CC2)c1F
ZINC001144444571,COC(=O)c1ccc(CN2CCC(n3c(=O)n(C)c4ccccc43)CC2)c(F)c1
ZINC001144754893,COc1c(F)ccc(F)c1CN1CCC(n2c(=O)n(C)c3ccccc32)CC1
ZINC000121798236,COc1ccc(CN2CCC(n3c(=O)[nH]c4ccccc43)CC2)c(OC)c1OC
ZINC000121806831,COCOc1ccc(OC)cc1CN1CCC(n2c(=O)[nH]c3ccccc32)CC1
ZINC000121807133,COc1cc(CN2CCC(n3c(=O)[nH]c4ccccc43)CC2)cc(OC)c1OC
ZINC001137243571,COC(=O)c1ccc(OC)c(CN2CCC(n3c(=O)[nH]c4ccccc43)CC2)c1
ZINC000186523007,C[C@@H](c1ccc(S(C)(=O)=O)cc1)N1CCC(n2c(=O)[nH]c3ccccc32)CC1
ZINC000186523025,C[C@H](c1ccc(S(C)(=O)=O)cc1)N1CCC(n2c(=O)[nH]c3ccccc32)CC1
ZINC000626325085,COc1ccc([C@@H](CN2CCCC2)NC(=O)C(OC)c2ccc(F)cc2)cc1
ZINC000626325086,COc1ccc([C@@H](CN2CCCC2)NC(=O)C(OC)c2ccc(F)cc2)cc1
ZINC000779542600,COc1ccc([C@@H](CN2CCCC2)NC(=O)C(O)c2ccccc2Cl)cc1
ZINC001137448438,COC(=O)c1ccc(CN2CCC(n3c(=O)[nH]c4ccccc43)CC2)c(OC)c1
ZINC001137508181,COc1cc(CN2CCC(n3c(=O)n(C)c4ccccc43)CC2)cc(F)c1OC
ZINC000751957694,COC(=O)Cc1ccccc1CN1CCC(n2c(=O)[nH]c3ccccc32)CC1
ZINC001138043161,CC(=O)Oc1cccc(CN2CCC(n3c(=O)n(C)c4ccccc43)CC2)c1
ZINC001138425559,COc1c(F)cc(CN2CCC(n3c(=O)n(C)c4ccccc43)CC2)cc1F
ZINC001138923366,O=C(O)COc1ccc(CN2CCC(n3c(=O)[nH]c4ccccc43)CC2)cc1
ZINC001138966610,CCC(=O)Oc1ccc(CN2CCC(n3c(=O)n(C)c4ccccc43)CC2)cc1
ZINC001139275606,COc1ccc(OC)c(CN2CCC(n3c(=O)[nH]c4ccccc43)CC2)c1N
ZINC000833539488,CC(Oc1ccc(CN2CCC(n3c(=O)[nH]c4ccccc43)CC2)cc1)C(=O)O
ZINC000833539490,CC(Oc1ccc(CN2CCC(n3c(=O)[nH]c4ccccc43)CC2)cc1)C(=O)O
ZINC001140768931,COc1cc(O)cc(OC)c1CN1CCC(n2c(=O)[nH]c3ccccc32)CC1
ZINC001140826103,COc1cc(F)c(CN2CCC(n3c(=O)n(C)c4ccccc43)CC2)c(F)c1
ZINC001141169924,COc1cc(CN2CCC(n3c(=O)[nH]c4ccccc43)CC2)cc(O)c1OC
ZINC001141281701,COc1cc(F)c(CN2CCC(n3c(=O)n(C)c4ccccc43)CC2)cc1OC
ZINC001142595466,CCOC(=O)c1ccc(CN2CCC(n3c(=O)n(C)c4ccccc43)CC2)cc1
ZINC001142900369,COC(=O)Cc1ccc(CN2CCC(n3c(=O)[nH]c4ccccc43)CC2)cc1
ZINC001143321509,COc1c(F)ccc(CN2CCC(n3c(=O)n(C)c4ccccc43)CC2)c1F
ZINC001203449429,COc1cccc(CN2CCC(n3c(=O)n(C)c4ccccc43)CC2)c1OC
ZINC001203481085,COc1ccc(CN2CCC(n3c(=O)n(C)c4ccccc43)CC2)c(OC)c1
ZINC001203527614,COc1ccc(OC)c(CN2CCC(n3c(=O)n(C)c4ccccc43)CC2)c1
ZINC001203838402,COc1ccc(CN2CCC(n3c(=O)n(C)c4ccccc43)CC2)cc1OC
ZINC001203859657,COc1cc(CN2CCC(n3c(=O)n(C)c4ccccc43)CC2)cc(OC)c1
ZINC001203927959,CC(=O)Nc1ccc(CN2CCC(n3c(=O)n(C)c4ccccc43)CC2)cc1
ZINC001203949307,CC(=O)Oc1ccc(CN2CCC(n3c(=O)n(C)c4ccccc43)CC2)cc1
ZINC001204130557,CCOc1cc(CN2CCC(n3c(=O)n(C)c4ccccc43)CC2)ccc1O
ZINC001204249767,COc1cccc(OC)c1CN1CCC(n2c(=O)n(C)c3ccccc32)CC1
ZINC001209530752,COc1cc(CN2CCC(n3c(=O)n(C)c4ccccc43)CC2)cc(F)c1O
ZINC001223022127,COC(=O)C(C)O[C@H]1c2ccccc2N(C)S(=O)(=O)c2cc(Cl)ccc21
ZINC001223022132,COC(=O)C(C)O[C@@H]1c2ccccc2N(C)S(=O)(=O)c2cc(Cl)ccc21
ZINC001231422284,COC(=O)c1cc(CN2CCC(n3c(=O)[nH]c4ccccc43)CC2)ccc1O
ZINC001231458745,Cn1c(=O)n(C2CCN(Cc3cc(C(=O)O)ccc3F)CC2)c2ccccc21
ZINC001231751622,COc1ccc(CN2CCC(n3c(=O)[nH]c4ccccc43)CC2)cc1C(=O)O
ZINC001231791085,O=C(O)COc1ccccc1CN1CCC(n2c(=O)[nH]c3ccccc32)CC1
ZINC001232146009,CN(C)Cc1cc(F)cc(CN2CCC(n3c(=O)n(C)c4ccccc43)CC2)c1
ZINC001232187146,CC(=O)Nc1ccc(CN2CCC(n3c(=O)n(C)c4ccccc43)CC2)c(C)c1
ZINC001232706170,COC(=O)c1ccc(CN2CCC(n3c(=O)n(C)c4ccccc43)CC2)cc1F
ZINC001233281458,COCOc1cccc(CN2CCC(n3c(=O)n(C)c4ccccc43)CC2)c1
ZINC001233343241,COc1cc(F)c(CN2CCC(n3c(=O)n(C)c4ccccc43)CC2)cc1F
ZINC001233497712,COC(=O)c1ccc(CN2CCC(n3c(=O)[nH]c4ccccc43)CC2)cc1OC
ZINC001234960178,COC(=O)c1cc(CN2CCC(n3c(=O)[nH]c4ccccc43)CC2)ccc1OC
ZINC001235408863,CCOc1cc(O)cc(CN2CCC(n3c(=O)n(C)c4ccccc43)CC2)c1
ZINC001235450175,COc1cc(CN2CCC(n3c(=O)n(C)c4ccccc43)CC2)cc(F)c1F
ZINC001236760783,COC(=O)c1cc(CN2CCC(n3c(=O)[nH]c4ccccc43)CC2)cc(OC)c1
ZINC001236778377,COC(=O)c1cc(F)cc(CN2CCC(n3c(=O)n(C)c4ccccc43)CC2)c1
ZINC001236836077,COc1cc(CN2CCC(n3c(=O)n(C)c4ccccc43)CC2)c(F)cc1F
ZINC001237417430,CC(=O)Nc1ccccc1CN1CCC(n2c(=O)n(C)c3ccccc32)CC1
ZINC001237482337,COC(=O)Cc1cccc(CN2CCC(n3c(=O)[nH]c4ccccc43)CC2)c1
ZINC001237585795,COc1ccc(OC)c(CN2CCC(n3c(=O)n(C)c4ccccc43)CC2)c1F
ZINC001237883741,CCOC(=O)c1ccccc1CN1CCC(n2c(=O)n(C)c3ccccc32)CC1
ZINC001238143860,Cc1cc(C(=O)O)ccc1CN1CCC(n2c(=O)n(C)c3ccccc32)CC1
ZINC001238234535,Cn1c(=O)n(C2CCN(Cc3ccc(F)cc3C(=O)O)CC2)c2ccccc21
ZINC001238374140,COc1ccc(CN2CCC(n3c(=O)n(C)c4ccccc43)CC2)c(F)c1O
ZINC001238474266,COc1c(CN2CCC(n3c(=O)n(C)c4ccccc43)CC2)ccc(F)c1F
ZINC001248756045,COc1ccc(CN2CCC(n3c(=O)n(C)c4ccccc43)CC2)c(F)c1OC
ZINC001248890048,COC(=O)c1cccc(CN2CCC(n3c(=O)[nH]c4ccccc43)CC2)c1OC
ZINC001249617912,COC(=O)c1cc(F)ccc1CN1CCC(n2c(=O)n(C)c3ccccc32)CC1
ZINC001249955361,CN(C)c1cc(F)cc(CN2CCC(n3c(=O)n(C)c4ccccc43)CC2)c1
ZINC001318662854,CCN(CC)S(=O)(=O)c1ccc(NC[C@@H](C(C)C)N2CCC(C)CC2)nc1
ZINC001318662856,CCN(CC)S(=O)(=O)c1ccc(NC[C@H](C(C)C)N2CCC(C)CC2)nc1
ZINC000613481274,CC(C)N(C(C)C)S(=O)(=O)c1ccc(NC[C@H](C)N2CCC[C@@H](C)C2)nc1
ZINC000613481275,CC(C)N(C(C)C)S(=O)(=O)c1ccc(NC[C@@H](C)N2CCC[C@@H](C)C2)nc1
ZINC000613481276,CC(C)N(C(C)C)S(=O)(=O)c1ccc(NC[C@H](C)N2CCC[C@H](C)C2)nc1
ZINC000613481279,CC(C)N(C(C)C)S(=O)(=O)c1ccc(NC[C@@H](C)N2CCC[C@H](C)C2)nc1
ZINC000613491664,CC(C)N(C(C)C)S(=O)(=O)c1ccc(NCCN2CCC[C@H](C)C2)nc1
ZINC000613491665,CC(C)N(C(C)C)S(=O)(=O)c1ccc(NCCN2CCC[C@@H](C)C2)nc1
ZINC001597129799,CCOc1ccc(OCC(=O)N[C@]2(C(=O)O)CC[C@@H](C)c3ccccc32)cc1
ZINC001597129802,CCOc1ccc(OCC(=O)N[C@@]2(C(=O)O)CC[C@H](C)c3ccccc32)cc1
ZINC001597129805,CCOc1ccc(OCC(=O)N[C@]2(C(=O)O)CC[C@H](C)c3ccccc32)cc1
ZINC001597129809,CCOc1ccc(OCC(=O)N[C@@]2(C(=O)O)CC[C@@H](C)c3ccccc32)cc1
ZINC001604703537,C[C@H]1CC[C@](NC(=O)COc2cc(F)cc(F)c2)(C(=O)O)c2ccccc21
ZINC001604703538,C[C@@H]1CC[C@](NC(=O)COc2cc(F)cc(F)c2)(C(=O)O)c2ccccc21
ZINC001604703539,C[C@@H]1CC[C@@](NC(=O)COc2cc(F)cc(F)c2)(C(=O)O)c2ccccc21
ZINC001604703540,C[C@H]1CC[C@@](NC(=O)COc2cc(F)cc(F)c2)(C(=O)O)c2ccccc21
ZINC001139256283,COc1cc(CN2CCC(n3c(=O)[nH]c4ccccc43)CC2)cc(CN(C)C)c1O
ZINC000003610608,CN1c2ccccc2[C@@H](O)c2ccccc2S1(=O)=O
ZINC000003610611,CN1c2ccccc2[C@H](O)c2ccccc2S1(=O)=O
ZINC000022005387,CCOC(=O)CCCCCCN[C@@H]1c2ccccc2N(C)S(=O)(=O)c2cc(Cl)ccc21
ZINC000022005392,CCOC(=O)CCCCCCN[C@H]1c2ccccc2N(C)S(=O)(=O)c2cc(Cl)ccc21
ZINC000096412880,O=[N+]([O-])c1cnc(NCCN2CCC(CO)CC2)c(Cl)c1
ZINC000000005739,CN(C(=O)Cc1ccccc1)[C@H](CN1CCCC1)c1ccccc1
ZINC000506138927,COc1cc(CN2CCC(n3c(=O)[nH]c4ccccc43)CC2)ccc1OCC(F)(F)F
ZINC000506141582,CCOc1cc(CN2CCC(n3c(=O)[nH]c4ccccc43)CC2)ccc1OCC(F)(F)F
ZINC001116436954,O=c1[nH]c2ccccc2n1C1CCN(Cc2ccc(OC(F)F)cc2OC(F)F)CC1
ZINC001137526424,Cn1c(=O)n(C2CCN(Cc3cc(Cl)ccc3Br)CC2)c2ccccc21
ZINC001137565619,Cn1c(=O)n(C2CCN(Cc3ccc(Br)cc3Cl)CC2)c2ccccc21
ZINC001137622000,Cn1c(=O)n(C2CCN(Cc3cccc(Cl)c3Br)CC2)c2ccccc21
ZINC001137815701,Cn1c(=O)n(C2CCN(Cc3c(Cl)cccc3Br)CC2)c2ccccc21
ZINC001137829560,Cn1c(=O)n(C2CCN(Cc3cc(Br)ccc3Cl)CC2)c2ccccc21
ZINC001140486409,Cn1c(=O)n(C2CCN(Cc3ccc(Cl)cc3Br)CC2)c2ccccc21
ZINC001140559297,Cn1c(=O)n(C2CCN(Cc3ccc(OC(F)(F)F)c(Cl)c3)CC2)c2ccccc21
ZINC001140610701,CC(C)(C)OC(=O)NCc1ccc(CN2CCC(n3c(=O)[nH]c4ccccc43)CC2)cc1
ZINC001142811005,O=c1[nH]c2ccccc2n1C1CCN(Cc2ccc(OC(F)F)c(OC(F)F)c2)CC1
ZINC001143358029,Cn1c(=O)n(C2CCN(Cc3ccc(Cl)c(OC(F)(F)F)c3)CC2)c2ccccc21
ZINC001144689935,Cn1c(=O)n(C2CCN(Cc3cc(Cl)cc(Br)c3)CC2)c2ccccc21
ZINC001151338148,COc1ccc([C@@H](CN2CCCC2)NC(=O)C(C)c2ccc(Br)cc2)cc1
ZINC001151338150,COc1ccc([C@@H](CN2CCCC2)NC(=O)C(C)c2ccc(Br)cc2)cc1
ZINC001231438217,Cn1c(=O)n(C2CCN(Cc3ccc(Br)c(Cl)c3)CC2)c2ccccc21
ZINC001231556360,CCOc1cc(CN2CCC(n3c(=O)[nH]c4ccccc43)CC2)ccc1OC(=O)C(C)C
ZINC001231568235,Cn1c(=O)n(C2CCN(Cc3ccc(Cl)c(Br)c3)CC2)c2ccccc21
ZINC001231744635,O=c1[nH]c2ccccc2n1C1CCN(Cc2cc(Cl)c(O)c(Br)c2)CC1
ZINC001232722023,Cn1c(=O)n(C2CCN(Cc3cccc(NC(=O)OC(C)(C)C)c3)CC2)c2ccccc21
ZINC001233060321,O=c1[nH]c2ccccc2n1C1CCN(Cc2c(F)cc(Br)c(F)c2F)CC1
ZINC001233105314,CCOc1c(Cl)cc(CN2CCC(n3c(=O)n(C)c4ccccc43)CC2)cc1Cl
ZINC001233338758,Cn1c(=O)n(C2CCN(Cc3ccc(NC(=O)OC(C)(C)C)cc3)CC2)c2ccccc21
ZINC001235433252,Nc1cc(Cl)c(Br)cc1CN1CCC(n2c(=O)[nH]c3ccccc32)CC1
ZINC001235436984,CCOc1cc(CN2CCC(n3c(=O)[nH]c4ccccc43)CC2)ccc1Br
ZINC001235602765,Cn1c(=O)n(C2CCN(Cc3cccc(Br)c3Cl)CC2)c2ccccc21
ZINC001235844857,CC(C)(C)OC(=O)NCc1cccc(CN2CCC(n3c(=O)[nH]c4ccccc43)CC2)c1
ZINC001236658400,CCOc1ccc(CN2CCC(n3c(=O)[nH]c4ccccc43)CC2)cc1Br
ZINC001237342138,Cn1c(=O)n(C2CCN(Cc3ccccc3NC(=O)OC(C)(C)C)CC2)c2ccccc21
ZINC001237768268,COc1ccc(CN2CCC(n3c(=O)[nH]c4ccccc43)CC2)c(C(F)(F)F)c1OC
ZINC001238128242,CN(C(=O)OC(C)(C)C)c1ccc(CN2CCC(n3c(=O)[nH]c4ccccc43)CC2)cc1
ZINC001238311001,COc1c(Br)cc(C)cc1CN1CCC(n2c(=O)[nH]c3ccccc32)CC1
ZINC001238492525,CCOc1cc(CN2CCC(n3c(=O)n(C)c4ccccc43)CC2)cc(C(F)(F)F)c1
ZINC001238689994,CCOc1cccc(CN2CCC(n3c(=O)[nH]c4ccccc43)CC2)c1Br
ZINC001248658972,CC(C)Oc1cc(CN2CCC(n3c(=O)n(C)c4ccccc43)CC2)cc(OC(C)C)c1
ZINC001250276319,Cn1c(=O)n(C2CCN(Cc3cc(F)cc(C(F)(F)F)c3Cl)CC2)c2ccccc21
ZINC001250297784,CC(C)Oc1c(F)cc(CN2CCC(n3c(=O)n(C)c4ccccc43)CC2)cc1Cl
ZINC001295211223,COc1ccc([C@@H](CN2CCCC2)NC(=O)C(C)c2cccc(Br)c2)cc1
ZINC001295211225,COc1ccc([C@@H](CN2CCCC2)NC(=O)C(C)c2cccc(Br)c2)cc1
ZINC001545891261,CCC(C(=O)N[C@H](CN1CCCC1)c1ccc(OC)cc1)c1ccc(Br)cc1
ZINC001545891262,CCC(C(=O)N[C@H](CN1CCCC1)c1ccc(OC)cc1)c1ccc(Br)cc1
ZINC001623324275,CCCOC(C(=O)N[C@H](CN1CCCC1)c1ccc(OC)cc1)c1ccc(F)cc1C
ZINC001623324276,CCCOC(C(=O)N[C@H](CN1CCCC1)c1ccc(OC)cc1)c1ccc(F)cc1C
ZINC000121804025,O=c1[nH]c2ccccc2n1C1CCN(Cc2c(O)cccc2Cl)CC1
ZINC000768218742,CCOc1ccc(CN2CCC(n3c(=O)[nH]c4ccccc43)CC2)c(O)c1
ZINC000815010425,Cc1cc(CN2CCC(n3c(=O)[nH]c4ccccc43)CC2)ccc1N(C)C
ZINC001180452543,O=c1[nH]c2ccccc2n1C1CCN(Cc2ccc(F)c(F)c2O)CC1
ZINC000121802521,O=c1[nH]c2ccccc2n1C1CCN(Cc2cc(Cl)ccc2O)CC1
ZINC001139680786,O=c1[nH]c2ccccc2n1C1CCN(Cc2c(F)ccc(F)c2O)CC1
ZINC001140180032,Cc1ccc(C)c(CN2CCC(n3c(=O)[nH]c4ccccc43)CC2)c1O
ZINC001140341356,Cn1c(=O)n(C2CCN(Cc3c(O)cccc3Cl)CC2)c2ccccc21
ZINC001140463110,O=c1[nH]c2ccccc2n1C1CCN(Cc2ccc(Cl)cc2O)CC1
ZINC001140466699,Cn1c(=O)n(C2CCN(Cc3ccc(Cl)cc3O)CC2)c2ccccc21
ZINC001140581145,O=c1[nH]c2ccccc2n1C1CCN(Cc2c(O)cc(F)cc2F)CC1
ZINC001142512535,O=c1[nH]c2ccccc2n1C1CCN(Cc2cc(F)c(F)cc2O)CC1
ZINC001203664289,Cn1c(=O)n(C2CCN(Cc3cc(Cl)ccc3O)CC2)c2ccccc21
ZINC001231845013,Cc1cc(C)c(CN2CCC(n3c(=O)[nH]c4ccccc43)CC2)c(O)c1
ZINC001231912090,Cn1c(=O)n(C2CCN(Cc3cccc(Cl)c3O)CC2)c2ccccc21
ZINC001232257234,O=c1[nH]c2ccccc2n1C1CCN(Cc2cc(Cl)c(O)cc2O)CC1
ZINC001233332174,O=c1[nH]c2ccccc2n1C1CCN(Cc2c(O)ccc(F)c2F)CC1
ZINC001236785109,CCc1ccc(CN2CCC(n3c(=O)[nH]c4ccccc43)CC2)c(O)c1
ZINC001236808643,COc1cc(C)c(CN2CCC(n3c(=O)[nH]c4ccccc43)CC2)c(O)c1
ZINC001238059222,Cc1cc(F)cc(CN2CCC(n3c(=O)[nH]c4ccccc43)CC2)c1O
ZINC000848880294,CCc1cccc(CN2CCC(n3c(=O)[nH]c4ccccc43)CC2)c1O
ZINC000077928828,CCOC(=O)c1ccnc(NCCN2CCCCC2)c1[N+](=O)[O-]
ZINC000080250494,COC1CCN(CCNc2ncc([N+](=O)[O-])cc2Cl)CC1
ZINC000153919631,COC1CCN(CCNc2ncc(Cl)cc2[N+](=O)[O-])CC1
ZINC000276629553,COC(=O)c1cnc(N[C@H](C)CN2CCCCC2)c([N+](=O)[O-])c1
ZINC000276629558,COC(=O)c1cnc(N[C@@H](C)CN2CCCCC2)c([N+](=O)[O-])c1
ZINC000286046171,COC(=O)c1ccc([N+](=O)[O-])c(N[C@H](C)CN2CCCCC2)n1
ZINC000286046176,COC(=O)c1ccc([N+](=O)[O-])c(N[C@@H](C)CN2CCCCC2)n1
ZINC000520233544,Cc1cc(C(=O)O)c([N+](=O)[O-])c(NCCN2CCC[C@H](C)C2)n1
ZINC000520233547,Cc1cc(C(=O)O)c([N+](=O)[O-])c(NCCN2CCC[C@@H](C)C2)n1
ZINC000563626082,CC[C@@H]1CCCCN1CCNc1nc(C(=O)O)ccc1[N+](=O)[O-]
ZINC000563626090,CC[C@H]1CCCCN1CCNc1nc(C(=O)O)ccc1[N+](=O)[O-]
ZINC000563959682,Cc1cc(C(=O)O)c([N+](=O)[O-])c(N[C@H](C)CN2CCCCC2)n1
ZINC000563959686,Cc1cc(C(=O)O)c([N+](=O)[O-])c(N[C@@H](C)CN2CCCCC2)n1
ZINC000568517316,CC1(C)CCCN(CCNc2nccc(C(=O)O)c2[N+](=O)[O-])C1
ZINC000571330843,C[C@@H]1CCC[C@@H](C)N1CCNc1ncc(C(=O)O)cc1[N+](=O)[O-]
ZINC000571330845,C[C@@H]1CCC[C@H](C)N1CCNc1ncc(C(=O)O)cc1[N+](=O)[O-]
ZINC000571330847,C[C@H]1CCC[C@H](C)N1CCNc1ncc(C(=O)O)cc1[N+](=O)[O-]
ZINC000571449573,CC1(C)CCCN(CCNc2ncc(C(=O)O)cc2[N+](=O)[O-])C1
ZINC000572884621,C[C@@H]1CCCN([C@H](C)CNc2ncc(C(=O)O)cc2[N+](=O)[O-])C1
ZINC000572884622,C[C@@H]1CCCN([C@@H](C)CNc2ncc(C(=O)O)cc2[N+](=O)[O-])C1
ZINC000572884623,C[C@H]1CCCN([C@@H](C)CNc2ncc(C(=O)O)cc2[N+](=O)[O-])C1
ZINC000572884624,C[C@H]1CCCN([C@H](C)CNc2ncc(C(=O)O)cc2[N+](=O)[O-])C1
ZINC000572964611,C[C@@H]1CCCN([C@H](C)CNc2nccc(C(=O)O)c2[N+](=O)[O-])C1
ZINC000572964612,C[C@@H]1CCCN([C@@H](C)CNc2nccc(C(=O)O)c2[N+](=O)[O-])C1
ZINC000572964613,C[C@H]1CCCN([C@@H](C)CNc2nccc(C(=O)O)c2[N+](=O)[O-])C1
ZINC000572964614,C[C@H]1CCCN([C@H](C)CNc2nccc(C(=O)O)c2[N+](=O)[O-])C1
ZINC000575062211,C[C@@H]1CCCN([C@H](C)CNc2nc(C(=O)O)ccc2[N+](=O)[O-])C1
ZINC000575062212,C[C@@H]1CCCN([C@@H](C)CNc2nc(C(=O)O)ccc2[N+](=O)[O-])C1
ZINC000575062213,C[C@H]1CCCN([C@@H](C)CNc2nc(C(=O)O)ccc2[N+](=O)[O-])C1
ZINC000575062214,C[C@H]1CCCN([C@H](C)CNc2nc(C(=O)O)ccc2[N+](=O)[O-])C1
ZINC000577495803,CC1(C)CCCN(CCNc2nc(C(=O)O)ccc2[N+](=O)[O-])C1
ZINC000577853665,C[C@@H]1CCC[C@@H](C)N1CCNc1nc(C(=O)O)ccc1[N+](=O)[O-]
ZINC000577853666,C[C@@H]1CCC[C@H](C)N1CCNc1nc(C(=O)O)ccc1[N+](=O)[O-]
ZINC000577853667,C[C@H]1CCC[C@H](C)N1CCNc1nc(C(=O)O)ccc1[N+](=O)[O-]
ZINC000578774936,C[C@@H]1CCC[C@@H](C)N1CCNc1nccc(C(=O)O)c1[N+](=O)[O-]
ZINC000578774937,C[C@@H]1CCC[C@H](C)N1CCNc1nccc(C(=O)O)c1[N+](=O)[O-]
ZINC000578774938,C[C@H]1CCC[C@H](C)N1CCNc1nccc(C(=O)O)c1[N+](=O)[O-]
ZINC000582362451,CC[C@@H]1CCCCN1CCNc1nccc(C(=O)O)c1[N+](=O)[O-]
ZINC000582362452,CC[C@H]1CCCCN1CCNc1nccc(C(=O)O)c1[N+](=O)[O-]
ZINC000598590572,COC(=O)c1ccnc(N[C@H](C)CN2CCCCC2)c1[N+](=O)[O-]
ZINC000598590573,COC(=O)c1ccnc(N[C@@H](C)CN2CCCCC2)c1[N+](=O)[O-]
ZINC000737748557,C[C@@H]1CCCN(C[C@@H](C)Nc2nccc(C(=O)O)c2[N+](=O)[O-])C1
ZINC000737748558,C[C@@H]1CCCN(C[C@H](C)Nc2nccc(C(=O)O)c2[N+](=O)[O-])C1
ZINC000737748560,C[C@H]1CCCN(C[C@H](C)Nc2nccc(C(=O)O)c2[N+](=O)[O-])C1
ZINC000737748562,C[C@H]1CCCN(C[C@@H](C)Nc2nccc(C(=O)O)c2[N+](=O)[O-])C1
ZINC000737750782,C[C@@H]1CCCCN1[C@H](C)CNc1nccc(C(=O)O)c1[N+](=O)[O-]
ZINC000737750783,C[C@@H]1CCCCN1[C@@H](C)CNc1nccc(C(=O)O)c1[N+](=O)[O-]
ZINC000737750785,C[C@H]1CCCCN1[C@@H](C)CNc1nccc(C(=O)O)c1[N+](=O)[O-]
ZINC000737750787,C[C@H](CNc1nccc(C(=O)O)c1[N+](=O)[O-])N1CCCC[C@@H]1C
ZINC001160747085,Cc1ccnc(NCCN2CCC(F)(F)CC2)c1[N+](=O)[O-]
ZINC001160747323,COc1nc(NCCN2CCC(F)(F)CC2)ccc1[N+](=O)[O-]
ZINC001160747931,O=[N+]([O-])c1cc(F)cnc1NCCN1CCC(F)(F)CC1
ZINC001160748152,Cc1cc([N+](=O)[O-])cnc1NCCN1CCC(F)(F)CC1
ZINC001160748199,Cc1nc(NCCN2CCC(F)(F)CC2)ccc1[N+](=O)[O-]
ZINC001160748688,Cc1cnc(NCCN2CCC(F)(F)CC2)c([N+](=O)[O-])c1
ZINC001160748864,COc1cnc(NCCN2CCC(F)(F)CC2)c([N+](=O)[O-])c1
ZINC001160749070,O=[N+]([O-])c1cnc(NCCN2CCC(F)(F)CC2)c(F)c1
ZINC001160749369,COc1cc(NCCN2CCC(F)(F)CC2)ncc1[N+](=O)[O-]
ZINC001594384660,C[C@@H]1CCCN(C[C@@H](C)Nc2nc(C(=O)O)ccc2[N+](=O)[O-])C1
ZINC001594384661,C[C@@H]1CCCN(C[C@H](C)Nc2nc(C(=O)O)ccc2[N+](=O)[O-])C1
ZINC001594384662,C[C@H]1CCCN(C[C@H](C)Nc2nc(C(=O)O)ccc2[N+](=O)[O-])C1
ZINC001594384663,C[C@H]1CCCN(C[C@@H](C)Nc2nc(C(=O)O)ccc2[N+](=O)[O-])C1
ZINC001594416842,CC1CCN(C[C@@H](C)Nc2nc(C(=O)O)ccc2[N+](=O)[O-])CC1
ZINC001594416843,CC1CCN(C[C@H](C)Nc2nc(C(=O)O)ccc2[N+](=O)[O-])CC1
ZINC001604734149,C[C@@H]1CCCCN1[C@H](C)CNc1nc(C(=O)O)ccc1[N+](=O)[O-]
ZINC001604734150,C[C@@H]1CCCCN1[C@@H](C)CNc1nc(C(=O)O)ccc1[N+](=O)[O-]
ZINC001604734151,C[C@H]1CCCCN1[C@@H](C)CNc1nc(C(=O)O)ccc1[N+](=O)[O-]
ZINC001604734152,C[C@H](CNc1nc(C(=O)O)ccc1[N+](=O)[O-])N1CCCC[C@@H]1C
ZINC001604734239,C[C@@H]1CCCCN1[C@H](C)CNc1ncc(C(=O)O)cc1[N+](=O)[O-]
ZINC001604734241,C[C@@H]1CCCCN1[C@@H](C)CNc1ncc(C(=O)O)cc1[N+](=O)[O-]
ZINC001604734243,C[C@H]1CCCCN1[C@@H](C)CNc1ncc(C(=O)O)cc1[N+](=O)[O-]
ZINC001604734246,C[C@H](CNc1ncc(C(=O)O)cc1[N+](=O)[O-])N1CCCC[C@@H]1C
ZINC001776595364,C[C@@H]1C[C@@H](C)CN(CCNc2ncc(C(=O)O)cc2[N+](=O)[O-])C1
ZINC001776595365,C[C@@H]1C[C@H](C)CN(CCNc2ncc(C(=O)O)cc2[N+](=O)[O-])C1
ZINC001776595366,C[C@H]1C[C@H](C)CN(CCNc2ncc(C(=O)O)cc2[N+](=O)[O-])C1
ZINC001776595367,C[C@@H]1C[C@@H](C)CN(CCNc2nc(C(=O)O)ccc2[N+](=O)[O-])C1
ZINC001776595368,C[C@@H]1C[C@H](C)CN(CCNc2nc(C(=O)O)ccc2[N+](=O)[O-])C1
ZINC001776595369,C[C@H]1C[C@H](C)CN(CCNc2nc(C(=O)O)ccc2[N+](=O)[O-])C1
ZINC001776595474,C[C@@H]1C[C@@H](C)CN(CCNc2nccc(C(=O)O)c2[N+](=O)[O-])C1
ZINC001776595475,C[C@@H]1C[C@H](C)CN(CCNc2nccc(C(=O)O)c2[N+](=O)[O-])C1
ZINC001776595476,C[C@H]1C[C@H](C)CN(CCNc2nccc(C(=O)O)c2[N+](=O)[O-])C1
ZINC001776642351,C[C@@H]1CCCN(C[C@@H](C)Nc2ncc(C(=O)O)cc2[N+](=O)[O-])C1
ZINC001776642352,C[C@@H]1CCCN(C[C@H](C)Nc2ncc(C(=O)O)cc2[N+](=O)[O-])C1
ZINC001776642353,C[C@H]1CCCN(C[C@H](C)Nc2ncc(C(=O)O)cc2[N+](=O)[O-])C1
ZINC001776642354,C[C@H]1CCCN(C[C@@H](C)Nc2ncc(C(=O)O)cc2[N+](=O)[O-])C1
ZINC001776643263,CC1CCN(C[C@@H](C)Nc2nccc(C(=O)O)c2[N+](=O)[O-])CC1
ZINC001776643264,CC1CCN(C[C@H](C)Nc2nccc(C(=O)O)c2[N+](=O)[O-])CC1
ZINC001776643277,CC1CCN(C[C@@H](C)Nc2ncc(C(=O)O)cc2[N+](=O)[O-])CC1
ZINC001776643278,CC1CCN(C[C@H](C)Nc2ncc(C(=O)O)cc2[N+](=O)[O-])CC1
ZINC000876552026,Cc1cccc(O)c1CN1CCC(n2c(=O)[nH]c3ccccc32)CC1
ZINC000876552345,Cc1ccc(CN2CCC(n3c(=O)[nH]c4ccccc43)CC2)c(O)c1
ZINC000192962816,NC(=O)c1ccc(CN2CCC(n3c(=O)[nH]c4ccccc43)CC2)c([N+](=O)[O-])c1
ZINC000542508232,Cc1c([N+](=O)[O-])cnc(NCCN2CCC(N(C)C)CC2)c1Br
ZINC001246348543,N#Cc1ccc(C2CCC(NCCc3c[nH]c4ccccc34)CC2)cc1
ZINC001143374389,Cc1cc(CN2CCC(n3c(=O)[nH]c4ccccc43)CC2)cc(C)c1F
ZINC000607781715,CC(C(=O)N[C@H](CN1CCCC1)c1ccccc1)c1cccc(Cl)c1
ZINC001266564520,CC(C)COc1cccc(OCC(=O)N[C@]2(C)CCCc3ccccc32)c1
ZINC001266564521,CC(C)COc1cccc(OCC(=O)N[C@@]2(C)CCCc3ccccc32)c1
ZINC000013802709,C[C@H](c1ccccc1Cl)N1CCC(n2c(=O)[nH]c3ccccc32)CC1
ZINC000013802710,C[C@@H](c1ccccc1Cl)N1CCC(n2c(=O)[nH]c3ccccc32)CC1
ZINC000084647285,C[C@@H](c1c(F)cccc1F)N1CCC(n2c(=O)[nH]c3ccccc32)CC1
ZINC000535781792,CCCOc1ccc(CN2CCC(n3c(=O)[nH]c4ccccc43)CC2)cc1
ZINC000511101391,CSc1ccccc1CN1CCC(n2c(=O)[nH]c3ccccc32)CC1
ZINC000613344923,CC(C)Oc1cccc(CN2CCC(n3c(=O)[nH]c4ccccc43)CC2)c1
ZINC000549342590,O=c1[nH]c2ccccc2n1C1CCN(Cc2cccc(F)c2Cl)CC1
ZINC000500411869,COc1ccc([C@@H](CN2CCCC2)NC(=O)C(C)c2cccc(C)c2)cc1
ZINC000500411872,COc1ccc([C@@H](CN2CCCC2)NC(=O)C(C)c2cccc(C)c2)cc1
ZINC000503953418,CCc1cc(OC)ccc1CN1CCC(n2c(=O)[nH]c3ccccc32)CC1
ZINC000513965033,COc1cccc(Cl)c1CN1CCC(n2c(=O)[nH]c3ccccc32)CC1
ZINC000437590533,O=c1[nH]c2ccccc2n1C1CCN(Cc2ccc(Cl)cc2F)CC1
ZINC000506120514,CC(=O)c1cccc(OC(C)C(=O)N[C@@]2(C)CCCc3ccccc32)c1
ZINC000506120516,CC(=O)c1cccc(OC(C)C(=O)N[C@]2(C)CCCc3ccccc32)c1
ZINC000506120518,CC(=O)c1cccc(OC(C)C(=O)N[C@]2(C)CCCc3ccccc32)c1
ZINC000506120519,CC(=O)c1cccc(OC(C)C(=O)N[C@@]2(C)CCCc3ccccc32)c1
ZINC000506126284,O=c1[nH]c2ccccc2n1C1CCN(Cc2ccc(F)c(Cl)c2)CC1
ZINC000506135284,CSc1ccc(CN2CCC(n3c(=O)[nH]c4ccccc43)CC2)cc1
ZINC000506148107,O=c1[nH]c2ccccc2n1C1CCN(Cc2cc(Cl)ccc2F)CC1
ZINC000506159106,O=c1[nH]c2ccccc2n1C1CCN(Cc2cccc(Cl)c2F)CC1
ZINC000506161134,O=c1[nH]c2ccccc2n1C1CCN(Cc2ccc(Cl)c(F)c2)CC1
ZINC000445801431,O=c1[nH]c2ccccc2n1C1CCN(Cc2cc(F)ccc2Cl)CC1
ZINC000525675584,CC(C(=O)N[C@H](CN1CCCC1)c1ccccc1)c1ccc(F)c(F)c1
ZINC000525675585,CC(C(=O)N[C@H](CN1CCCC1)c1ccccc1)c1ccc(F)c(F)c1
ZINC001143597816,Cc1cc(CN2CCC(n3c(=O)[nH]c4ccccc43)CC2)cc(F)c1F
ZINC000060466173,C[C@@H](c1ccc(Cl)cc1)N1CCC(n2c(=O)[nH]c3ccccc32)CC1
ZINC000538399518,OC[C@H](Cc1c[nH]c2ccccc12)NC1CCC(c2ccc(O)cc2)CC1
ZINC000538399519,OC[C@@H](Cc1c[nH]c2ccccc12)NC1CCC(c2ccc(O)cc2)CC1
ZINC000481522605,CC(C(=O)N[C@H](CN1CCCC1)c1ccccc1)c1c(F)cccc1F
ZINC000481522606,CC(C(=O)N[C@H](CN1CCCC1)c1ccccc1)c1c(F)cccc1F
ZINC000482641598,COc1cc(Cl)ccc1CN1CCC(n2c(=O)[nH]c3ccccc32)CC1
ZINC000483539082,COc1ccc(Cl)c(CN2CCC(n3c(=O)[nH]c4ccccc43)CC2)c1
ZINC000485695398,O=c1[nH]c2ccccc2n1C1CCN(Cc2cc(F)cc(Cl)c2)CC1
ZINC000589898274,CCc1ccc(C(C)C(=O)N[C@H](CN2CCCC2)c2ccccc2)cc1
ZINC000589898275,CCc1ccc(C(C)C(=O)N[C@H](CN2CCCC2)c2ccccc2)cc1
ZINC000607781716,CC(C(=O)N[C@H](CN1CCCC1)c1ccccc1)c1cccc(Cl)c1
ZINC000534543681,COc1ccc(CN2CCC(n3c(=O)[nH]c4ccccc43)CC2)cc1Cl
ZINC000535068485,CCCOc1cccc(CN2CCC(n3c(=O)[nH]c4ccccc43)CC2)c1
ZINC000463383945,CCC(C(=O)N[C@H](CN1CCCC1)c1ccccc1)c1ccc(OC)cc1
ZINC000463383946,CCC(C(=O)N[C@H](CN1CCCC1)c1ccccc1)c1ccc(OC)cc1
ZINC000183920024,O=c1[nH]c2ccccc2n1C1CCN(Cc2ccc(C(F)F)cc2)CC1
ZINC000495058105,CCOc1ccc(CN2CCC(n3c(=O)[nH]c4ccccc43)CC2)cc1F
ZINC000497590136,C[C@H](c1ccc(F)cc1F)N1CCC(n2c(=O)[nH]c3ccccc32)CC1
ZINC000497591326,C[C@H](c1ccc(F)c(F)c1)N1CCC(n2c(=O)[nH]c3ccccc32)CC1
ZINC000072014100,C[C@H](c1ccc(Cl)cc1)N1CCC(n2c(=O)[nH]c3ccccc32)CC1
ZINC000056282092,C[C@@H](c1cc(F)ccc1F)N1CCC(n2c(=O)[nH]c3ccccc32)CC1
ZINC000056282093,C[C@H](c1cc(F)ccc1F)N1CCC(n2c(=O)[nH]c3ccccc32)CC1
ZINC000060466175,C[C@@H](c1ccc(F)c(F)c1)N1CCC(n2c(=O)[nH]c3ccccc32)CC1
ZINC000060466177,C[C@@H](c1ccc(F)cc1F)N1CCC(n2c(=O)[nH]c3ccccc32)CC1
ZINC000060466179,C[C@@H](c1cccc(Cl)c1)N1CCC(n2c(=O)[nH]c3ccccc32)CC1
ZINC001135613036,Cc1cc(C)c(CC(=O)N[C@H](CN2CCCC2)c2ccccc2)c(C)c1
ZINC001143760641,Cc1c(F)cc(F)cc1CN1CCC(n2c(=O)[nH]c3ccccc32)CC1
ZINC001144480909,COc1cc(Cl)cc(CN2CCC(n3c(=O)[nH]c4ccccc43)CC2)c1
ZINC001184829728,CC(=O)c1ccc(C(F)(F)F)nc1NC[C@@H](C(C)C)N1CCC(C)CC1
ZINC001184829729,CC(=O)c1ccc(C(F)(F)F)nc1NC[C@H](C(C)C)N1CCC(C)CC1
ZINC000468237612,O=C(Cc1cccc(C(F)F)c1)N[C@H](CN1CCCC1)c1ccccc1
ZINC000468415545,CCC(C(=O)N[C@H](CN1CCCC1)c1ccc(OC)cc1)c1ccccc1
ZINC000468415546,CCC(C(=O)N[C@H](CN1CCCC1)c1ccc(OC)cc1)c1ccccc1
ZINC000559526635,COCC[C@@H](c1ccccc1)N1CCC(n2c(=O)[nH]c3ccccc32)CC1
ZINC000559526636,COCC[C@H](c1ccccc1)N1CCC(n2c(=O)[nH]c3ccccc32)CC1
ZINC001137966347,Cc1ccc(CN2CCC(n3c(=O)[nH]c4ccccc43)CC2)c(F)c1F
ZINC001138115199,Cc1ccc(F)c(CN2CCC(n3c(=O)[nH]c4ccccc43)CC2)c1F
ZINC001138432672,CCOc1ccc(CN2CCC(n3c(=O)[nH]c4ccccc43)CC2)c(C)c1
ZINC001138719686,Cc1cccc(Cl)c1CN1CCC(n2c(=O)n(C)c3ccccc32)CC1
ZINC001138995763,CCCOc1ccccc1CN1CCC(n2c(=O)[nH]c3ccccc32)CC1
ZINC001139600345,CCOc1ccc(C)cc1CN1CCC(n2c(=O)[nH]c3ccccc32)CC1
ZINC001139612870,COc1cc(CN2CCC(n3c(=O)[nH]c4ccccc43)CC2)ccc1Cl
ZINC001139799629,Cn1c(=O)n(C2CCN(Cc3ccccc3C(F)F)CC2)c2ccccc21
ZINC001140056685,COc1c(Cl)cccc1CN1CCC(n2c(=O)[nH]c3ccccc32)CC1
ZINC001140798662,Cc1ccc(CN2CCC(n3c(=O)n(C)c4ccccc43)CC2)c(Cl)c1
ZINC001141231388,Cc1cc(Cl)ccc1CN1CCC(n2c(=O)n(C)c3ccccc32)CC1
ZINC001141235888,Cc1cc(CN2CCC(n3c(=O)n(C)c4ccccc43)CC2)ccc1Cl
ZINC001142364264,CCCc1ccc(CN2CCC(n3c(=O)n(C)c4ccccc43)CC2)cc1
ZINC001142933670,COc1cc(C)c(CN2CCC(n3c(=O)[nH]c4ccccc43)CC2)c(C)c1
ZINC001143250726,Cn1c(=O)n(C2CCN(Cc3ccc(C(F)F)cc3)CC2)c2ccccc21
ZINC001203717434,COc1ccc(CN2CCC(n3c(=O)[nH]c4ccccc43)CC2)c(C)c1C
ZINC001203745358,Cc1cc(C)c(CN2CCC(n3c(=O)n(C)c4ccccc43)CC2)c(C)c1
ZINC001203756356,COc1cc(C)c(CN2CCC(n3c(=O)[nH]c4ccccc43)CC2)cc1C
ZINC001204165610,CC(C)c1ccc(CN2CCC(n3c(=O)n(C)c4ccccc43)CC2)cc1
ZINC001207133730,Cn1c(=O)n(C2CCN(Cc3cccc(C(F)F)c3)CC2)c2ccccc21
ZINC001223023071,CC[C@H](C)O[C@@H]1c2ccccc2N(C)S(=O)(=O)c2cc(Cl)ccc21
ZINC001223023072,CC[C@@H](C)O[C@@H]1c2ccccc2N(C)S(=O)(=O)c2cc(Cl)ccc21
ZINC001223023073,CC[C@H](C)O[C@H]1c2ccccc2N(C)S(=O)(=O)c2cc(Cl)ccc21
ZINC001223023074,CC[C@@H](C)O[C@H]1c2ccccc2N(C)S(=O)(=O)c2cc(Cl)ccc21
ZINC001231422869,Cc1ccc(CN2CCC(n3c(=O)n(C)c4ccccc43)CC2)cc1Cl
ZINC001231475141,Cc1c(F)ccc(CN2CCC(n3c(=O)[nH]c4ccccc43)CC2)c1F
ZINC001231484207,Cc1cc(C)c(CN2CCC(n3c(=O)n(C)c4ccccc43)CC2)cc1C
ZINC001231877648,CC(C)c1ccccc1CN1CCC(n2c(=O)n(C)c3ccccc32)CC1
ZINC001232421138,Cc1c(F)cc(CN2CCC(n3c(=O)[nH]c4ccccc43)CC2)cc1F
ZINC001232783894,Cc1cc(CN2CCC(n3c(=O)[nH]c4ccccc43)CC2)c(F)cc1F
ZINC001233250514,Cc1ccc(Cl)cc1CN1CCC(n2c(=O)n(C)c3ccccc32)CC1
ZINC001235191391,Cc1cc(F)c(CN2CCC(n3c(=O)[nH]c4ccccc43)CC2)c(F)c1
ZINC001235530849,Cc1cc(Cl)cc(CN2CCC(n3c(=O)n(C)c4ccccc43)CC2)c1
ZINC001236851102,Cc1cccc(CN2CCC(n3c(=O)n(C)c4ccccc43)CC2)c1Cl
ZINC001237158263,Cc1c(CN2CCC(n3c(=O)[nH]c4ccccc43)CC2)ccc(F)c1F
ZINC001237191268,COc1cccc(CN2CCC(n3c(=O)[nH]c4ccccc43)CC2)c1Cl
ZINC001237318008,Cc1cc(F)cc(C)c1CN1CCC(n2c(=O)[nH]c3ccccc32)CC1
ZINC001237325894,CCc1cccc(C)c1CN1CCC(n2c(=O)n(C)c3ccccc32)CC1
ZINC001237460923,CC(C)c1cccc(CN2CCC(n3c(=O)n(C)c4ccccc43)CC2)c1
ZINC001237636805,CCOc1ccc(CN2CCC(n3c(=O)[nH]c4ccccc43)CC2)c(F)c1
ZINC001237738860,Cc1c(Cl)cccc1CN1CCC(n2c(=O)n(C)c3ccccc32)CC1
ZINC001237918404,CCOc1cc(F)cc(CN2CCC(n3c(=O)[nH]c4ccccc43)CC2)c1
ZINC001238069962,CCOc1cc(CN2CCC(n3c(=O)[nH]c4ccccc43)CC2)ccc1C
ZINC001238555585,Cc1ccc(Cl)c(CN2CCC(n3c(=O)n(C)c4ccccc43)CC2)c1
ZINC001238587672,COc1cc(C)cc(F)c1CN1CCC(n2c(=O)[nH]c3ccccc32)CC1
ZINC001238711460,CCOc1ccc(C)c(CN2CCC(n3c(=O)[nH]c4ccccc43)CC2)c1
ZINC001238758357,COc1cc(C)c(C)cc1CN1CCC(n2c(=O)[nH]c3ccccc32)CC1
ZINC001250094329,COc1cc(F)c(C)cc1CN1CCC(n2c(=O)[nH]c3ccccc32)CC1
ZINC001250168345,CCOc1cc(C)ccc1CN1CCC(n2c(=O)[nH]c3ccccc32)CC1
ZINC001250231926,COc1c(C)ccc(F)c1CN1CCC(n2c(=O)[nH]c3ccccc32)CC1
ZINC001290115889,CC(C(=O)N[C@H](CN1CCCC1)c1ccccc1)c1ccc(Cl)cc1
ZINC001290115890,CC(C(=O)N[C@H](CN1CCCC1)c1ccccc1)c1ccc(Cl)cc1
ZINC001295211641,COc1ccc([C@@H](CN2CCCC2)NC(=O)C(C)c2ccccc2C)cc1
ZINC001295211642,COc1ccc([C@@H](CN2CCCC2)NC(=O)C(C)c2ccccc2C)cc1
ZINC001308654824,CCOc1cccc(F)c1CN1CCC(n2c(=O)[nH]c3ccccc32)CC1
ZINC001318702258,CC(C(=O)N[C@H](CN1CCCC1)c1ccccc1)c1ccc(F)cc1F
ZINC001318702263,CC(C(=O)N[C@H](CN1CCCC1)c1ccccc1)c1ccc(F)cc1F
ZINC001435661180,C[C@]1(NC(=O)COc2cccc(C(F)(F)F)c2)CCCc2ccccc21
ZINC001435661183,C[C@@]1(NC(=O)COc2cccc(C(F)(F)F)c2)CCCc2ccccc21
ZINC001440540934,CCSc1ccc(CC(=O)N[C@H](CN2CCCC2)c2ccccc2)cc1
ZINC001458151864,CC(=O)c1ccc(C(F)(F)F)nc1NCC(C)(C)N1CCC[C@@H](C)C1
ZINC001458151869,CC(=O)c1ccc(C(F)(F)F)nc1NCC(C)(C)N1CCC[C@H](C)C1
ZINC001463643609,Cc1ccc(CC(=O)N[C@H](CN2CCCC2)c2ccccc2)c(Cl)c1
ZINC001520403342,C[C@]1(NC(=O)COc2ccccc2C(F)(F)F)CCCc2ccccc21
ZINC001520403343,C[C@@]1(NC(=O)COc2ccccc2C(F)(F)F)CCCc2ccccc21
ZINC001520403396,C[C@]1(NC(=O)COc2ccc(C(F)(F)F)cc2)CCCc2ccccc21
ZINC001520403397,C[C@@]1(NC(=O)COc2ccc(C(F)(F)F)cc2)CCCc2ccccc21
ZINC001520404573,C[C@]1(NC(=O)COc2ccc(Br)cc2)CCCc2ccccc21
ZINC001520404574,C[C@@]1(NC(=O)COc2ccc(Br)cc2)CCCc2ccccc21
ZINC001520409530,COc1ccc(OC(C)(C)C(=O)N[C@]2(C)CCCc3ccccc32)cc1
ZINC001520409531,COc1ccc(OC(C)(C)C(=O)N[C@@]2(C)CCCc3ccccc32)cc1
ZINC001526809345,C[C@]1(NC(=O)COc2ccccc2Br)CCCc2ccccc21
ZINC001526809347,C[C@@]1(NC(=O)COc2ccccc2Br)CCCc2ccccc21
ZINC001534725992,C[C@]1(NC(=O)COc2cccc(Br)c2)CCCc2ccccc21
ZINC001534725994,C[C@@]1(NC(=O)COc2cccc(Br)c2)CCCc2ccccc21
ZINC001534727582,CCCOc1ccc(OCC(=O)N[C@]2(C)CCCc3ccccc32)cc1
ZINC001534727583,CCCOc1ccc(OCC(=O)N[C@@]2(C)CCCc3ccccc32)cc1
ZINC001538718581,Cc1ccccc1C(F)(F)C(=O)N[C@H](CN1CCCC1)c1ccccc1
ZINC001538718960,CCSc1ccccc1CC(=O)N[C@H](CN1CCCC1)c1ccccc1
ZINC001540337816,Cc1ccc(CC(=O)N[C@H](CN2CCCC2)c2ccccc2)cc1Cl
ZINC001540338217,CC(C)Cc1ccc(CC(=O)N[C@H](CN2CCCC2)c2ccccc2)cc1
ZINC000013864325,Cc1ccc(CN2CCC(n3c(=O)[nH]c4ccccc43)CC2)c(Cl)c1
ZINC001624148644,CC(C)(C)c1ccc(CC(=O)N[C@H](CN2CCCC2)c2ccccc2)cc1
ZINC001624148937,Cc1cccc(CC(=O)N[C@H](CN2CCCC2)c2ccccc2)c1Cl
ZINC001628460623,Cc1ccc(C(F)(F)C(=O)N[C@H](CN2CCCC2)c2ccccc2)cc1
ZINC001639330889,CC(=O)c1ccc(C(F)(F)F)nc1N[C@H](C)CN1C[C@H](C)C[C@H](C)C1
ZINC001639330890,CC(=O)c1ccc(C(F)(F)F)nc1N[C@H](C)CN1C[C@H](C)C[C@@H](C)C1
ZINC001639330891,CC(=O)c1ccc(C(F)(F)F)nc1N[C@H](C)CN1C[C@@H](C)C[C@H](C)C1
ZINC001639330892,CC(=O)c1ccc(C(F)(F)F)nc1N[C@@H](C)CN1C[C@H](C)C[C@H](C)C1
ZINC001664103326,CCNc1ccccc1CN1CCC(n2c(=O)[nH]c3ccccc32)CC1
ZINC000084647287,C[C@H](c1c(F)cccc1F)N1CCC(n2c(=O)[nH]c3ccccc32)CC1
ZINC000711642323,NC1CCN(CCNc2cccc(S(N)(=O)=O)n2)CC1
ZINC001161867229,NC1CCN(CCNc2ncccc2S(N)(=O)=O)CC1
ZINC001161872820,NC1CCN(CCNc2cc(S(N)(=O)=O)ccn2)CC1
ZINC000060466156,C[C@@H](c1ccc(F)c(Cl)c1)N1CCC(n2c(=O)[nH]c3ccccc32)CC1
ZINC000470719508,O=c1[nH]c2ccccc2n1C1CCN(Cc2cccc(C(F)F)c2)CC1
ZINC000497590475,C[C@H](c1cccc(Cl)c1)N1CCC(n2c(=O)[nH]c3ccccc32)CC1
ZINC000497590626,C[C@H](c1ccc(F)c(Cl)c1)N1CCC(n2c(=O)[nH]c3ccccc32)CC1
ZINC000606431196,CC[C@@H](c1ccc(F)cc1)N1CCC(n2c(=O)[nH]c3ccccc32)CC1
ZINC000606431197,CC[C@H](c1ccc(F)cc1)N1CCC(n2c(=O)[nH]c3ccccc32)CC1
ZINC000606431207,CC[C@@H](c1ccc(F)cc1F)N1CCC(n2c(=O)[nH]c3ccccc32)CC1
ZINC000606431208,CC[C@H](c1ccc(F)cc1F)N1CCC(n2c(=O)[nH]c3ccccc32)CC1
ZINC000678930028,COc1ccc2[nH]cc(CCNC3CCC(c4ccc(O)cc4)CC3)c2c1
ZINC001127406762,Cc1cc(OCC(=O)N[C@@]2(C)CCCc3ccccc32)cc(C)c1Cl
ZINC001127406764,Cc1cc(OCC(=O)N[C@]2(C)CCCc3ccccc32)cc(C)c1Cl
ZINC001127407795,Cc1cc(Cl)ccc1OC(C)C(=O)N[C@@]1(C)CCCc2ccccc21
ZINC001127407796,Cc1cc(Cl)ccc1OC(C)C(=O)N[C@]1(C)CCCc2ccccc21
ZINC001127407797,Cc1cc(Cl)ccc1OC(C)C(=O)N[C@@]1(C)CCCc2ccccc21
ZINC001127407798,Cc1cc(Cl)ccc1OC(C)C(=O)N[C@]1(C)CCCc2ccccc21
ZINC001127489570,CC(Oc1ccc(F)cc1Cl)C(=O)N[C@@]1(C)CCCc2ccccc21
ZINC001127489571,CC(Oc1ccc(F)cc1Cl)C(=O)N[C@]1(C)CCCc2ccccc21
ZINC001127489572,CC(Oc1ccc(F)cc1Cl)C(=O)N[C@@]1(C)CCCc2ccccc21
ZINC001127489573,CC(Oc1ccc(F)cc1Cl)C(=O)N[C@]1(C)CCCc2ccccc21
ZINC001127490063,C[C@]1(NC(=O)COc2cc(Cl)ccc2Cl)CCCc2ccccc21
ZINC001127490064,C[C@@]1(NC(=O)COc2cc(Cl)ccc2Cl)CCCc2ccccc21
ZINC001127492015,Cc1cc(OC(C)C(=O)N[C@@]2(C)CCCc3ccccc32)ccc1Cl
ZINC001127492017,Cc1cc(OC(C)C(=O)N[C@]2(C)CCCc3ccccc32)ccc1Cl
ZINC001127492180,Cc1cc(OC(C)C(=O)N[C@@]2(C)CCCc3ccccc32)ccc1Cl
ZINC001127492182,Cc1cc(OC(C)C(=O)N[C@]2(C)CCCc3ccccc32)ccc1Cl
ZINC001138721049,Cc1cccc(Cl)c1CN1CCC(n2c(=O)[nH]c3ccccc32)CC1
ZINC001139797008,O=c1[nH]c2ccccc2n1C1CCN(Cc2ccccc2C(F)F)CC1
ZINC001141230987,Cc1cc(Cl)ccc1CN1CCC(n2c(=O)[nH]c3ccccc32)CC1
ZINC001141233875,Cc1cc(CN2CCC(n3c(=O)[nH]c4ccccc43)CC2)ccc1Cl
ZINC001184830792,CC1CCN([C@@H](CNc2ncc(C(F)(F)F)cc2Cl)C(C)C)CC1
ZINC001184830793,CC1CCN([C@H](CNc2ncc(C(F)(F)F)cc2Cl)C(C)C)CC1
ZINC001205123536,Cc1cc(Cl)cc(CN2CCC(n3c(=O)[nH]c4ccccc43)CC2)c1
ZINC001231420672,Cc1ccc(CN2CCC(n3c(=O)[nH]c4ccccc43)CC2)cc1Cl
ZINC001233248199,Cc1ccc(Cl)cc1CN1CCC(n2c(=O)[nH]c3ccccc32)CC1
ZINC001236857157,Cc1cccc(CN2CCC(n3c(=O)[nH]c4ccccc43)CC2)c1Cl
ZINC001237737399,Cc1c(Cl)cccc1CN1CCC(n2c(=O)[nH]c3ccccc32)CC1
ZINC001238565226,Cc1ccc(Cl)c(CN2CCC(n3c(=O)[nH]c4ccccc43)CC2)c1
ZINC001238676147,CSc1cc(C)cc(CN2CCC(n3c(=O)[nH]c4ccccc43)CC2)c1
ZINC001249438219,CCSc1ccccc1CN1CCC(n2c(=O)[nH]c3ccccc32)CC1
ZINC001435657539,CSc1ccc(OC(C)C(=O)N[C@@]2(C)CCCc3ccccc32)cc1
ZINC001435657542,CSc1ccc(OC(C)C(=O)N[C@]2(C)CCCc3ccccc32)cc1
ZINC001435657544,CSc1ccc(OC(C)C(=O)N[C@@]2(C)CCCc3ccccc32)cc1
ZINC001435657546,CSc1ccc(OC(C)C(=O)N[C@]2(C)CCCc3ccccc32)cc1
ZINC001458248977,Cc1cc(OCC(=O)N[C@]2(C)CCCc3ccccc32)ccc1C(C)C
ZINC001458248979,Cc1cc(OCC(=O)N[C@@]2(C)CCCc3ccccc32)ccc1C(C)C
ZINC001462030455,CCSc1cccc(CN2CCC(n3c(=O)[nH]c4ccccc43)CC2)c1
ZINC001519901472,Cc1ccc(C(C)C)c(OCC(=O)N[C@]2(C)CCCc3ccccc32)c1
ZINC001519901473,Cc1ccc(C(C)C)c(OCC(=O)N[C@@]2(C)CCCc3ccccc32)c1
ZINC001520402682,CCc1cc(OCC(=O)N[C@@]2(C)CCCc3ccccc32)ccc1Cl
ZINC001520402683,CCc1cc(OCC(=O)N[C@]2(C)CCCc3ccccc32)ccc1Cl
ZINC001520402695,CCC(Oc1ccccc1Cl)C(=O)N[C@]1(C)CCCc2ccccc21
ZINC001520402696,CCC(Oc1ccccc1Cl)C(=O)N[C@@]1(C)CCCc2ccccc21
ZINC001520402697,CCC(Oc1ccccc1Cl)C(=O)N[C@@]1(C)CCCc2ccccc21
ZINC001520402698,CCC(Oc1ccccc1Cl)C(=O)N[C@]1(C)CCCc2ccccc21
ZINC001520403977,C[C@]1(NC(=O)COc2c(Cl)cccc2Cl)CCCc2ccccc21
ZINC001520403979,C[C@@]1(NC(=O)COc2c(Cl)cccc2Cl)CCCc2ccccc21
ZINC001526802052,CC[C@H](C)c1ccccc1OCC(=O)N[C@]1(C)CCCc2ccccc21
ZINC001526802053,CC[C@@H](C)c1ccccc1OCC(=O)N[C@@]1(C)CCCc2ccccc21
ZINC001526802054,CC[C@H](C)c1ccccc1OCC(=O)N[C@@]1(C)CCCc2ccccc21
ZINC001526802055,CC[C@@H](C)c1ccccc1OCC(=O)N[C@]1(C)CCCc2ccccc21
ZINC001526810460,C[C@]1(NC(=O)COc2ccc(Cl)c(Cl)c2)CCCc2ccccc21
ZINC001526810461,C[C@@]1(NC(=O)COc2ccc(Cl)c(Cl)c2)CCCc2ccccc21
ZINC001526810467,CC(C)(C)c1ccccc1OCC(=O)N[C@]1(C)CCCc2ccccc21
ZINC001526810468,CC(C)(C)c1ccccc1OCC(=O)N[C@@]1(C)CCCc2ccccc21
ZINC001534737264,CC(Oc1cccc(C(C)C)c1)C(=O)N[C@]1(C)CCCc2ccccc21
ZINC001534737265,CC(Oc1cccc(C(C)C)c1)C(=O)N[C@@]1(C)CCCc2ccccc21
ZINC001534737266,CC(Oc1cccc(C(C)C)c1)C(=O)N[C@@]1(C)CCCc2ccccc21
ZINC001534737267,CC(Oc1cccc(C(C)C)c1)C(=O)N[C@]1(C)CCCc2ccccc21
ZINC001536655408,Cc1ccc(Cl)c(OC(C)C(=O)N[C@@]2(C)CCCc3ccccc32)c1
ZINC001536655409,Cc1ccc(Cl)c(OC(C)C(=O)N[C@]2(C)CCCc3ccccc32)c1
ZINC001536655410,Cc1ccc(Cl)c(OC(C)C(=O)N[C@@]2(C)CCCc3ccccc32)c1
ZINC001536655411,Cc1ccc(Cl)c(OC(C)C(=O)N[C@]2(C)CCCc3ccccc32)c1
ZINC001538711578,CCCCc1ccc(CC(=O)N[C@H](CN2CCCC2)c2ccccc2)cc1
ZINC001560722631,Cc1cc(Cl)cc(C)c1CN1CCC(n2c(=O)[nH]c3ccccc32)CC1
ZINC001560722912,CCc1cccc(Cl)c1CN1CCC(n2c(=O)[nH]c3ccccc32)CC1
ZINC001583360369,C[C@]1(NC(=O)COc2cc(Cl)cc(Cl)c2)CCCc2ccccc21
ZINC001583360370,C[C@@]1(NC(=O)COc2cc(Cl)cc(Cl)c2)CCCc2ccccc21
ZINC001583361875,C[C@]1(NC(=O)COc2ccc(Cl)cc2Cl)CCCc2ccccc21
ZINC001583361876,C[C@@]1(NC(=O)COc2ccc(Cl)cc2Cl)CCCc2ccccc21
ZINC001652266285,Cn1cc(CCNC2CCC(c3ccc(O)cc3)CC2)c2ccc(F)cc21
ZINC000290623090,C[C@@H]1C[C@H](C)CN(C[C@@H](C)Nc2nccc(C(N)=O)c2[N+](=O)[O-])C1
ZINC000290623092,C[C@@H]1C[C@@H](C)CN(C[C@@H](C)Nc2nccc(C(N)=O)c2[N+](=O)[O-])C1
ZINC000290623094,C[C@@H]1C[C@H](C)CN(C[C@H](C)Nc2nccc(C(N)=O)c2[N+](=O)[O-])C1
ZINC000290623095,C[C@@H]1C[C@@H](C)CN(C[C@H](C)Nc2nccc(C(N)=O)c2[N+](=O)[O-])C1
ZINC000291217682,CCCN(CCN1CCCCC1)c1nccc(C(N)=O)c1[N+](=O)[O-]
ZINC000295866973,CCOC(=O)c1ccnc(NCCN2CCC(O)CC2)c1[N+](=O)[O-]
ZINC000295904749,O=[N+]([O-])c1cc(Br)cnc1NCCN1CCC(O)CC1
ZINC000296092954,O=[N+]([O-])c1cnc(NCCN2CCC(O)CC2)c(Br)c1
ZINC000413318523,O=[N+]([O-])c1cnc(NCCN2CCC(O)CC2)c(C(F)(F)F)c1
ZINC000563204500,CN(C)C1CCN(CCNc2ncc(C(=O)O)cc2[N+](=O)[O-])CC1
ZINC000566012811,Cc1cc(C(=O)O)c([N+](=O)[O-])c(NCCN2CCCC(C)(C)C2)n1
ZINC000568782544,CC(C)Oc1nc(N[C@@H](CO)CN2CCCCC2)ccc1[N+](=O)[O-]
ZINC000568782545,CC(C)Oc1nc(N[C@H](CO)CN2CCCCC2)ccc1[N+](=O)[O-]
ZINC000569488358,CN(C)C1CCN(CCNc2nc(C(=O)O)ccc2[N+](=O)[O-])CC1
ZINC000574159172,Cc1cc(C(=O)O)c([N+](=O)[O-])c(NC[C@@H](C)N2CCC[C@H](C)C2)n1
ZINC000574159174,Cc1cc(C(=O)O)c([N+](=O)[O-])c(NC[C@H](C)N2CCC[C@H](C)C2)n1
ZINC000574159175,Cc1cc(C(=O)O)c([N+](=O)[O-])c(NC[C@H](C)N2CCC[C@@H](C)C2)n1
ZINC000574159176,Cc1cc(C(=O)O)c([N+](=O)[O-])c(NC[C@@H](C)N2CCC[C@@H](C)C2)n1
ZINC000587993754,COC(=O)c1ccc([N+](=O)[O-])c(NCCN2CCC(OC)CC2)n1
ZINC000594557838,COC1CCN(CCNc2ccc([N+](=O)[O-])c(OC(C)C)n2)CC1
ZINC000598603839,COC(=O)c1ccnc(NCCN2CCC(OC)CC2)c1[N+](=O)[O-]
ZINC000616374633,COC(=O)c1cnc(NCCN2CCC(OC)CC2)c([N+](=O)[O-])c1
ZINC000721846536,NC1CCN(CCNc2ncc([N+](=O)[O-])cc2Br)CC1
ZINC001160748481,COC(=O)c1cc([N+](=O)[O-])cnc1NCCN1CCC(F)(F)CC1
ZINC001160749087,COC(=O)c1cnc(NCCN2CCC(F)(F)CC2)c([N+](=O)[O-])c1
ZINC001160749490,COC(=O)c1ccnc(NCCN2CCC(F)(F)CC2)c1[N+](=O)[O-]
ZINC001160753350,COC(=O)c1ccc([N+](=O)[O-])c(NCCN2CCC(F)(F)CC2)n1
ZINC001161871169,CN(C)/C=C/c1cc(NCCN2CCC(N)CC2)ncc1[N+](=O)[O-]
ZINC001161871202,CCOC(=O)c1cc([N+](=O)[O-])cnc1NCCN1CCC(N)CC1
ZINC001161873065,CCOC(=O)c1ccnc(NCCN2CCC(N)CC2)c1[N+](=O)[O-]
ZINC001326371603,CN(C)C1CCN(CCNc2nccc(C(=O)O)c2[N+](=O)[O-])CC1
ZINC001610437943,Cc1cc(C(=O)O)c([N+](=O)[O-])c(N[C@@H](CO)CN2CCCCC2)n1
ZINC001610437946,Cc1cc(C(=O)O)c([N+](=O)[O-])c(N[C@H](CO)CN2CCCCC2)n1
ZINC000077928744,CCOC(=O)c1ccnc(NCCN2CCC(C)CC2)c1[N+](=O)[O-]
ZINC000077928873,CCOC(=O)c1ccnc(NCCN2CCC[C@H](C)C2)c1[N+](=O)[O-]
ZINC000077928874,CCOC(=O)c1ccnc(NCCN2CCC[C@@H](C)C2)c1[N+](=O)[O-]
ZINC000133350349,CCOC(=O)c1ccnc(N[C@@H](C)CN2CCCCC2)c1[N+](=O)[O-]
ZINC000133350551,CCOC(=O)c1ccnc(N[C@H](C)CN2CCCCC2)c1[N+](=O)[O-]
ZINC000153901748,CN(C)C1CCN(CCNc2ncc(Cl)cc2[N+](=O)[O-])CC1
ZINC000189298006,CC[C@@H]1CCCCN1CCNc1ncc(C(=O)OC)cc1[N+](=O)[O-]
ZINC000189298028,CC[C@H]1CCCCN1CCNc1ncc(C(=O)OC)cc1[N+](=O)[O-]
ZINC000267193670,CN(C)C1CCN(CCNc2ncc([N+](=O)[O-])cc2Cl)CC1
ZINC000285974105,COC(=O)c1ccc([N+](=O)[O-])c(N[C@@H](C)CN2CCC[C@@H](C)C2)n1
ZINC000285974107,COC(=O)c1ccc([N+](=O)[O-])c(N[C@H](C)CN2CCC[C@H](C)C2)n1
ZINC000285974111,COC(=O)c1ccc([N+](=O)[O-])c(N[C@@H](C)CN2CCC[C@H](C)C2)n1
ZINC000285974114,COC(=O)c1ccc([N+](=O)[O-])c(N[C@H](C)CN2CCC[C@@H](C)C2)n1
ZINC000286053369,COC(=O)c1ccc([N+](=O)[O-])c(NC[C@H](C)N2CCC[C@@H](C)C2)n1
ZINC000286053374,COC(=O)c1ccc([N+](=O)[O-])c(NC[C@@H](C)N2CCC[C@H](C)C2)n1
ZINC000286053379,COC(=O)c1ccc([N+](=O)[O-])c(NC[C@H](C)N2CCC[C@H](C)C2)n1
ZINC000286053383,COC(=O)c1ccc([N+](=O)[O-])c(NC[C@@H](C)N2CCC[C@@H](C)C2)n1
ZINC000290487513,CC1CCN([C@@H](CNc2nccc(C(N)=O)c2[N+](=O)[O-])C(C)C)CC1
ZINC000290487517,CC1CCN([C@H](CNc2nccc(C(N)=O)c2[N+](=O)[O-])C(C)C)CC1
ZINC000290532909,C[C@@H]1CCCN(C(C)(C)CNc2nccc(C(N)=O)c2[N+](=O)[O-])C1
ZINC000290532912,C[C@H]1CCCN(C(C)(C)CNc2nccc(C(N)=O)c2[N+](=O)[O-])C1
ZINC000302659472,COC(=O)c1cnc(NC[C@H](C)N2CCC[C@@H](C)C2)c([N+](=O)[O-])c1
ZINC000302660403,COC(=O)c1cnc(NC[C@@H](C)N2CCC[C@H](C)C2)c([N+](=O)[O-])c1
ZINC000302660404,COC(=O)c1cnc(NC[C@H](C)N2CCC[C@H](C)C2)c([N+](=O)[O-])c1
ZINC000302660406,COC(=O)c1cnc(NC[C@@H](C)N2CCC[C@@H](C)C2)c([N+](=O)[O-])c1
ZINC000302761146,COC(=O)c1cnc(N[C@@H](C)CN2CCC[C@@H](C)C2)c([N+](=O)[O-])c1
ZINC000302761149,COC(=O)c1cnc(N[C@H](C)CN2CCC[C@H](C)C2)c([N+](=O)[O-])c1
ZINC000302761151,COC(=O)c1cnc(N[C@@H](C)CN2CCC[C@H](C)C2)c([N+](=O)[O-])c1
ZINC000302761153,COC(=O)c1cnc(N[C@H](C)CN2CCC[C@@H](C)C2)c([N+](=O)[O-])c1
ZINC000341528877,COC(=O)c1ccc([N+](=O)[O-])c(NC[C@H](C)N2CCCC[C@H]2C)n1
ZINC000341528878,COC(=O)c1ccc([N+](=O)[O-])c(NC[C@@H](C)N2CCCC[C@@H]2C)n1
ZINC000341528880,COC(=O)c1ccc([N+](=O)[O-])c(NC[C@H](C)N2CCCC[C@@H]2C)n1
ZINC000341528882,COC(=O)c1ccc([N+](=O)[O-])c(NC[C@@H](C)N2CCCC[C@H]2C)n1
ZINC000342134886,CC[C@@H]1CCCCN1CCNc1nc(C(=O)OC)ccc1[N+](=O)[O-]
ZINC000342134914,CC[C@H]1CCCCN1CCNc1nc(C(=O)OC)ccc1[N+](=O)[O-]
ZINC000343113806,COC(=O)c1ccc([N+](=O)[O-])c(NCCN2CCCC(C)(C)C2)n1
ZINC000358150396,COC(=O)c1cnc(NC[C@H](C)N2CCCC[C@H]2C)c([N+](=O)[O-])c1
ZINC000358150397,COC(=O)c1cnc(NC[C@@H](C)N2CCCC[C@@H]2C)c([N+](=O)[O-])c1
ZINC000358150398,COC(=O)c1cnc(NC[C@H](C)N2CCCC[C@@H]2C)c([N+](=O)[O-])c1
ZINC000358150400,COC(=O)c1cnc(NC[C@@H](C)N2CCCC[C@H]2C)c([N+](=O)[O-])c1
ZINC000443948206,COC(=O)c1cnc(NCCN2CCCC(C)(C)C2)c([N+](=O)[O-])c1
ZINC000567978019,Cc1cc(C(=O)O)c([N+](=O)[O-])c(NCCN2[C@@H](C)CCC[C@@H]2C)n1
ZINC000567978020,Cc1cc(C(=O)O)c([N+](=O)[O-])c(NCCN2[C@H](C)CCC[C@@H]2C)n1
ZINC000567978021,Cc1cc(C(=O)O)c([N+](=O)[O-])c(NCCN2[C@H](C)CCC[C@H]2C)n1
ZINC000576043632,C[C@@H]1C[C@H](C)CN(C[C@@H](C)Nc2nccc(C(=O)O)c2[N+](=O)[O-])C1
ZINC000576043633,C[C@@H]1C[C@@H](C)CN(C[C@@H](C)Nc2nccc(C(=O)O)c2[N+](=O)[O-])C1
ZINC000576043634,C[C@@H]1C[C@H](C)CN(C[C@H](C)Nc2nccc(C(=O)O)c2[N+](=O)[O-])C1
ZINC000576043635,C[C@@H]1C[C@@H](C)CN(C[C@H](C)Nc2nccc(C(=O)O)c2[N+](=O)[O-])C1
ZINC000577614492,CC[C@@H]1CCCCN1CCNc1nc(C)cc(C(=O)O)c1[N+](=O)[O-]
ZINC000577614493,CC[C@H]1CCCCN1CCNc1nc(C)cc(C(=O)O)c1[N+](=O)[O-]
ZINC000578872525,C[C@@H]1C[C@H](C)CN(C[C@@H](C)Nc2ncc(C(=O)O)cc2[N+](=O)[O-])C1
ZINC000578872526,C[C@@H]1C[C@@H](C)CN(C[C@@H](C)Nc2ncc(C(=O)O)cc2[N+](=O)[O-])C1
ZINC000578872527,C[C@@H]1C[C@H](C)CN(C[C@H](C)Nc2ncc(C(=O)O)cc2[N+](=O)[O-])C1
ZINC000578872528,C[C@@H]1C[C@@H](C)CN(C[C@H](C)Nc2ncc(C(=O)O)cc2[N+](=O)[O-])C1
ZINC000581074670,C[C@@H]1C[C@H](C)CN(C[C@@H](C)Nc2nc(C(=O)O)ccc2[N+](=O)[O-])C1
ZINC000581074673,C[C@@H]1C[C@@H](C)CN(C[C@@H](C)Nc2nc(C(=O)O)ccc2[N+](=O)[O-])C1
ZINC000581074675,C[C@@H]1C[C@H](C)CN(C[C@H](C)Nc2nc(C(=O)O)ccc2[N+](=O)[O-])C1
ZINC000581074677,C[C@@H]1C[C@@H](C)CN(C[C@H](C)Nc2nc(C(=O)O)ccc2[N+](=O)[O-])C1
ZINC000593514854,CCOC(=O)c1ccnc(N(C)CCN2CCCCC2)c1[N+](=O)[O-]
ZINC000593517229,COC(=O)c1cc(C)nc(N(C)CCN2CCCCC2)c1[N+](=O)[O-]
ZINC000596487956,COC(=O)c1ccc([N+](=O)[O-])c(N[C@H](C)CN2CCC(C)CC2)n1
ZINC000596487957,COC(=O)c1ccc([N+](=O)[O-])c(N[C@@H](C)CN2CCC(C)CC2)n1
ZINC000596488481,COC(=O)c1cnc(N[C@H](C)CN2CCC(C)CC2)c([N+](=O)[O-])c1
ZINC000596488482,COC(=O)c1cnc(N[C@@H](C)CN2CCC(C)CC2)c([N+](=O)[O-])c1
ZINC000598587834,COC(=O)c1ccnc(N[C@@H](C)CN2CCC[C@@H](C)C2)c1[N+](=O)[O-]
ZINC000598587835,COC(=O)c1ccnc(N[C@H](C)CN2CCC[C@H](C)C2)c1[N+](=O)[O-]
ZINC000598587836,COC(=O)c1ccnc(N[C@@H](C)CN2CCC[C@H](C)C2)c1[N+](=O)[O-]
ZINC000598587837,COC(=O)c1ccnc(N[C@H](C)CN2CCC[C@@H](C)C2)c1[N+](=O)[O-]
ZINC000598589786,COC(=O)c1ccnc(NC[C@H](C)N2CCCC[C@H]2C)c1[N+](=O)[O-]
ZINC000598589787,COC(=O)c1ccnc(NC[C@@H](C)N2CCCC[C@@H]2C)c1[N+](=O)[O-]
ZINC000598589788,COC(=O)c1ccnc(NC[C@H](C)N2CCCC[C@@H]2C)c1[N+](=O)[O-]
ZINC000598589789,COC(=O)c1ccnc(NC[C@@H](C)N2CCCC[C@H]2C)c1[N+](=O)[O-]
ZINC000598590863,COC(=O)c1ccnc(NC[C@H](C)N2CCC[C@@H](C)C2)c1[N+](=O)[O-]
ZINC000598590864,COC(=O)c1ccnc(NC[C@@H](C)N2CCC[C@H](C)C2)c1[N+](=O)[O-]
ZINC000598590866,COC(=O)c1ccnc(NC[C@H](C)N2CCC[C@H](C)C2)c1[N+](=O)[O-]
ZINC000598590868,COC(=O)c1ccnc(NC[C@@H](C)N2CCC[C@@H](C)C2)c1[N+](=O)[O-]
ZINC000598596650,CC[C@@H]1CCCCN1CCNc1nccc(C(=O)OC)c1[N+](=O)[O-]
ZINC000598596651,CC[C@H]1CCCCN1CCNc1nccc(C(=O)OC)c1[N+](=O)[O-]
ZINC000910364258,CCCN(CCN1CCCCC1)c1nccc(C(=O)O)c1[N+](=O)[O-]
ZINC001160749058,COc1cc(C)nc(NCCN2CCC(F)(F)CC2)c1[N+](=O)[O-]
ZINC001160749399,O=[N+]([O-])c1cnc(NCCN2CCC(F)(F)CC2)c([N+](=O)[O-])c1
ZINC001161867325,NC1CCN(CCNc2nc(Cl)c(Cl)cc2[N+](=O)[O-])CC1
ZINC001161867943,NC1CCN(CCNc2nc(Cl)cc(Cl)c2[N+](=O)[O-])CC1
ZINC000029177511,O=C(Cc1ccccc1[N+](=O)[O-])N[C@H](CN1CCCC1)c1ccccc1
ZINC000029177547,O=C(Cc1ccc([N+](=O)[O-])cc1)N[C@H](CN1CCCC1)c1ccccc1
ZINC000047540860,O=c1[nH]c2ccccc2n1C1CCN(Cc2cc(F)ccc2[N+](=O)[O-])CC1
ZINC000051286112,Cc1c(CN2CCC(n3c(=O)[nH]c4ccccc43)CC2)cccc1[N+](=O)[O-]
ZINC000052723714,O=c1[nH]c2ccccc2n1C1CCN(Cc2cccc([N+](=O)[O-])c2)CC1
ZINC000070794239,O=c1[nH]c2ccccc2n1C1CCN(Cc2ccc([N+](=O)[O-])cc2)CC1
ZINC000070794258,O=c1[nH]c2ccccc2n1C1CCN(Cc2ccccc2[N+](=O)[O-])CC1
ZINC000103465527,O=c1[nH]c2ccccc2n1C1CCN(Cc2c(F)cccc2[N+](=O)[O-])CC1
ZINC000160832225,Cc1c(CC(=O)N[C@H](CN2CCCC2)c2ccccc2)cccc1[N+](=O)[O-]
ZINC000165735323,Cc1c([N+](=O)[O-])cnc(NCCN2CCC(C)CC2)c1Br
ZINC000165743084,Cc1c([N+](=O)[O-])cnc(N[C@@H](C)CN2CCCCC2)c1Br
ZINC000165743202,Cc1c([N+](=O)[O-])cnc(N[C@H](C)CN2CCCCC2)c1Br
ZINC000172741692,O=C(Cc1cccc([N+](=O)[O-])c1)N[C@H](CN1CCCC1)c1ccccc1
ZINC000179782591,Cc1ccc(CN2CCC(n3c(=O)[nH]c4ccccc43)CC2)cc1[N+](=O)[O-]
ZINC000301526131,C[C@@H]1CCCN(C[C@@H](C)Nc2ncc([N+](=O)[O-])cc2Br)C1
ZINC000301526133,C[C@@H]1CCCN(C[C@H](C)Nc2ncc([N+](=O)[O-])cc2Br)C1
ZINC000301526134,C[C@H]1CCCN(C[C@H](C)Nc2ncc([N+](=O)[O-])cc2Br)C1
ZINC000301526137,C[C@H]1CCCN(C[C@@H](C)Nc2ncc([N+](=O)[O-])cc2Br)C1
ZINC000301563851,CC[C@@H]1CCCCN1CCNc1ncc([N+](=O)[O-])cc1Br
ZINC000301563852,CC[C@H]1CCCCN1CCNc1ncc([N+](=O)[O-])cc1Br
ZINC000301577612,C[C@@H]1CCCN([C@H](C)CNc2ncc([N+](=O)[O-])cc2Br)C1
ZINC000301577614,C[C@@H]1CCCN([C@@H](C)CNc2ncc([N+](=O)[O-])cc2Br)C1
ZINC000301577616,C[C@H]1CCCN([C@@H](C)CNc2ncc([N+](=O)[O-])cc2Br)C1
ZINC000301577618,C[C@H]1CCCN([C@H](C)CNc2ncc([N+](=O)[O-])cc2Br)C1
ZINC000301682809,C[C@@H]1CCCN(C[C@@H](C)Nc2ncc(Br)cc2[N+](=O)[O-])C1
ZINC000301682810,C[C@@H]1CCCN(C[C@H](C)Nc2ncc(Br)cc2[N+](=O)[O-])C1
ZINC000301682811,C[C@H]1CCCN(C[C@H](C)Nc2ncc(Br)cc2[N+](=O)[O-])C1
ZINC000301682812,C[C@H]1CCCN(C[C@@H](C)Nc2ncc(Br)cc2[N+](=O)[O-])C1
ZINC000301703331,C[C@@H]1CCCN([C@H](C)CNc2ncc(Br)cc2[N+](=O)[O-])C1
ZINC000301703332,C[C@@H]1CCCN([C@@H](C)CNc2ncc(Br)cc2[N+](=O)[O-])C1
ZINC000301703333,C[C@H]1CCCN([C@@H](C)CNc2ncc(Br)cc2[N+](=O)[O-])C1
ZINC000301703334,C[C@H]1CCCN([C@H](C)CNc2ncc(Br)cc2[N+](=O)[O-])C1
ZINC000443954719,CC1(C)CCCN(CCNc2ncc([N+](=O)[O-])cc2Br)C1
ZINC000474785277,C[C@@H]1CCCCN1[C@H](C)CNc1ncc(Br)cc1[N+](=O)[O-]
ZINC000474785278,C[C@@H]1CCCCN1[C@@H](C)CNc1ncc(Br)cc1[N+](=O)[O-]
ZINC000474785279,C[C@H]1CCCCN1[C@@H](C)CNc1ncc(Br)cc1[N+](=O)[O-]
ZINC000474785280,C[C@H](CNc1ncc(Br)cc1[N+](=O)[O-])N1CCCC[C@@H]1C
ZINC000485178151,C[C@@H]1CCCCN1[C@H](C)CNc1ncc([N+](=O)[O-])cc1Br
ZINC000485178152,C[C@@H]1CCCCN1[C@@H](C)CNc1ncc([N+](=O)[O-])cc1Br
ZINC000485178153,C[C@H]1CCCCN1[C@@H](C)CNc1ncc([N+](=O)[O-])cc1Br
ZINC000485178154,C[C@H](CNc1ncc([N+](=O)[O-])cc1Br)N1CCCC[C@@H]1C
ZINC000506127730,COc1cc(OCC(=O)N[C@@]2(C)CCCc3ccccc32)ccc1[N+](=O)[O-]
ZINC000506127731,COc1cc(OCC(=O)N[C@]2(C)CCCc3ccccc32)ccc1[N+](=O)[O-]
ZINC000549343688,O=c1[nH]c2ccccc2n1C1CCN(Cc2cc(O)ccc2[N+](=O)[O-])CC1
ZINC000593021386,O=C(Cc1ccc(F)cc1[N+](=O)[O-])N[C@H](CN1CCCC1)c1ccccc1
ZINC000609963060,CCOC(=O)c1ccnc(NCC(C)(C)N2CCC[C@@H](C)C2)c1[N+](=O)[O-]
ZINC000609963061,CCOC(=O)c1ccnc(NCC(C)(C)N2CCC[C@H](C)C2)c1[N+](=O)[O-]
ZINC000731624965,C[C@]1(NC(=O)COc2ccc(C=O)cc2[N+](=O)[O-])CCCc2ccccc21
ZINC000731624966,C[C@@]1(NC(=O)COc2ccc(C=O)cc2[N+](=O)[O-])CCCc2ccccc21
ZINC000751238219,C[C@]1(NC(=O)COc2ccc([N+](=O)[O-])c(F)c2)CCCc2ccccc21
ZINC000751238222,C[C@@]1(NC(=O)COc2ccc([N+](=O)[O-])c(F)c2)CCCc2ccccc21
ZINC001160748768,O=[N+]([O-])c1cc(Cl)c(Cl)nc1NCCN1CCC(F)(F)CC1
ZINC001160749343,O=[N+]([O-])c1c(Cl)cc(Cl)nc1NCCN1CCC(F)(F)CC1
ZINC000091458762,COCCNC(=O)c1ccc(N[C@H](C)CN2C[C@H](C)C[C@H](C)C2)nc1
ZINC000091458763,COCCNC(=O)c1ccc(N[C@H](C)CN2C[C@@H](C)C[C@H](C)C2)nc1
ZINC000091458765,COCCNC(=O)c1ccc(N[C@H](C)CN2C[C@H](C)C[C@@H](C)C2)nc1
ZINC000113247776,CC[C@@H]1CCCCN1CCNc1ccc(C(=O)NCCOC)cn1
ZINC000113247777,CC[C@H]1CCCCN1CCNc1ccc(C(=O)NCCOC)cn1
ZINC000184131264,CC(C)OC(=O)c1cccnc1NCCN1CCC(N(C)C)CC1
ZINC000267148952,CN(C)C1CCN(CCNc2ccc(Br)cn2)CC1
ZINC000274869179,CN(C)C1CCN(CCNc2cc(Br)ccn2)CC1
ZINC000288201019,CN(C)C1CCN(CCNc2ncccc2Br)CC1
ZINC000292954596,CN(C)C1CCN(CCNc2cccc(C(=O)OC(C)(C)C)n2)CC1
ZINC000302547006,CN(C)C1CCN(CCNc2ccc(OC(F)(F)F)cn2)CC1
ZINC000302729574,C[C@@H]1C[C@H](C)CN(C[C@@H](C)Nc2ncccc2S(C)(=O)=O)C1
ZINC000302729575,C[C@@H]1C[C@@H](C)CN(C[C@H](C)Nc2ncccc2S(C)(=O)=O)C1
ZINC000302729576,C[C@@H]1C[C@@H](C)CN(C[C@@H](C)Nc2ncccc2S(C)(=O)=O)C1
ZINC000302729577,C[C@@H]1C[C@H](C)CN(C[C@H](C)Nc2ncccc2S(C)(=O)=O)C1
ZINC000342104140,C[C@@H]1CCCN(C(C)(C)CNc2ccc(S(C)(=O)=O)cn2)C1
ZINC000342104142,C[C@H]1CCCN(C(C)(C)CNc2ccc(S(C)(=O)=O)cn2)C1
ZINC000343355326,CCCN(CCN1CCCCC1)c1ccc(S(C)(=O)=O)cn1
ZINC000354244422,CC1CCN(CCNc2ccc(I)cn2)CC1
ZINC000354280824,C[C@@H]1CCCN(CCNc2ccc(I)cn2)C1
ZINC000354280826,C[C@H]1CCCN(CCNc2ccc(I)cn2)C1
ZINC000359485852,COCCNC(=O)c1ccc(N[C@@H](C)CN2C[C@H](C)C[C@H](C)C2)nc1
ZINC000430489259,CCOC(=O)c1cc(NCCN2CCC[C@@H](C)C2)ncc1Cl
ZINC000430489261,CCOC(=O)c1cc(NCCN2CCC[C@H](C)C2)ncc1Cl
ZINC000430519504,CCOC(=O)c1cc(NCCN2CCC(C)CC2)ncc1Cl
ZINC000432878870,CC(C)NS(=O)(=O)c1cccnc1N[C@@H](C)CN1CCCCC1
ZINC000432878871,CC(C)NS(=O)(=O)c1cccnc1N[C@H](C)CN1CCCCC1
ZINC000581841472,C[C@@H]1C[C@H](C)CN(C[C@@H](C)Nc2ccc(S(C)(=O)=O)cn2)C1
ZINC000581841473,C[C@@H]1C[C@@H](C)CN(C[C@H](C)Nc2ccc(S(C)(=O)=O)cn2)C1
ZINC000581841474,C[C@@H]1C[C@@H](C)CN(C[C@@H](C)Nc2ccc(S(C)(=O)=O)cn2)C1
ZINC000581841475,C[C@@H]1C[C@H](C)CN(C[C@H](C)Nc2ccc(S(C)(=O)=O)cn2)C1
ZINC000591922006,CN(C)C1CCN(CCNc2ncccc2C(=O)OC(C)(C)C)CC1
ZINC000619484675,CCOC(=O)c1cc(NCCN2CCC(OC)CC2)ncc1Cl
ZINC000663978158,CC(=O)c1ccc(C(F)(F)F)nc1NCCN1CCC(O)CC1
ZINC000681386909,CN(C)C1CCN(CCNc2ncc(Br)cc2F)CC1
ZINC000865585393,CN(C)C1CCN(CCNc2cccc(Br)n2)CC1
ZINC000882065986,COC(=O)c1cnc(NCCN2CCC(OC)CC2)c(Cl)c1
ZINC000892816947,CN(C)C1CCN(CCNc2cc(C(=O)OC(C)(C)C)ccn2)CC1
ZINC000910300566,COC1CCN(CCNc2nc(C(F)(F)F)ccc2C(=O)O)CC1
ZINC001160746940,CCOC(=O)Cc1cccnc1NCCN1CCC(F)(F)CC1
ZINC001160747387,Cc1cc(Cl)nc(NCCN2CCC(F)(F)CC2)c1C(N)=O
ZINC001160747918,COC(=O)c1ccc(NCCN2CCC(F)(F)CC2)nc1OC
ZINC001160748494,COC(=O)c1cnc(NCCN2CCC(F)(F)CC2)cc1OC
ZINC001160748683,NC(=O)c1cc(F)c(Cl)nc1NCCN1CCC(F)(F)CC1
ZINC001160748832,COC(=O)c1cc(F)c(C)nc1NCCN1CCC(F)(F)CC1
ZINC001160748947,COC(=O)c1cc(OC)cnc1NCCN1CCC(F)(F)CC1
ZINC001160749080,CNC(=O)c1nc(NCCN2CCC(F)(F)CC2)ccc1Cl
ZINC001160749148,CCOC(=O)Cc1ccc(NCCN2CCC(F)(F)CC2)nc1
ZINC001160749319,CCOC(=O)c1cnc(NCCN2CCC(F)(F)CC2)c(OC)c1
ZINC001160749443,CCOc1ccc(C(=O)OC)c(NCCN2CCC(F)(F)CC2)n1
ZINC001160752082,CCCNC(=O)c1cccnc1NCCN1CCC(F)(F)CC1
ZINC001160752085,CON(C)C(=O)c1cc(C)cnc1NCCN1CCC(F)(F)CC1
ZINC001160752265,CCCNC(=O)c1ccc(NCCN2CCC(F)(F)CC2)nc1
ZINC001160752306,COC(OC)c1c(CO)ccnc1NCCN1CCC(F)(F)CC1
ZINC001160752350,COC(=O)CSc1cccc(NCCN2CCC(F)(F)CC2)n1
ZINC001160753432,CCOC(=O)Cc1ccnc(NCCN2CCC(F)(F)CC2)c1
ZINC001160753522,COCCOC(=O)c1ccnc(NCCN2CCC(F)(F)CC2)c1
ZINC001161867316,CCOC(=O)c1c(Cl)cc(C)nc1NCCN1CCC(N)CC1
ZINC001161867418,CCOC(=O)c1c(C)cc(Cl)nc1NCCN1CCC(N)CC1
ZINC001161867931,CCOC(=O)c1cc(Cl)nc(NCCN2CCC(N)CC2)c1C
ZINC001161871427,CC(C)(C)OC(=O)Nc1ccc(NCCN2CCC(N)CC2)nc1
ZINC001231820696,CN(CCC#N)c1ccc(CN2CCC(n3c(=O)n(C)c4ccccc43)CC2)cc1
ZINC001144514584,Cn1c(=O)n(C2CCN(Cc3c(O)cc(O)cc3O)CC2)c2ccccc21
ZINC001233014025,Cn1c(=O)n(C2CCN(Cc3cc(O)c(O)c(O)c3)CC2)c2ccccc21
ZINC001233485726,Cn1c(=O)n(C2CCN(Cc3cc(O)c(O)cc3O)CC2)c2ccccc21
ZINC000029179788,CC(C)(C)OC(=O)Nc1ccc(CC(=O)N[C@H](CN2CCCC2)c2ccccc2)cc1
ZINC000064139583,C[C@@H](c1ccc(OC(F)(F)F)cc1)N1CCC(n2c(=O)[nH]c3ccccc32)CC1
ZINC000488249498,C[C@@H](c1ccc(Br)cc1)N1CCC(n2c(=O)[nH]c3ccccc32)CC1
ZINC000488249499,C[C@H](c1ccc(Br)cc1)N1CCC(n2c(=O)[nH]c3ccccc32)CC1
ZINC000506123859,O=c1[nH]c2ccccc2n1C1CCN(Cc2ccc(OC(F)F)c(Cl)c2)CC1
ZINC000506124504,CCOc1cccc(CN2CCC(n3c(=O)[nH]c4ccccc43)CC2)c1OC(F)F
ZINC000506139113,O=c1[nH]c2ccccc2n1C1CCN(Cc2ccccc2OCC(F)(F)F)CC1
ZINC000506150993,CCOc1cc(CN2CCC(n3c(=O)[nH]c4ccccc43)CC2)cc(Cl)c1OC
ZINC000506158596,CCOc1c(Cl)cc(CN2CCC(n3c(=O)[nH]c4ccccc43)CC2)cc1OC
ZINC000506159215,CCOc1cc(CN2CCC(n3c(=O)[nH]c4ccccc43)CC2)ccc1OC(F)F
ZINC000513690957,C[C@@H](c1ccccc1Br)N1CCC(n2c(=O)[nH]c3ccccc32)CC1
ZINC000513690958,C[C@H](c1ccccc1Br)N1CCC(n2c(=O)[nH]c3ccccc32)CC1
ZINC000525584034,CC(C)(C)CC(=O)Nc1ccc(CC(=O)N[C@H](CN2CCCC2)c2ccccc2)cc1
ZINC000542698757,O=c1[nH]c2ccccc2n1C1CCN(Cc2ccc(OCC(F)(F)F)c(F)c2)CC1
ZINC000678129066,CC[C@H](C)Oc1cc(CN2CCC(n3c(=O)[nH]c4ccccc43)CC2)ccc1OC
ZINC000678129067,CC[C@@H](C)Oc1cc(CN2CCC(n3c(=O)[nH]c4ccccc43)CC2)ccc1OC
ZINC000755453555,CC(C)(C)OC(=O)Nc1ccccc1CC(=O)N[C@H](CN1CCCC1)c1ccccc1
ZINC000760808853,CC(C)(C)OC(=O)Nc1cccc(CN2CCC(n3c(=O)[nH]c4ccccc43)CC2)c1
ZINC000769020000,CC(C)c1ccc(C2(O)CCC(N[C@H](CO)Cc3c[nH]c4ccccc34)CC2)cc1
ZINC000769020003,CC(C)c1ccc(C2(O)CCC(N[C@@H](CO)Cc3c[nH]c4ccccc34)CC2)cc1
ZINC000771604889,CC(C)(C)OC(=O)Nc1cccc(CC(=O)N[C@H](CN2CCCC2)c2ccccc2)c1
ZINC001127489807,C[C@]1(NC(=O)COc2ccc(Br)cc2Cl)CCCc2ccccc21
ZINC001127489808,C[C@@]1(NC(=O)COc2ccc(Br)cc2Cl)CCCc2ccccc21
ZINC001135444554,O=C(Cc1cc(Cl)ccc1Br)N[C@H](CN1CCCC1)c1ccccc1
ZINC001135444791,O=C(Cc1c(Cl)cccc1Br)N[C@H](CN1CCCC1)c1ccccc1
ZINC001136851155,O=c1[nH]c2ccccc2n1C1CCN(Cc2cc(Br)c(F)cc2F)CC1
ZINC001137358362,Cn1c(=O)n(C2CCN(Cc3c(Cl)ccc(F)c3Cl)CC2)c2ccccc21
ZINC001137955259,Cn1c(=O)n(C2CCN(Cc3ccc(SC(F)(F)F)cc3)CC2)c2ccccc21
ZINC001138052163,Cn1c(=O)n(C2CCN(Cc3ccc(Cl)c(C(F)(F)F)c3)CC2)c2ccccc21
ZINC001138085453,Cn1c(=O)n(C2CCN(Cc3cc(C(F)(F)F)ccc3Cl)CC2)c2ccccc21
ZINC001138474006,COc1c(Cl)cc(CN2CCC(n3c(=O)[nH]c4ccccc43)CC2)cc1Cl
ZINC001138958743,CC(C)Oc1ccc(Cl)cc1CN1CCC(n2c(=O)n(C)c3ccccc32)CC1
ZINC001139885059,Cc1ccc(C(F)(F)F)cc1CN1CCC(n2c(=O)n(C)c3ccccc32)CC1
ZINC001140567020,Cn1c(=O)n(C2CCN(Cc3cc(Cl)ccc3C(F)(F)F)CC2)c2ccccc21
ZINC001140879250,O=c1[nH]c2ccccc2n1C1CCN(Cc2cc(F)c(C(F)(F)F)c(F)c2)CC1
ZINC001140885704,O=c1[nH]c2ccccc2n1C1CCN(Cc2ccc(OC(F)(F)F)c(F)c2)CC1
ZINC001141202215,COc1ccc(C(F)(F)F)cc1CN1CCC(n2c(=O)[nH]c3ccccc32)CC1
ZINC001141554942,O=c1[nH]c2ccccc2n1C1CCN(Cc2c(F)cc(Br)cc2F)CC1
ZINC001141604706,COc1cc(C(F)(F)F)ccc1CN1CCC(n2c(=O)[nH]c3ccccc32)CC1
ZINC001141743230,O=c1[nH]c2ccccc2n1C1CCN(Cc2ccc(Br)c(F)c2F)CC1
ZINC001141771843,O=c1[nH]c2ccccc2n1C1CCN(Cc2c(F)ccc(Br)c2F)CC1
ZINC001141796803,O=c1[nH]c2ccccc2n1C1CCN(Cc2cc(Br)cc(F)c2F)CC1
ZINC001141912025,O=c1[nH]c2ccccc2n1C1CCN(Cc2cc(F)c(Br)cc2F)CC1
ZINC001142005638,O=c1[nH]c2ccccc2n1C1CCN(Cc2cc(F)c(F)cc2Br)CC1
ZINC001142192324,CC(C)(C)OC(=O)c1ccc(CN2CCC(n3c(=O)[nH]c4ccccc43)CC2)cc1
ZINC001143288823,Cn1c(=O)n(C2CCN(Cc3c(Cl)cccc3C(F)(F)F)CC2)c2ccccc21
ZINC001143333127,O=c1[nH]c2ccccc2n1C1CCN(Cc2c(Br)ccc(F)c2F)CC1
ZINC001143344641,COc1cc(CN2CCC(n3c(=O)[nH]c4ccccc43)CC2)ccc1C(F)(F)F
ZINC001143440656,O=c1[nH]c2ccccc2n1C1CCN(Cc2ccc(F)c(OC(F)(F)F)c2)CC1
ZINC001143454898,Cc1cc(CN2CCC(n3c(=O)n(C)c4ccccc43)CC2)cc(C(F)(F)F)c1
ZINC001143473979,COc1ccc(CN2CCC(n3c(=O)[nH]c4ccccc43)CC2)c(C(F)(F)F)c1
ZINC001143505233,Cn1c(=O)n(C2CCN(Cc3ccc(Cl)cc3C(F)(F)F)CC2)c2ccccc21
ZINC001143513527,COc1cc(CN2CCC(n3c(=O)[nH]c4ccccc43)CC2)cc(C(F)(F)F)c1
ZINC001143636730,COc1ccc(CN2CCC(n3c(=O)[nH]c4ccccc43)CC2)cc1C(F)(F)F
ZINC001143680393,Cc1ccc(C(F)(F)F)c(CN2CCC(n3c(=O)n(C)c4ccccc43)CC2)c1
ZINC001143711736,Cn1c(=O)n(C2CCN(Cc3ccc(C(F)(F)F)cc3Cl)CC2)c2ccccc21
ZINC001143738955,CCOc1c(F)cc(CN2CCC(n3c(=O)[nH]c4ccccc43)CC2)cc1Cl
ZINC001143810808,Cn1c(=O)n(C2CCN(Cc3ccc(C(F)(F)F)c(Cl)c3)CC2)c2ccccc21
ZINC001143812677,O=c1[nH]c2ccccc2n1C1CCN(Cc2c(F)ccc(F)c2Br)CC1
ZINC001143825455,CCOc1c(Cl)ccc(CN2CCC(n3c(=O)[nH]c4ccccc43)CC2)c1F
ZINC001143860402,Cn1c(=O)n(C2CCN(Cc3c(F)ccc(Cl)c3Cl)CC2)c2ccccc21
ZINC001143929893,Cc1c(CN2CCC(n3c(=O)n(C)c4ccccc43)CC2)cccc1C(F)(F)F
ZINC001143990014,Cn1c(=O)n(C2CCN(Cc3cc(Cl)cc(C(F)(F)F)c3)CC2)c2ccccc21
ZINC001151338126,COc1ccc([C@@H](CN2CCCC2)NC(=O)C(C)c2ccccc2C(F)(F)F)cc1
ZINC001151338128,COc1ccc([C@@H](CN2CCCC2)NC(=O)C(C)c2ccccc2C(F)(F)F)cc1
ZINC001180453327,Cc1ccc(Br)c(F)c1CN1CCC(n2c(=O)[nH]c3ccccc32)CC1
ZINC001205050116,Cn1c(=O)n(C2CCN(Cc3cccc(C(F)(F)F)c3Cl)CC2)c2ccccc21
ZINC001205122952,COc1cc(Cl)c(CN2CCC(n3c(=O)[nH]c4ccccc43)CC2)cc1Cl
ZINC001205123237,O=c1[nH]c2ccccc2n1C1CCN(Cc2cc(Cl)cc(Br)c2)CC1
ZINC001223017603,C[C@H](O[C@@H]1c2ccccc2N(C)S(=O)(=O)c2cc(Cl)ccc21)C(F)(F)F
ZINC001223017606,C[C@H](O[C@H]1c2ccccc2N(C)S(=O)(=O)c2cc(Cl)ccc21)C(F)(F)F
ZINC001223023043,C[C@H](COC(C)(C)C)O[C@@H]1c2ccccc2N(C)S(=O)(=O)c2cc(Cl)ccc21
ZINC001223023044,C[C@@H](COC(C)(C)C)O[C@@H]1c2ccccc2N(C)S(=O)(=O)c2cc(Cl)ccc21
ZINC001223023045,C[C@H](COC(C)(C)C)O[C@H]1c2ccccc2N(C)S(=O)(=O)c2cc(Cl)ccc21
ZINC001223023046,C[C@@H](COC(C)(C)C)O[C@H]1c2ccccc2N(C)S(=O)(=O)c2cc(Cl)ccc21
ZINC001223023067,CCCCOC[C@H](C)O[C@H]1c2ccccc2N(C)S(=O)(=O)c2cc(Cl)ccc21
ZINC001223023068,CCCCOC[C@@H](C)O[C@@H]1c2ccccc2N(C)S(=O)(=O)c2cc(Cl)ccc21
ZINC001223023069,CCCCOC[C@@H](C)O[C@H]1c2ccccc2N(C)S(=O)(=O)c2cc(Cl)ccc21
ZINC001223023070,CCCCOC[C@H](C)O[C@@H]1c2ccccc2N(C)S(=O)(=O)c2cc(Cl)ccc21
ZINC001223023989,COC(C)(C)C[C@@H](C)O[C@@H]1c2ccccc2N(C)S(=O)(=O)c2cc(Cl)ccc21
ZINC001223023992,COC(C)(C)C[C@H](C)O[C@@H]1c2ccccc2N(C)S(=O)(=O)c2cc(Cl)ccc21
ZINC001223023994,COC(C)(C)C[C@@H](C)O[C@H]1c2ccccc2N(C)S(=O)(=O)c2cc(Cl)ccc21
ZINC001223023997,COC(C)(C)C[C@H](C)O[C@H]1c2ccccc2N(C)S(=O)(=O)c2cc(Cl)ccc21
ZINC001223024224,C[C@@H](O[C@H]1c2ccccc2N(C)S(=O)(=O)c2cc(Cl)ccc21)C(F)(F)F
ZINC001223024225,C[C@@H](O[C@@H]1c2ccccc2N(C)S(=O)(=O)c2cc(Cl)ccc21)C(F)(F)F
ZINC001231625772,COc1cc(C)c(CN2CCC(n3c(=O)n(C)c4ccccc43)CC2)cc1C(C)C
ZINC001231713471,CC(C)Oc1ccc(CN2CCC(n3c(=O)n(C)c4ccccc43)CC2)cc1Cl
ZINC001231859681,O=c1[nH]c2ccccc2n1C1CCN(Cc2ccc(C(F)(F)F)c(F)c2F)CC1
ZINC001232006545,Cc1cc(C(F)(F)F)ccc1CN1CCC(n2c(=O)n(C)c3ccccc32)CC1
ZINC001232701405,Cn1c(=O)n(C2CCN(Cc3cc(F)c(Cl)cc3Cl)CC2)c2ccccc21
ZINC001232948348,Cn1c(=O)n(C2CCN(Cc3cccc(SC(F)(F)F)c3)CC2)c2ccccc21
ZINC001233337988,CC(C)(C)OC(=O)Nc1ccc(CN2CCC(n3c(=O)[nH]c4ccccc43)CC2)cc1
ZINC001233352913,CSc1cccc(Cl)c1CN1CCC(n2c(=O)n(C)c3ccccc32)CC1
ZINC001234414447,O=c1[nH]c2ccccc2n1C1CCN(Cc2cc(Cl)ccc2OC(F)F)CC1
ZINC001234742174,O=c1[nH]c2ccccc2n1C1CCN(Cc2c(F)cc(F)cc2Br)CC1
ZINC001234868415,CCOC(OCC)c1ccc(CN2CCC(n3c(=O)[nH]c4ccccc43)CC2)cc1
ZINC001235744866,Cn1c(=O)n(C2CCN(Cc3c(F)cc(Cl)cc3Cl)CC2)c2ccccc21
ZINC001236662174,Cn1c(=O)n(C2CCN(Cc3cc(Cl)c(F)c(Cl)c3)CC2)c2ccccc21
ZINC001236849381,O=c1[nH]c2ccccc2n1C1CCN(Cc2cc(F)c(F)c(Br)c2)CC1
ZINC001237338704,CC(C)(C)OC(=O)Nc1ccccc1CN1CCC(n2c(=O)[nH]c3ccccc32)CC1
ZINC001237404819,CC(C)(C)C(=O)Nc1ccccc1CN1CCC(n2c(=O)[nH]c3ccccc32)CC1
ZINC001237599500,Cn1c(=O)n(C2CCN(Cc3c(Cl)cc(F)cc3Cl)CC2)c2ccccc21
ZINC001237715274,O=c1[nH]c2ccccc2n1C1CCN(Cc2c(F)cc(C(F)(F)F)cc2F)CC1
ZINC001238048407,COc1ccc(C(F)(F)F)c(CN2CCC(n3c(=O)[nH]c4ccccc43)CC2)c1
ZINC001238071350,O=c1[nH]c2ccccc2n1C1CCN(Cc2cc(F)cc(Br)c2F)CC1
ZINC001238079417,O=c1[nH]c2ccccc2n1C1CCN(Cc2ccc(F)c(Br)c2F)CC1
ZINC001238244304,O=c1[nH]c2ccccc2n1C1CCN(Cc2ccc(F)c(C(F)(F)F)c2F)CC1
ZINC001238532119,CC(C)Oc1c(F)ccc(CN2CCC(n3c(=O)[nH]c4ccccc43)CC2)c1F
ZINC001238663834,Cc1cc(OC(C)C)cc(C)c1CN1CCC(n2c(=O)n(C)c3ccccc32)CC1
ZINC001238675858,CSc1ccc(Cl)cc1CN1CCC(n2c(=O)n(C)c3ccccc32)CC1
ZINC001238743281,CC(C)Oc1c(CN2CCC(n3c(=O)[nH]c4ccccc43)CC2)ccc(F)c1F
ZINC001238764358,O=c1[nH]c2ccccc2n1C1CCN(Cc2ccc(F)c(F)c2Br)CC1
ZINC001248628935,COc1c(CN2CCC(n3c(=O)[nH]c4ccccc43)CC2)ccc(Cl)c1Cl
ZINC001249789550,COc1cc(CN2CCC(n3c(=O)[nH]c4ccccc43)CC2)c(F)c(F)c1Cl
ZINC001249944962,Cn1c(=O)n(C2CCN(Cc3cc(Cl)cc(Cl)c3F)CC2)c2ccccc21
ZINC001250142905,CC(C)Oc1cc(F)c(CN2CCC(n3c(=O)[nH]c4ccccc43)CC2)c(F)c1
ZINC001266563863,C[C@]1(NC(=O)COc2ccc(Cl)cc2Br)CCCc2ccccc21
ZINC001266563864,C[C@@]1(NC(=O)COc2ccc(Cl)cc2Br)CCCc2ccccc21
ZINC001266564601,CC(Oc1ccc(F)cc1Br)C(=O)N[C@@]1(C)CCCc2ccccc21
ZINC001266564602,CC(Oc1ccc(F)cc1Br)C(=O)N[C@]1(C)CCCc2ccccc21
ZINC001266564603,CC(Oc1ccc(F)cc1Br)C(=O)N[C@@]1(C)CCCc2ccccc21
ZINC001266564604,CC(Oc1ccc(F)cc1Br)C(=O)N[C@]1(C)CCCc2ccccc21
ZINC001463637208,O=C(Cc1ccc(Br)c(Cl)c1)N[C@H](CN1CCCC1)c1ccccc1
ZINC001474406545,O=c1[nH]c2ccccc2n1C1CCN(Cc2ccc(Cl)c(Br)c2)CC1
ZINC001474406559,O=c1[nH]c2ccccc2n1C1CCN(Cc2cccc(Cl)c2Br)CC1
ZINC001526808420,Cc1ccc(OC(C)C(=O)N[C@@]2(C)CCCc3ccccc32)c(Br)c1
ZINC001526808422,Cc1ccc(OC(C)C(=O)N[C@]2(C)CCCc3ccccc32)c(Br)c1
ZINC001526808424,Cc1ccc(OC(C)C(=O)N[C@@]2(C)CCCc3ccccc32)c(Br)c1
ZINC001526808425,Cc1ccc(OC(C)C(=O)N[C@]2(C)CCCc3ccccc32)c(Br)c1
ZINC001540338089,O=C(Cc1cc(Br)ccc1Cl)N[C@H](CN1CCCC1)c1ccccc1
ZINC001560722689,O=c1[nH]c2ccccc2n1C1CCN(Cc2c(F)cccc2OC(F)(F)F)CC1
ZINC001566501209,COc1ccc([C@@H](CN2CCCC2)NC(=O)C(F)c2ccc(C(F)(F)F)cc2)cc1
ZINC001566501211,COc1ccc([C@@H](CN2CCCC2)NC(=O)C(F)c2ccc(C(F)(F)F)cc2)cc1
ZINC001587056768,CC(C(=O)N[C@H](CN1CCCC1)c1ccccc1)c1ccc(Br)cc1
ZINC001587056769,CC(C(=O)N[C@H](CN1CCCC1)c1ccccc1)c1ccc(Br)cc1
ZINC001596563847,COc1ccc([C@@H](CN2CCCC2)NC(=O)C(C)c2cccc(CC(C)C)c2)cc1
ZINC001596563849,COc1ccc([C@@H](CN2CCCC2)NC(=O)C(C)c2cccc(CC(C)C)c2)cc1
ZINC001618406828,CC(C(=O)N[C@H](CN1CCCC1)c1ccccc1)c1cccc(Br)c1
ZINC001618406829,CC(C(=O)N[C@H](CN1CCCC1)c1ccccc1)c1cccc(Br)c1
ZINC001621214625,Cc1ccc(CN2CCC(n3c(=O)[nH]c4ccccc43)CC2)cc1Br
ZINC001621214629,Cc1cccc(CN2CCC(n3c(=O)[nH]c4ccccc43)CC2)c1Br
ZINC001624148358,O=C(Cc1ccc(Cl)cc1Br)N[C@H](CN1CCCC1)c1ccccc1
ZINC001624148993,CCC(C(=O)N[C@H](CN1CCCC1)c1ccccc1)c1ccc(Br)cc1
ZINC001624148995,CCC(C(=O)N[C@H](CN1CCCC1)c1ccccc1)c1ccc(Br)cc1
ZINC001628460047,O=C(Cc1ccc(Br)cc1Cl)N[C@H](CN1CCCC1)c1ccccc1
ZINC001632046106,COc1ccc([C@@H](CN2CCCC2)NC(=O)C(C)c2ccc(CC(C)C)cc2)cc1
ZINC001636588768,COc1ccc([C@@H](CN2CCCC2)NC(=O)C(C)c2ccc(C(F)(F)F)cc2)cc1
ZINC001636588771,COc1ccc([C@@H](CN2CCCC2)NC(=O)C(C)c2ccc(C(F)(F)F)cc2)cc1
ZINC001652071923,Cc1ccc(CN2CCC(n3c(=O)[nH]c4ccccc43)CC2)c(Br)c1
ZINC001657607778,O=c1[nH]c2ccccc2n1C1CCN(Cc2ccc(Br)c(Cl)c2)CC1
ZINC001658685332,CN(C)c1cc(Cl)cc(Cl)c1CN1CCC(n2c(=O)[nH]c3ccccc32)CC1
ZINC001664103591,O=c1[nH]c2ccccc2n1C1CCN(Cc2cccc(Br)c2Cl)CC1
ZINC001776595107,C[C@@H]1C[C@H](C)CN(C[C@@H](C)Nc2cc(C(=O)O)ccn2)C1
ZINC001776595110,C[C@@H]1C[C@@H](C)CN(C[C@@H](C)Nc2cc(C(=O)O)ccn2)C1
ZINC001776595111,C[C@@H]1C[C@@H](C)CN(C[C@H](C)Nc2cc(C(=O)O)ccn2)C1
ZINC001776595114,C[C@@H]1C[C@H](C)CN(C[C@H](C)Nc2cc(C(=O)O)ccn2)C1
ZINC001776640861,C[C@@H]1CCCN(C(C)(C)CNc2cc(C(=O)O)ccn2)C1
ZINC001776640862,C[C@H]1CCCN(C(C)(C)CNc2cc(C(=O)O)ccn2)C1
ZINC001776641250,C[C@@H]1CCCN(C(C)(C)CNc2ncccc2C(=O)O)C1
ZINC001776641251,C[C@H]1CCCN(C(C)(C)CNc2ncccc2C(=O)O)C1
ZINC001776740117,CC[C@@H]1CCCCN1CCNc1nc(C)ccc1C(=O)O
ZINC001776740119,CC[C@H]1CCCCN1CCNc1nc(C)ccc1C(=O)O
ZINC000094135174,C[C@@H](CN1CCCCC1)Nc1ccc(OC(F)F)cn1
ZINC000094136328,FC(F)Oc1ccc(NCCN2CCCCC2)nc1
ZINC000341531522,Cc1ccnc(NCCN2CCCCC2)c1Cl
ZINC000341817913,C[C@@H]1C[C@H](C)CN(C[C@@H](C)Nc2ccc(F)cn2)C1
ZINC000341817916,C[C@@H]1C[C@@H](C)CN(C[C@@H](C)Nc2ccc(F)cn2)C1
ZINC000341817919,C[C@@H]1C[C@@H](C)CN(C[C@H](C)Nc2ccc(F)cn2)C1
ZINC000341817920,C[C@@H]1C[C@H](C)CN(C[C@H](C)Nc2ccc(F)cn2)C1
ZINC001777521712,Cc1nc(NCCN2[C@@H](C)CCC[C@@H]2C)ccc1C(=O)O
ZINC001777521713,Cc1nc(NCCN2[C@H](C)CCC[C@@H]2C)ccc1C(=O)O
ZINC001777521714,Cc1nc(NCCN2[C@H](C)CCC[C@H]2C)ccc1C(=O)O
ZINC000663388735,CC(=O)c1ccnc(NC[C@H](C)N2CCC[C@@H](C)C2)c1
ZINC000044271803,FC(F)(F)c1cccc(NCCN2CCCCC2)n1
ZINC000047873366,CCOC(=O)c1ccc(N[C@@H](C)CN2CCCCC2)nc1
ZINC000047873367,CCOC(=O)c1ccc(N[C@H](C)CN2CCCCC2)nc1
ZINC000049502212,CCOC(=O)c1cccnc1N[C@@H](C)CN1CCCCC1
ZINC000049502214,CCOC(=O)c1cccnc1N[C@H](C)CN1CCCCC1
ZINC000049575296,FC(F)(F)c1ccc(NCCN2CCCCC2)nc1
ZINC000049575302,FC(F)(F)c1cccnc1NCCN1CCCCC1
ZINC000084484059,C[C@@H]1CCCN([C@@H](C)CNc2ncccc2F)C1
ZINC000084484060,C[C@H]1CCCN([C@@H](C)CNc2ncccc2F)C1
ZINC000084486705,CC[C@@H]1CCCCN1CCNc1ncccc1F
ZINC000084486707,CC[C@H]1CCCCN1CCNc1ncccc1F
ZINC000088701017,C[C@@H]1CCCN(CCNc2ncccc2Cl)C1
ZINC000088701019,C[C@H]1CCCN(CCNc2ncccc2Cl)C1
ZINC000094135175,C[C@H](CN1CCCCC1)Nc1ccc(OC(F)F)cn1
ZINC000094136467,C[C@@H]1CCCN(CCNc2ccc(OC(F)F)cn2)C1
ZINC000094136469,C[C@H]1CCCN(CCNc2ccc(OC(F)F)cn2)C1
ZINC000647445931,C[C@@H]1CCCN(CCNc2ncc(C(=O)O)cc2Cl)C1
ZINC000647446004,CC1CCN(CCNc2ncc(C(=O)O)cc2Cl)CC1
ZINC000647446248,C[C@@H]1C[C@H](C)CN(C[C@H](C)Nc2ccc(C(=O)O)cn2)C1
ZINC000647446256,C[C@@H]1C[C@H](C)CN(C[C@H](C)Nc2ncccc2C(=O)O)C1
ZINC000301801923,CC1CCN(CCNc2ccc(OC(F)F)cn2)CC1
ZINC000302353396,FC(F)(F)Oc1ccc(NCCN2CCCCC2)nc1
ZINC000309545885,Brc1ccnc(NCCN2CCCCC2)c1
ZINC000651477523,CN(CCN1CCCCC1)c1ncccc1Br
ZINC000651477567,CN(CCN1CCCCC1)c1ncccc1Cl
ZINC000651477599,CN(CCN1CCCCC1)c1cc(Br)ccn1
ZINC000651477629,CN(CCN1CCCCC1)c1ncc(Cl)cc1F
ZINC000049502560,C[C@@H](CN1CCCCC1)Nc1ncc(C(=O)O)cc1Cl
ZINC000049502561,C[C@H](CN1CCCCC1)Nc1ncc(C(=O)O)cc1Cl
ZINC000663386458,CC(=O)c1ccnc(N[C@H](C)CN2CCCCC2)c1
ZINC000663386459,CC(=O)c1ccnc(N[C@@H](C)CN2CCCCC2)c1
ZINC000663388744,CC(=O)c1ccnc(NC[C@H](C)N2CCC[C@H](C)C2)c1
ZINC000663388733,CC(=O)c1ccnc(NC[C@@H](C)N2CCC[C@@H](C)C2)c1
ZINC000663388741,CC(=O)c1ccnc(NC[C@@H](C)N2CCC[C@H](C)C2)c1
ZINC000663420871,Cc1cc(CO)cc(N[C@@H](C)CN2C[C@H](C)C[C@H](C)C2)n1
ZINC000663420872,Cc1cc(CO)cc(N[C@H](C)CN2C[C@@H](C)C[C@H](C)C2)n1
ZINC000663420873,Cc1cc(CO)cc(N[C@H](C)CN2C[C@H](C)C[C@@H](C)C2)n1
ZINC000663420874,Cc1cc(CO)cc(N[C@H](C)CN2C[C@H](C)C[C@H](C)C2)n1
ZINC000663605006,CC[C@H]1CCCCN1CCNc1cc(C(C)=O)ccn1
ZINC000663605007,CC[C@@H]1CCCCN1CCNc1cc(C(C)=O)ccn1
ZINC000663605052,CC[C@H]1CCCCN1CCNc1cc(CO)cc(C)n1
ZINC000663605054,CC[C@@H]1CCCCN1CCNc1cc(CO)cc(C)n1
ZINC000663845920,CC(=O)c1ccnc(NCCN2CCCC(C)(C)C2)c1
ZINC000664454430,CC1CCN(C[C@@H](C)Nc2ccc(F)cn2)CC1
ZINC000664454431,CC1CCN(C[C@H](C)Nc2ccc(F)cn2)CC1
ZINC000664454512,CC(=O)c1ccnc(N[C@H](C)CN2CCC(C)CC2)c1
ZINC000664454513,CC(=O)c1ccnc(N[C@@H](C)CN2CCC(C)CC2)c1
ZINC000664457320,CC(=O)c1ccc(N[C@H](C)CN2CCC(C)CC2)nc1
ZINC000664457321,CC(=O)c1ccc(N[C@@H](C)CN2CCC(C)CC2)nc1
ZINC000664457509,CC1CCN(C[C@@H](C)Nc2ncccc2F)CC1
ZINC000664457510,CC1CCN(C[C@H](C)Nc2ncccc2F)CC1
ZINC000040772408,CC1CCN(CCNc2ncccc2Cl)CC1
ZINC000040772413,CC1CCN(CCNc2ccc(Br)cn2)CC1
ZINC000049575293,Brc1ccc(NCCN2CCCCC2)nc1
ZINC000094052253,Fc1cc(Cl)cnc1NCCN1CCCCC1
ZINC000520609569,COc1ccc(F)c(N[C@H](C)CN2CCCCC2)n1
ZINC000520609574,COc1ccc(F)c(N[C@@H](C)CN2CCCCC2)n1
ZINC000443955348,CC1(C)CCCN(CCNc2ncccc2F)C1
ZINC000443956976,CC1(C)CCCN(CCNc2ccc(Cl)cn2)C1
ZINC000443968314,CC1(C)CCCN(CCNc2ccc(OC(F)F)cn2)C1
ZINC000301058571,C[C@@H]1CCCN([C@@H](C)CNc2cccc(F)n2)C1
ZINC000301058576,C[C@H]1CCCN([C@H](C)CNc2cccc(F)n2)C1
ZINC000301058578,C[C@H]1CCCN([C@@H](C)CNc2cccc(F)n2)C1
ZINC000301058582,C[C@@H]1CCCN([C@H](C)CNc2cccc(F)n2)C1
ZINC000301266201,C[C@@H]1C[C@H](C)CN(C[C@@H](C)Nc2cccc(F)n2)C1
ZINC000301266202,C[C@@H]1C[C@@H](C)CN(C[C@@H](C)Nc2cccc(F)n2)C1
ZINC000301266204,C[C@@H]1C[C@@H](C)CN(C[C@H](C)Nc2cccc(F)n2)C1
ZINC000301266206,C[C@@H]1C[C@H](C)CN(C[C@H](C)Nc2cccc(F)n2)C1
ZINC000301304769,CC[C@@H]1CCCCN1CCNc1cccc(F)n1
ZINC000301304771,CC[C@H]1CCCCN1CCNc1cccc(F)n1
ZINC000301503869,C[C@@H]1CCCN(CCNc2ccc(Br)cn2)C1
ZINC000301503870,C[C@H]1CCCN(CCNc2ccc(Br)cn2)C1
ZINC000301511181,C[C@@H]1CCCN(CCNc2ccc(Cl)cn2)C1
ZINC000301511183,C[C@H]1CCCN(CCNc2ccc(Cl)cn2)C1
ZINC000301576365,C[C@H]1CCCN([C@H](C)CNc2ncccc2F)C1
ZINC000301576366,C[C@@H]1CCCN([C@H](C)CNc2ncccc2F)C1
ZINC000301990896,C[C@@H]1C[C@H](C)CN(C[C@@H](C)Nc2ncccc2F)C1
ZINC000301990897,C[C@@H]1C[C@@H](C)CN(C[C@@H](C)Nc2ncccc2F)C1
ZINC000301990898,C[C@@H]1C[C@@H](C)CN(C[C@H](C)Nc2ncccc2F)C1
ZINC000301990899,C[C@@H]1C[C@H](C)CN(C[C@H](C)Nc2ncccc2F)C1
ZINC000302127798,CC(C)OC(=O)c1cccnc1NCCN1CCCCC1
ZINC000527851119,COc1cccnc1NC[C@@H](C)N1CCC[C@@H](C)C1
ZINC000527851121,COc1cccnc1NC[C@H](C)N1CCC[C@@H](C)C1
ZINC000527851123,COc1cccnc1NC[C@@H](C)N1CCC[C@H](C)C1
ZINC000527851125,COc1cccnc1NC[C@H](C)N1CCC[C@H](C)C1
ZINC000527896789,CC[C@@H]1CCCCN1CCNc1ncccc1OC
ZINC000527896794,CC[C@H]1CCCCN1CCNc1ncccc1OC
ZINC000528053067,COc1cccnc1N[C@H](C)CN1CCC(C)CC1
ZINC000528053068,COc1cccnc1N[C@@H](C)CN1CCC(C)CC1
ZINC000263528476,C[C@@H]1C[C@H](C)CN(C[C@@H](C)Nc2cccc(C(=O)O)n2)C1
ZINC000263528477,C[C@@H]1C[C@@H](C)CN(C[C@@H](C)Nc2cccc(C(=O)O)n2)C1
ZINC000263528478,C[C@@H]1C[C@@H](C)CN(C[C@H](C)Nc2cccc(C(=O)O)n2)C1
ZINC000263528479,C[C@@H]1C[C@H](C)CN(C[C@H](C)Nc2cccc(C(=O)O)n2)C1
ZINC000042376007,CC1CCN(CCNc2ncccc2Br)CC1
ZINC000245610998,CC(=O)c1ccc(NC[C@@H](C)N2CCC[C@@H](C)C2)nc1
ZINC000245611005,CC(=O)c1ccc(NC[C@@H](C)N2CCC[C@H](C)C2)nc1
ZINC000910287292,Cc1nc(NC[C@H](C)N2CCC[C@@H](C)C2)ccc1C(=O)O
ZINC000910287293,Cc1nc(NC[C@@H](C)N2CCC[C@H](C)C2)ccc1C(=O)O
ZINC000910287294,Cc1nc(NC[C@H](C)N2CCC[C@H](C)C2)ccc1C(=O)O
ZINC000910287295,Cc1nc(NC[C@@H](C)N2CCC[C@@H](C)C2)ccc1C(=O)O
ZINC000910290642,CC[C@@H]1CCCCN1CCNc1ccc(C(=O)O)c(C)n1
ZINC000910290643,CC[C@H]1CCCCN1CCNc1ccc(C(=O)O)c(C)n1
ZINC000910298500,Cc1nc(NCCN2CCCC(C)(C)C2)ccc1C(=O)O
ZINC000910343688,C[C@@H]1CCCN(C(C)(C)CNc2ccc(C(=O)O)cn2)C1
ZINC000910343690,C[C@H]1CCCN(C(C)(C)CNc2ccc(C(=O)O)cn2)C1
ZINC000910346137,Cc1nc(NC[C@H](C)N2CCCC[C@H]2C)ccc1C(=O)O
ZINC000910346139,Cc1nc(NC[C@@H](C)N2CCCC[C@@H]2C)ccc1C(=O)O
ZINC000910346140,Cc1nc(NC[C@H](C)N2CCCC[C@@H]2C)ccc1C(=O)O
ZINC000910346141,Cc1nc(NC[C@@H](C)N2CCCC[C@H]2C)ccc1C(=O)O
ZINC000910347666,Cc1nc(N[C@@H](C)CN2CCC[C@@H](C)C2)ccc1C(=O)O
ZINC000910347667,Cc1nc(N[C@H](C)CN2CCC[C@H](C)C2)ccc1C(=O)O
ZINC000910347668,Cc1nc(N[C@@H](C)CN2CCC[C@H](C)C2)ccc1C(=O)O
ZINC000910347669,Cc1nc(N[C@H](C)CN2CCC[C@@H](C)C2)ccc1C(=O)O
ZINC000910351075,Cc1nc(N[C@H](C)CN2CCC(C)CC2)ccc1C(=O)O
ZINC000910351076,Cc1nc(N[C@@H](C)CN2CCC(C)CC2)ccc1C(=O)O
ZINC000229280096,CC1CCN(CCNc2cccc(Br)n2)CC1
ZINC000672232346,COC1CCN(CCNc2nccc(C)c2Cl)CC1
ZINC000673711193,CN(CCN1CCCCC1)c1ccc(Cl)cn1
ZINC000429203182,C[C@@H]1CCCN(CCNc2ncccc2Br)C1
ZINC000429203183,C[C@H]1CCCN(CCNc2ncccc2Br)C1
ZINC000044389427,Brc1cccnc1NCCN1CCCCC1
ZINC000767438701,CC1(C)CCCN(CCNc2cccc(F)n2)C1
ZINC000809348863,C[C@@H]1CCCN(CCNc2cccc(Br)n2)C1
ZINC000809348864,C[C@H]1CCCN(CCNc2cccc(Br)n2)C1
ZINC000813593961,CC[C@H]1CCCCN1CCNc1ccc(C(=O)OC)cn1
ZINC000813593963,CC[C@@H]1CCCCN1CCNc1ccc(C(=O)OC)cn1
ZINC000845760301,CN(CCN1CCCCC1)c1cccc(Cl)n1
ZINC001160748518,Cc1cc(C)nc(NCCN2CCC(F)(F)CC2)c1
ZINC001160747378,Cc1nc(NCCN2CCC(F)(F)CC2)ccc1F
ZINC001160748700,Cc1cnc(NCCN2CCC(F)(F)CC2)c(F)c1
ZINC001160749329,CCOc1ccnc(NCCN2CCC(F)(F)CC2)c1
ZINC001160749333,CCOc1cccc(NCCN2CCC(F)(F)CC2)n1
ZINC001160749398,Cc1cnc(NCCN2CCC(F)(F)CC2)c(C)c1
ZINC000853867792,CC1CCN(C[C@@H](C)Nc2cccc(F)n2)CC1
ZINC000853867793,CC1CCN(C[C@H](C)Nc2cccc(F)n2)CC1
ZINC000180975939,CC(=O)c1ccc(N[C@@H](C)CN2CCCCC2)nc1
ZINC000180975959,CC(=O)c1ccc(N[C@H](C)CN2CCCCC2)nc1
ZINC000180978344,CC(=O)c1ccc(NC[C@H](C)N2CCC[C@@H](C)C2)nc1
ZINC000180978366,CC(=O)c1ccc(NC[C@H](C)N2CCC[C@H](C)C2)nc1
ZINC000181139292,CC[C@@H]1CCCCN1CCNc1ccc(C(C)=O)cn1
ZINC000181139310,CC[C@H]1CCCCN1CCNc1ccc(C(C)=O)cn1
ZINC000356164623,C[C@@H]1CCCN(CCNc2cc(Br)ccn2)C1
ZINC000356164625,C[C@H]1CCCN(CCNc2cc(Br)ccn2)C1
ZINC000356194267,CC1CCN(CCNc2cc(Br)ccn2)CC1
ZINC000078592121,FC(F)(F)c1ccnc(NCCN2CCCCC2)c1
ZINC000192778797,CC1CCN(CCNc2cccc(Cl)n2)CC1
ZINC000192778939,C[C@@H]1CCCN(CCNc2cccc(Cl)n2)C1
ZINC000192778965,C[C@H]1CCCN(CCNc2cccc(Cl)n2)C1
ZINC000641421722,COC1CCN(CCNc2cc(C(C)(C)C)ccn2)CC1
ZINC000647445930,C[C@H]1CCCN(CCNc2ncc(C(=O)O)cc2Cl)C1
ZINC000647446245,C[C@@H]1C[C@H](C)CN(C[C@@H](C)Nc2ccc(C(=O)O)cn2)C1
ZINC000647446246,C[C@@H]1C[C@@H](C)CN(C[C@@H](C)Nc2ccc(C(=O)O)cn2)C1
ZINC000647446247,C[C@@H]1C[C@@H](C)CN(C[C@H](C)Nc2ccc(C(=O)O)cn2)C1
ZINC000647446253,C[C@@H]1C[C@H](C)CN(C[C@@H](C)Nc2ncccc2C(=O)O)C1
ZINC000647446254,C[C@@H]1C[C@@H](C)CN(C[C@@H](C)Nc2ncccc2C(=O)O)C1
ZINC000647446255,C[C@@H]1C[C@@H](C)CN(C[C@H](C)Nc2ncccc2C(=O)O)C1
ZINC000651476658,CN(CCN1CCCCC1)c1ccc(Br)cn1
ZINC000651477613,CN(CCN1CCCCC1)c1ccc(OC(F)F)cn1
ZINC001160746941,Cc1cc(F)cnc1NCCN1CCC(F)(F)CC1
ZINC001160747651,Cc1ccc(F)c(NCCN2CCC(F)(F)CC2)n1
ZINC001160747915,FC1(F)CCN(CCNc2ccc(Cl)cn2)CC1
ZINC001160748166,FC1(F)CCN(CCNc2cc(Cl)ccn2)CC1
ZINC001160748284,Cc1cc(NCCN2CCC(F)(F)CC2)ncc1F
ZINC001160748452,FC1(F)CCN(CCNc2cccc(Cl)n2)CC1
ZINC001160748539,Cc1ccnc(NCCN2CCC(F)(F)CC2)c1
ZINC001160748815,CCOc1ccc(NCCN2CCC(F)(F)CC2)nc1
ZINC001160749078,CSc1cccnc1NCCN1CCC(F)(F)CC1
ZINC001160749116,Cc1c(F)ccnc1NCCN1CCC(F)(F)CC1
ZINC001160749219,COc1cc(C)cc(NCCN2CCC(F)(F)CC2)n1
ZINC001160749253,Cc1ccc(NCCN2CCC(F)(F)CC2)nc1C
ZINC001160749347,COc1ccc(C)nc1NCCN1CCC(F)(F)CC1
ZINC001160749413,COc1cnc(NCCN2CCC(F)(F)CC2)c(C)c1
ZINC001160751842,Cc1cnc(NCCN2CCC(F)(F)CC2)cc1C
ZINC001160752088,CSc1ccnc(NCCN2CCC(F)(F)CC2)c1
ZINC001160752229,CSc1cccc(NCCN2CCC(F)(F)CC2)n1
ZINC001160753032,C=Cc1ccc(NCCN2CCC(F)(F)CC2)nc1
ZINC001160753086,COc1cc(C)cnc1NCCN1CCC(F)(F)CC1
ZINC001160753341,CCOc1cccnc1NCCN1CCC(F)(F)CC1
ZINC000040772397,CC1CCN(CCNc2ccc(Cl)cn2)CC1
ZINC000647449796,C[C@H]1CCC[C@H](C)N1CCNc1ccc(C(=O)O)cn1
ZINC000647449797,C[C@@H]1CCC[C@H](C)N1CCNc1ccc(C(=O)O)cn1
ZINC000083476973,CC1CCN(CCNc2ccc(C(=O)N(C)C)cn2)CC1
ZINC000083476975,CN(C)C(=O)c1ccc(NCCN2CCCCC2)nc1
ZINC000340870081,CC1(C)CCCN(CCNc2ccc(C(N)=O)cn2)C1
ZINC000341111504,C[C@H]1CCC[C@H](C)N1CCNc1ccc(C(N)=O)cn1
ZINC000341111508,C[C@@H]1CCC[C@@H](C)N1CCNc1ccc(C(N)=O)cn1
ZINC000313489114,C[C@H](CN1CCCCC1)Nc1ccc(S(C)(=O)=O)cn1
ZINC000313489121,C[C@@H](CN1CCCCC1)Nc1ccc(S(C)(=O)=O)cn1
ZINC000341540798,C[C@@H]1CCCCN1CCNc1ccc(S(C)(=O)=O)cn1
ZINC000341540807,C[C@H]1CCCCN1CCNc1ccc(S(C)(=O)=O)cn1
ZINC001777166429,COC1CCN(CCNc2nc(C)ccc2C(=O)O)CC1
ZINC000341554861,C[C@H](CN1CCCCC1)Nc1ccc(S(N)(=O)=O)cn1
ZINC000341554862,C[C@@H](CN1CCCCC1)Nc1ccc(S(N)(=O)=O)cn1
ZINC000084488504,CN(C)C1CCN(CCNc2ncccc2F)CC1
ZINC000094195389,C[C@@H](CN1CCCCC1)Nc1ccc(C(N)=O)cn1
ZINC000094195390,C[C@H](CN1CCCCC1)Nc1ccc(C(N)=O)cn1
ZINC000380419521,C[C@@H](CN1CCCCC1)Nc1ccc(N)c([N+](=O)[O-])n1
ZINC000380419522,C[C@H](CN1CCCCC1)Nc1ccc(N)c([N+](=O)[O-])n1
ZINC000380453238,CC1CCN(CCNc2ccc(N)c([N+](=O)[O-])n2)CC1
ZINC000157859271,Cc1cccc(NCCN2CCC(N(C)C)CC2)n1
ZINC000077305069,C[C@@H]1CCCN(CCNc2ncc(C(N)=O)cc2Cl)C1
ZINC000077305072,C[C@H]1CCCN(CCNc2ncc(C(N)=O)cc2Cl)C1
ZINC000663692728,Cc1cc(CO)cc(NCCN2CCC(N(C)C)CC2)n1
ZINC000080250696,COC1CCN(CCNc2cccc(F)n2)CC1
ZINC000168405407,CC1CCN(CCNc2ncccc2S(C)(=O)=O)CC1
ZINC000168411727,C[C@@H](CN1CCCCC1)Nc1ncccc1S(C)(=O)=O
ZINC000168411814,C[C@H](CN1CCCCC1)Nc1ncccc1S(C)(=O)=O
ZINC000168416003,CS(=O)(=O)c1cccnc1NCCN1CCCCC1
ZINC000650777304,CN(CCN1CCCCC1)c1cccc(C(=O)O)n1
ZINC000650777785,CN(CCN1CCCCC1)c1ncccc1C(=O)O
ZINC000084488629,COC1CCN(CCNc2ncccc2F)CC1
ZINC000647446036,C[C@@H]1CCCN([C@@H](C)CNc2ccc(C(=O)O)cn2)C1
ZINC000647446037,C[C@H]1CCCN([C@H](C)CNc2ccc(C(=O)O)cn2)C1
ZINC000647446039,C[C@@H]1CCCN([C@H](C)CNc2ccc(C(=O)O)cn2)C1
ZINC000647454684,CC1(C)CCCN(CCNc2ccc(C(=O)O)cn2)C1
ZINC000647451298,COC1CCN(CCNc2ncccc2C(=O)O)CC1
ZINC000613480442,CC1CCN(CCNc2ncccc2C(=O)O)CC1
ZINC000613491713,C[C@@H]1CCCN(CCNc2ncccc2C(=O)O)C1
ZINC000613491714,C[C@H]1CCCN(CCNc2ncccc2C(=O)O)C1
ZINC000107819251,CC1CCN(CCNc2ccc(C(N)=O)cn2)CC1
ZINC000651476869,CN(CCN1CCCCC1)c1ncc(C(N)=O)cc1Cl
ZINC000651478107,CN(CCN1CCCCC1)c1ncccc1S(C)(=O)=O
ZINC000314812901,O=C(O)c1ccnc(NCCN2CCCCC2)c1[N+](=O)[O-]
ZINC000663691276,CC(=O)c1ccnc(NCCN2CCC(N(C)C)CC2)c1
ZINC000663698993,COC1CCN(CCNc2cc(CO)cc(C)n2)CC1
ZINC000663699857,COC1CCN(CCNc2cc(C(C)=O)ccn2)CC1
ZINC000664070627,Cc1cc(CO)cc(N(C)CCN2CCCCC2)n1
ZINC000044978766,CC1CCN(CCNc2ncc(C(N)=O)cc2Cl)CC1
ZINC000301161954,NC(=O)c1cnc(NCCN2CCCCC2)c(Cl)c1
ZINC000301244786,CCNC(=O)c1ccc(NCCN2CCCCC2)nc1
ZINC000302393094,C[C@@H]1CCCN(CCNc2ncccc2S(C)(=O)=O)C1
ZINC000302393097,C[C@H]1CCCN(CCNc2ncccc2S(C)(=O)=O)C1
ZINC000527914845,COc1cccnc1NCCN1CCC(N(C)C)CC1
ZINC000263486443,CC1CCN(CCNc2cccc(C(=O)O)n2)CC1
ZINC000263522097,C[C@@H]1CCCN(CCNc2cccc(C(=O)O)n2)C1
ZINC000263522098,C[C@H]1CCCN(CCNc2cccc(C(=O)O)n2)C1
ZINC000905703951,NC1CCN(CCNc2cccc(Cl)n2)CC1
ZINC000905703979,COC(=O)c1ccc(NCCN2CCC(N)CC2)nc1C
ZINC000905707741,Cc1ccnc(NCCN2CCC(N)CC2)c1Cl
ZINC000910299449,COC1CCN(CCNc2ccc(C(=O)O)c(C)n2)CC1
ZINC000574881942,COc1nc(NCCN2CCCCC2)ccc1C(=O)O
ZINC000603308562,COC(=O)c1ccnc(NCCN2CCC(OC)CC2)c1
ZINC000603403609,COC(=O)c1ccnc(N(C)CCN2CCCCC2)c1
ZINC000647449798,C[C@@H]1CCC[C@@H](C)N1CCNc1ccc(C(=O)O)cn1
ZINC000296137935,OC1CCN(CCNc2ccc(C(F)(F)F)cn2)CC1
ZINC000624025137,COc1cccnc1NCCN1CCC(OC)CC1
ZINC000672232481,COC1CCN(CCNc2ccc(F)cn2)CC1
ZINC001161867037,Cc1ccc(Cl)nc1NCCN1CCC(N)CC1
ZINC001161867039,COc1cc(Cl)nc(NCCN2CCC(N)CC2)c1
ZINC001161867253,Nc1cnc(NCCN2CCC(N)CC2)c(Cl)c1
ZINC001161867301,Cc1cc(F)cnc1NCCN1CCC(N)CC1
ZINC000089895946,C[C@@H](CN1CCCCC1)Nc1ncccc1S(N)(=O)=O
ZINC000089895947,C[C@H](CN1CCCCC1)Nc1ncccc1S(N)(=O)=O
ZINC000383296007,CC1CCN(CCNc2ccc(S(C)(=O)=O)cn2)CC1
ZINC000813584518,COC(=O)c1ccc(NCCN2CCCCC2)nc1
ZINC000813596944,COC(=O)c1ccc(NCCN2CCC(OC)CC2)nc1
ZINC000820238072,CC1CCN(CCNc2cc(C(=O)O)ccn2)CC1
ZINC000820238570,C[C@@H]1CCCN(CCNc2cc(C(=O)O)ccn2)C1
ZINC000820238572,C[C@H]1CCCN(CCNc2cc(C(=O)O)ccn2)C1
ZINC000845762419,COC(=O)c1ccc(N(C)CCN2CCCCC2)nc1
ZINC001160749330,Cc1ccnc(NCCN2CCC(F)(F)CC2)c1C(N)=O
ZINC000264800673,C[C@@H]1C[C@H](C)CN(C[C@@H](C)Nc2ccc(C(N)=O)cn2)C1
ZINC000264800675,C[C@@H]1C[C@@H](C)CN(C[C@@H](C)Nc2ccc(C(N)=O)cn2)C1
ZINC000264800677,C[C@@H]1C[C@@H](C)CN(C[C@H](C)Nc2ccc(C(N)=O)cn2)C1
ZINC000264800679,C[C@@H]1C[C@H](C)CN(C[C@H](C)Nc2ccc(C(N)=O)cn2)C1
ZINC000264827657,CCNC(=O)c1ccc(NCCN2CCC(C)CC2)nc1
ZINC000264938849,CC[C@@H]1CCCCN1CCNc1ccc(C(N)=O)cn1
ZINC000264938850,CC[C@H]1CCCCN1CCNc1ccc(C(N)=O)cn1
ZINC000181206956,CC(=O)c1ccc(NCCN2CCC(N(C)C)CC2)nc1
ZINC000267174153,C[C@@H]1CCCN(CCNc2ccc(C(=O)N(C)C)cn2)C1
ZINC000267174157,C[C@H]1CCCN(CCNc2ccc(C(=O)N(C)C)cn2)C1
ZINC000267211073,CCNC(=O)c1ccc(NCCN2CCC[C@@H](C)C2)nc1
ZINC000267211075,CCNC(=O)c1ccc(NCCN2CCC[C@H](C)C2)nc1
ZINC000267224884,CN(C)C1CCN(CCNc2cccc(F)n2)CC1
ZINC000268297956,Cc1ccnc(NCCN2CCC(N(C)C)CC2)c1
ZINC000288525156,CN(C)C1CCN(CCNc2ccc(F)cn2)CC1
ZINC000298720499,C[C@@H]1CCCCN1CCNc1ccc(C(N)=O)cn1
ZINC000298720502,C[C@H]1CCCCN1CCNc1ccc(C(N)=O)cn1
ZINC000298741845,C[C@@H]1CCCN([C@@H](C)CNc2ccc(C(N)=O)cn2)C1
ZINC000298741850,C[C@H]1CCCN([C@H](C)CNc2ccc(C(N)=O)cn2)C1
ZINC000298741857,C[C@H]1CCCN([C@@H](C)CNc2ccc(C(N)=O)cn2)C1
ZINC000298741863,C[C@@H]1CCCN([C@H](C)CNc2ccc(C(N)=O)cn2)C1
ZINC000563428607,COc1ccc(F)c(NCCN2CCC(N(C)C)CC2)n1
ZINC000567981474,COc1nc(NCCN2CCC(C)CC2)ccc1C(=O)O
ZINC000576706741,COc1nc(NCCN2CCC[C@@H](C)C2)ccc1C(=O)O
ZINC000576706742,COc1nc(NCCN2CCC[C@H](C)C2)ccc1C(=O)O
ZINC000578445506,COc1nc(NCCN2CCCC[C@H]2C)ccc1C(=O)O
ZINC000578445507,COc1nc(NCCN2CCCC[C@@H]2C)ccc1C(=O)O
ZINC000641422668,COC1CCN(CCNc2cc(CO)ccn2)CC1
ZINC000641444276,CN(C)C1CCN(CCNc2cc(CO)ccn2)CC1
ZINC000647446069,CC1CCN(CCNc2ccc(C(=O)O)cn2)CC1
ZINC000647446028,C[C@@H]1CCCN(CCNc2ccc(C(=O)O)cn2)C1
ZINC000647446029,C[C@H]1CCCN(CCNc2ccc(C(=O)O)cn2)C1
ZINC000647446038,C[C@H]1CCCN([C@@H](C)CNc2ccc(C(=O)O)cn2)C1
ZINC000647450300,CC[C@@H]1CCCCN1CCNc1ccc(C(=O)O)cn1
ZINC000647450301,CC[C@H]1CCCCN1CCNc1ccc(C(=O)O)cn1
ZINC000647451085,CN(C)C1CCN(CCNc2ncccc2C(=O)O)CC1
ZINC000647856668,Cc1cc(CO)cc(NCCN2CCC[C@@H](C)C2)n1
ZINC000647856669,Cc1cc(CO)cc(NCCN2CCC[C@H](C)C2)n1
ZINC000647856884,Cc1cc(CO)cc(NCCN2CCC(C)CC2)n1
ZINC000649385369,COc1nc(N[C@H](C)CN2CCCCC2)ccc1C(=O)O
ZINC000649385370,COc1nc(N[C@@H](C)CN2CCCCC2)ccc1C(=O)O
ZINC000650777502,CN(CCN1CCCCC1)c1ccc(C(=O)O)cn1
ZINC000651476765,CCNC(=O)c1ccc(N(C)CCN2CCCCC2)nc1
ZINC000651477314,CN(C)C(=O)c1ccc(N(C)CCN2CCCCC2)nc1
ZINC000678407989,COC1CCN(CCNc2ccc(C(C)=O)cn2)CC1
ZINC000680949403,C[C@@H]1CCCN(CCNc2ccc(S(C)(=O)=O)cn2)C1
ZINC000680949404,C[C@H]1CCCN(CCNc2ccc(S(C)(=O)=O)cn2)C1
ZINC001160747273,Nc1ccc(NCCN2CCC(F)(F)CC2)nc1
ZINC001160747339,NC(=O)c1ccnc(NCCN2CCC(F)(F)CC2)c1
ZINC001160747628,Nc1cccc(NCCN2CCC(F)(F)CC2)n1
ZINC001160747900,Nc1cccnc1NCCN1CCC(F)(F)CC1
ZINC001160747965,Nc1ccnc(NCCN2CCC(F)(F)CC2)c1
ZINC001160748646,NC(=O)c1ccc(NCCN2CCC(F)(F)CC2)nc1
ZINC001160748465,NC(=O)c1cccnc1NCCN1CCC(F)(F)CC1
ZINC001160751889,CNC(=O)c1cccnc1NCCN1CCC(F)(F)CC1
ZINC001160751902,NC(=O)c1cccc(NCCN2CCC(F)(F)CC2)n1
ZINC001160752237,Cc1ccc(C(N)=O)c(NCCN2CCC(F)(F)CC2)n1
ZINC001160753063,Cc1cnc(NCCN2CCC(F)(F)CC2)c(CN)c1
ZINC001160752588,CNC(=O)c1ccnc(NCCN2CCC(F)(F)CC2)c1
ZINC001160753725,Cc1cc(C(N)=O)cc(NCCN2CCC(F)(F)CC2)n1
ZINC001161866834,COC(=O)c1ccnc(NCCN2CCC(N)CC2)c1C
ZINC001161866851,Cc1cc(Cl)cc(NCCN2CCC(N)CC2)n1
ZINC001161866964,COC(=O)c1cnc(NCCN2CCC(N)CC2)c(C)c1
ZINC001161866994,Cc1c(F)ccnc1NCCN1CCC(N)CC1
ZINC001161866995,CCOC(=O)c1cccc(NCCN2CCC(N)CC2)n1
ZINC001161867085,COC(=O)c1cc(C)cc(NCCN2CCC(N)CC2)n1
ZINC001161867146,Cc1ccc(Cl)c(NCCN2CCC(N)CC2)n1
ZINC001161867217,NC1CCN(CCNc2nc(Cl)ccc2F)CC1
ZINC001161867234,COc1cc(Cl)cnc1NCCN1CCC(N)CC1
ZINC001161867244,Cc1nc(NCCN2CCC(N)CC2)ccc1Cl
ZINC001161867332,Cc1cnc(NCCN2CCC(N)CC2)c(F)c1
ZINC001161867349,CCOC(=O)c1ccnc(NCCN2CCC(N)CC2)c1
ZINC001161867353,Cc1cc(NCCN2CCC(N)CC2)ncc1F
ZINC001161867375,COc1ccc(C)nc1NCCN1CCC(N)CC1
ZINC001161867426,COc1cc(C)cc(NCCN2CCC(N)CC2)n1
ZINC001161867464,Cc1cc(NCCN2CCC(N)CC2)ncc1Cl
ZINC001161867510,COCc1ccnc(NCCN2CCC(N)CC2)c1
ZINC001161867525,CCOc1cc(Cl)nc(NCCN2CCC(N)CC2)c1
ZINC001161867703,COC(=O)c1ccc(C)nc1NCCN1CCC(N)CC1
ZINC001161867715,Cc1cnc(NCCN2CCC(N)CC2)c(Cl)c1
ZINC001161867744,COc1ccc(Cl)nc1NCCN1CCC(N)CC1
ZINC001161867764,CSc1cccnc1NCCN1CCC(N)CC1
ZINC001161867787,CCOc1ccnc(NCCN2CCC(N)CC2)c1
ZINC001161867813,COC(=O)c1cc(NCCN2CCC(N)CC2)ncc1C
ZINC001161867842,CCOc1ccc(NCCN2CCC(N)CC2)nc1
ZINC001161867858,COc1cnc(NCCN2CCC(N)CC2)c(C)c1
ZINC001161867888,CCOc1ccc(Cl)nc1NCCN1CCC(N)CC1
ZINC001161867889,COc1cc(Cl)cc(NCCN2CCC(N)CC2)n1
ZINC001161867900,Nc1cc(Cl)nc(NCCN2CCC(N)CC2)c1
ZINC001161867905,CC(C)Oc1cccc(NCCN2CCC(N)CC2)n1
ZINC001161867948,CC(C)Oc1ccnc(NCCN2CCC(N)CC2)c1
ZINC001161867995,Cc1ccnc(NCCN2CCC(N)CC2)c1F
ZINC001161867996,NC1CCN(CCNc2ncc(F)cc2Cl)CC1
ZINC001161870478,CSc1cnc(NCCN2CCC(N)CC2)c(C)c1
ZINC001161870035,Nc1cc(F)c(Cl)nc1NCCN1CCC(N)CC1
ZINC001161870116,COc1nc(NCCN2CCC(N)CC2)ccc1Cl
ZINC001161870512,CSc1ccnc(NCCN2CCC(N)CC2)c1
ZINC001161870904,Nc1cc(Cl)cnc1NCCN1CCC(N)CC1
ZINC001161870908,COCc1ccc(NCCN2CCC(N)CC2)nc1
ZINC001161871177,CC(C)COc1cccc(NCCN2CCC(N)CC2)n1
ZINC001161871181,CC(=O)Nc1c(C)ccnc1NCCN1CCC(N)CC1
ZINC001161871339,COc1cc(C)cnc1NCCN1CCC(N)CC1
ZINC001161871379,COc1cnc(NCCN2CCC(N)CC2)c(Cl)c1
ZINC001161872472,CSCc1ccnc(NCCN2CCC(N)CC2)c1
ZINC001161872640,Nc1nc(NCCN2CCC(N)CC2)ccc1Cl
ZINC001161872911,CSCc1ccc(NCCN2CCC(N)CC2)nc1
ZINC001261511558,CN(CCN1CCCCC1)c1ccc(C(N)=O)cn1
ZINC001593951514,COC1CCN(CCNc2cccc(C(=O)O)n2)CC1
ZINC001598488080,CN(CCN1CCCCC1)c1cc(C(=O)O)ccn1
ZINC001599124900,COC1CCN(CCNc2ccc(C(=O)O)cn2)CC1
ZINC001599124905,COC1CCN(CCNc2cc(C(=O)O)ccn2)CC1
ZINC001599730864,COc1nc(N(C)CCN2CCCCC2)ccc1C(=O)O
ZINC001606016209,CN(C)C1CCN(CCNc2cc(C(=O)O)ccn2)CC1
ZINC001607809039,Cc1ccc(NCCN2CCCCC2)nc1C(=O)O
ZINC001608791686,O=C(O)Cc1ccnc(NCCN2CCCCC2)c1
ZINC001645921637,COc1ccc(F)c(NCCN2CCC(OC)CC2)n1
ZINC000124220781,Cc1nc(NCCN2CCCCC2)ccc1C(=O)O
ZINC000234643986,COC(=O)c1ccnc(NCCN2CCCCC2)c1
ZINC000322330541,O=C(O)c1cnc(NCCN2CCC(O)CC2)c(Cl)c1
ZINC001161867296,CCOC(=O)c1cc(C#N)c(Cl)nc1NCCN1CCC(N)CC1
ZINC001161870492,COC(=O)c1c(C#C[Si](C)(C)C)ccnc1NCCN1CCC(N)CC1
ZINC001580443413,Nc1ccc(CN2CCC(n3c(=O)[nH]c4ccccc43)CC2)cc1
ZINC000439606624,C[C@@H]1CCC[C@H](C)N1CCNc1ncccc1F
ZINC000539382883,Oc1ccc(C2CCC(NCCc3c[nH]c4ccccc34)CC2)cc1
ZINC000622260746,CC[C@@H](c1ccccc1)N1CCC(n2c(=O)[nH]c3ccccc32)CC1
ZINC001127489649,CCC(Oc1cccc(C)c1)C(=O)N[C@]1(C)CCCc2ccccc21
ZINC001127489650,CCC(Oc1cccc(C)c1)C(=O)N[C@@]1(C)CCCc2ccccc21
ZINC001127489651,CCC(Oc1cccc(C)c1)C(=O)N[C@]1(C)CCCc2ccccc21
ZINC001127489652,CCC(Oc1cccc(C)c1)C(=O)N[C@@]1(C)CCCc2ccccc21
ZINC001266564114,CC(C)c1ccccc1OCC(=O)N[C@]1(C)CCCc2ccccc21
ZINC001266564115,CC(C)c1ccccc1OCC(=O)N[C@@]1(C)CCCc2ccccc21
ZINC001435660001,CC(C)c1ccc(OCC(=O)N[C@]2(C)CCCc3ccccc32)cc1
ZINC001435660002,CC(C)c1ccc(OCC(=O)N[C@@]2(C)CCCc3ccccc32)cc1
ZINC001519901026,CC(C)c1cccc(OCC(=O)N[C@]2(C)CCCc3ccccc32)c1
ZINC001519901027,CC(C)c1cccc(OCC(=O)N[C@@]2(C)CCCc3ccccc32)c1
ZINC001526810795,CCC(Oc1ccccc1C)C(=O)N[C@]1(C)CCCc2ccccc21
ZINC001526810796,CCC(Oc1ccccc1C)C(=O)N[C@@]1(C)CCCc2ccccc21
ZINC001526810797,CCC(Oc1ccccc1C)C(=O)N[C@]1(C)CCCc2ccccc21
ZINC001526810798,CCC(Oc1ccccc1C)C(=O)N[C@@]1(C)CCCc2ccccc21
ZINC001642128313,C[C@@H]1C[C@H](C)CN(C[C@@H](C)Nc2ncc(C(F)(F)F)cc2Cl)C1
ZINC001642128314,C[C@@H]1C[C@@H](C)CN(C[C@@H](C)Nc2ncc(C(F)(F)F)cc2Cl)C1
ZINC001642128315,C[C@@H]1C[C@H](C)CN(C[C@H](C)Nc2ncc(C(F)(F)F)cc2Cl)C1
ZINC001642128316,C[C@@H]1C[C@@H](C)CN(C[C@H](C)Nc2ncc(C(F)(F)F)cc2Cl)C1
ZINC001651465497,C[C@@H]1CCCN(C(C)(C)CNc2ncc(C(F)(F)F)cc2Cl)C1
ZINC001651465498,C[C@H]1CCCN(C(C)(C)CNc2ncc(C(F)(F)F)cc2Cl)C1
ZINC001652839131,Cn1cc(CCNC2CCC(c3ccc(O)cc3)CC2)c2ccccc21
ZINC001659280272,CCCc1cccc(CN2CCC(n3c(=O)[nH]c4ccccc43)CC2)c1
ZINC001659280527,CC(C)c1cccc(CN2CCC(n3c(=O)[nH]c4ccccc43)CC2)c1
ZINC001664103424,CC(C)c1ccccc1CN1CCC(n2c(=O)[nH]c3ccccc32)CC1
ZINC000301532208,COC1CCN(CCNc2ncccc2S(N)(=O)=O)CC1
ZINC000339002940,C[C@@H]1CCCN([C@@H](C)CNc2ccc(S(N)(=O)=O)cn2)C1
ZINC000339002941,C[C@H]1CCCN([C@H](C)CNc2ccc(S(N)(=O)=O)cn2)C1
ZINC000339002942,C[C@H]1CCCN([C@@H](C)CNc2ccc(S(N)(=O)=O)cn2)C1
ZINC000339002943,C[C@@H]1CCCN([C@H](C)CNc2ccc(S(N)(=O)=O)cn2)C1
ZINC000342128032,CC[C@@H]1CCCCN1CCNc1ccc(S(N)(=O)=O)cn1
ZINC000342128034,CC[C@H]1CCCCN1CCNc1ccc(S(N)(=O)=O)cn1
ZINC000342216920,C[C@H]1CCC[C@H](C)N1CCNc1ccc(S(N)(=O)=O)cn1
ZINC000342216925,C[C@@H]1CCC[C@H](C)N1CCNc1ccc(S(N)(=O)=O)cn1
ZINC000342216930,C[C@@H]1CCC[C@@H](C)N1CCNc1ccc(S(N)(=O)=O)cn1
ZINC000343089397,CC1(C)CCCN(CCNc2ccc(S(N)(=O)=O)cn2)C1
ZINC000649365811,CS(=O)(=O)c1ccc(N[C@@H](CO)CN2CCCCC2)nc1
ZINC000649365812,CS(=O)(=O)c1ccc(N[C@H](CO)CN2CCCCC2)nc1
ZINC000651476798,CNS(=O)(=O)c1ccc(N(C)CCN2CCCCC2)nc1
ZINC001160746686,NS(=O)(=O)c1cccnc1NCCN1CCC(F)(F)CC1
ZINC001160748828,NS(=O)(=O)c1ccc(NCCN2CCC(F)(F)CC2)nc1
ZINC001160752263,NS(=O)(=O)c1ccnc(NCCN2CCC(F)(F)CC2)c1
ZINC001160753508,NS(=O)(=O)c1cccc(NCCN2CCC(F)(F)CC2)n1
ZINC001161866965,COC(=O)c1ccc(NCCN2CCC(N)CC2)nc1OC
ZINC001161866984,Cc1cc(Cl)nc(NCCN2CCC(N)CC2)c1C(N)=O
ZINC001161866986,COC(=O)c1cc(OC)cnc1NCCN1CCC(N)CC1
ZINC001161867099,NC(=O)c1cc(F)c(Cl)nc1NCCN1CCC(N)CC1
ZINC001161867278,COC(=O)c1cnc(NCCN2CCC(N)CC2)cc1OC
ZINC001161867944,CNC(=O)c1nc(NCCN2CCC(N)CC2)ccc1Cl
ZINC001161870479,CON(C)C(=O)c1cccnc1NCCN1CCC(N)CC1
ZINC001161870490,COC(OC)c1c(CO)ccnc1NCCN1CCC(N)CC1
ZINC001161870828,CON(C)C(=O)c1cc(C)cnc1NCCN1CCC(N)CC1
ZINC001161872455,COCCOC(=O)c1ccnc(NCCN2CCC(N)CC2)c1
ZINC001161872474,CON(C)C(=O)c1ccnc(NCCN2CCC(N)CC2)c1
ZINC001161872609,CCS(=O)(=O)c1ccnc(NCCN2CCC(N)CC2)c1
ZINC000511100090,COC(=O)c1ccc(Cl)c(CN2CCC(n3c(=O)[nH]c4ccccc43)CC2)c1
ZINC000139643682,C[C@H](c1ccc(OC(F)F)cc1)N1CCC(n2c(=O)[nH]c3ccccc32)CC1
ZINC001143486496,CCOc1ccc(F)c(F)c1CN1CCC(n2c(=O)[nH]c3ccccc32)CC1
ZINC000500405982,COc1ccc([C@@H](CN2CCCC2)NC(=O)C(C)c2ccc(F)c(F)c2)cc1
ZINC000500405984,COc1ccc([C@@H](CN2CCCC2)NC(=O)C(C)c2ccc(F)c(F)c2)cc1
ZINC000500413479,COc1ccc([C@@H](CN2CCCC2)NC(=O)C(C)c2c(F)cccc2F)cc1
ZINC000500413478,COc1ccc([C@@H](CN2CCCC2)NC(=O)C(C)c2c(F)cccc2F)cc1
ZINC000509846051,COC(=O)c1cccc(Cl)c1CN1CCC(n2c(=O)[nH]c3ccccc32)CC1
ZINC000504912717,CNC(=O)C(Cc1c[nH]c2ccccc12)NC1CCC(C)(c2ccccc2)CC1
ZINC000506121655,CC(=O)CCc1ccc(OC(C)C(=O)N[C@]2(C)CCCc3ccccc32)cc1
ZINC000506121657,CC(=O)CCc1ccc(OC(C)C(=O)N[C@@]2(C)CCCc3ccccc32)cc1
ZINC000506121659,CC(=O)CCc1ccc(OC(C)C(=O)N[C@]2(C)CCCc3ccccc32)cc1
ZINC000506121661,CC(=O)CCc1ccc(OC(C)C(=O)N[C@@]2(C)CCCc3ccccc32)cc1
ZINC000506128903,O=c1[nH]c2ccccc2n1C1CCN(Cc2ccc(OC(F)(F)F)cc2)CC1
ZINC000506147519,CCCOc1cc(CN2CCC(n3c(=O)[nH]c4ccccc43)CC2)ccc1OC
ZINC000506149620,CCCOc1ccc(CN2CCC(n3c(=O)[nH]c4ccccc43)CC2)cc1OC
ZINC000506154235,O=c1[nH]c2ccccc2n1C1CCN(Cc2ccccc2OC(F)(F)F)CC1
ZINC000506159458,CCOc1ccc(CN2CCC(n3c(=O)[nH]c4ccccc43)CC2)cc1OCC
ZINC000506160828,Cc1ccc(OC(F)F)c(CN2CCC(n3c(=O)[nH]c4ccccc43)CC2)c1
ZINC001143569270,CCOc1cc(F)c(CN2CCC(n3c(=O)[nH]c4ccccc43)CC2)c(F)c1
ZINC000441152489,CC(C)OC(=O)c1ccc(CN2CCC(n3c(=O)[nH]c4ccccc43)CC2)cc1
ZINC000029177440,O=C(Cc1cccc(C(F)(F)F)c1)N[C@H](CN1CCCC1)c1ccccc1
ZINC000029177410,O=C(Cc1ccc(Cl)c(Cl)c1)N[C@H](CN1CCCC1)c1ccccc1
ZINC000450218850,COC(=O)c1cccc(CN2CCC(n3c(=O)[nH]c4ccccc43)CC2)c1Cl
ZINC000532235062,CNC(=O)C(Cc1c[nH]c2ccccc12)NC1CCC(c2ccccc2)CC1
ZINC000024911425,O=c1[nH]c2ccccc2n1C1CCN(Cc2cccc(C(F)(F)F)c2)CC1
ZINC000024911567,O=c1[nH]c2ccccc2n1C1CCN(Cc2ccc(C(F)(F)F)cc2)CC1
ZINC000024911897,O=c1[nH]c2ccccc2n1C1CCN(Cc2cccc(OC(F)(F)F)c2)CC1
ZINC000591123882,O=C(Cc1ccccc1C(F)(F)F)N[C@H](CN1CCCC1)c1ccccc1
ZINC000302802196,O=c1[nH]c2ccccc2n1C1CCN(Cc2ccccc2C(F)(F)F)CC1
ZINC000302810011,O=c1[nH]c2ccccc2n1C1CCN(Cc2ccc(Cl)cc2Cl)CC1
ZINC000303259816,CC(C)COc1ccc(CC(=O)N[C@H](CN2CCCC2)c2ccccc2)cc1
ZINC000064555766,O=c1[nH]c2ccccc2n1C1CCN(Cc2ccc(SC(F)F)cc2)CC1
ZINC000029179016,O=C(Cc1ccc(C(F)(F)F)cc1)N[C@H](CN1CCCC1)c1ccccc1
ZINC000064139582,C[C@@H](c1ccc(OC(F)F)cc1)N1CCC(n2c(=O)[nH]c3ccccc32)CC1
ZINC000302802125,CC(=O)c1c(C)cc(C)c(CN2CCC(n3c(=O)[nH]c4ccccc43)CC2)c1C
ZINC000302802560,O=c1[nH]c2ccccc2n1C1CCN(Cc2c(Cl)cccc2Cl)CC1
ZINC000302807404,O=c1[nH]c2ccccc2n1C1CCN(Cc2ccc(Cl)c(Cl)c2)CC1
ZINC000744426533,O=c1[nH]c2ccccc2n1C1CCN(Cc2c(F)c(F)c(F)c(F)c2F)CC1
ZINC001135443771,O=C(Cc1c(Cl)cccc1Cl)N[C@H](CN1CCCC1)c1ccccc1
ZINC001143362831,COc1ccc(F)c(CN2CCC(n3c(=O)[nH]c4ccccc43)CC2)c1Cl
ZINC001143626370,Cn1c(=O)n(C2CCN(Cc3ccc(F)c(Cl)c3F)CC2)c2ccccc21
ZINC001143841656,COc1c(F)cc(CN2CCC(n3c(=O)[nH]c4ccccc43)CC2)cc1Cl
ZINC001143891964,COc1ccc(Cl)c(CN2CCC(n3c(=O)[nH]c4ccccc43)CC2)c1F
ZINC001143935425,CCOc1ccc(F)c(CN2CCC(n3c(=O)[nH]c4ccccc43)CC2)c1F
ZINC001143957079,Cn1c(=O)n(C2CCN(Cc3c(Cl)ccc(F)c3F)CC2)c2ccccc21
ZINC001144018870,CCOc1c(F)cc(CN2CCC(n3c(=O)[nH]c4ccccc43)CC2)cc1F
ZINC001144130209,Cn1c(=O)n(C2CCN(Cc3cc(Cl)c(F)cc3F)CC2)c2ccccc21
ZINC001144148608,CCc1cc(CN2CCC(n3c(=O)n(C)c4ccccc43)CC2)cc(CC)c1O
ZINC001144386362,O=c1[nH]c2ccccc2n1C1CCN(Cc2ccc(O)cc2C(F)(F)F)CC1
ZINC001144727106,Cn1c(=O)n(C2CCN(Cc3cc(F)c(F)cc3Cl)CC2)c2ccccc21
ZINC001151338458,COc1ccc([C@@H](CN2CCCC2)NC(=O)C(C)c2ccc(Cl)cc2)cc1
ZINC001151338460,COc1ccc([C@@H](CN2CCCC2)NC(=O)C(C)c2ccc(Cl)cc2)cc1
ZINC000467506557,CCC(C(=O)N[C@H](CN1CCCC1)c1ccc(OC)cc1)c1ccc(OC)cc1
ZINC000467506560,CCC(C(=O)N[C@H](CN1CCCC1)c1ccc(OC)cc1)c1ccc(OC)cc1
ZINC000468414316,COc1ccc([C@@H](CN2CCCC2)NC(=O)Cc2cccc(C(F)F)c2)cc1
ZINC000567974222,O=c1[nH]c2ccccc2n1C1CCN(Cc2cc(O)cc(C(F)(F)F)c2)CC1
ZINC001137627228,COc1ccc([C@@H](CN2CCCC2)NC(=O)C(F)(F)c2ccccc2C)cc1
ZINC001137883019,Cn1c(=O)n(C2CCN(Cc3c(F)ccc(Cl)c3F)CC2)c2ccccc21
ZINC001138003691,Cn1c(=O)n(C2CCN(Cc3c(F)ccc(F)c3Cl)CC2)c2ccccc21
ZINC001138027642,Cc1ccc(F)c(CN2CCC(n3c(=O)n(C)c4ccccc43)CC2)c1Cl
ZINC001138034511,Cc1ccc(Cl)c(CN2CCC(n3c(=O)n(C)c4ccccc43)CC2)c1F
ZINC001138231240,O=c1[nH]c2ccccc2n1C1CCN(Cc2c(F)c(F)cc(F)c2F)CC1
ZINC001138728131,COc1cc(C)c(CN2CCC(n3c(=O)n(C)c4ccccc43)CC2)c(C)c1C
ZINC001138954600,CCCCOc1cccc(CN2CCC(n3c(=O)n(C)c4ccccc43)CC2)c1
ZINC001138971426,CC(C)COc1ccc(CN2CCC(n3c(=O)n(C)c4ccccc43)CC2)cc1
ZINC001138981293,CCOc1ccc(CN2CCC(n3c(=O)[nH]c4ccccc43)CC2)c(OCC)c1
ZINC001139009085,CCOc1ccc(Cl)cc1CN1CCC(n2c(=O)n(C)c3ccccc32)CC1
ZINC001139050717,Cn1c(=O)n(C2CCN(Cc3c(F)cc(Cl)cc3F)CC2)c2ccccc21
ZINC001139596903,CCOc1ccc(CN2CCC(n3c(=O)n(C)c4ccccc43)CC2)cc1Cl
ZINC001139621460,COc1ccc(CN2CCC(n3c(=O)n(C)c4ccccc43)CC2)cc1C(C)C
ZINC001139623799,CCOc1ccc(CN2CCC(n3c(=O)n(C)c4ccccc43)CC2)cc1CC
ZINC001140701364,Cn1c(=O)n(C2CCN(Cc3cc(F)c(Cl)cc3F)CC2)c2ccccc21
ZINC001143268827,CCOc1ccc(CN2CCC(n3c(=O)[nH]c4ccccc43)CC2)c(F)c1F
ZINC001203393195,Cn1c(=O)n(C2CCN(Cc3ccc(Cl)cc3Cl)CC2)c2ccccc21
ZINC001203423086,Cn1c(=O)n(C2CCN(Cc3c(Cl)cccc3Cl)CC2)c2ccccc21
ZINC001203692807,Cn1c(=O)n(C2CCN(Cc3ccccc3C(F)(F)F)CC2)c2ccccc21
ZINC001203802699,Cn1c(=O)n(C2CCN(Cc3ccc(Cl)c(Cl)c3)CC2)c2ccccc21
ZINC001203811381,Cn1c(=O)n(C2CCN(Cc3cc(Cl)cc(Cl)c3)CC2)c2ccccc21
ZINC001203885673,Cn1c(=O)n(C2CCN(Cc3cccc(C(F)(F)F)c3)CC2)c2ccccc21
ZINC001203969859,CCCCOc1ccc(CN2CCC(n3c(=O)n(C)c4ccccc43)CC2)cc1
ZINC001204164319,Cn1c(=O)n(C2CCN(Cc3ccc(C(F)(F)F)cc3)CC2)c2ccccc21
ZINC001204183937,Cn1c(=O)n(C2CCN(Cc3cccc(Cl)c3Cl)CC2)c2ccccc21
ZINC001204568451,Cn1c(=O)n(C2CCN(Cc3cc(Cl)ccc3Cl)CC2)c2ccccc21
ZINC001207114835,O=c1[nH]c2ccccc2n1C1CCN(Cc2c(F)cccc2OC(F)F)CC1
ZINC001209666063,COc1cc(CN2CCC(n3c(=O)[nH]c4ccccc43)CC2)c(F)cc1Cl
ZINC001209697313,COc1c(Cl)ccc(CN2CCC(n3c(=O)[nH]c4ccccc43)CC2)c1F
ZINC001223017600,CCOC[C@@H](C)O[C@@H]1c2ccccc2N(C)S(=O)(=O)c2cc(Cl)ccc21
ZINC001223017604,CCOC[C@H](C)O[C@H]1c2ccccc2N(C)S(=O)(=O)c2cc(Cl)ccc21
ZINC001223017605,CCOC[C@H](C)O[C@@H]1c2ccccc2N(C)S(=O)(=O)c2cc(Cl)ccc21
ZINC001223017607,CCOC[C@@H](C)O[C@H]1c2ccccc2N(C)S(=O)(=O)c2cc(Cl)ccc21
ZINC001223018929,CC[C@H](COC)O[C@@H]1c2ccccc2N(C)S(=O)(=O)c2cc(Cl)ccc21
ZINC001223018931,CC[C@@H](COC)O[C@@H]1c2ccccc2N(C)S(=O)(=O)c2cc(Cl)ccc21
ZINC001223018934,CC[C@H](COC)O[C@H]1c2ccccc2N(C)S(=O)(=O)c2cc(Cl)ccc21
ZINC001223018939,CC[C@@H](COC)O[C@H]1c2ccccc2N(C)S(=O)(=O)c2cc(Cl)ccc21
ZINC001223019928,CC(C)OCCO[C@H]1c2ccccc2N(C)S(=O)(=O)c2cc(Cl)ccc21
ZINC001223019929,CC(C)OCCO[C@@H]1c2ccccc2N(C)S(=O)(=O)c2cc(Cl)ccc21
ZINC001223020499,CO[C@H](C)CCO[C@@H]1c2ccccc2N(C)S(=O)(=O)c2cc(Cl)ccc21
ZINC001223020501,CO[C@@H](C)CCO[C@H]1c2ccccc2N(C)S(=O)(=O)c2cc(Cl)ccc21
ZINC001223020502,CO[C@@H](C)CCO[C@@H]1c2ccccc2N(C)S(=O)(=O)c2cc(Cl)ccc21
ZINC001223020503,CO[C@H](C)CCO[C@H]1c2ccccc2N(C)S(=O)(=O)c2cc(Cl)ccc21
ZINC001223023493,CCO[C@H](C)CO[C@@H]1c2ccccc2N(C)S(=O)(=O)c2cc(Cl)ccc21
ZINC001223023497,CCO[C@@H](C)CO[C@H]1c2ccccc2N(C)S(=O)(=O)c2cc(Cl)ccc21
ZINC001223023500,CCO[C@@H](C)CO[C@@H]1c2ccccc2N(C)S(=O)(=O)c2cc(Cl)ccc21
ZINC001223023503,CCO[C@H](C)CO[C@H]1c2ccccc2N(C)S(=O)(=O)c2cc(Cl)ccc21
ZINC001223023532,CC[C@H](CO[C@@H]1c2ccccc2N(C)S(=O)(=O)c2cc(Cl)ccc21)OC
ZINC001223023534,CC[C@@H](CO[C@@H]1c2ccccc2N(C)S(=O)(=O)c2cc(Cl)ccc21)OC
ZINC001223023536,CC[C@H](CO[C@H]1c2ccccc2N(C)S(=O)(=O)c2cc(Cl)ccc21)OC
ZINC001223023537,CC[C@@H](CO[C@H]1c2ccccc2N(C)S(=O)(=O)c2cc(Cl)ccc21)OC
ZINC001231523148,O=c1[nH]c2ccccc2n1C1CCN(Cc2ccc(O)c(C(F)(F)F)c2)CC1
ZINC001231806006,Cn1c(=O)n(C2CCN(Cc3ccc(OC(C)(C)C)cc3)CC2)c2ccccc21
ZINC001232102125,Cn1c(=O)n(C2CCN(Cc3c(F)cc(F)cc3Cl)CC2)c2ccccc21
ZINC001232386801,COc1ccc(OC(C)C)c(CN2CCC(n3c(=O)[nH]c4ccccc43)CC2)c1
ZINC001232390635,Cc1cccc(CN2CCC(n3c(=O)n(C)c4ccccc43)CC2)c1OC(C)C
ZINC001232398914,Cc1ccc(OC(C)C)c(CN2CCC(n3c(=O)n(C)c4ccccc43)CC2)c1
ZINC001232575790,COC(=O)c1ccc(CN2CCC(n3c(=O)[nH]c4ccccc43)CC2)c(Cl)c1
ZINC001232876673,Cn1c(=O)n(C2CCN(Cc3ccc(F)c(F)c3Cl)CC2)c2ccccc21
ZINC001233000435,COc1cc(Cl)cc(F)c1CN1CCC(n2c(=O)[nH]c3ccccc32)CC1
ZINC001233211342,Cn1c(=O)n(C2CCN(Cc3ccc(Cl)c(F)c3F)CC2)c2ccccc21
ZINC001234696301,COc1ccc(CN2CCC(n3c(=O)[nH]c4ccccc43)CC2)c(OC(C)C)c1
ZINC001235346341,O=c1[nH]c2ccccc2n1C1CCN(Cc2cc(F)c(F)c(F)c2F)CC1
ZINC001236718220,O=c1[nH]c2ccccc2n1C1CCN(Cc2ccc(OC(F)F)cc2F)CC1
ZINC001236719090,Cc1c(F)ccc(CN2CCC(n3c(=O)n(C)c4ccccc43)CC2)c1Cl
ZINC001236771028,COC(=O)c1cc(Cl)cc(CN2CCC(n3c(=O)[nH]c4ccccc43)CC2)c1
ZINC001237030429,Cn1c(=O)n(C2CCN(Cc3ccccc3OC(C)(C)C)CC2)c2ccccc21
ZINC001237103834,Cn1c(=O)n(C2CCN(Cc3cccc(OC(C)(C)C)c3)CC2)c2ccccc21
ZINC001237350984,Cc1cc(Cl)cc(C)c1CN1CCC(n2c(=O)n(C)c3ccccc32)CC1
ZINC001237713770,Cc1cc(CN2CCC(n3c(=O)n(C)c4ccccc43)CC2)ccc1OC(C)C
ZINC001237904705,CCCOc1cc(F)ccc1CN1CCC(n2c(=O)n(C)c3ccccc32)CC1
ZINC001237987525,O=c1[nH]c2ccccc2n1C1CCN(Cc2cc(F)c(O)c(Cl)c2)CC1
ZINC001238145530,O=c1[nH]c2ccccc2n1C1CCN(Cc2cc(Cl)c(O)cc2F)CC1
ZINC001238219341,Cc1c(Cl)ccc(CN2CCC(n3c(=O)n(C)c4ccccc43)CC2)c1C
ZINC001238303290,Cc1cc(CN2CCC(n3c(=O)n(C)c4ccccc43)CC2)c(F)cc1Cl
ZINC001238327949,CC(C)Oc1c(F)cccc1CN1CCC(n2c(=O)n(C)c3ccccc32)CC1
ZINC001238340925,COc1c(Cl)ccc(F)c1CN1CCC(n2c(=O)[nH]c3ccccc32)CC1
ZINC001238402440,CCOc1ccc(CN2CCC(n3c(=O)n(C)c4ccccc43)CC2)c(Cl)c1
ZINC001238427384,CC(C)Oc1cccc(CN2CCC(n3c(=O)n(C)c4ccccc43)CC2)c1F
ZINC001238451495,CC(C)Oc1ccc(CN2CCC(n3c(=O)n(C)c4ccccc43)CC2)c(F)c1
ZINC001238459940,CC(C)Oc1cc(CN2CCC(n3c(=O)n(C)c4ccccc43)CC2)ccc1F
ZINC001238487082,Cc1ccc(OC(C)C)cc1CN1CCC(n2c(=O)n(C)c3ccccc32)CC1
ZINC001238518368,Cc1c(Cl)ccc(CN2CCC(n3c(=O)n(C)c4ccccc43)CC2)c1F
ZINC001238655251,CCOc1cc(F)c(F)cc1CN1CCC(n2c(=O)[nH]c3ccccc32)CC1
ZINC001238685771,CSc1cc(C)cc(CN2CCC(n3c(=O)n(C)c4ccccc43)CC2)c1
ZINC001238702281,CC(C)Oc1cc(F)ccc1CN1CCC(n2c(=O)n(C)c3ccccc32)CC1
ZINC001238782791,Cc1cc(F)cc(CN2CCC(n3c(=O)n(C)c4ccccc43)CC2)c1Cl
ZINC001238785213,Cc1cc(F)cc(Cl)c1CN1CCC(n2c(=O)n(C)c3ccccc32)CC1
ZINC001238795400,COc1cc(F)c(CN2CCC(n3c(=O)[nH]c4ccccc43)CC2)cc1Cl
ZINC001249439727,CCSc1ccccc1CN1CCC(n2c(=O)n(C)c3ccccc32)CC1
ZINC001249635208,COC(=O)c1c(Cl)cccc1CN1CCC(n2c(=O)[nH]c3ccccc32)CC1
ZINC001250196953,Cc1ccc(CN2CCC(n3c(=O)n(C)c4ccccc43)CC2)c(C)c1Cl
ZINC001250396909,O=c1[nH]c2ccccc2n1C1CCN(Cc2cc(O)c(Cl)c(F)c2F)CC1
ZINC001290116258,O=C(Cc1cccc(OC(F)(F)F)c1)N[C@H](CN1CCCC1)c1ccccc1
ZINC001290116474,CCOc1ccccc1C(F)(F)C(=O)N[C@H](CN1CCCC1)c1ccccc1
ZINC001323570949,COc1ccc([C@@H](CN2CCCC2)NC(=O)C(C)c2ccc(F)cc2F)cc1
ZINC001323570951,COc1ccc([C@@H](CN2CCCC2)NC(=O)C(C)c2ccc(F)cc2F)cc1
ZINC001545890453,COc1ccc([C@@H](CN2CCCC2)NC(=O)Cc2ccc(CC(C)C)cc2)cc1
ZINC001545891065,COc1ccc([C@@H](CN2CCCC2)NC(=O)Cc2ccc(C(C)(C)C)cc2)cc1
ZINC001440533058,O=C(N[C@H](CN1CCCC1)c1ccccc1)C(F)(F)c1c(F)cccc1F
ZINC001446341416,COc1ccc([C@@H](CN2CCCC2)NC(=O)C(F)(F)c2ccc(C)cc2)cc1
ZINC001463640731,CCOc1c(Cl)cccc1CC(=O)N[C@H](CN1CCCC1)c1ccccc1
ZINC001463643814,O=C(Cc1cc(Cl)cc(Cl)c1)N[C@H](CN1CCCC1)c1ccccc1
ZINC001472656049,COC(=O)c1cnc(NC[C@@H](C(C)C)N2CCC(C)CC2)cc1C(F)(F)F
ZINC001472656050,COC(=O)c1cnc(NC[C@H](C(C)C)N2CCC(C)CC2)cc1C(F)(F)F
ZINC001519901211,C[C@]1(NC(=O)COc2ccc(Br)cc2F)CCCc2ccccc21
ZINC001519901212,C[C@@]1(NC(=O)COc2ccc(Br)cc2F)CCCc2ccccc21
ZINC001519901699,C[C@]1(NC(=O)COc2ccc(F)cc2Br)CCCc2ccccc21
ZINC001519901700,C[C@@]1(NC(=O)COc2ccc(F)cc2Br)CCCc2ccccc21
ZINC001536655831,C[C@]1(NC(=O)COc2ccccc2OCC(F)(F)F)CCCc2ccccc21
ZINC001536655832,C[C@@]1(NC(=O)COc2ccccc2OCC(F)(F)F)CCCc2ccccc21
ZINC001538718055,O=C(Cc1cccc(Cl)c1Cl)N[C@H](CN1CCCC1)c1ccccc1
ZINC001538718904,O=C(Cc1cc(Cl)ccc1Cl)N[C@H](CN1CCCC1)c1ccccc1
ZINC001540412299,O=C(Cc1ccc(Cl)cc1Cl)N[C@H](CN1CCCC1)c1ccccc1
ZINC001566502031,CCSc1ccc(CC(=O)N[C@H](CN2CCCC2)c2ccc(OC)cc2)cc1
ZINC001596563842,COc1ccc([C@@H](CN2CCCC2)NC(=O)C(C)c2cccc(Cl)c2)cc1
ZINC001596563844,COc1ccc([C@@H](CN2CCCC2)NC(=O)C(C)c2cccc(Cl)c2)cc1
ZINC001596563990,COc1ccc([C@@H](CN2CCCC2)NC(=O)Cc2cccc(C)c2Cl)cc1
ZINC001623324155,CCc1ccc(C(C)C(=O)N[C@H](CN2CCCC2)c2ccc(OC)cc2)cc1
ZINC001623324158,CCc1ccc(C(C)C(=O)N[C@H](CN2CCCC2)c2ccc(OC)cc2)cc1
ZINC001623324302,COc1ccc([C@@H](CN2CCCC2)NC(=O)Cc2c(C)cc(C)cc2C)cc1
ZINC001623324566,COc1ccc([C@@H](CN2CCCC2)NC(=O)Cc2ccc(C)cc2Cl)cc1
ZINC001628460968,O=C(N[C@H](CN1CCCC1)c1ccccc1)C(F)(F)c1ccc(Cl)cc1
ZINC001630883783,COc1ccc([C@@H](CN2CCCC2)NC(=O)Cc2ccc(C)c(Cl)c2)cc1
ZINC001632047166,CCSc1ccccc1CC(=O)N[C@H](CN1CCCC1)c1ccc(OC)cc1
ZINC001652071571,O=c1[nH]c2ccccc2n1C1CCN(Cc2ccccc2OCC(F)F)CC1
ZINC000651477056,CC(C)N(C(C)C)S(=O)(=O)c1ccc(N(C)CCN2CCCCC2)nc1
ZINC000500386243,COC(=O)c1cccc(CC(=O)N[C@H](CN2CCCC2)c2ccc(OC)cc2)c1
ZINC000500407990,COC(=O)c1ccccc1CC(=O)N[C@H](CN1CCCC1)c1ccc(OC)cc1
ZINC000278964547,COc1cc(CC(=O)N[C@H](CN2CCCC2)c2ccccc2)cc(OC)c1O
ZINC000450522774,COC(=O)c1ccc(CC(=O)N[C@H](CN2CCCC2)c2ccc(OC)cc2)cc1
ZINC000450524820,COc1ccc([C@@H](CN2CCCC2)NC(=O)Cc2ccc(O)c(OC)c2)cc1
ZINC000911653380,COc1ccc([C@@H](CN2CCCC2)NC(=O)Cc2ccc(C(=O)O)cc2)cc1
ZINC000911656622,COc1ccc([C@@H](CN2CCCC2)NC(=O)Cc2cccc(C(=O)O)c2)cc1
ZINC000591821244,COC1CCN(CCNc2ncc(C)cc2I)CC1
ZINC000573679753,CN(C)C1CCN(CCNc2cc(C(F)(F)F)c(Br)cn2)CC1
ZINC000302803535,CN(C)C(=O)C(c1ccccc1)N1CCC(n2c(=O)[nH]c3ccccc32)CC1
ZINC000302803537,CN(C)C(=O)C(c1ccccc1)N1CCC(n2c(=O)[nH]c3ccccc32)CC1
ZINC000060466168,CN(C)C(=O)c1cccc(CN2CCC(n3c(=O)[nH]c4ccccc43)CC2)c1
ZINC001204122395,COc1cc(CN2CCC(n3c(=O)n(C)c4ccccc43)CC2)cc(OC)c1O
ZINC000284644642,CS(=O)(=O)c1ccccc1CC(=O)N[C@H](CN1CCCC1)c1ccccc1
ZINC000289134867,COc1cc(CN2CCC(n3c(=O)[nH]c4ccccc43)CC2)cc(OC)c1O
ZINC000294549679,CS(=O)(=O)c1cccc(CN2CCC(n3c(=O)[nH]c4ccccc43)CC2)c1
ZINC000367308204,CS(=O)(=O)c1ccc(CN2CCC(n3c(=O)[nH]c4ccccc43)CC2)cc1
ZINC000779540506,COc1ccc([C@@H](CN2CCCC2)NC(=O)C(O)c2cccc(OC)c2)cc1
ZINC000779540507,COc1ccc([C@@H](CN2CCCC2)NC(=O)C(O)c2cccc(OC)c2)cc1
ZINC000632240515,COc1ccc([C@@H](CN2CCCC2)NC(=O)Cc2ccc(OC)c(O)c2)cc1
ZINC000901625183,COc1ccc([C@@H](CN2CCCC2)NC(=O)Cc2ccccc2C(=O)O)cc1
ZINC001116047172,CCN(CC)S(=O)(=O)c1ccc(N[C@@H](C)CN2C[C@H](C)C[C@H](C)C2)nc1
ZINC001116047173,CCN(CC)S(=O)(=O)c1ccc(N[C@H](C)CN2C[C@H](C)C[C@@H](C)C2)nc1
ZINC001116047174,CCN(CC)S(=O)(=O)c1ccc(N[C@H](C)CN2C[C@H](C)C[C@H](C)C2)nc1
ZINC001116047175,CCN(CC)S(=O)(=O)c1ccc(N[C@H](C)CN2C[C@@H](C)C[C@H](C)C2)nc1
ZINC001137572381,Cn1c(=O)n(C2CCN(Cc3cccc(S(C)(=O)=O)c3)CC2)c2ccccc21
ZINC001137731122,Cn1c(=O)n(C2CCN(Cc3ccc(S(C)(=O)=O)cc3)CC2)c2ccccc21
ZINC001137789194,COC(=O)c1ccccc1CN1CCC(n2c(=O)n(C)c3ccccc32)CC1
ZINC001138797723,Cn1c(=O)n(C2CCN(Cc3ccc(OCCO)cc3)CC2)c2ccccc21
ZINC001138927258,Cn1c(=O)n(C2CCN(Cc3ccc(OCC(=O)O)cc3)CC2)c2ccccc21
ZINC001139276945,COc1ccc(OC)c(CN2CCC(n3c(=O)n(C)c4ccccc43)CC2)c1N
ZINC001140658060,COC(=O)Cc1ccccc1CN1CCC(n2c(=O)n(C)c3ccccc32)CC1
ZINC001140772681,COc1cc(O)cc(OC)c1CN1CCC(n2c(=O)n(C)c3ccccc32)CC1
ZINC001141172950,COc1cc(CN2CCC(n3c(=O)n(C)c4ccccc43)CC2)cc(O)c1OC
ZINC001142909343,COC(=O)Cc1ccc(CN2CCC(n3c(=O)n(C)c4ccccc43)CC2)cc1
ZINC001160752262,CCC(C)(C)NS(=O)(=O)c1ccc(NCCN2CCC(F)(F)CC2)nc1
ZINC001160752330,CCC(CC)NS(=O)(=O)c1ccc(NCCN2CCC(F)(F)CC2)nc1
ZINC001160753023,CCC[C@H](C)NS(=O)(=O)c1ccc(NCCN2CCC(F)(F)CC2)nc1
ZINC001160753024,CCC[C@@H](C)NS(=O)(=O)c1ccc(NCCN2CCC(F)(F)CC2)nc1
ZINC001160753053,CC(C)CCNS(=O)(=O)c1ccc(NCCN2CCC(F)(F)CC2)nc1
ZINC001160753065,COC(=O)c1ccc(NC(=O)C(C)(C)C)c(NCCN2CCC(F)(F)CC2)n1
ZINC001160753622,CCOC(=O)c1ccnc(NCCN2CCC(F)(F)CC2)c1C(=O)OCC
ZINC001160753645,CCOC(=O)c1cnc(NCCN2CCC(F)(F)CC2)cc1C(=O)OCC
ZINC001204147855,COC(=O)c1ccc(CN2CCC(n3c(=O)n(C)c4ccccc43)CC2)cc1
ZINC001204671725,COC(=O)c1cccc(CN2CCC(n3c(=O)n(C)c4ccccc43)CC2)c1
ZINC001223015582,CCC(O)C(=O)O[C@@H]1c2ccccc2N(C)S(=O)(=O)c2cc(Cl)ccc21
ZINC001223015584,CCC(O)C(=O)O[C@@H]1c2ccccc2N(C)S(=O)(=O)c2cc(Cl)ccc21
ZINC001223015585,CCC(O)C(=O)O[C@H]1c2ccccc2N(C)S(=O)(=O)c2cc(Cl)ccc21
ZINC001223015862,CCC(O)C(=O)O[C@H]1c2ccccc2N(C)S(=O)(=O)c2cc(Cl)ccc21
ZINC001223017940,C[C@@H](CON)O[C@@H]1c2ccccc2N(C)S(=O)(=O)c2cc(Cl)ccc21
ZINC001223017942,C[C@H](CON)O[C@H]1c2ccccc2N(C)S(=O)(=O)c2cc(Cl)ccc21
ZINC001223017944,C[C@@H](CON)O[C@H]1c2ccccc2N(C)S(=O)(=O)c2cc(Cl)ccc21
ZINC001223017946,C[C@H](CON)O[C@@H]1c2ccccc2N(C)S(=O)(=O)c2cc(Cl)ccc21
ZINC001223018349,C[C@@H](O)CC(=O)O[C@@H]1c2ccccc2N(C)S(=O)(=O)c2cc(Cl)ccc21
ZINC001223018350,C[C@@H](O)CC(=O)O[C@H]1c2ccccc2N(C)S(=O)(=O)c2cc(Cl)ccc21
ZINC001231420011,COC(=O)c1cc(CN2CCC(n3c(=O)n(C)c4ccccc43)CC2)ccc1O
ZINC001231751812,COc1ccc(CN2CCC(n3c(=O)n(C)c4ccccc43)CC2)cc1C(=O)O
ZINC001231793008,Cn1c(=O)n(C2CCN(Cc3ccccc3OCC(=O)O)CC2)c2ccccc21
ZINC001237197075,Cn1c(=O)n(C2CCN(Cc3ccccc3OCCO)CC2)c2ccccc21
ZINC001237481296,COC(=O)Cc1cccc(CN2CCC(n3c(=O)n(C)c4ccccc43)CC2)c1
ZINC001599397500,COc1cc(C=O)ccc1OCC(=O)N[C@@]1(C(=O)O)CC[C@H](C)c2ccccc21
ZINC001599397503,COc1cc(C=O)ccc1OCC(=O)N[C@]1(C(=O)O)CC[C@@H](C)c2ccccc21
ZINC001599397505,COc1cc(C=O)ccc1OCC(=O)N[C@@]1(C(=O)O)CC[C@@H](C)c2ccccc21
ZINC001599397507,COc1cc(C=O)ccc1OCC(=O)N[C@]1(C(=O)O)CC[C@H](C)c2ccccc21
ZINC001607242224,COc1ccc(C=O)c(OCC(=O)N[C@@]2(C(=O)O)CC[C@H](C)c3ccccc32)c1
ZINC001607242225,COc1ccc(C=O)c(OCC(=O)N[C@]2(C(=O)O)CC[C@@H](C)c3ccccc32)c1
ZINC001607242226,COc1ccc(C=O)c(OCC(=O)N[C@@]2(C(=O)O)CC[C@@H](C)c3ccccc32)c1
ZINC001607242227,COc1ccc(C=O)c(OCC(=O)N[C@]2(C(=O)O)CC[C@H](C)c3ccccc32)c1
ZINC000014251913,O=c1[nH]c2ccccc2n1C1CCN(Cc2ccc(F)cc2Cl)CC1
ZINC001223022248,C=CCOCC(COCC=C)O[C@@H]1c2ccccc2N(C)S(=O)(=O)c2cc(Cl)ccc21
ZINC001223022256,C=CCOCC(COCC=C)O[C@H]1c2ccccc2N(C)S(=O)(=O)c2cc(Cl)ccc21
ZINC000303925308,NC(=O)C(c1ccc(Br)cc1F)N1CCC(n2c(=O)[nH]c3ccccc32)CC1
ZINC000303925310,NC(=O)C(c1ccc(Br)cc1F)N1CCC(n2c(=O)[nH]c3ccccc32)CC1
ZINC000484980939,COC(=O)C(c1cc(OC)cc(OC)c1)N1CCC(n2c(=O)[nH]c3ccccc32)CC1
ZINC000484980940,COC(=O)C(c1cc(OC)cc(OC)c1)N1CCC(n2c(=O)[nH]c3ccccc32)CC1
ZINC000485165672,NC(=O)C(c1cccc(Br)c1)N1CCC(n2c(=O)[nH]c3ccccc32)CC1
ZINC000485165673,NC(=O)C(c1cccc(Br)c1)N1CCC(n2c(=O)[nH]c3ccccc32)CC1
ZINC000506128460,COc1cc(CN2CCC(n3c(=O)[nH]c4ccccc43)CC2)cc(Cl)c1OCC(N)=O
ZINC000506160157,CCNC(=O)COc1ccc(CN2CCC(n3c(=O)[nH]c4ccccc43)CC2)cc1OC
ZINC000512001956,COc1ccc([C@@H](CN2CCCC2)NC(=O)Cc2ccc(S(=O)(=O)C(C)C)cc2)cc1
ZINC000533215430,NC(=O)C(c1ccc(Br)cc1)N1CCC(n2c(=O)[nH]c3ccccc32)CC1
ZINC000533215431,NC(=O)C(c1ccc(Br)cc1)N1CCC(n2c(=O)[nH]c3ccccc32)CC1
ZINC000536096454,COc1ccc([C@@H](CN2CCCC2)NC(=O)Cc2cc(OC)c(OC)c(OC)c2)cc1
ZINC000679412267,COc1ccc([C@@H](CN2CCCC2)NC(=O)C(C)c2ccc(S(C)(=O)=O)cc2)cc1
ZINC000679412269,COc1ccc([C@@H](CN2CCCC2)NC(=O)C(C)c2ccc(S(C)(=O)=O)cc2)cc1
ZINC000769376823,CN(C)C(=O)COc1ccc(C(F)(F)C(=O)N[C@H](CN2CCCC2)c2ccccc2)cc1
ZINC000778573340,CN(C)C(=O)COc1ccccc1C(F)(F)C(=O)N[C@H](CN1CCCC1)c1ccccc1
ZINC001141701441,COC(=O)c1cc(OC)cc(OC)c1CN1CCC(n2c(=O)[nH]c3ccccc32)CC1
ZINC001144279895,CC(=O)Oc1ccc(CN2CCC(n3c(=O)n(C)c4ccccc43)CC2)cc1OC(C)=O
ZINC001630884307,COc1ccc([C@@H](CN2CCCC2)NC(=O)C(O)c2cccc(Br)c2)cc1
ZINC001630884309,COc1ccc([C@@H](CN2CCCC2)NC(=O)C(O)c2cccc(Br)c2)cc1
ZINC000277947433,CC(C)NS(=O)(=O)c1cccnc1NCCN1CCC(N(C)C)CC1
ZINC000450369365,CN(C)C1CCN(CCNc2ccc(I)cn2)CC1
ZINC000590492262,CCC(CC)NS(=O)(=O)c1ccc(NCCN2CCCCC2)nc1
ZINC000590692845,COC1CCN(CCNc2ccc(I)cn2)CC1
ZINC000599430651,CC(C)CCNS(=O)(=O)c1ccc(NCCN2CCC(C)CC2)nc1
ZINC000674043467,CN(C)C(=O)c1cnc(NCCN2CCC(N(C)C)CC2)c(Cl)c1
ZINC000679465889,NS(=O)(=O)c1cc(Br)cnc1NCCN1CCCCC1
ZINC000683352348,COC1CCN(CCNc2ncccc2S(=O)(=O)NC(C)C)CC1
ZINC001160747078,COC(=O)c1ccc(NCCN2CCC(F)(F)CC2)nc1C(=O)OC
ZINC001160749182,NS(=O)(=O)c1cnc(NCCN2CCC(F)(F)CC2)c(Cl)c1
ZINC001160752806,CC(C)NS(=O)(=O)c1ccc(NCCN2CCC(F)(F)CC2)nc1
ZINC001160753579,NS(=O)(=O)c1ccc(Cl)nc1NCCN1CCC(F)(F)CC1
ZINC001160753830,CC(=O)NS(=O)(=O)c1ccc(NCCN2CCC(F)(F)CC2)nc1
ZINC001161870474,CCC(C)(C)NS(=O)(=O)c1ccc(NCCN2CCC(N)CC2)nc1
ZINC001161870798,CCC[C@H](C)NS(=O)(=O)c1ccc(NCCN2CCC(N)CC2)nc1
ZINC001161870800,CCC[C@@H](C)NS(=O)(=O)c1ccc(NCCN2CCC(N)CC2)nc1
ZINC001161871179,CC(C)CCNS(=O)(=O)c1ccc(NCCN2CCC(N)CC2)nc1
ZINC001161871342,CCC(CC)NS(=O)(=O)c1ccc(NCCN2CCC(N)CC2)nc1
ZINC001161872652,CCOC(=O)c1ccnc(NCCN2CCC(N)CC2)c1C(=O)OCC
ZINC001161873163,CCOC(=O)c1cnc(NCCN2CCC(N)CC2)cc1C(=O)OCC
ZINC001318977528,CCN(CC)S(=O)(=O)c1ccc(NCCN2CCC(OC)CC2)nc1
ZINC000095412134,Cc1cc(Br)cnc1NCCN1CCC(N(C)C)CC1
ZINC000095412156,COC1CCN(CCNc2ncc(Br)cc2C)CC1
ZINC000165237035,Ic1ccc(NCCN2CCCCC2)nc1
ZINC000194322172,Cc1cnc(NCCN2CCC(N(C)C)CC2)c(Br)c1
ZINC000264868893,CC1CCN([C@@H](CNc2ccc(C(=O)N(C)C)cn2)C(C)C)CC1
ZINC000264868895,CC1CCN([C@H](CNc2ccc(C(=O)N(C)C)cn2)C(C)C)CC1
ZINC000270325134,Cc1cc(NCCN2CCC(N(C)C)CC2)ncc1Br
ZINC000272270367,O=c1[nH]c2ccccc2n1C1CCN(Cc2ccc(CO)cc2)CC1
ZINC000273407178,Cc1nc(NCCN2CCC(N(C)C)CC2)ccc1Br
ZINC000288586886,Cc1ccnc(NCCN2CCC(N(C)C)CC2)c1Br
ZINC000298755995,C[C@@H]1CCCN([C@H](C)CNc2ncc(C(=O)N(C)C)cc2Cl)C1
ZINC000298756005,C[C@@H]1CCCN([C@@H](C)CNc2ncc(C(=O)N(C)C)cc2Cl)C1
ZINC000298756015,C[C@H]1CCCN([C@H](C)CNc2ncc(C(=O)N(C)C)cc2Cl)C1
ZINC000298756025,C[C@H]1CCCN([C@@H](C)CNc2ncc(C(=O)N(C)C)cc2Cl)C1
ZINC000301275210,CCNC(=O)c1ccc(NC[C@@H](C(C)C)N2CCC(C)CC2)nc1
ZINC000301275213,CCNC(=O)c1ccc(NC[C@H](C(C)C)N2CCC(C)CC2)nc1
ZINC000301843865,COC1CCN(CCNc2cc(C)c(Br)cn2)CC1
ZINC000301998309,CCCNC(=O)c1ccc(N[C@H](C)CN2C[C@H](C)C[C@@H](C)C2)nc1
ZINC000301998311,CCCNC(=O)c1ccc(N[C@H](C)CN2C[C@@H](C)C[C@H](C)C2)nc1
ZINC000301998313,CCCNC(=O)c1ccc(N[C@H](C)CN2C[C@H](C)C[C@H](C)C2)nc1
ZINC000301998315,CCCNC(=O)c1ccc(N[C@@H](C)CN2C[C@H](C)C[C@H](C)C2)nc1
ZINC000302755554,CC1CCN([C@@H](CNc2ncccc2S(C)(=O)=O)C(C)C)CC1
ZINC000302755555,CC1CCN([C@H](CNc2ncccc2S(C)(=O)=O)C(C)C)CC1
ZINC000309573860,Ic1cccnc1NCCN1CCCCC1
ZINC000337608063,C[C@]1(NC(=O)COc2ccc(C(N)=O)cc2)CCCc2ccccc21
ZINC000337608065,C[C@@]1(NC(=O)COc2ccc(C(N)=O)cc2)CCCc2ccccc21
ZINC000354313221,CC1CCN(CCNc2ncccc2I)CC1
ZINC000358953119,CCOC(=O)c1cc(NC[C@@H](C)N2CCC[C@@H](C)C2)ncc1Cl
ZINC000358953122,CCOC(=O)c1cc(NC[C@H](C)N2CCC[C@@H](C)C2)ncc1Cl
ZINC000358953125,CCOC(=O)c1cc(NC[C@@H](C)N2CCC[C@H](C)C2)ncc1Cl
ZINC000358953129,CCOC(=O)c1cc(NC[C@H](C)N2CCC[C@H](C)C2)ncc1Cl
ZINC000362736700,C[C@H](CN1CCCCC1)Nc1ncccc1I
ZINC000362736701,C[C@@H](CN1CCCCC1)Nc1ncccc1I
ZINC000443964061,CN(C)C(=O)c1cnc(NCCN2CCCC(C)(C)C2)c(Cl)c1
ZINC000486952034,C[C@@H]1CCCN(CCNc2ncccc2I)C1
ZINC000486952035,C[C@H]1CCCN(CCNc2ncccc2I)C1
ZINC000590138618,COC1CCN(CCNc2cccc(C(=O)OC(C)(C)C)n2)CC1
ZINC000591920911,COC1CCN(CCNc2ncccc2C(=O)OC(C)(C)C)CC1
ZINC000593516143,CCOC(=O)c1cc(N(C)CCN2CCCCC2)ncc1Cl
ZINC000596295886,COC(=O)c1ccc(C(F)(F)F)nc1N(C)CCN1CCCCC1
ZINC000663699858,COC1CCN(CCNc2nc(C(F)(F)F)ccc2C(C)=O)CC1
ZINC000664457349,CC1CCN(C[C@@H](C)Nc2ncc(C(=O)N(C)C)cc2Cl)CC1
ZINC000664457351,CC1CCN(C[C@H](C)Nc2ncc(C(=O)N(C)C)cc2Cl)CC1
ZINC000667870505,C[C@]1(NC(=O)COc2ccc(CO)cc2)CCCc2ccccc21
ZINC000667870506,C[C@@]1(NC(=O)COc2ccc(CO)cc2)CCCc2ccccc21
ZINC000672163286,CC1CCN([C@@H](CNc2ccc(S(C)(=O)=O)cn2)C(C)C)CC1
ZINC000672163287,CC1CCN([C@H](CNc2ccc(S(C)(=O)=O)cn2)C(C)C)CC1
ZINC000672232445,COC1CCN(CCNc2nccc(C)c2Br)CC1
ZINC000680059999,COC1CCN(CCNc2ccc(Br)c(C)n2)CC1
ZINC000681389474,COC1CCN(CCNc2ncc(Br)cc2F)CC1
ZINC000684762069,COC1CCN(CCNc2ncc(C)cc2Br)CC1
ZINC000779593158,O=C(Cc1ccccc1CO)N[C@H](CN1CCCC1)c1ccccc1
ZINC000804352830,COC(=O)c1cnc(NCCN2CCCCC2)cc1C(F)(F)F
ZINC000845760861,COC(=O)c1cnc(N(C)CCN2CCCCC2)cc1C(F)(F)F
ZINC000858307876,O=Cc1ccc(CC(=O)N[C@H](CN2CCCC2)c2ccccc2)cc1
ZINC000865585246,Cc1ccc(Br)c(NCCN2CCC(N(C)C)CC2)n1
ZINC000865594831,COC1CCN(CCNc2nc(C)ccc2Br)CC1
ZINC000892853690,COC1CCN(CCNc2cc(C(=O)OC(C)(C)C)ccn2)CC1
ZINC000910286839,C[C@H]1CCCN(CCNc2nc(C(F)(F)F)ccc2C(=O)O)C1
ZINC000910286840,C[C@@H]1CCCN(CCNc2nc(C(F)(F)F)ccc2C(=O)O)C1
ZINC000910287914,CC1CCN(CCNc2nc(C(F)(F)F)ccc2C(=O)O)CC1
ZINC000910355975,CN(CCN1CCCCC1)c1nc(C(F)(F)F)ccc1C(=O)O
ZINC001138325847,O=c1[nH]c2ccccc2n1C1CCN(Cc2cc(O)cc(O)c2)CC1
ZINC001160746776,COC(=O)c1ccc(Cl)nc1NCCN1CCC(F)(F)CC1
ZINC001160746933,COC(=O)c1cc(NCCN2CCC(F)(F)CC2)ncc1Cl
ZINC001160747013,CCOC(=O)c1cc(F)cnc1NCCN1CCC(F)(F)CC1
ZINC001160747348,COC(=O)c1cc(Cl)nc(NCCN2CCC(F)(F)CC2)c1
ZINC001160747686,CCOC(=O)c1ccc(C)c(NCCN2CCC(F)(F)CC2)n1
ZINC001160747942,CCOC(=O)c1cc(C)cc(NCCN2CCC(F)(F)CC2)n1
ZINC001160748340,CCOC(=O)C=Cc1cccnc1NCCN1CCC(F)(F)CC1
ZINC001160748531,COC(=O)c1cnc(NCCN2CCC(F)(F)CC2)c(Cl)c1
ZINC001160748662,COC(=O)c1cc(Cl)cc(NCCN2CCC(F)(F)CC2)n1
ZINC001160748663,COC(=O)c1cc(Cl)cnc1NCCN1CCC(F)(F)CC1
ZINC001160748831,COC(=O)c1c(C)cc(C)nc1NCCN1CCC(F)(F)CC1
ZINC001160748849,COC(=O)c1ccc(Cl)c(NCCN2CCC(F)(F)CC2)n1
ZINC001160749061,CCOC(=O)c1cnc(NCCN2CCC(F)(F)CC2)c(C)c1
ZINC001160749178,CCOC(=O)c1cc(NCCN2CCC(F)(F)CC2)ncc1C
ZINC001160749334,CCOC(=O)c1cc(C)cnc1NCCN1CCC(F)(F)CC1
ZINC001160749392,COC(=O)c1nc(NCCN2CCC(F)(F)CC2)ccc1Cl
ZINC001160749462,CC(C)(C)NC(=O)c1ccc(NCCN2CCC(F)(F)CC2)nc1
ZINC001160752113,CCOC(=O)C=Cc1ccc(NCCN2CCC(F)(F)CC2)nc1
ZINC001160752225,CC(C)(C)NC(=O)c1ccnc(NCCN2CCC(F)(F)CC2)c1
ZINC001160753054,CCOC(=O)c1c(C)ccnc1NCCN1CCC(F)(F)CC1
ZINC001160753078,COC(OC)c1cc(C)cnc1NCCN1CCC(F)(F)CC1
ZINC001160753099,CN(C)C(=O)c1cnc(NCCN2CCC(F)(F)CC2)c(Cl)c1
ZINC001160753101,COC(=O)C=Cc1cc(C)cnc1NCCN1CCC(F)(F)CC1
ZINC001160753485,COC(=O)c1cc(Cl)c(NCCN2CCC(F)(F)CC2)nc1C
ZINC001160753539,CC(C)OC(=O)c1cccnc1NCCN1CCC(F)(F)CC1
ZINC001161871192,CCCCOc1cnc(NCCN2CCC(N)CC2)c(Cl)c1
ZINC001203862474,Cn1c(=O)n(C2CCN(Cc3cccc(O)c3)CC2)c2ccccc21
ZINC001204095854,Cn1c(=O)n(C2CCN(Cc3ccc(O)cc3)CC2)c2ccccc21
ZINC001237221206,Cn1c(=O)n(C2CCN(Cc3cccc(N)c3)CC2)c2ccccc21
ZINC001594422282,CC1CCN(CCNc2cc(C(F)(F)F)c(C(=O)O)cn2)CC1
ZINC001604738154,C[C@H]1CCCN(CCNc2ncc(C(=O)O)cc2C(F)(F)F)C1
ZINC001604738155,C[C@@H]1CCCN(CCNc2ncc(C(=O)O)cc2C(F)(F)F)C1
ZINC001233306858,COC(=O)c1cc(Br)c(O)c(CN2CCC(n3c(=O)[nH]c4ccccc43)CC2)c1
ZINC001248391337,COc1cc(I)cc(CN2CCC(n3c(=O)[nH]c4ccccc43)CC2)c1O
ZINC001248462240,COc1cc(O)c(CN2CCC(n3c(=O)[nH]c4ccccc43)CC2)cc1I
ZINC001248487801,COc1ccc(CN2CCC(n3c(=O)[nH]c4ccccc43)CC2)c(O)c1I
ZINC001249737294,CCOC(=O)CCCOc1ccc(CN2CCC(n3c(=O)n(C)c4ccccc43)CC2)c(O)c1
ZINC000078755907,CC(C(=O)N[C@H](CN1CCCC1)c1ccccc1)c1ccc(S(C)(=O)=O)cc1
ZINC000078755912,CC(C(=O)N[C@H](CN1CCCC1)c1ccccc1)c1ccc(S(C)(=O)=O)cc1
ZINC000303867647,O=C(Cc1ccc(S(=O)(=O)C(F)F)cc1)N[C@H](CN1CCCC1)c1ccccc1
ZINC000489729514,CC(C)([C@@H](NC(=O)Cc1ccccc1C(N)=O)c1ccc(F)c(F)c1)N1CCCC1
ZINC000501271369,COC(=O)c1cc(CN2CCC(n3c(=O)[nH]c4ccccc43)CC2)cc(C(=O)OC)c1
ZINC000506140317,CN(C)C(=O)COc1ccccc1CN1CCC(n2c(=O)[nH]c3ccccc32)CC1
ZINC000510185427,CC(C)S(=O)(=O)c1ccc(CC(=O)N[C@H](CN2CCCC2)c2ccccc2)cc1
ZINC000538831050,COc1ccc([C@@H](CN2CCCC2)NC(=O)Cc2cc(C(C)=O)ccc2OC)cc1
ZINC000552125208,COc1ccc([C@@H](CN2CCCC2)NC(=O)C(CO)c2ccc(Cl)cc2)cc1
ZINC000552125209,COc1ccc([C@@H](CN2CCCC2)NC(=O)C(CO)c2ccc(Cl)cc2)cc1
ZINC000559065103,COC(=O)c1cccc(C(C(=O)OC)N2CCC(n3c(=O)[nH]c4ccccc43)CC2)c1
ZINC000559065104,COC(=O)c1cccc(C(C(=O)OC)N2CCC(n3c(=O)[nH]c4ccccc43)CC2)c1
ZINC000813506286,COc1ccc([C@@H](CN2CCCC2)NC(=O)C(O)c2ccc(Cl)cc2F)cc1
ZINC000813506288,COc1ccc([C@@H](CN2CCCC2)NC(=O)C(O)c2ccc(Cl)cc2F)cc1
ZINC001138772735,CN(C)CCOc1ccc(CN2CCC(n3c(=O)n(C)c4ccccc43)CC2)cc1
ZINC001139134982,CCOC(=O)COc1ccccc1CN1CCC(n2c(=O)n(C)c3ccccc32)CC1
ZINC001139267206,COc1cccc(CN2CCC(n3c(=O)[nH]c4ccccc43)CC2)c1OCC(=O)O
ZINC001140619610,CC(C)NC(=O)c1ccc(CN2CCC(n3c(=O)n(C)c4ccccc43)CC2)cc1
ZINC001140629070,Cn1c(=O)n(C2CCN(Cc3ccc(OC(F)F)c(O)c3)CC2)c2ccccc21
ZINC001144272167,CC(=O)Oc1ccc(CN2CCC(n3c(=O)[nH]c4ccccc43)CC2)cc1OC(C)=O
ZINC001160752064,COC(=O)C=Cc1ccc(NC(=O)C(C)(C)C)c(NCCN2CCC(F)(F)CC2)n1
ZINC001203464703,COc1ccc(CN2CCC(n3c(=O)n(C)c4ccccc43)CC2)c(OC)c1OC
ZINC001203495444,COc1cc(OC)c(OC)cc1CN1CCC(n2c(=O)n(C)c3ccccc32)CC1
ZINC001203513233,COc1cc(OC)c(CN2CCC(n3c(=O)n(C)c4ccccc43)CC2)c(OC)c1
ZINC001203831304,COc1cc(CN2CCC(n3c(=O)n(C)c4ccccc43)CC2)ccc1OC(C)=O
ZINC001203845805,COc1cc(CN2CCC(n3c(=O)n(C)c4ccccc43)CC2)cc(OC)c1OC
ZINC001209688386,CCOc1cc(C(=O)OC)ccc1CN1CCC(n2c(=O)n(C)c3ccccc32)CC1
ZINC001223022955,COCC(COC)O[C@H]1c2ccccc2N(C)S(=O)(=O)c2cc(Cl)ccc21
ZINC001223022966,COCC(COC)O[C@@H]1c2ccccc2N(C)S(=O)(=O)c2cc(Cl)ccc21
ZINC001231710074,COc1ccc(CN2CCC(n3c(=O)n(C)c4ccccc43)CC2)cc1OC(C)=O
ZINC001233299072,COC(=O)/C=C/c1ccc(CN2CCC(n3c(=O)n(C)c4ccccc43)CC2)cc1
ZINC001235356128,Cc1cc(CN2CCC(n3c(=O)n(C)c4ccccc43)CC2)cc(C)c1OCCO
ZINC001236923182,CS(=O)(=O)c1ccc(CN2CCC(n3c(=O)[nH]c4ccccc43)CC2)c(F)c1
ZINC001236950208,CS(=O)(=O)c1cc(CN2CCC(n3c(=O)[nH]c4ccccc43)CC2)ccc1F
ZINC001237482203,CCOC(=O)Cc1ccc(CN2CCC(n3c(=O)n(C)c4ccccc43)CC2)cc1
ZINC001237910863,CCOC(=O)COc1cccc(CN2CCC(n3c(=O)n(C)c4ccccc43)CC2)c1
ZINC001249773930,Cn1c(=O)n(C2CCN(Cc3ccc(F)c(C(=O)O)c3F)CC2)c2ccccc21
ZINC001250428230,COC(=O)c1c(F)ccc(CN2CCC(n3c(=O)n(C)c4ccccc43)CC2)c1F
ZINC001587056529,O=C(N[C@H](CN1CCCC1)c1ccccc1)C(O)c1cccc(Br)c1
ZINC001587056532,O=C(N[C@H](CN1CCCC1)c1ccccc1)C(O)c1cccc(Br)c1
ZINC001618407209,O=C(Cc1ccccc1S(=O)(=O)C(F)F)N[C@H](CN1CCCC1)c1ccccc1
ZINC000096316370,COc1ccc2c3c1O[C@H]1[C@@]4(OC)C=C[C@@]5(C[C@@H]4CO)[C@@H](C2)N(C)CC[C@]315
ZINC000253504717,CO[C@@]12C=C[C@@]3(C[C@H]1CO)[C@H]1Cc4ccc(O)c5c4[C@@]3(CCN1C)[C@H]2O5
ZINC000253504719,CO[C@@]12C=C[C@@]3(C[C@@H]1CO)[C@H]1Cc4ccc(O)c5c4[C@@]3(CCN1C)[C@H]2O5
ZINC000253505048,CN1CC[C@]23c4c5ccc(O)c4O[C@H]2[C@@]2(O)C=C[C@@]3(CC2C(=O)O)[C@H]1C5
ZINC000253505053,CN1CC[C@]23c4c5ccc(O)c4O[C@H]2[C@@]2(O)C=C[C@@]3(CC2C(=O)O)[C@H]1C5
ZINC000445688610,O=C(Cc1ccc([N+](=O)[O-])cc1Br)N[C@H](CN1CCCC1)c1ccccc1
ZINC000302910501,COc1cc(CN2CCC(n3c(=O)[nH]c4ccccc43)CC2)c([N+](=O)[O-])cc1OC(F)F
ZINC000791141859,COc1ccc([C@@H](CN2CCCC2)NC(=O)Cc2cc(F)c(Cl)cc2[N+](=O)[O-])cc1
ZINC000593517946,CN(CCN1CCCCC1)c1cccc(C#N)n1
ZINC000593518463,CN(CCN1CCCCC1)c1cc(C#N)ccn1
ZINC000045513105,CCN(CC)C(=O)C(c1ccccc1)N1CCC(n2c(=O)[nH]c3ccccc32)CC1
ZINC000045513108,CCN(CC)C(=O)C(c1ccccc1)N1CCC(n2c(=O)[nH]c3ccccc32)CC1
ZINC000095456458,COc1ccc([C@@H](CN2CCCC2)NC(=O)Cc2ccccc2Br)cc1
ZINC000302810756,COc1ccc(Br)cc1CN1CCC(n2c(=O)[nH]c3ccccc32)CC1
ZINC000480422392,CC(C)N(C(C)C)S(=O)(=O)c1ccc(N[C@H](C)CN2C[C@H](C)C[C@H](C)C2)nc1
ZINC000480422394,CC(C)N(C(C)C)S(=O)(=O)c1ccc(N[C@H](C)CN2C[C@H](C)C[C@@H](C)C2)nc1
ZINC000480422395,CC(C)N(C(C)C)S(=O)(=O)c1ccc(N[C@@H](C)CN2C[C@H](C)C[C@H](C)C2)nc1
ZINC000480422396,CC(C)N(C(C)C)S(=O)(=O)c1ccc(N[C@@H](C)CN2C[C@H](C)C[C@@H](C)C2)nc1
ZINC000500389449,COc1ccc([C@@H](CN2CCCC2)NC(=O)Cc2cccc(OC(F)F)c2)cc1
ZINC000500397510,COc1ccc([C@@H](CN2CCCC2)NC(=O)Cc2cccc(Br)c2)cc1
ZINC000500417754,COc1ccc([C@@H](CN2CCCC2)NC(=O)Cc2ccccc2OC(F)F)cc1
ZINC000506123409,COC(=O)COc1c(C)cc(CN2CCC(n3c(=O)[nH]c4ccccc43)CC2)cc1C
ZINC000506125032,COCCOc1ccc(CN2CCC(n3c(=O)[nH]c4ccccc43)CC2)cc1OC
ZINC000506149478,CCOC(=O)COc1ccc(CN2CCC(n3c(=O)[nH]c4ccccc43)CC2)cc1
ZINC000506160869,CCOc1c(OC)cc(CN2CCC(n3c(=O)[nH]c4ccccc43)CC2)cc1OC
ZINC000511354015,CCCNC(=O)Nc1ccc(CC(=O)N[C@H](CN2CCCC2)c2ccccc2)cc1
ZINC000537728882,COc1ccc([C@@H](CN2CCCC2)NC(=O)Cc2ccc(Br)cc2)cc1
ZINC000539931239,COc1ccc([C@@H](CN2CCCC2)NC(=O)Cc2cc(Cl)ccc2OC)cc1
ZINC000539931370,COc1ccc([C@@H](CN2CCCC2)NC(=O)Cc2ccc(OC(F)F)cc2)cc1
ZINC000543843081,CC(C)S(=O)(=O)c1ccc(CN2CCC(n3c(=O)[nH]c4ccccc43)CC2)cc1
ZINC000589595827,CC(C)CNC(=O)c1cccc(CN2CCC(n3c(=O)[nH]c4ccccc43)CC2)c1
ZINC000779542750,COc1ccc([C@@H](CN2CCCC2)NC(=O)C(O)c2cc(Cl)cc(Cl)c2)cc1
ZINC000779542752,COc1ccc([C@@H](CN2CCCC2)NC(=O)C(O)c2cc(Cl)cc(Cl)c2)cc1
ZINC000802960969,COc1ccc([C@@H](CN2CCCC2)NC(=O)C(O)c2cccc(C(F)(F)F)c2)cc1
ZINC000802960971,COc1ccc([C@@H](CN2CCCC2)NC(=O)C(O)c2cccc(C(F)(F)F)c2)cc1
ZINC000813506489,COc1ccc([C@@H](CN2CCCC2)NC(=O)C(F)(F)c2ccc(OC)cc2)cc1
ZINC001135444777,O=C(Cc1ccc(NC(=O)C(F)(F)F)cc1)N[C@H](CN1CCCC1)c1ccccc1
ZINC001136939836,Cn1c(=O)n(C2CCN(Cc3ccc(OCC(F)F)cc3)CC2)c2ccccc21
ZINC001138146887,Cn1c(=O)n(C2CCN(Cc3cc(O)ccc3Br)CC2)c2ccccc21
ZINC001138553298,COc1cc(CN2CCC(n3c(=O)n(C)c4ccccc43)CC2)ccc1OC(F)F
ZINC001138574524,COc1cc(CN2CCC(n3c(=O)n(C)c4ccccc43)CC2)ccc1OC(C)C
ZINC001138745819,COc1cc(Cl)cc(CN2CCC(n3c(=O)n(C)c4ccccc43)CC2)c1OC
ZINC001138974218,CCOc1ccc(CN2CCC(n3c(=O)n(C)c4ccccc43)CC2)cc1OCC
ZINC001138978009,CCOc1ccc(CN2CCC(n3c(=O)n(C)c4ccccc43)CC2)c(OCC)c1
ZINC001139003523,CCOc1cc(CN2CCC(n3c(=O)[nH]c4ccccc43)CC2)ccc1OC(C)=O
ZINC001139004245,CCOc1cc(CN2CCC(n3c(=O)n(C)c4ccccc43)CC2)ccc1OC(C)=O
ZINC001139118031,COc1ccc(CN2CCC(n3c(=O)n(C)c4ccccc43)CC2)c(Cl)c1OC
ZINC001139132243,CCOC(=O)COc1ccccc1CN1CCC(n2c(=O)[nH]c3ccccc32)CC1
ZINC001140222426,Nc1cc(Br)ccc1CN1CCC(n2c(=O)[nH]c3ccccc32)CC1
ZINC001140223679,Cn1c(=O)n(C2CCN(Cc3ccc(Br)cc3N)CC2)c2ccccc21
ZINC001140551297,Cn1c(=O)n(C2CCN(Cc3cccc(O)c3Br)CC2)c2ccccc21
ZINC001143276287,CCOc1ccc(CN2CCC(n3c(=O)n(C)c4ccccc43)CC2)c(F)c1F
ZINC001143371240,COc1ccc(F)c(CN2CCC(n3c(=O)n(C)c4ccccc43)CC2)c1Cl
ZINC001143495458,CCOc1ccc(F)c(F)c1CN1CCC(n2c(=O)n(C)c3ccccc32)CC1
ZINC001143574636,CCOc1cc(F)c(CN2CCC(n3c(=O)n(C)c4ccccc43)CC2)c(F)c1
ZINC001143848057,COc1c(F)cc(CN2CCC(n3c(=O)n(C)c4ccccc43)CC2)cc1Cl
ZINC001143897269,COc1ccc(Cl)c(CN2CCC(n3c(=O)n(C)c4ccccc43)CC2)c1F
ZINC001143937442,CCOc1ccc(F)c(CN2CCC(n3c(=O)n(C)c4ccccc43)CC2)c1F
ZINC001144030551,CCOc1c(F)cc(CN2CCC(n3c(=O)n(C)c4ccccc43)CC2)cc1F
ZINC001144386311,Cn1c(=O)n(C2CCN(Cc3ccc(O)cc3C(F)(F)F)CC2)c2ccccc21
ZINC001151338522,COc1ccc([C@@H](CN2CCCC2)NC(=O)C(O)c2ccccc2C(F)(F)F)cc1
ZINC001151338525,COc1ccc([C@@H](CN2CCCC2)NC(=O)C(O)c2ccccc2C(F)(F)F)cc1
ZINC001151338872,COc1ccc([C@@H](CN2CCCC2)NC(=O)C(O)c2ccc(Cl)c(Cl)c2)cc1
ZINC001151338874,COc1ccc([C@@H](CN2CCCC2)NC(=O)C(O)c2ccc(Cl)c(Cl)c2)cc1
ZINC001160751826,COC(OC)c1ccc(NC(=O)C(C)(C)C)c(NCCN2CCC(F)(F)CC2)n1
ZINC001203328867,Cn1c(=O)n(C2CCN(Cc3ccccc3Br)CC2)c2ccccc21
ZINC001203367092,Cn1c(=O)n(C2CCN(Cc3c(F)c(F)c(F)c(F)c3F)CC2)c2ccccc21
ZINC001203769422,Cn1c(=O)n(C2CCN(Cc3cccc(Br)c3)CC2)c2ccccc21
ZINC001203908335,Cn1c(=O)n(C2CCN(Cc3ccc(Br)cc3)CC2)c2ccccc21
ZINC001204263296,CN(C)CCCOc1ccc(CN2CCC(n3c(=O)[nH]c4ccccc43)CC2)cc1
ZINC001204268374,CN(C)CCCOc1ccc(CN2CCC(n3c(=O)n(C)c4ccccc43)CC2)cc1
ZINC001207118168,Cn1c(=O)n(C2CCN(Cc3c(F)cccc3OC(F)F)CC2)c2ccccc21
ZINC001209665286,COc1cc(CN2CCC(n3c(=O)n(C)c4ccccc43)CC2)c(F)cc1Cl
ZINC001209681997,CCOc1cc(C(=O)OC)ccc1CN1CCC(n2c(=O)[nH]c3ccccc32)CC1
ZINC001209701364,COc1c(Cl)ccc(CN2CCC(n3c(=O)n(C)c4ccccc43)CC2)c1F
ZINC001223016687,COC(=O)C[C@@H](C)O[C@H]1c2ccccc2N(C)S(=O)(=O)c2cc(Cl)ccc21
ZINC001223016693,COC(=O)C[C@@H](C)O[C@@H]1c2ccccc2N(C)S(=O)(=O)c2cc(Cl)ccc21
ZINC001223017368,CCCOC(=O)C(C)O[C@@H]1c2ccccc2N(C)S(=O)(=O)c2cc(Cl)ccc21
ZINC001223017377,CCCOC(=O)C(C)O[C@H]1c2ccccc2N(C)S(=O)(=O)c2cc(Cl)ccc21
ZINC001223017378,CCCOC(=O)C(C)O[C@@H]1c2ccccc2N(C)S(=O)(=O)c2cc(Cl)ccc21
ZINC001223017381,CCCOC(=O)C(C)O[C@H]1c2ccccc2N(C)S(=O)(=O)c2cc(Cl)ccc21
ZINC001223017936,CCOC(=O)C[C@@H](C)O[C@H]1c2ccccc2N(C)S(=O)(=O)c2cc(Cl)ccc21
ZINC001223017937,CCOC(=O)C[C@@H](C)O[C@@H]1c2ccccc2N(C)S(=O)(=O)c2cc(Cl)ccc21
ZINC001223018353,CC(C)OC(=O)CO[C@H]1c2ccccc2N(C)S(=O)(=O)c2cc(Cl)ccc21
ZINC001223018354,CC(C)OC(=O)CO[C@@H]1c2ccccc2N(C)S(=O)(=O)c2cc(Cl)ccc21
ZINC001223020420,C=CC(=O)OC[C@H](C)O[C@H]1c2ccccc2N(C)S(=O)(=O)c2cc(Cl)ccc21
ZINC001223020421,C=CC(=O)OC[C@H](C)O[C@@H]1c2ccccc2N(C)S(=O)(=O)c2cc(Cl)ccc21
ZINC001223020422,C=CC(=O)OC[C@@H](C)O[C@H]1c2ccccc2N(C)S(=O)(=O)c2cc(Cl)ccc21
ZINC001223020423,C=CC(=O)OC[C@@H](C)O[C@@H]1c2ccccc2N(C)S(=O)(=O)c2cc(Cl)ccc21
ZINC001223020504,CCOC(=O)C(C)O[C@@H]1c2ccccc2N(C)S(=O)(=O)c2cc(Cl)ccc21
ZINC001223020505,CCOC(=O)C(C)O[C@H]1c2ccccc2N(C)S(=O)(=O)c2cc(Cl)ccc21
ZINC001223020584,C[C@H](O)CCCC(=O)O[C@H]1c2ccccc2N(C)S(=O)(=O)c2cc(Cl)ccc21
ZINC001223020586,C[C@H](O)CCCC(=O)O[C@@H]1c2ccccc2N(C)S(=O)(=O)c2cc(Cl)ccc21
ZINC001223020588,C[C@@H](O)CCCC(=O)O[C@H]1c2ccccc2N(C)S(=O)(=O)c2cc(Cl)ccc21
ZINC001223020592,C[C@@H](O)CCCC(=O)O[C@@H]1c2ccccc2N(C)S(=O)(=O)c2cc(Cl)ccc21
ZINC001223020676,CC[C@@H](CC(=O)OC)O[C@@H]1c2ccccc2N(C)S(=O)(=O)c2cc(Cl)ccc21
ZINC001223020678,CC[C@@H](CC(=O)OC)O[C@H]1c2ccccc2N(C)S(=O)(=O)c2cc(Cl)ccc21
ZINC001223021092,CCC(O[C@H]1c2ccccc2N(C)S(=O)(=O)c2cc(Cl)ccc21)C(=O)OC
ZINC001223021094,CCC(O[C@@H]1c2ccccc2N(C)S(=O)(=O)c2cc(Cl)ccc21)C(=O)OC
ZINC001223023471,CCOC(=O)C(CC)O[C@H]1c2ccccc2N(C)S(=O)(=O)c2cc(Cl)ccc21
ZINC001223023472,CCOC(=O)C(CC)O[C@@H]1c2ccccc2N(C)S(=O)(=O)c2cc(Cl)ccc21
ZINC001223023473,CCOC(=O)C(CC)O[C@H]1c2ccccc2N(C)S(=O)(=O)c2cc(Cl)ccc21
ZINC001223023474,CCOC(=O)C(CC)O[C@@H]1c2ccccc2N(C)S(=O)(=O)c2cc(Cl)ccc21
ZINC001231506118,COCCCOc1ccc(CN2CCC(n3c(=O)n(C)c4ccccc43)CC2)cc1
ZINC001231523423,Cn1c(=O)n(C2CCN(Cc3ccc(O)c(C(F)(F)F)c3)CC2)c2ccccc21
ZINC001231696181,COc1cc(Cl)c(CN2CCC(n3c(=O)n(C)c4ccccc43)CC2)c(OC)c1
ZINC001232374125,COc1cc(CN2CCC(n3c(=O)n(C)c4ccccc43)CC2)c(OC)cc1Cl
ZINC001232391483,COc1ccc(OC(C)C)c(CN2CCC(n3c(=O)n(C)c4ccccc43)CC2)c1
ZINC001232521498,Nc1c(Br)cccc1CN1CCC(n2c(=O)[nH]c3ccccc32)CC1
ZINC001232525659,Cn1c(=O)n(C2CCN(Cc3cccc(Br)c3N)CC2)c2ccccc21
ZINC001232578539,COC(=O)c1ccc(CN2CCC(n3c(=O)n(C)c4ccccc43)CC2)c(Cl)c1
ZINC001232998527,Cn1c(=O)n(C2CCN(Cc3cc(O)cc(Br)c3)CC2)c2ccccc21
ZINC001233003583,COc1cc(Cl)cc(F)c1CN1CCC(n2c(=O)n(C)c3ccccc32)CC1
ZINC001233400618,COc1ccc(CN2CCC(n3c(=O)n(C)c4ccccc43)CC2)c(Cl)c1O
ZINC001234719721,COc1ccc(CN2CCC(n3c(=O)n(C)c4ccccc43)CC2)c(OC(C)C)c1
ZINC001235671688,Cn1c(=O)n(C2CCN(Cc3ccc(O)c(OC(F)(F)F)c3)CC2)c2ccccc21
ZINC001235820316,Cn1c(=O)n(C2CCN(Cc3cc(OC(F)(F)F)ccc3N)CC2)c2ccccc21
ZINC001236686909,Cn1c(=O)n(C2CCN(Cc3ccc(Br)c(O)c3)CC2)c2ccccc21
ZINC001236721198,Cn1c(=O)n(C2CCN(Cc3ccc(OC(F)F)cc3F)CC2)c2ccccc21
ZINC001236731259,Cn1c(=O)n(C2CCN(Cc3ccc(O)cc3OC(F)(F)F)CC2)c2ccccc21
ZINC001236776891,COC(=O)c1cc(Cl)cc(CN2CCC(n3c(=O)n(C)c4ccccc43)CC2)c1
ZINC001237354333,Cn1c(=O)n(C2CCN(Cc3ccc(OC(F)F)c(F)c3)CC2)c2ccccc21
ZINC001237910380,CCOC(=O)COc1cccc(CN2CCC(n3c(=O)[nH]c4ccccc43)CC2)c1
ZINC001238343586,COc1c(Cl)ccc(F)c1CN1CCC(n2c(=O)n(C)c3ccccc32)CC1
ZINC001238652782,CCOc1cc(F)c(F)cc1CN1CCC(n2c(=O)n(C)c3ccccc32)CC1
ZINC001238791710,COc1cc(F)c(CN2CCC(n3c(=O)n(C)c4ccccc43)CC2)cc1Cl
ZINC001248799422,COc1ccc(CN2CCC(n3c(=O)n(C)c4ccccc43)CC2)c(OC)c1Cl
ZINC001249647646,COC(=O)c1c(Cl)cccc1CN1CCC(n2c(=O)n(C)c3ccccc32)CC1
ZINC001250409051,Cn1c(=O)n(C2CCN(Cc3cc(O)c(Cl)c(F)c3F)CC2)c2ccccc21
ZINC001250423960,COC(=O)c1c(F)ccc(CN2CCC(n3c(=O)[nH]c4ccccc43)CC2)c1F
ZINC001290115816,COc1ccc(CC(=O)N[C@H](CN2CCCC2)c2ccccc2)c(Cl)c1OC
ZINC001462033167,COC(=O)C(C)Oc1ccccc1CN1CCC(n2c(=O)[nH]c3ccccc32)CC1
ZINC001462033172,COC(=O)C(C)Oc1ccccc1CN1CCC(n2c(=O)[nH]c3ccccc32)CC1
ZINC001538718123,CC(=O)Nc1ccccc1C(F)(F)C(=O)N[C@H](CN1CCCC1)c1ccccc1
ZINC001596575028,COc1ccc([C@@H](CN2CCCC2)NC(=O)C(O)c2ccc(C(F)(F)F)cc2)cc1
ZINC001596575030,COc1ccc([C@@H](CN2CCCC2)NC(=O)C(O)c2ccc(C(F)(F)F)cc2)cc1
ZINC001618407082,COc1ccc(Br)c(CC(=O)N[C@H](CN2CCCC2)c2ccccc2)c1
ZINC001630883794,COc1ccc([C@@H](CN2CCCC2)NC(=O)Cc2cccc(OC)c2Cl)cc1
ZINC000001602370,CC(C)N(CCN1CCCCC1)c1ccccn1
ZINC000001602375,Cc1cc(C)nc(N(C)CCN2CCCCC2)c1
ZINC000005621294,COc1ccc2c3c1O[C@H]1[C@@]4(OC)C=C[C@@]5(C[C@H]4C(C)=NO)[C@@H](C2)N(C)CC[C@]315
ZINC000005621298,COc1ccc2c3c1O[C@H]1[C@@]4(OC)C=C[C@@]5(C[C@@H]4C(C)=NO)[C@@H](C2)N(C)CC[C@]315
ZINC001223018262,CN1c2ccccc2[C@@H](OC(=O)C[C@@H](O)C[N+](C)(C)C)c2ccc(Cl)cc2S1(=O)=O
ZINC001223018272,CN1c2ccccc2[C@H](OC(=O)C[C@@H](O)C[N+](C)(C)C)c2ccc(Cl)cc2S1(=O)=O
ZINC000768218732,O=c1[nH]c2ccccc2n1C1CCN(Cc2cc(Br)ccc2O)CC1
ZINC000768219424,O=c1[nH]c2ccccc2n1C1CCN(Cc2cccc(Br)c2O)CC1
ZINC000775645138,Cc1cc(Br)cc(CN2CCC(n3c(=O)[nH]c4ccccc43)CC2)c1O
ZINC001138389812,CCN(CC)c1ccc(CN2CCC(n3c(=O)n(C)c4ccccc43)CC2)c(OC)c1
ZINC001140100520,O=c1[nH]c2ccccc2n1C1CCN(Cc2c(O)cccc2Br)CC1
ZINC001144293130,O=c1[nH]c2ccccc2n1C1CCN(Cc2cc(Br)c(F)cc2O)CC1
ZINC001203580469,Cn1c(=O)n(C2CCN(Cc3cc(Cl)cc(Cl)c3O)CC2)c2ccccc21
ZINC001233027955,O=c1[nH]c2ccccc2n1C1CCN(Cc2c(O)cc(Br)cc2F)CC1
ZINC001233736614,O=c1[nH]c2ccccc2n1C1CCN(Cc2cccc(OC(F)(F)F)c2O)CC1
ZINC001235058447,O=c1[nH]c2ccccc2n1C1CCN(Cc2cc(Br)cc(F)c2O)CC1
ZINC001235292667,O=c1[nH]c2ccccc2n1C1CCN(Cc2cc(F)cc(Br)c2O)CC1
ZINC001236796395,Cn1c(=O)n(C2CCN(Cc3cc(Cl)c(Cl)cc3O)CC2)c2ccccc21
ZINC001237052937,O=c1[nH]c2ccccc2n1C1CCN(Cc2ccc(OCC(F)(F)F)cc2O)CC1
ZINC001237083091,Cn1c(=O)n(C2CCN(Cc3c(O)ccc(Cl)c3Cl)CC2)c2ccccc21
ZINC001237118615,O=c1[nH]c2ccccc2n1C1CCN(Cc2c(O)cccc2OC(F)(F)F)CC1
ZINC001237681213,Cc1cc(O)c(CN2CCC(n3c(=O)[nH]c4ccccc43)CC2)cc1Br
ZINC001250122852,Cc1cc(CN2CCC(n3c(=O)[nH]c4ccccc43)CC2)c(O)cc1Br
ZINC001138367626,Cn1c(=O)n(C2CCN(Cc3ccc(Br)cc3S(C)(=O)=O)CC2)c2ccccc21
ZINC001139240497,Cn1c(=O)n(C2CCN(Cc3cc(Br)ccc3OCC(=O)O)CC2)c2ccccc21
ZINC001204110756,COc1cc(CN2CCC(n3c(=O)n(C)c4ccccc43)CC2)cc(I)c1O
ZINC001223015493,COC(=O)CC(CC(=O)OC)O[C@H]1c2ccccc2N(C)S(=O)(=O)c2cc(Cl)ccc21
ZINC001223015494,COC(=O)CC(CC(=O)OC)O[C@@H]1c2ccccc2N(C)S(=O)(=O)c2cc(Cl)ccc21
ZINC001223020777,CCOC(=O)CC(O[C@@H]1c2ccccc2N(C)S(=O)(=O)c2cc(Cl)ccc21)C(=O)OCC
ZINC001223020778,CCOC(=O)CC(O[C@H]1c2ccccc2N(C)S(=O)(=O)c2cc(Cl)ccc21)C(=O)OCC
ZINC001223020779,CCOC(=O)CC(O[C@H]1c2ccccc2N(C)S(=O)(=O)c2cc(Cl)ccc21)C(=O)OCC
ZINC001223020780,CCOC(=O)CC(O[C@@H]1c2ccccc2N(C)S(=O)(=O)c2cc(Cl)ccc21)C(=O)OCC
ZINC001223023524,CC(=O)OC[C@@H](CO[C@@H]1c2ccccc2N(C)S(=O)(=O)c2cc(Cl)ccc21)OC(C)=O
ZINC001223023527,CC(=O)OC[C@H](CO[C@H]1c2ccccc2N(C)S(=O)(=O)c2cc(Cl)ccc21)OC(C)=O
ZINC001223023529,CC(=O)OC[C@H](CO[C@@H]1c2ccccc2N(C)S(=O)(=O)c2cc(Cl)ccc21)OC(C)=O
ZINC001223023530,CC(=O)OC[C@@H](CO[C@H]1c2ccccc2N(C)S(=O)(=O)c2cc(Cl)ccc21)OC(C)=O
ZINC001223023549,CC(=O)OCC(COC(C)=O)O[C@H]1c2ccccc2N(C)S(=O)(=O)c2cc(Cl)ccc21
ZINC001223023551,CC(=O)OCC(COC(C)=O)O[C@@H]1c2ccccc2N(C)S(=O)(=O)c2cc(Cl)ccc21
ZINC001231719096,CCOC(=O)COc1ccc(CN2CCC(n3c(=O)n(C)c4ccccc43)CC2)cc1OC
ZINC001232718501,Cn1c(=O)n(C2CCN(Cc3ccc(O)cc3I)CC2)c2ccccc21
ZINC001232870512,Cn1c(=O)n(C2CCN(Cc3ccc(O)c(I)c3)CC2)c2ccccc21
ZINC001233086190,COCCOc1ccc(CN2CCC(n3c(=O)n(C)c4ccccc43)CC2)cc1OCCOC
ZINC001236948155,Cn1c(=O)n(C2CCN(Cc3ccc(S(C)(=O)=O)c(Br)c3)CC2)c2ccccc21
ZINC001237963773,Cn1c(=O)n(C2CCN(Cc3cc(O)ccc3I)CC2)c2ccccc21
ZINC001295212847,COc1ccc([C@@H](CN2CCCC2)NC(=O)Cc2ccc(S(=O)(=O)C(F)F)cc2)cc1
ZINC001630882728,COc1ccc([C@@H](CN2CCCC2)NC(=O)Cc2ccccc2S(=O)(=O)C(F)F)cc1
ZINC000179624058,COc1cc(O)c(CN2CCC(n3c(=O)[nH]c4ccccc43)CC2)cc1OC
ZINC001141028484,COc1cc(O)c(CN2CCC(n3c(=O)n(C)c4ccccc43)CC2)c(OC)c1
ZINC001204345795,COc1cc(CN2CCC(n3c(=O)n(C)c4ccccc43)CC2)cc(O)c1O
ZINC001231452256,Cn1c(=O)n(C2CCN(Cc3ccc(C(=O)O)cc3O)CC2)c2ccccc21
ZINC001231565016,Cn1c(=O)n(C2CCN(Cc3cc(C(=O)O)ccc3O)CC2)c2ccccc21
ZINC001231636391,COc1cc(CN2CCC(n3c(=O)n(C)c4ccccc43)CC2)c(O)cc1O
ZINC001232839465,CN(C)c1ccc(CN2CCC(n3c(=O)n(C)c4ccccc43)CC2)c(O)c1
ZINC001236751520,COc1cc(O)c(CN2CCC(n3c(=O)n(C)c4ccccc43)CC2)cc1OC
ZINC001237675673,COc1cc(CN2CCC(n3c(=O)n(C)c4ccccc43)CC2)c(O)c(OC)c1
ZINC000891837703,COc1cc([N+](=O)[O-])cnc1NCCN1CCCCC1
ZINC000166719827,O=C(O)c1ccc([N+](=O)[O-])c(NCCN2CCCCC2)n1
ZINC000080250155,COC1CCN(CCNc2ncccc2[N+](=O)[O-])CC1
ZINC000894406394,COc1cc([N+](=O)[O-])cnc1N(C)CCN1CCCCC1
ZINC000295936725,Cc1cnc(NCCN2CCC(O)CC2)c([N+](=O)[O-])c1
ZINC000296008894,Cc1cc(NCCN2CCC(O)CC2)ncc1[N+](=O)[O-]
ZINC000296155301,Cc1ccnc(NCCN2CCC(O)CC2)c1[N+](=O)[O-]
ZINC000296155917,Cc1cc([N+](=O)[O-])cnc1NCCN1CCC(O)CC1
ZINC000296167318,Cc1nc(NCCN2CCC(O)CC2)ccc1[N+](=O)[O-]
ZINC000296169176,Cc1ccc([N+](=O)[O-])c(NCCN2CCC(O)CC2)n1
ZINC000080250554,COC1CCN(CCNc2nccc(C)c2[N+](=O)[O-])CC1
ZINC000080250369,COC1CCN(CCNc2cc(C)c([N+](=O)[O-])cn2)CC1
ZINC000080249994,COC1CCN(CCNc2ccc([N+](=O)[O-])cn2)CC1
ZINC000080250446,COC1CCN(CCNc2ncc(C)cc2[N+](=O)[O-])CC1
ZINC000080249732,COC1CCN(CCNc2ncc([N+](=O)[O-])cc2C)CC1
ZINC000129082687,COC1CCN(CCNc2nc(C)ccc2[N+](=O)[O-])CC1
ZINC000570180862,O=[N+]([O-])c1cnc(N[C@@H](CO)CN2CCCCC2)c(F)c1
ZINC000590572000,C[C@H]1CCCN(CCNc2ccc(N)c([N+](=O)[O-])n2)C1
ZINC000590572004,C[C@@H]1CCCN(CCNc2ccc(N)c([N+](=O)[O-])n2)C1
ZINC000591149316,COC1CCN(CCNc2ncc([N+](=O)[O-])cc2F)CC1
ZINC000596079049,C[C@@H]1CCCN([C@H](C)CNc2ccc(N)c([N+](=O)[O-])n2)C1
ZINC000596079050,C[C@@H]1CCCN([C@@H](C)CNc2ccc(N)c([N+](=O)[O-])n2)C1
ZINC000596079052,C[C@H]1CCCN([C@H](C)CNc2ccc(N)c([N+](=O)[O-])n2)C1
ZINC000596126826,CC[C@@H]1CCCCN1CCNc1ccc(N)c([N+](=O)[O-])n1
ZINC000596126827,CC[C@H]1CCCCN1CCNc1ccc(N)c([N+](=O)[O-])n1
ZINC000596213111,CC1(C)CCCN(CCNc2ccc(N)c([N+](=O)[O-])n2)C1
ZINC000596295837,CN(CCN1CCCCC1)c1ccc(N)c([N+](=O)[O-])n1
ZINC000596486853,CC1CCN(C[C@@H](C)Nc2ccc(N)c([N+](=O)[O-])n2)CC1
ZINC000596486855,CC1CCN(C[C@H](C)Nc2ccc(N)c([N+](=O)[O-])n2)CC1
ZINC000593516161,CN(CCN1CCCCC1)c1ccc([N+](=O)[O-])cn1
ZINC000593516531,CN(CCN1CCCCC1)c1ncccc1[N+](=O)[O-]
ZINC000596079051,C[C@H]1CCCN([C@@H](C)CNc2ccc(N)c([N+](=O)[O-])n2)C1
ZINC000443970120,CC1(C)CCCN(CCNc2ccc([N+](=O)[O-])cn2)C1
ZINC000301512843,CN(C)C1CCN(CCNc2ncccc2[N+](=O)[O-])CC1
ZINC000301677174,COC1CCN(CCNc2ccc([N+](=O)[O-])c(C)n2)CC1
ZINC000162391209,O=C(O)c1cnc(NCCN2CCCCC2)c([N+](=O)[O-])c1
ZINC000042295467,O=[N+]([O-])c1ccc(NCCN2CCCCC2)nc1
ZINC000042295482,O=[N+]([O-])c1cccnc1NCCN1CCCCC1
ZINC000267220688,CN(C)C1CCN(CCNc2ccc([N+](=O)[O-])cn2)CC1
ZINC000288835923,O=[N+]([O-])c1ccc(N[C@@H](CO)CN2CCCCC2)nc1
ZINC000288835925,O=[N+]([O-])c1ccc(N[C@H](CO)CN2CCCCC2)nc1
ZINC000288845191,O=[N+]([O-])c1cccnc1N[C@@H](CO)CN1CCCCC1
ZINC000288845193,O=[N+]([O-])c1cccnc1N[C@H](CO)CN1CCCCC1
ZINC000289172595,Cc1nc(N[C@@H](CO)CN2CCCCC2)ccc1[N+](=O)[O-]
ZINC000289172596,Cc1nc(N[C@H](CO)CN2CCCCC2)ccc1[N+](=O)[O-]
ZINC000289174323,Cc1cc(N[C@@H](CO)CN2CCCCC2)ncc1[N+](=O)[O-]
ZINC000289174326,Cc1cc(N[C@H](CO)CN2CCCCC2)ncc1[N+](=O)[O-]
ZINC000295732022,Cc1cnc(N[C@@H](CO)CN2CCCCC2)c([N+](=O)[O-])c1
ZINC000295732023,Cc1cnc(N[C@H](CO)CN2CCCCC2)c([N+](=O)[O-])c1
ZINC000570180859,O=[N+]([O-])c1cnc(N[C@H](CO)CN2CCCCC2)c(F)c1
ZINC001120883899,Nc1cc(NCCN2CCCCC2)ncc1[N+](=O)[O-]
ZINC001161867467,NC1CCN(CCNc2cc(Cl)cc([N+](=O)[O-])n2)CC1
ZINC001161867632,NC1CCN(CCNc2cc([N+](=O)[O-])cc(Cl)n2)CC1
ZINC001161867689,NC1CCN(CCNc2nccc(Cl)c2[N+](=O)[O-])CC1
ZINC001161867832,Cc1cc(C)c([N+](=O)[O-])c(NCCN2CCC(N)CC2)n1
ZINC001161867957,Cc1c([N+](=O)[O-])cnc(NCCN2CCC(N)CC2)c1C
ZINC001262678874,C[C@H](CN1CCCCC1)Nc1cc(N)c([N+](=O)[O-])cn1
ZINC001262678873,C[C@@H](CN1CCCCC1)Nc1cc(N)c([N+](=O)[O-])cn1
ZINC001337734079,C[C@H]1CCCN(CCNc2cc(N)c([N+](=O)[O-])cn2)C1
ZINC001337734081,C[C@@H]1CCCN(CCNc2cc(N)c([N+](=O)[O-])cn2)C1
ZINC001337918619,CN(CCN1CCCCC1)c1cc(N)c([N+](=O)[O-])cn1
ZINC001347919573,CC1CCN(CCNc2cc(N)c([N+](=O)[O-])cn2)CC1
ZINC000024911409,O=c1[nH]c2ccccc2n1C1CCN(Cc2cc(F)cc(F)c2)CC1
ZINC000024911943,O=c1[nH]c2ccccc2n1C1CCN(Cc2ccc(F)cc2F)CC1
ZINC000029177390,COc1ccc(CC(=O)N[C@H](CN2CCCC2)c2ccccc2)cc1
ZINC000029177424,O=C(Cc1ccc(F)cc1)N[C@H](CN1CCCC1)c1ccccc1
ZINC000029177469,O=C(Cc1ccccc1F)N[C@H](CN1CCCC1)c1ccccc1
ZINC000029177521,COc1cccc(CC(=O)N[C@H](CN2CCCC2)c2ccccc2)c1
ZINC000029177799,O=C(Cc1cccc(F)c1)N[C@H](CN1CCCC1)c1ccccc1
ZINC000029177823,COc1ccccc1CC(=O)N[C@H](CN1CCCC1)c1ccccc1
ZINC000033968465,O=c1[nH]c2ccccc2n1C1CCN(Cc2ccc(F)cc2)CC1
ZINC000038638297,O=c1[nH]c2ccccc2n1C1CCN(Cc2ccc(F)c(F)c2)CC1
ZINC000051286124,O=c1[nH]c2ccccc2n1C1CCN(Cc2cc(F)ccc2F)CC1
ZINC000054058740,CC1CCN([C@@H](CNc2ncc(C(N)=O)cc2Cl)C(C)C)CC1
ZINC000054058741,CC1CCN([C@H](CNc2ncc(C(N)=O)cc2Cl)C(C)C)CC1
ZINC000058102851,O=c1[nH]c2ccccc2n1C1CCN(Cc2cccc(F)c2F)CC1
ZINC000079457942,O=C(Cc1cc(F)ccc1F)N[C@H](CN1CCCC1)c1ccccc1
ZINC000080249851,COC1CCN(CCNc2ncc(C(F)(F)F)cc2Cl)CC1
ZINC000087062340,O=C(Cc1ccc(F)cc1F)N[C@H](CN1CCCC1)c1ccccc1
ZINC000087062381,O=C(Cc1c(F)cccc1F)N[C@H](CN1CCCC1)c1ccccc1
ZINC000087062394,O=C(Cc1ccc(F)c(F)c1)N[C@H](CN1CCCC1)c1ccccc1
ZINC000089435564,Cc1ccc(CC(=O)N[C@H](CN2CCCC2)c2ccccc2)cc1O
ZINC000121811216,O=c1[nH]c2ccccc2n1C1CCN(Cc2c(F)cccc2F)CC1
ZINC000186167822,O=c1[nH]c2ccccc2n1C1CCN(Cc2cc(O)cc(F)c2)CC1
ZINC000265001093,CC[C@H]1CCCCN1CCNc1ncc(C(=O)N(C)C)cc1Cl
ZINC000265001094,CC[C@@H]1CCCCN1CCNc1ncc(C(=O)N(C)C)cc1Cl
ZINC000296458009,CC(=O)c1cccc(CN2CCC(n3c(=O)[nH]c4ccccc43)CC2)c1
ZINC000296559398,CC(=O)c1ccc(CN2CCC(n3c(=O)[nH]c4ccccc43)CC2)cc1
ZINC000322272941,C[C@@H](CN1CCCCC1)Nc1nc(C(F)(F)F)ccc1C(=O)O
ZINC000322272943,C[C@H](CN1CCCCC1)Nc1nc(C(F)(F)F)ccc1C(=O)O
ZINC000346099758,OC[C@@H](CN1CCCCC1)Nc1ncc(C(F)(F)F)cc1Cl
ZINC000346099759,OC[C@H](CN1CCCCC1)Nc1ncc(C(F)(F)F)cc1Cl
ZINC000352785114,CCCNC(=O)c1ccc(NC[C@H](C(C)C)N2CCC(C)CC2)nc1
ZINC000352785115,CCCNC(=O)c1ccc(NC[C@@H](C(C)C)N2CCC(C)CC2)nc1
ZINC000359446582,CCOC(=O)c1cc(N[C@H](C)CN2CCCCC2)ncc1Cl
ZINC000359446583,CCOC(=O)c1cc(N[C@@H](C)CN2CCCCC2)ncc1Cl
ZINC000445692625,O=C(Cc1cccc(F)c1F)N[C@H](CN1CCCC1)c1ccccc1
ZINC000448647807,O=C(Cc1ccc(O)c(F)c1)N[C@H](CN1CCCC1)c1ccccc1
ZINC000506062981,COc1cccc(OCC(=O)N[C@@]2(C)CCCc3ccccc32)c1
ZINC000506062982,COc1cccc(OCC(=O)N[C@]2(C)CCCc3ccccc32)c1
ZINC000506120982,COc1ccccc1OCC(=O)N[C@@]1(C)CCCc2ccccc21
ZINC000506120986,COc1ccccc1OCC(=O)N[C@]1(C)CCCc2ccccc21
ZINC000506122226,COc1ccc(OCC(=O)N[C@@]2(C)CCCc3ccccc32)cc1
ZINC000506122227,COc1ccc(OCC(=O)N[C@]2(C)CCCc3ccccc32)cc1
ZINC000637878246,Nc1c(F)cccc1CN1CCC(n2c(=O)[nH]c3ccccc32)CC1
ZINC000647446128,C[C@@H]1C[C@H](C)CN(C[C@@H](C)Nc2ncc(C(=O)O)cc2Cl)C1
ZINC000647446129,C[C@@H]1C[C@@H](C)CN(C[C@@H](C)Nc2ncc(C(=O)O)cc2Cl)C1
ZINC000647446130,C[C@@H]1C[C@H](C)CN(C[C@H](C)Nc2ncc(C(=O)O)cc2Cl)C1
ZINC000647446131,C[C@@H]1C[C@@H](C)CN(C[C@H](C)Nc2ncc(C(=O)O)cc2Cl)C1
ZINC000647856477,CC(=O)c1ccc(C(F)(F)F)nc1NCCN1CCC(C)CC1
ZINC000647856799,CC(=O)c1ccc(C(F)(F)F)nc1NCCN1CCC[C@@H](C)C1
ZINC000647856800,CC(=O)c1ccc(C(F)(F)F)nc1NCCN1CCC[C@H](C)C1
ZINC000664070957,CC(=O)c1ccc(C(F)(F)F)nc1N(C)CCN1CCCCC1
ZINC000683140622,COC1CCN(CCNc2ncc(Br)cc2Cl)CC1
ZINC000683750287,COC1CCN(CCNc2ncc(Cl)cc2Br)CC1
ZINC000751112994,COC1CCN(CCNc2ccc(C(F)(F)F)c(Cl)n2)CC1
ZINC000753548826,COC(=O)c1cnc(NCCN2CCC(C)CC2)cc1C(F)(F)F
ZINC000753549378,COC(=O)c1cnc(NCCN2CCC[C@@H](C)C2)cc1C(F)(F)F
ZINC000753549381,COC(=O)c1cnc(NCCN2CCC[C@H](C)C2)cc1C(F)(F)F
ZINC000804347888,COC(=O)c1cnc(N[C@H](C)CN2CCCCC2)cc1C(F)(F)F
ZINC000804347889,COC(=O)c1cnc(N[C@@H](C)CN2CCCCC2)cc1C(F)(F)F
ZINC000910276529,C[C@@H]1CCCN([C@H](C)CNc2nc(C(F)(F)F)ccc2C(=O)O)C1
ZINC000910276530,C[C@@H]1CCCN([C@@H](C)CNc2nc(C(F)(F)F)ccc2C(=O)O)C1
ZINC000910276531,C[C@H]1CCCN([C@@H](C)CNc2nc(C(F)(F)F)ccc2C(=O)O)C1
ZINC000910276532,C[C@H]1CCCN([C@H](C)CNc2nc(C(F)(F)F)ccc2C(=O)O)C1
ZINC000910289934,CC[C@@H]1CCCCN1CCNc1nc(C(F)(F)F)ccc1C(=O)O
ZINC000910289936,CC[C@H]1CCCCN1CCNc1nc(C(F)(F)F)ccc1C(=O)O
ZINC000910299503,CC1(C)CCCN(CCNc2nc(C(F)(F)F)ccc2C(=O)O)C1
ZINC000910345222,C[C@@H]1CCCCN1[C@H](C)CNc1nc(C(F)(F)F)ccc1C(=O)O
ZINC000910345224,C[C@@H]1CCCCN1[C@@H](C)CNc1nc(C(F)(F)F)ccc1C(=O)O
ZINC000910345225,C[C@H]1CCCCN1[C@@H](C)CNc1nc(C(F)(F)F)ccc1C(=O)O
ZINC000910345226,C[C@H](CNc1nc(C(F)(F)F)ccc1C(=O)O)N1CCCC[C@@H]1C
ZINC000910346773,C[C@@H]1CCCN(C[C@@H](C)Nc2nc(C(F)(F)F)ccc2C(=O)O)C1
ZINC000910346774,C[C@@H]1CCCN(C[C@H](C)Nc2nc(C(F)(F)F)ccc2C(=O)O)C1
ZINC000910346776,C[C@H]1CCCN(C[C@H](C)Nc2nc(C(F)(F)F)ccc2C(=O)O)C1
ZINC000910346778,C[C@H]1CCCN(C[C@@H](C)Nc2nc(C(F)(F)F)ccc2C(=O)O)C1
ZINC000910351490,CC1CCN(C[C@@H](C)Nc2nc(C(F)(F)F)ccc2C(=O)O)CC1
ZINC000910351492,CC1CCN(C[C@H](C)Nc2nc(C(F)(F)F)ccc2C(=O)O)CC1
ZINC000929873881,CC(C(=O)N[C@H](CN1CCCC1)c1ccccc1)c1cccc(O)c1
ZINC000929873882,CC(C(=O)N[C@H](CN1CCCC1)c1ccccc1)c1cccc(O)c1
ZINC001140045618,O=c1[nH]c2ccccc2n1C1CCN(Cc2cc(O)ccc2F)CC1
ZINC001140127077,O=c1[nH]c2ccccc2n1C1CCN(Cc2ccc(O)cc2F)CC1
ZINC001140874012,Nc1cccc(F)c1CN1CCC(n2c(=O)[nH]c3ccccc32)CC1
ZINC001160746669,CC(C)(C)OC(=O)c1ccnc(NCCN2CCC(F)(F)CC2)c1
ZINC001160747616,CCOC(=O)c1cc(Cl)nc(NCCN2CCC(F)(F)CC2)c1
ZINC001160747898,CCOC(=O)c1cc(NCCN2CCC(F)(F)CC2)ncc1Cl
ZINC001160748790,CCOC(=O)c1c(C)cc(NCCN2CCC(F)(F)CC2)nc1C
ZINC001160749362,CCOC(=O)c1cnc(NCCN2CCC(F)(F)CC2)c(Cl)c1
ZINC001160752033,CCOC(=O)c1nc(NCCN2CCC(F)(F)CC2)ccc1Cl
ZINC001162153558,COC(=O)c1cnc(NC[C@H](C)N2CCCC[C@H]2C)c(Cl)c1
ZINC001162153559,COC(=O)c1cnc(NC[C@@H](C)N2CCCC[C@@H]2C)c(Cl)c1
ZINC001162153560,COC(=O)c1cnc(NC[C@H](C)N2CCCC[C@@H]2C)c(Cl)c1
ZINC001162153561,COC(=O)c1cnc(NC[C@@H](C)N2CCCC[C@H]2C)c(Cl)c1
ZINC001203353815,Cn1c(=O)n(C2CCN(Cc3ccccc3F)CC2)c2ccccc21
ZINC001203707019,Cc1ccccc1CN1CCC(n2c(=O)n(C)c3ccccc32)CC1
ZINC001203785599,Cn1c(=O)n(C2CCN(Cc3cccc(F)c3)CC2)c2ccccc21
ZINC001203894949,Cc1cccc(CN2CCC(n3c(=O)n(C)c4ccccc43)CC2)c1
ZINC001203918077,Cn1c(=O)n(C2CCN(Cc3ccc(F)cc3)CC2)c2ccccc21
ZINC001204171846,Cc1ccc(CN2CCC(n3c(=O)n(C)c4ccccc43)CC2)cc1
ZINC001232509825,Nc1ccc(F)cc1CN1CCC(n2c(=O)[nH]c3ccccc32)CC1
ZINC001233049760,O=c1[nH]c2ccccc2n1C1CCN(Cc2cccc(O)c2F)CC1
ZINC001236700041,O=c1[nH]c2ccccc2n1C1CCN(Cc2ccc(F)c(O)c2)CC1
ZINC001307106258,COC(=O)c1cnc(NCCN2CCCC(C)(C)C2)c(Cl)c1
ZINC001458487302,COC(=O)c1cnc(N[C@H](C)CN2CCC(C)CC2)c(Cl)c1
ZINC001458487304,COC(=O)c1cnc(N[C@@H](C)CN2CCC(C)CC2)c(Cl)c1
ZINC001472657809,COC(=O)c1cnc(NC[C@H](C)N2CCC[C@@H](C)C2)c(Cl)c1
ZINC001472657810,COC(=O)c1cnc(NC[C@@H](C)N2CCC[C@H](C)C2)c(Cl)c1
ZINC001472657811,COC(=O)c1cnc(NC[C@H](C)N2CCC[C@H](C)C2)c(Cl)c1
ZINC001472657812,COC(=O)c1cnc(NC[C@@H](C)N2CCC[C@@H](C)C2)c(Cl)c1
ZINC001472666572,COC(=O)c1cnc(N[C@H](C)CN2C[C@H](C)C[C@H](C)C2)c(Cl)c1
ZINC001472666573,COC(=O)c1cnc(N[C@H](C)CN2C[C@H](C)C[C@@H](C)C2)c(Cl)c1
ZINC001472666574,COC(=O)c1cnc(N[C@H](C)CN2C[C@@H](C)C[C@H](C)C2)c(Cl)c1
ZINC001472666575,COC(=O)c1cnc(N[C@@H](C)CN2C[C@H](C)C[C@H](C)C2)c(Cl)c1
ZINC001472668771,COC(=O)c1cnc(N[C@@H](C)CN2CCC[C@@H](C)C2)c(Cl)c1
ZINC001472668772,COC(=O)c1cnc(N[C@H](C)CN2CCC[C@H](C)C2)c(Cl)c1
ZINC001472668773,COC(=O)c1cnc(N[C@@H](C)CN2CCC[C@H](C)C2)c(Cl)c1
ZINC001472668774,COC(=O)c1cnc(N[C@H](C)CN2CCC[C@@H](C)C2)c(Cl)c1
ZINC001559188527,CCCN(CCN1CCCCC1)c1ncc(C(=O)OC)cc1Cl
ZINC001594375246,C[C@H]1CCCCN1CCNc1cc(C(F)(F)F)c(C(=O)O)cn1
ZINC001594375248,C[C@@H]1CCCCN1CCNc1cc(C(F)(F)F)c(C(=O)O)cn1
ZINC001594375354,C[C@@H]1CCCCN1[C@H](C)CNc1cc(C(F)(F)F)c(C(=O)O)cn1
ZINC001594375356,C[C@@H]1CCCCN1[C@@H](C)CNc1cc(C(F)(F)F)c(C(=O)O)cn1
ZINC001594375358,C[C@H]1CCCCN1[C@@H](C)CNc1cc(C(F)(F)F)c(C(=O)O)cn1
ZINC001594375361,C[C@H](CNc1cc(C(F)(F)F)c(C(=O)O)cn1)N1CCCC[C@@H]1C
ZINC001594383751,C[C@@H]1CCCN(C[C@@H](C)Nc2cc(C(F)(F)F)c(C(=O)O)cn2)C1
ZINC001594383753,C[C@@H]1CCCN(C[C@H](C)Nc2cc(C(F)(F)F)c(C(=O)O)cn2)C1
ZINC001594383756,C[C@H]1CCCN(C[C@H](C)Nc2cc(C(F)(F)F)c(C(=O)O)cn2)C1
ZINC001594383759,C[C@H]1CCCN(C[C@@H](C)Nc2cc(C(F)(F)F)c(C(=O)O)cn2)C1
ZINC001594416378,CC1CCN(C[C@@H](C)Nc2cc(C(F)(F)F)c(C(=O)O)cn2)CC1
ZINC001594416379,CC1CCN(C[C@H](C)Nc2cc(C(F)(F)F)c(C(=O)O)cn2)CC1
ZINC001595452590,CC[C@@H]1CCCCN1CCNc1cc(C(F)(F)F)c(C(=O)O)cn1
ZINC001595452591,CC[C@H]1CCCCN1CCNc1cc(C(F)(F)F)c(C(=O)O)cn1
ZINC001595452619,CC[C@@H]1CCCCN1CCNc1ncc(C(=O)O)cc1C(F)(F)F
ZINC001595452620,CC[C@H]1CCCCN1CCNc1ncc(C(=O)O)cc1C(F)(F)F
ZINC001595880083,CCCN(CCN1CCCCC1)c1ncc(C(=O)O)cc1Cl
ZINC001604164957,C[C@@H](CN1CCCCC1)Nc1cc(C(F)(F)F)c(C(=O)O)cn1
ZINC001604164958,C[C@H](CN1CCCCC1)Nc1cc(C(F)(F)F)c(C(=O)O)cn1
ZINC001604735444,C[C@@H]1CCCN(C(C)(C)CNc2ncc(C(=O)O)cc2Cl)C1
ZINC001604735445,C[C@H]1CCCN(C(C)(C)CNc2ncc(C(=O)O)cc2Cl)C1
ZINC001604738312,C[C@@H]1CCCN(C[C@@H](C)Nc2ncc(C(=O)O)cc2C(F)(F)F)C1
ZINC001604738313,C[C@@H]1CCCN(C[C@H](C)Nc2ncc(C(=O)O)cc2C(F)(F)F)C1
ZINC001604738314,C[C@H]1CCCN(C[C@H](C)Nc2ncc(C(=O)O)cc2C(F)(F)F)C1
ZINC001604738315,C[C@H]1CCCN(C[C@@H](C)Nc2ncc(C(=O)O)cc2C(F)(F)F)C1
ZINC001604752641,CC1CCN(C[C@@H](C)Nc2ncc(C(=O)O)cc2C(F)(F)F)CC1
ZINC001604752642,CC1CCN(C[C@H](C)Nc2ncc(C(=O)O)cc2C(F)(F)F)CC1
ZINC001611909082,COC(=O)c1cnc(NCC(C)(C)N2CCC[C@@H](C)C2)c(Cl)c1
ZINC001611909083,COC(=O)c1cnc(NCC(C)(C)N2CCC[C@H](C)C2)c(Cl)c1
ZINC001651508429,CC[C@@H]1CCCCN1CCNc1ncc(C(=O)OC)cc1Cl
ZINC001651508430,CC[C@H]1CCCCN1CCNc1ncc(C(=O)OC)cc1Cl
ZINC001776595420,C[C@@H]1C[C@@H](C)CN(CCNc2nc(C(F)(F)F)ccc2C(=O)O)C1
ZINC001776595421,C[C@@H]1C[C@H](C)CN(CCNc2nc(C(F)(F)F)ccc2C(=O)O)C1
ZINC001776595422,C[C@H]1C[C@H](C)CN(CCNc2nc(C(F)(F)F)ccc2C(=O)O)C1
ZINC001776632029,C[C@@H]1CCC[C@@H](C)N1CCNc1nc(C(F)(F)F)ccc1C(=O)O
ZINC001776632030,C[C@@H]1CCC[C@H](C)N1CCNc1nc(C(F)(F)F)ccc1C(=O)O
ZINC001776632031,C[C@H]1CCC[C@H](C)N1CCNc1nc(C(F)(F)F)ccc1C(=O)O
ZINC000253504613,COc1ccc2c3c1O[C@@H]1[C@]34CCN(C=O)[C@H](C2)[C@]42C=C[C@@]1(OC)C([N+](=O)[O-])C2
ZINC000096316365,COc1ccc2c3c1O[C@@H]1[C@]34CCN(C=O)[C@H](C2)[C@]42C=C[C@@]1(OC)C([N+](=O)[O-])C2
ZINC001160751882,COC(=O)c1cc(S(N)(=O)=O)cnc1NCCN1CCC(F)(F)CC1
ZINC000121797520,O=c1[nH]c2ccccc2n1C1CCN(Cc2ccc(OCC(F)F)cc2)CC1
ZINC000121802321,CCOc1cc(CN2CCC(n3c(=O)[nH]c4ccccc43)CC2)ccc1OC
ZINC000144433757,CC(C)Cc1ccc(C(C)C(=O)N[C@H](CN2CCCC2)c2ccccc2)cc1
ZINC000303216125,C[C@@H](c1ccc(C(F)(F)F)cc1)N1CCC(n2c(=O)[nH]c3ccccc32)CC1
ZINC000303216126,C[C@H](c1ccc(C(F)(F)F)cc1)N1CCC(n2c(=O)[nH]c3ccccc32)CC1
ZINC000506124088,O=c1[nH]c2ccccc2n1C1CCN(Cc2ccc(F)cc2C(F)(F)F)CC1
ZINC000506137121,O=c1[nH]c2ccccc2n1C1CCN(Cc2ccc(F)c(C(F)(F)F)c2)CC1
ZINC000506147170,O=c1[nH]c2ccccc2n1C1CCN(Cc2cc(F)cc(C(F)(F)F)c2)CC1
ZINC000506148702,O=c1[nH]c2ccccc2n1C1CCN(Cc2cc(C(F)(F)F)ccc2F)CC1
ZINC000555321731,CC(C)COc1ccccc1CN1CCC(n2c(=O)[nH]c3ccccc32)CC1
ZINC000607725778,O=c1[nH]c2ccccc2n1C1CCN(Cc2cc(Cl)ccc2Cl)CC1
ZINC000607781665,CC(C(=O)N[C@H](CN1CCCC1)c1ccccc1)c1ccccc1C(F)(F)F
ZINC000607781666,CC(C(=O)N[C@H](CN1CCCC1)c1ccccc1)c1ccccc1C(F)(F)F
ZINC001127407484,CC(Oc1ccc(C(F)(F)F)cc1)C(=O)N[C@]1(C)CCCc2ccccc21
ZINC001127407485,CC(Oc1ccc(C(F)(F)F)cc1)C(=O)N[C@]1(C)CCCc2ccccc21
ZINC001127407486,CC(Oc1ccc(C(F)(F)F)cc1)C(=O)N[C@@]1(C)CCCc2ccccc21
ZINC001127407487,CC(Oc1ccc(C(F)(F)F)cc1)C(=O)N[C@@]1(C)CCCc2ccccc21
ZINC001127492196,CC(Oc1ccccc1C(F)(F)F)C(=O)N[C@]1(C)CCCc2ccccc21
ZINC001127492198,CC(Oc1ccccc1C(F)(F)F)C(=O)N[C@]1(C)CCCc2ccccc21
ZINC001127492199,CC(Oc1ccccc1C(F)(F)F)C(=O)N[C@@]1(C)CCCc2ccccc21
ZINC001127492200,CC(Oc1ccccc1C(F)(F)F)C(=O)N[C@@]1(C)CCCc2ccccc21
ZINC001137877863,O=c1[nH]c2ccccc2n1C1CCN(Cc2c(F)ccc(Cl)c2F)CC1
ZINC001138000629,O=c1[nH]c2ccccc2n1C1CCN(Cc2c(F)ccc(F)c2Cl)CC1
ZINC001138007155,O=c1[nH]c2ccccc2n1C1CCN(Cc2cccc(C(F)(F)F)c2F)CC1
ZINC001138088947,O=c1[nH]c2ccccc2n1C1CCN(Cc2cc(F)ccc2C(F)(F)F)CC1
ZINC001139050064,O=c1[nH]c2ccccc2n1C1CCN(Cc2c(F)cc(Cl)cc2F)CC1
ZINC001139595124,CCOc1ccc(CN2CCC(n3c(=O)[nH]c4ccccc43)CC2)cc1Cl
ZINC001139614810,COc1ccc(CN2CCC(n3c(=O)[nH]c4ccccc43)CC2)cc1C(C)C
ZINC001140699913,O=c1[nH]c2ccccc2n1C1CCN(Cc2cc(F)c(Cl)cc2F)CC1
ZINC001140835106,O=c1[nH]c2ccccc2n1C1CCN(Cc2cc(Cl)c(O)c(Cl)c2)CC1
ZINC001142105523,O=c1[nH]c2ccccc2n1C1CCN(Cc2c(Cl)cc(O)cc2Cl)CC1
ZINC001143618134,O=c1[nH]c2ccccc2n1C1CCN(Cc2ccc(F)c(Cl)c2F)CC1
ZINC001143949929,O=c1[nH]c2ccccc2n1C1CCN(Cc2c(Cl)ccc(F)c2F)CC1
ZINC001144125484,O=c1[nH]c2ccccc2n1C1CCN(Cc2cc(Cl)c(F)cc2F)CC1
ZINC001144723399,O=c1[nH]c2ccccc2n1C1CCN(Cc2cc(F)c(F)cc2Cl)CC1
ZINC001173784839,CC(=O)Oc1ccc(C2CCC(NCCc3cn(C)c4ccccc34)CC2)cc1
ZINC001204462283,O=c1[nH]c2ccccc2n1C1CCN(Cc2c(F)cccc2C(F)(F)F)CC1
ZINC001204466359,O=c1[nH]c2ccccc2n1C1CCN(Cc2ccc(C(F)(F)F)cc2F)CC1
ZINC001204862773,O=c1[nH]c2ccccc2n1C1CCN(Cc2ccc(C(F)(F)F)c(F)c2)CC1
ZINC001223016255,CC(C)[C@@H](C)O[C@@H]1c2ccccc2N(C)S(=O)(=O)c2cc(Cl)ccc21
ZINC001223016256,CC(C)[C@H](C)O[C@H]1c2ccccc2N(C)S(=O)(=O)c2cc(Cl)ccc21
ZINC001223016257,CC(C)[C@H](C)O[C@@H]1c2ccccc2N(C)S(=O)(=O)c2cc(Cl)ccc21
ZINC001223016259,CC(C)[C@@H](C)O[C@H]1c2ccccc2N(C)S(=O)(=O)c2cc(Cl)ccc21
ZINC001223018351,CCC(CC)O[C@H]1c2ccccc2N(C)S(=O)(=O)c2cc(Cl)ccc21
ZINC001223018352,CCC(CC)O[C@@H]1c2ccccc2N(C)S(=O)(=O)c2cc(Cl)ccc21
ZINC001223022397,CCC[C@@H](C)O[C@@H]1c2ccccc2N(C)S(=O)(=O)c2cc(Cl)ccc21
ZINC001223022398,CCC[C@H](C)O[C@H]1c2ccccc2N(C)S(=O)(=O)c2cc(Cl)ccc21
ZINC001223022399,CCC[C@H](C)O[C@@H]1c2ccccc2N(C)S(=O)(=O)c2cc(Cl)ccc21
ZINC001223022400,CCC[C@@H](C)O[C@H]1c2ccccc2N(C)S(=O)(=O)c2cc(Cl)ccc21
ZINC001231808050,CC(C)(C)Oc1ccc(CN2CCC(n3c(=O)[nH]c4ccccc43)CC2)cc1
ZINC001232098356,O=c1[nH]c2ccccc2n1C1CCN(Cc2c(F)cc(F)cc2Cl)CC1
ZINC001232626169,O=c1[nH]c2ccccc2n1C1CCN(Cc2ccc(Cl)c(O)c2Cl)CC1
ZINC001232876735,O=c1[nH]c2ccccc2n1C1CCN(Cc2ccc(F)c(F)c2Cl)CC1
ZINC001233208999,O=c1[nH]c2ccccc2n1C1CCN(Cc2ccc(Cl)c(F)c2F)CC1
ZINC001237022258,CC(C)(C)Oc1ccccc1CN1CCC(n2c(=O)[nH]c3ccccc32)CC1
ZINC001237098099,CC(C)(C)Oc1cccc(CN2CCC(n3c(=O)[nH]c4ccccc43)CC2)c1
ZINC001237270166,COc1cc(CN2CCC(n3c(=O)[nH]c4ccccc43)CC2)ccc1C(F)F
ZINC001238319353,CC(C)Oc1c(F)cccc1CN1CCC(n2c(=O)[nH]c3ccccc32)CC1
ZINC001238421238,CC(C)Oc1cccc(CN2CCC(n3c(=O)[nH]c4ccccc43)CC2)c1F
ZINC001238443064,CC(C)Oc1ccc(CN2CCC(n3c(=O)[nH]c4ccccc43)CC2)c(F)c1
ZINC001238459226,CC(C)Oc1cc(CN2CCC(n3c(=O)[nH]c4ccccc43)CC2)ccc1F
ZINC001238482664,Cc1ccc(OC(C)C)cc1CN1CCC(n2c(=O)[nH]c3ccccc32)CC1
ZINC001238695974,CC(C)Oc1cc(F)ccc1CN1CCC(n2c(=O)[nH]c3ccccc32)CC1
ZINC001246346582,CC(=O)Oc1ccc(C2CCC(NCCc3c[nH]c4ccccc34)CC2)cc1
ZINC001295211196,CCCCc1ccc(CC(=O)N[C@H](CN2CCCC2)c2ccc(OC)cc2)cc1
ZINC001308654502,Cc1cc(C(F)(F)F)ccc1CN1CCC(n2c(=O)[nH]c3ccccc32)CC1
ZINC001357510200,CC(Oc1cccc(Br)c1)C(=O)N[C@]1(C)CCCc2ccccc21
ZINC001357510201,CC(Oc1cccc(Br)c1)C(=O)N[C@]1(C)CCCc2ccccc21
ZINC001357510203,CC(Oc1cccc(Br)c1)C(=O)N[C@@]1(C)CCCc2ccccc21
ZINC001357510205,CC(Oc1cccc(Br)c1)C(=O)N[C@@]1(C)CCCc2ccccc21
ZINC001440531913,CCCOC(C(=O)N[C@H](CN1CCCC1)c1ccccc1)c1ccc(F)cc1C
ZINC001440531952,CCCOC(C(=O)N[C@H](CN1CCCC1)c1ccccc1)c1ccc(F)cc1C
ZINC001458246080,CC(Oc1ccccc1Br)C(=O)N[C@]1(C)CCCc2ccccc21
ZINC001458246083,CC(Oc1ccccc1Br)C(=O)N[C@]1(C)CCCc2ccccc21
ZINC001458246101,CC(Oc1ccccc1Br)C(=O)N[C@@]1(C)CCCc2ccccc21
ZINC001458246102,CC(Oc1ccccc1Br)C(=O)N[C@@]1(C)CCCc2ccccc21
ZINC001462032219,COc1ccc(CN2CCC(n3c(=O)[nH]c4ccccc43)CC2)cc1C(C)(C)C
ZINC001474406579,CCCOc1ccc(CN2CCC(n3c(=O)[nH]c4ccccc43)CC2)c(C)c1
ZINC001520408696,CC(Oc1ccc(Br)cc1)C(=O)N[C@]1(C)CCCc2ccccc21
ZINC001520408697,CC(Oc1ccc(Br)cc1)C(=O)N[C@@]1(C)CCCc2ccccc21
ZINC001540337870,CC(C(=O)N[C@H](CN1CCCC1)c1ccccc1)c1ccc(C(F)(F)F)cc1
ZINC001540337871,CC(C(=O)N[C@H](CN1CCCC1)c1ccccc1)c1ccc(C(F)(F)F)cc1
ZINC001560722720,CCCOc1ccc(CN2CCC(n3c(=O)[nH]c4ccccc43)CC2)cc1C
ZINC001583360693,Cc1cc(OCC(=O)N[C@@]2(C)CCCc3ccccc32)ccc1Br
ZINC001583360694,Cc1cc(OCC(=O)N[C@]2(C)CCCc3ccccc32)ccc1Br
ZINC001587056307,O=C(N[C@H](CN1CCCC1)c1ccccc1)C(F)c1ccc(C(F)(F)F)cc1
ZINC001587056310,O=C(N[C@H](CN1CCCC1)c1ccccc1)C(F)c1ccc(C(F)(F)F)cc1
ZINC001628461119,CC(C)Cc1cccc(C(C)C(=O)N[C@H](CN2CCCC2)c2ccccc2)c1
ZINC001628461120,CC(C)Cc1cccc(C(C)C(=O)N[C@H](CN2CCCC2)c2ccccc2)c1
ZINC001659280102,Cc1cc(CN2CCC(n3c(=O)[nH]c4ccccc43)CC2)ccc1C(F)(F)F
ZINC001664103247,CCOc1c(Cl)cccc1CN1CCC(n2c(=O)[nH]c3ccccc32)CC1
ZINC001664103571,CCOc1ccc(Cl)cc1CN1CCC(n2c(=O)[nH]c3ccccc32)CC1
ZINC001144306568,Cn1c(=O)n(C2CCN(Cc3cc(Br)c(F)cc3O)CC2)c2ccccc21
ZINC001204339954,COc1cc(Br)cc(CN2CCC(n3c(=O)n(C)c4ccccc43)CC2)c1O
ZINC001231554335,COc1ccc(Br)c(CN2CCC(n3c(=O)n(C)c4ccccc43)CC2)c1O
ZINC001232975422,O=c1[nH]c2ccccc2n1C1CCN(Cc2ccc(I)cc2O)CC1
ZINC001233032233,Cn1c(=O)n(C2CCN(Cc3c(O)cc(Br)cc3F)CC2)c2ccccc21
ZINC001233111023,Cc1cc(Br)cc(CN2CCC(n3c(=O)n(C)c4ccccc43)CC2)c1O
ZINC001233140672,COc1cc(O)c(CN2CCC(n3c(=O)n(C)c4ccccc43)CC2)cc1Br
ZINC001235068204,Cn1c(=O)n(C2CCN(Cc3cc(Br)cc(F)c3O)CC2)c2ccccc21
ZINC001235304457,Cn1c(=O)n(C2CCN(Cc3cc(F)cc(Br)c3O)CC2)c2ccccc21
ZINC001236665516,Cc1cc(Br)c(O)c(CN2CCC(n3c(=O)n(C)c4ccccc43)CC2)c1
ZINC001236749253,COc1cc(CN2CCC(n3c(=O)n(C)c4ccccc43)CC2)c(O)cc1Br
ZINC001237056892,Cn1c(=O)n(C2CCN(Cc3ccc(OCC(F)(F)F)cc3O)CC2)c2ccccc21
ZINC001237074048,COc1cc(O)c(CN2CCC(n3c(=O)n(C)c4ccccc43)CC2)c(Br)c1
ZINC001237678656,Cc1cc(O)c(CN2CCC(n3c(=O)n(C)c4ccccc43)CC2)cc1Br
ZINC001237778256,O=c1[nH]c2ccccc2n1C1CCN(Cc2cccc(I)c2O)CC1
ZINC001250128294,Cc1cc(CN2CCC(n3c(=O)n(C)c4ccccc43)CC2)c(O)cc1Br
ZINC001161869990,COC(=O)c1cc(S(N)(=O)=O)cnc1NCCN1CCC(N)CC1
ZINC000179782850,COc1cc(OC)c(OC)cc1CN1CCC(n2c(=O)[nH]c3ccccc32)CC1
ZINC000179783055,COc1cc(OC)c(CN2CCC(n3c(=O)[nH]c4ccccc43)CC2)c(OC)c1
ZINC001143394516,COc1cc(F)c(F)cc1CN1CCC(n2c(=O)n(C)c3ccccc32)CC1
ZINC000891531755,COC(=O)COc1ccccc1CN1CCC(n2c(=O)[nH]c3ccccc32)CC1
ZINC001143412127,COc1ccc(F)c(F)c1CN1CCC(n2c(=O)n(C)c3ccccc32)CC1
ZINC000613172773,COc1ccc([C@@H](CN2CCCC2)NC(=O)C(OC)c2cccc(OC)c2)cc1
ZINC000613172775,COc1ccc([C@@H](CN2CCCC2)NC(=O)C(OC)c2cccc(OC)c2)cc1
ZINC000181868729,COC(=O)c1ccc(F)c(CN2CCC(n3c(=O)[nH]c4ccccc43)CC2)c1
ZINC000417728779,CN(C)C(=O)c1ccccc1CN1CCC(n2c(=O)[nH]c3ccccc32)CC1
ZINC000500383969,COc1ccc([C@@H](CN2CCCC2)NC(=O)Cc2ccc(NC(C)=O)cc2)cc1
ZINC000500390797,COc1ccc([C@@H](CN2CCCC2)NC(=O)Cc2cc(OC)ccc2OC)cc1
ZINC000070861023,CCOC(=O)C(c1ccccc1)N1CCC(n2c(=O)[nH]c3ccccc32)CC1
ZINC000070861026,CCOC(=O)C(c1ccccc1)N1CCC(n2c(=O)[nH]c3ccccc32)CC1
ZINC000272690829,COc1ccc([C@@H](CN2CCCC2)NC(=O)Cc2ccc(C(C)=O)cc2)cc1
ZINC000424759791,COc1ccc([C@@H](CN2CCCC2)NC(=O)Cc2cccc(NC(C)=O)c2)cc1
ZINC001143561186,COc1c(F)cc(F)cc1CN1CCC(n2c(=O)n(C)c3ccccc32)CC1
ZINC000506923909,COC(=O)C(c1ccc(F)cc1)N1CCC(n2c(=O)[nH]c3ccccc32)CC1
ZINC000506923911,COC(=O)C(c1ccc(F)cc1)N1CCC(n2c(=O)[nH]c3ccccc32)CC1
ZINC000428019726,COCc1cccc(CC(=O)N[C@H](CN2CCCC2)c2ccc(OC)cc2)c1
ZINC000192127416,COCCOc1ccc(CC(=O)N[C@H](CN2CCCC2)c2ccccc2)cc1
ZINC000444286668,COc1ccc([C@@H](CN2CCCC2)NC(=O)Cc2ccc(OC)cc2F)cc1
ZINC000444345602,COc1ccc([C@@H](CN2CCCC2)NC(=O)Cc2ccccc2NC(C)=O)cc1
ZINC000029177396,COc1cc(CC(=O)N[C@H](CN2CCCC2)c2ccccc2)cc(OC)c1OC
ZINC000450221939,CCS(=O)(=O)c1ccc(CN2CCC(n3c(=O)[nH]c4ccccc43)CC2)cc1
ZINC000162739273,COC(=O)C(c1ccccc1C)N1CCC(n2c(=O)[nH]c3ccccc32)CC1
ZINC000162739412,COC(=O)C(c1ccccc1C)N1CCC(n2c(=O)[nH]c3ccccc32)CC1
ZINC000121796650,COCCOc1cccc(CN2CCC(n3c(=O)[nH]c4ccccc43)CC2)c1
ZINC000121806541,COCCOc1ccccc1CN1CCC(n2c(=O)[nH]c3ccccc32)CC1
ZINC000121809751,COCCOc1ccc(CN2CCC(n3c(=O)[nH]c4ccccc43)CC2)cc1
ZINC000481708367,COc1ccc([C@@H](CN2CCCC2)NC(=O)Cc2cc(F)ccc2OC)cc1
ZINC000486150329,CC(C)N(C(C)C)S(=O)(=O)c1ccc(N[C@@H](C)CN2CCCCC2)nc1
ZINC000486150331,CC(C)N(C(C)C)S(=O)(=O)c1ccc(N[C@H](C)CN2CCCCC2)nc1
ZINC000591922037,CN(C)C1CCN(CCNc2ncc(C(=O)OC(C)(C)C)cc2Cl)CC1
ZINC000539932599,COc1ccc([C@@H](CN2CCCC2)NC(=O)Cc2c(OC)cccc2OC)cc1
ZINC000539932039,COc1ccc([C@@H](CN2CCCC2)NC(=O)Cc2ccc(OC)c(F)c2)cc1
ZINC000539932905,COc1ccc([C@@H](CN2CCCC2)NC(=O)Cc2ccc(OC)c(OC)c2)cc1
ZINC000541200511,COC(=O)COc1ccc(CN2CCC(n3c(=O)[nH]c4ccccc43)CC2)cc1
ZINC000132533319,COC(=O)c1ccc(CN2CCC(n3c(=O)[nH]c4ccccc43)CC2)cc1F
ZINC000175513589,COC(=O)C(c1ccccc1F)N1CCC(n2c(=O)[nH]c3ccccc32)CC1
ZINC000175513607,COC(=O)C(c1ccccc1F)N1CCC(n2c(=O)[nH]c3ccccc32)CC1
ZINC000179456272,COC(=O)c1ccc(CN2CCC(n3c(=O)[nH]c4ccccc43)CC2)c(F)c1
ZINC000029178248,COc1ccc(C(C)=O)cc1CC(=O)N[C@H](CN1CCCC1)c1ccccc1
ZINC000108081460,CC1CCN(CCNc2ccc(S(=O)(=O)N(C(C)C)C(C)C)cn2)CC1
ZINC000813404893,O=C(N[C@H](CN1CCCC1)c1ccccc1)C(O)c1ccc(Cl)cc1F
ZINC000813404896,O=C(N[C@H](CN1CCCC1)c1ccccc1)C(O)c1ccc(Cl)cc1F
ZINC000813506768,COc1ccc([C@@H](CN2CCCC2)NC(=O)C(O)c2ccc(Cl)cc2)cc1
ZINC000813506770,COc1ccc([C@@H](CN2CCCC2)NC(=O)C(O)c2ccc(Cl)cc2)cc1
ZINC001143915234,COc1ccc(CN2CCC(n3c(=O)n(C)c4ccccc43)CC2)c(F)c1F
ZINC001143977588,COc1ccc(F)c(CN2CCC(n3c(=O)n(C)c4ccccc43)CC2)c1F
ZINC001144444571,COC(=O)c1ccc(CN2CCC(n3c(=O)n(C)c4ccccc43)CC2)c(F)c1
ZINC001144754893,COc1c(F)ccc(F)c1CN1CCC(n2c(=O)n(C)c3ccccc32)CC1
ZINC000121798236,COc1ccc(CN2CCC(n3c(=O)[nH]c4ccccc43)CC2)c(OC)c1OC
ZINC000121806831,COCOc1ccc(OC)cc1CN1CCC(n2c(=O)[nH]c3ccccc32)CC1
ZINC000121807133,COc1cc(CN2CCC(n3c(=O)[nH]c4ccccc43)CC2)cc(OC)c1OC
ZINC001137243571,COC(=O)c1ccc(OC)c(CN2CCC(n3c(=O)[nH]c4ccccc43)CC2)c1
ZINC000186523007,C[C@@H](c1ccc(S(C)(=O)=O)cc1)N1CCC(n2c(=O)[nH]c3ccccc32)CC1
ZINC000186523025,C[C@H](c1ccc(S(C)(=O)=O)cc1)N1CCC(n2c(=O)[nH]c3ccccc32)CC1
ZINC000626325085,COc1ccc([C@@H](CN2CCCC2)NC(=O)C(OC)c2ccc(F)cc2)cc1
ZINC000626325086,COc1ccc([C@@H](CN2CCCC2)NC(=O)C(OC)c2ccc(F)cc2)cc1
ZINC000779542600,COc1ccc([C@@H](CN2CCCC2)NC(=O)C(O)c2ccccc2Cl)cc1
ZINC001137448438,COC(=O)c1ccc(CN2CCC(n3c(=O)[nH]c4ccccc43)CC2)c(OC)c1
ZINC001137508181,COc1cc(CN2CCC(n3c(=O)n(C)c4ccccc43)CC2)cc(F)c1OC
ZINC000751957694,COC(=O)Cc1ccccc1CN1CCC(n2c(=O)[nH]c3ccccc32)CC1
ZINC001138043161,CC(=O)Oc1cccc(CN2CCC(n3c(=O)n(C)c4ccccc43)CC2)c1
ZINC001138425559,COc1c(F)cc(CN2CCC(n3c(=O)n(C)c4ccccc43)CC2)cc1F
ZINC001138923366,O=C(O)COc1ccc(CN2CCC(n3c(=O)[nH]c4ccccc43)CC2)cc1
ZINC001138966610,CCC(=O)Oc1ccc(CN2CCC(n3c(=O)n(C)c4ccccc43)CC2)cc1
ZINC001139275606,COc1ccc(OC)c(CN2CCC(n3c(=O)[nH]c4ccccc43)CC2)c1N
ZINC000833539488,CC(Oc1ccc(CN2CCC(n3c(=O)[nH]c4ccccc43)CC2)cc1)C(=O)O
ZINC000833539490,CC(Oc1ccc(CN2CCC(n3c(=O)[nH]c4ccccc43)CC2)cc1)C(=O)O
ZINC001140768931,COc1cc(O)cc(OC)c1CN1CCC(n2c(=O)[nH]c3ccccc32)CC1
ZINC001140826103,COc1cc(F)c(CN2CCC(n3c(=O)n(C)c4ccccc43)CC2)c(F)c1
ZINC001141169924,COc1cc(CN2CCC(n3c(=O)[nH]c4ccccc43)CC2)cc(O)c1OC
ZINC001141281701,COc1cc(F)c(CN2CCC(n3c(=O)n(C)c4ccccc43)CC2)cc1OC
ZINC001142595466,CCOC(=O)c1ccc(CN2CCC(n3c(=O)n(C)c4ccccc43)CC2)cc1
ZINC001142900369,COC(=O)Cc1ccc(CN2CCC(n3c(=O)[nH]c4ccccc43)CC2)cc1
ZINC001143321509,COc1c(F)ccc(CN2CCC(n3c(=O)n(C)c4ccccc43)CC2)c1F
ZINC001203449429,COc1cccc(CN2CCC(n3c(=O)n(C)c4ccccc43)CC2)c1OC
ZINC001203481085,COc1ccc(CN2CCC(n3c(=O)n(C)c4ccccc43)CC2)c(OC)c1
ZINC001203527614,COc1ccc(OC)c(CN2CCC(n3c(=O)n(C)c4ccccc43)CC2)c1
ZINC001203838402,COc1ccc(CN2CCC(n3c(=O)n(C)c4ccccc43)CC2)cc1OC
ZINC001203859657,COc1cc(CN2CCC(n3c(=O)n(C)c4ccccc43)CC2)cc(OC)c1
ZINC001203927959,CC(=O)Nc1ccc(CN2CCC(n3c(=O)n(C)c4ccccc43)CC2)cc1
ZINC001203949307,CC(=O)Oc1ccc(CN2CCC(n3c(=O)n(C)c4ccccc43)CC2)cc1
ZINC001204130557,CCOc1cc(CN2CCC(n3c(=O)n(C)c4ccccc43)CC2)ccc1O
ZINC001204249767,COc1cccc(OC)c1CN1CCC(n2c(=O)n(C)c3ccccc32)CC1
ZINC001209530752,COc1cc(CN2CCC(n3c(=O)n(C)c4ccccc43)CC2)cc(F)c1O
ZINC001223022127,COC(=O)C(C)O[C@H]1c2ccccc2N(C)S(=O)(=O)c2cc(Cl)ccc21
ZINC001223022132,COC(=O)C(C)O[C@@H]1c2ccccc2N(C)S(=O)(=O)c2cc(Cl)ccc21
ZINC001231422284,COC(=O)c1cc(CN2CCC(n3c(=O)[nH]c4ccccc43)CC2)ccc1O
ZINC001231458745,Cn1c(=O)n(C2CCN(Cc3cc(C(=O)O)ccc3F)CC2)c2ccccc21
ZINC001231751622,COc1ccc(CN2CCC(n3c(=O)[nH]c4ccccc43)CC2)cc1C(=O)O
ZINC001231791085,O=C(O)COc1ccccc1CN1CCC(n2c(=O)[nH]c3ccccc32)CC1
ZINC001232146009,CN(C)Cc1cc(F)cc(CN2CCC(n3c(=O)n(C)c4ccccc43)CC2)c1
ZINC001232187146,CC(=O)Nc1ccc(CN2CCC(n3c(=O)n(C)c4ccccc43)CC2)c(C)c1
ZINC001232706170,COC(=O)c1ccc(CN2CCC(n3c(=O)n(C)c4ccccc43)CC2)cc1F
ZINC001233281458,COCOc1cccc(CN2CCC(n3c(=O)n(C)c4ccccc43)CC2)c1
ZINC001233343241,COc1cc(F)c(CN2CCC(n3c(=O)n(C)c4ccccc43)CC2)cc1F
ZINC001233497712,COC(=O)c1ccc(CN2CCC(n3c(=O)[nH]c4ccccc43)CC2)cc1OC
ZINC001234960178,COC(=O)c1cc(CN2CCC(n3c(=O)[nH]c4ccccc43)CC2)ccc1OC
ZINC001235408863,CCOc1cc(O)cc(CN2CCC(n3c(=O)n(C)c4ccccc43)CC2)c1
ZINC001235450175,COc1cc(CN2CCC(n3c(=O)n(C)c4ccccc43)CC2)cc(F)c1F
ZINC001236760783,COC(=O)c1cc(CN2CCC(n3c(=O)[nH]c4ccccc43)CC2)cc(OC)c1
ZINC001236778377,COC(=O)c1cc(F)cc(CN2CCC(n3c(=O)n(C)c4ccccc43)CC2)c1
ZINC001236836077,COc1cc(CN2CCC(n3c(=O)n(C)c4ccccc43)CC2)c(F)cc1F
ZINC001237417430,CC(=O)Nc1ccccc1CN1CCC(n2c(=O)n(C)c3ccccc32)CC1
ZINC001237482337,COC(=O)Cc1cccc(CN2CCC(n3c(=O)[nH]c4ccccc43)CC2)c1
ZINC001237585795,COc1ccc(OC)c(CN2CCC(n3c(=O)n(C)c4ccccc43)CC2)c1F
ZINC001237883741,CCOC(=O)c1ccccc1CN1CCC(n2c(=O)n(C)c3ccccc32)CC1
ZINC001238143860,Cc1cc(C(=O)O)ccc1CN1CCC(n2c(=O)n(C)c3ccccc32)CC1
ZINC001238234535,Cn1c(=O)n(C2CCN(Cc3ccc(F)cc3C(=O)O)CC2)c2ccccc21
ZINC001238374140,COc1ccc(CN2CCC(n3c(=O)n(C)c4ccccc43)CC2)c(F)c1O
ZINC001238474266,COc1c(CN2CCC(n3c(=O)n(C)c4ccccc43)CC2)ccc(F)c1F
ZINC001248756045,COc1ccc(CN2CCC(n3c(=O)n(C)c4ccccc43)CC2)c(F)c1OC
ZINC001248890048,COC(=O)c1cccc(CN2CCC(n3c(=O)[nH]c4ccccc43)CC2)c1OC
ZINC001249617912,COC(=O)c1cc(F)ccc1CN1CCC(n2c(=O)n(C)c3ccccc32)CC1
ZINC001249955361,CN(C)c1cc(F)cc(CN2CCC(n3c(=O)n(C)c4ccccc43)CC2)c1
ZINC001318662854,CCN(CC)S(=O)(=O)c1ccc(NC[C@@H](C(C)C)N2CCC(C)CC2)nc1
ZINC001318662856,CCN(CC)S(=O)(=O)c1ccc(NC[C@H](C(C)C)N2CCC(C)CC2)nc1
ZINC000613481274,CC(C)N(C(C)C)S(=O)(=O)c1ccc(NC[C@H](C)N2CCC[C@@H](C)C2)nc1
ZINC000613481275,CC(C)N(C(C)C)S(=O)(=O)c1ccc(NC[C@@H](C)N2CCC[C@@H](C)C2)nc1
ZINC000613481276,CC(C)N(C(C)C)S(=O)(=O)c1ccc(NC[C@H](C)N2CCC[C@H](C)C2)nc1
ZINC000613481279,CC(C)N(C(C)C)S(=O)(=O)c1ccc(NC[C@@H](C)N2CCC[C@H](C)C2)nc1
ZINC000613491664,CC(C)N(C(C)C)S(=O)(=O)c1ccc(NCCN2CCC[C@H](C)C2)nc1
ZINC000613491665,CC(C)N(C(C)C)S(=O)(=O)c1ccc(NCCN2CCC[C@@H](C)C2)nc1
ZINC001597129799,CCOc1ccc(OCC(=O)N[C@]2(C(=O)O)CC[C@@H](C)c3ccccc32)cc1
ZINC001597129802,CCOc1ccc(OCC(=O)N[C@@]2(C(=O)O)CC[C@H](C)c3ccccc32)cc1
ZINC001597129805,CCOc1ccc(OCC(=O)N[C@]2(C(=O)O)CC[C@H](C)c3ccccc32)cc1
ZINC001597129809,CCOc1ccc(OCC(=O)N[C@@]2(C(=O)O)CC[C@@H](C)c3ccccc32)cc1
ZINC001604703537,C[C@H]1CC[C@](NC(=O)COc2cc(F)cc(F)c2)(C(=O)O)c2ccccc21
ZINC001604703538,C[C@@H]1CC[C@](NC(=O)COc2cc(F)cc(F)c2)(C(=O)O)c2ccccc21
ZINC001604703539,C[C@@H]1CC[C@@](NC(=O)COc2cc(F)cc(F)c2)(C(=O)O)c2ccccc21
ZINC001604703540,C[C@H]1CC[C@@](NC(=O)COc2cc(F)cc(F)c2)(C(=O)O)c2ccccc21
ZINC001139256283,COc1cc(CN2CCC(n3c(=O)[nH]c4ccccc43)CC2)cc(CN(C)C)c1O
ZINC000003610608,CN1c2ccccc2[C@@H](O)c2ccccc2S1(=O)=O
ZINC000003610611,CN1c2ccccc2[C@H](O)c2ccccc2S1(=O)=O
ZINC000022005387,CCOC(=O)CCCCCCN[C@@H]1c2ccccc2N(C)S(=O)(=O)c2cc(Cl)ccc21
ZINC000022005392,CCOC(=O)CCCCCCN[C@H]1c2ccccc2N(C)S(=O)(=O)c2cc(Cl)ccc21
ZINC000096412880,O=[N+]([O-])c1cnc(NCCN2CCC(CO)CC2)c(Cl)c1
ZINC000000005739,CN(C(=O)Cc1ccccc1)[C@H](CN1CCCC1)c1ccccc1
ZINC000506138927,COc1cc(CN2CCC(n3c(=O)[nH]c4ccccc43)CC2)ccc1OCC(F)(F)F
ZINC000506141582,CCOc1cc(CN2CCC(n3c(=O)[nH]c4ccccc43)CC2)ccc1OCC(F)(F)F
ZINC001116436954,O=c1[nH]c2ccccc2n1C1CCN(Cc2ccc(OC(F)F)cc2OC(F)F)CC1
ZINC001137526424,Cn1c(=O)n(C2CCN(Cc3cc(Cl)ccc3Br)CC2)c2ccccc21
ZINC001137565619,Cn1c(=O)n(C2CCN(Cc3ccc(Br)cc3Cl)CC2)c2ccccc21
ZINC001137622000,Cn1c(=O)n(C2CCN(Cc3cccc(Cl)c3Br)CC2)c2ccccc21
ZINC001137815701,Cn1c(=O)n(C2CCN(Cc3c(Cl)cccc3Br)CC2)c2ccccc21
ZINC001137829560,Cn1c(=O)n(C2CCN(Cc3cc(Br)ccc3Cl)CC2)c2ccccc21
ZINC001140486409,Cn1c(=O)n(C2CCN(Cc3ccc(Cl)cc3Br)CC2)c2ccccc21
ZINC001140559297,Cn1c(=O)n(C2CCN(Cc3ccc(OC(F)(F)F)c(Cl)c3)CC2)c2ccccc21
ZINC001140610701,CC(C)(C)OC(=O)NCc1ccc(CN2CCC(n3c(=O)[nH]c4ccccc43)CC2)cc1
ZINC001142811005,O=c1[nH]c2ccccc2n1C1CCN(Cc2ccc(OC(F)F)c(OC(F)F)c2)CC1
ZINC001143358029,Cn1c(=O)n(C2CCN(Cc3ccc(Cl)c(OC(F)(F)F)c3)CC2)c2ccccc21
ZINC001144689935,Cn1c(=O)n(C2CCN(Cc3cc(Cl)cc(Br)c3)CC2)c2ccccc21
ZINC001151338148,COc1ccc([C@@H](CN2CCCC2)NC(=O)C(C)c2ccc(Br)cc2)cc1
ZINC001151338150,COc1ccc([C@@H](CN2CCCC2)NC(=O)C(C)c2ccc(Br)cc2)cc1
ZINC001231438217,Cn1c(=O)n(C2CCN(Cc3ccc(Br)c(Cl)c3)CC2)c2ccccc21
ZINC001231556360,CCOc1cc(CN2CCC(n3c(=O)[nH]c4ccccc43)CC2)ccc1OC(=O)C(C)C
ZINC001231568235,Cn1c(=O)n(C2CCN(Cc3ccc(Cl)c(Br)c3)CC2)c2ccccc21
ZINC001231744635,O=c1[nH]c2ccccc2n1C1CCN(Cc2cc(Cl)c(O)c(Br)c2)CC1
ZINC001232722023,Cn1c(=O)n(C2CCN(Cc3cccc(NC(=O)OC(C)(C)C)c3)CC2)c2ccccc21
ZINC001233060321,O=c1[nH]c2ccccc2n1C1CCN(Cc2c(F)cc(Br)c(F)c2F)CC1
ZINC001233105314,CCOc1c(Cl)cc(CN2CCC(n3c(=O)n(C)c4ccccc43)CC2)cc1Cl
ZINC001233338758,Cn1c(=O)n(C2CCN(Cc3ccc(NC(=O)OC(C)(C)C)cc3)CC2)c2ccccc21
ZINC001235433252,Nc1cc(Cl)c(Br)cc1CN1CCC(n2c(=O)[nH]c3ccccc32)CC1
ZINC001235436984,CCOc1cc(CN2CCC(n3c(=O)[nH]c4ccccc43)CC2)ccc1Br
ZINC001235602765,Cn1c(=O)n(C2CCN(Cc3cccc(Br)c3Cl)CC2)c2ccccc21
ZINC001235844857,CC(C)(C)OC(=O)NCc1cccc(CN2CCC(n3c(=O)[nH]c4ccccc43)CC2)c1
ZINC001236658400,CCOc1ccc(CN2CCC(n3c(=O)[nH]c4ccccc43)CC2)cc1Br
ZINC001237342138,Cn1c(=O)n(C2CCN(Cc3ccccc3NC(=O)OC(C)(C)C)CC2)c2ccccc21
ZINC001237768268,COc1ccc(CN2CCC(n3c(=O)[nH]c4ccccc43)CC2)c(C(F)(F)F)c1OC
ZINC001238128242,CN(C(=O)OC(C)(C)C)c1ccc(CN2CCC(n3c(=O)[nH]c4ccccc43)CC2)cc1
ZINC001238311001,COc1c(Br)cc(C)cc1CN1CCC(n2c(=O)[nH]c3ccccc32)CC1
ZINC001238492525,CCOc1cc(CN2CCC(n3c(=O)n(C)c4ccccc43)CC2)cc(C(F)(F)F)c1
ZINC001238689994,CCOc1cccc(CN2CCC(n3c(=O)[nH]c4ccccc43)CC2)c1Br
ZINC001248658972,CC(C)Oc1cc(CN2CCC(n3c(=O)n(C)c4ccccc43)CC2)cc(OC(C)C)c1
ZINC001250276319,Cn1c(=O)n(C2CCN(Cc3cc(F)cc(C(F)(F)F)c3Cl)CC2)c2ccccc21
ZINC001250297784,CC(C)Oc1c(F)cc(CN2CCC(n3c(=O)n(C)c4ccccc43)CC2)cc1Cl
ZINC001295211223,COc1ccc([C@@H](CN2CCCC2)NC(=O)C(C)c2cccc(Br)c2)cc1
ZINC001295211225,COc1ccc([C@@H](CN2CCCC2)NC(=O)C(C)c2cccc(Br)c2)cc1
ZINC001545891261,CCC(C(=O)N[C@H](CN1CCCC1)c1ccc(OC)cc1)c1ccc(Br)cc1
ZINC001545891262,CCC(C(=O)N[C@H](CN1CCCC1)c1ccc(OC)cc1)c1ccc(Br)cc1
ZINC001623324275,CCCOC(C(=O)N[C@H](CN1CCCC1)c1ccc(OC)cc1)c1ccc(F)cc1C
ZINC001623324276,CCCOC(C(=O)N[C@H](CN1CCCC1)c1ccc(OC)cc1)c1ccc(F)cc1C
ZINC000121804025,O=c1[nH]c2ccccc2n1C1CCN(Cc2c(O)cccc2Cl)CC1
ZINC000768218742,CCOc1ccc(CN2CCC(n3c(=O)[nH]c4ccccc43)CC2)c(O)c1
ZINC000815010425,Cc1cc(CN2CCC(n3c(=O)[nH]c4ccccc43)CC2)ccc1N(C)C
ZINC001180452543,O=c1[nH]c2ccccc2n1C1CCN(Cc2ccc(F)c(F)c2O)CC1
ZINC000121802521,O=c1[nH]c2ccccc2n1C1CCN(Cc2cc(Cl)ccc2O)CC1
ZINC001139680786,O=c1[nH]c2ccccc2n1C1CCN(Cc2c(F)ccc(F)c2O)CC1
ZINC001140180032,Cc1ccc(C)c(CN2CCC(n3c(=O)[nH]c4ccccc43)CC2)c1O
ZINC001140341356,Cn1c(=O)n(C2CCN(Cc3c(O)cccc3Cl)CC2)c2ccccc21
ZINC001140463110,O=c1[nH]c2ccccc2n1C1CCN(Cc2ccc(Cl)cc2O)CC1
ZINC001140466699,Cn1c(=O)n(C2CCN(Cc3ccc(Cl)cc3O)CC2)c2ccccc21
ZINC001140581145,O=c1[nH]c2ccccc2n1C1CCN(Cc2c(O)cc(F)cc2F)CC1
ZINC001142512535,O=c1[nH]c2ccccc2n1C1CCN(Cc2cc(F)c(F)cc2O)CC1
ZINC001203664289,Cn1c(=O)n(C2CCN(Cc3cc(Cl)ccc3O)CC2)c2ccccc21
ZINC001231845013,Cc1cc(C)c(CN2CCC(n3c(=O)[nH]c4ccccc43)CC2)c(O)c1
ZINC001231912090,Cn1c(=O)n(C2CCN(Cc3cccc(Cl)c3O)CC2)c2ccccc21
ZINC001232257234,O=c1[nH]c2ccccc2n1C1CCN(Cc2cc(Cl)c(O)cc2O)CC1
ZINC001233332174,O=c1[nH]c2ccccc2n1C1CCN(Cc2c(O)ccc(F)c2F)CC1
ZINC001236785109,CCc1ccc(CN2CCC(n3c(=O)[nH]c4ccccc43)CC2)c(O)c1
ZINC001236808643,COc1cc(C)c(CN2CCC(n3c(=O)[nH]c4ccccc43)CC2)c(O)c1
ZINC001238059222,Cc1cc(F)cc(CN2CCC(n3c(=O)[nH]c4ccccc43)CC2)c1O
ZINC000848880294,CCc1cccc(CN2CCC(n3c(=O)[nH]c4ccccc43)CC2)c1O
ZINC000077928828,CCOC(=O)c1ccnc(NCCN2CCCCC2)c1[N+](=O)[O-]
ZINC000080250494,COC1CCN(CCNc2ncc([N+](=O)[O-])cc2Cl)CC1
ZINC000153919631,COC1CCN(CCNc2ncc(Cl)cc2[N+](=O)[O-])CC1
ZINC000276629553,COC(=O)c1cnc(N[C@H](C)CN2CCCCC2)c([N+](=O)[O-])c1
ZINC000276629558,COC(=O)c1cnc(N[C@@H](C)CN2CCCCC2)c([N+](=O)[O-])c1
ZINC000286046171,COC(=O)c1ccc([N+](=O)[O-])c(N[C@H](C)CN2CCCCC2)n1
ZINC000286046176,COC(=O)c1ccc([N+](=O)[O-])c(N[C@@H](C)CN2CCCCC2)n1
ZINC000520233544,Cc1cc(C(=O)O)c([N+](=O)[O-])c(NCCN2CCC[C@H](C)C2)n1
ZINC000520233547,Cc1cc(C(=O)O)c([N+](=O)[O-])c(NCCN2CCC[C@@H](C)C2)n1
ZINC000563626082,CC[C@@H]1CCCCN1CCNc1nc(C(=O)O)ccc1[N+](=O)[O-]
ZINC000563626090,CC[C@H]1CCCCN1CCNc1nc(C(=O)O)ccc1[N+](=O)[O-]
ZINC000563959682,Cc1cc(C(=O)O)c([N+](=O)[O-])c(N[C@H](C)CN2CCCCC2)n1
ZINC000563959686,Cc1cc(C(=O)O)c([N+](=O)[O-])c(N[C@@H](C)CN2CCCCC2)n1
ZINC000568517316,CC1(C)CCCN(CCNc2nccc(C(=O)O)c2[N+](=O)[O-])C1
ZINC000571330843,C[C@@H]1CCC[C@@H](C)N1CCNc1ncc(C(=O)O)cc1[N+](=O)[O-]
ZINC000571330845,C[C@@H]1CCC[C@H](C)N1CCNc1ncc(C(=O)O)cc1[N+](=O)[O-]
ZINC000571330847,C[C@H]1CCC[C@H](C)N1CCNc1ncc(C(=O)O)cc1[N+](=O)[O-]
ZINC000571449573,CC1(C)CCCN(CCNc2ncc(C(=O)O)cc2[N+](=O)[O-])C1
ZINC000572884621,C[C@@H]1CCCN([C@H](C)CNc2ncc(C(=O)O)cc2[N+](=O)[O-])C1
ZINC000572884622,C[C@@H]1CCCN([C@@H](C)CNc2ncc(C(=O)O)cc2[N+](=O)[O-])C1
ZINC000572884623,C[C@H]1CCCN([C@@H](C)CNc2ncc(C(=O)O)cc2[N+](=O)[O-])C1
ZINC000572884624,C[C@H]1CCCN([C@H](C)CNc2ncc(C(=O)O)cc2[N+](=O)[O-])C1
ZINC000572964611,C[C@@H]1CCCN([C@H](C)CNc2nccc(C(=O)O)c2[N+](=O)[O-])C1
ZINC000572964612,C[C@@H]1CCCN([C@@H](C)CNc2nccc(C(=O)O)c2[N+](=O)[O-])C1
ZINC000572964613,C[C@H]1CCCN([C@@H](C)CNc2nccc(C(=O)O)c2[N+](=O)[O-])C1
ZINC000572964614,C[C@H]1CCCN([C@H](C)CNc2nccc(C(=O)O)c2[N+](=O)[O-])C1
ZINC000575062211,C[C@@H]1CCCN([C@H](C)CNc2nc(C(=O)O)ccc2[N+](=O)[O-])C1
ZINC000575062212,C[C@@H]1CCCN([C@@H](C)CNc2nc(C(=O)O)ccc2[N+](=O)[O-])C1
ZINC000575062213,C[C@H]1CCCN([C@@H](C)CNc2nc(C(=O)O)ccc2[N+](=O)[O-])C1
ZINC000575062214,C[C@H]1CCCN([C@H](C)CNc2nc(C(=O)O)ccc2[N+](=O)[O-])C1
ZINC000577495803,CC1(C)CCCN(CCNc2nc(C(=O)O)ccc2[N+](=O)[O-])C1
ZINC000577853665,C[C@@H]1CCC[C@@H](C)N1CCNc1nc(C(=O)O)ccc1[N+](=O)[O-]
ZINC000577853666,C[C@@H]1CCC[C@H](C)N1CCNc1nc(C(=O)O)ccc1[N+](=O)[O-]
ZINC000577853667,C[C@H]1CCC[C@H](C)N1CCNc1nc(C(=O)O)ccc1[N+](=O)[O-]
ZINC000578774936,C[C@@H]1CCC[C@@H](C)N1CCNc1nccc(C(=O)O)c1[N+](=O)[O-]
ZINC000578774937,C[C@@H]1CCC[C@H](C)N1CCNc1nccc(C(=O)O)c1[N+](=O)[O-]
ZINC000578774938,C[C@H]1CCC[C@H](C)N1CCNc1nccc(C(=O)O)c1[N+](=O)[O-]
ZINC000582362451,CC[C@@H]1CCCCN1CCNc1nccc(C(=O)O)c1[N+](=O)[O-]
ZINC000582362452,CC[C@H]1CCCCN1CCNc1nccc(C(=O)O)c1[N+](=O)[O-]
ZINC000598590572,COC(=O)c1ccnc(N[C@H](C)CN2CCCCC2)c1[N+](=O)[O-]
ZINC000598590573,COC(=O)c1ccnc(N[C@@H](C)CN2CCCCC2)c1[N+](=O)[O-]
ZINC000737748557,C[C@@H]1CCCN(C[C@@H](C)Nc2nccc(C(=O)O)c2[N+](=O)[O-])C1
ZINC000737748558,C[C@@H]1CCCN(C[C@H](C)Nc2nccc(C(=O)O)c2[N+](=O)[O-])C1
ZINC000737748560,C[C@H]1CCCN(C[C@H](C)Nc2nccc(C(=O)O)c2[N+](=O)[O-])C1
ZINC000737748562,C[C@H]1CCCN(C[C@@H](C)Nc2nccc(C(=O)O)c2[N+](=O)[O-])C1
ZINC000737750782,C[C@@H]1CCCCN1[C@H](C)CNc1nccc(C(=O)O)c1[N+](=O)[O-]
ZINC000737750783,C[C@@H]1CCCCN1[C@@H](C)CNc1nccc(C(=O)O)c1[N+](=O)[O-]
ZINC000737750785,C[C@H]1CCCCN1[C@@H](C)CNc1nccc(C(=O)O)c1[N+](=O)[O-]
ZINC000737750787,C[C@H](CNc1nccc(C(=O)O)c1[N+](=O)[O-])N1CCCC[C@@H]1C
ZINC001160747085,Cc1ccnc(NCCN2CCC(F)(F)CC2)c1[N+](=O)[O-]
ZINC001160747323,COc1nc(NCCN2CCC(F)(F)CC2)ccc1[N+](=O)[O-]
ZINC001160747931,O=[N+]([O-])c1cc(F)cnc1NCCN1CCC(F)(F)CC1
ZINC001160748152,Cc1cc([N+](=O)[O-])cnc1NCCN1CCC(F)(F)CC1
ZINC001160748199,Cc1nc(NCCN2CCC(F)(F)CC2)ccc1[N+](=O)[O-]
ZINC001160748688,Cc1cnc(NCCN2CCC(F)(F)CC2)c([N+](=O)[O-])c1
ZINC001160748864,COc1cnc(NCCN2CCC(F)(F)CC2)c([N+](=O)[O-])c1
ZINC001160749070,O=[N+]([O-])c1cnc(NCCN2CCC(F)(F)CC2)c(F)c1
ZINC001160749369,COc1cc(NCCN2CCC(F)(F)CC2)ncc1[N+](=O)[O-]
ZINC001594384660,C[C@@H]1CCCN(C[C@@H](C)Nc2nc(C(=O)O)ccc2[N+](=O)[O-])C1
ZINC001594384661,C[C@@H]1CCCN(C[C@H](C)Nc2nc(C(=O)O)ccc2[N+](=O)[O-])C1
ZINC001594384662,C[C@H]1CCCN(C[C@H](C)Nc2nc(C(=O)O)ccc2[N+](=O)[O-])C1
ZINC001594384663,C[C@H]1CCCN(C[C@@H](C)Nc2nc(C(=O)O)ccc2[N+](=O)[O-])C1
ZINC001594416842,CC1CCN(C[C@@H](C)Nc2nc(C(=O)O)ccc2[N+](=O)[O-])CC1
ZINC001594416843,CC1CCN(C[C@H](C)Nc2nc(C(=O)O)ccc2[N+](=O)[O-])CC1
ZINC001604734149,C[C@@H]1CCCCN1[C@H](C)CNc1nc(C(=O)O)ccc1[N+](=O)[O-]
ZINC001604734150,C[C@@H]1CCCCN1[C@@H](C)CNc1nc(C(=O)O)ccc1[N+](=O)[O-]
ZINC001604734151,C[C@H]1CCCCN1[C@@H](C)CNc1nc(C(=O)O)ccc1[N+](=O)[O-]
ZINC001604734152,C[C@H](CNc1nc(C(=O)O)ccc1[N+](=O)[O-])N1CCCC[C@@H]1C
ZINC001604734239,C[C@@H]1CCCCN1[C@H](C)CNc1ncc(C(=O)O)cc1[N+](=O)[O-]
ZINC001604734241,C[C@@H]1CCCCN1[C@@H](C)CNc1ncc(C(=O)O)cc1[N+](=O)[O-]
ZINC001604734243,C[C@H]1CCCCN1[C@@H](C)CNc1ncc(C(=O)O)cc1[N+](=O)[O-]
ZINC001604734246,C[C@H](CNc1ncc(C(=O)O)cc1[N+](=O)[O-])N1CCCC[C@@H]1C
ZINC001776595364,C[C@@H]1C[C@@H](C)CN(CCNc2ncc(C(=O)O)cc2[N+](=O)[O-])C1
ZINC001776595365,C[C@@H]1C[C@H](C)CN(CCNc2ncc(C(=O)O)cc2[N+](=O)[O-])C1
ZINC001776595366,C[C@H]1C[C@H](C)CN(CCNc2ncc(C(=O)O)cc2[N+](=O)[O-])C1
ZINC001776595367,C[C@@H]1C[C@@H](C)CN(CCNc2nc(C(=O)O)ccc2[N+](=O)[O-])C1
ZINC001776595368,C[C@@H]1C[C@H](C)CN(CCNc2nc(C(=O)O)ccc2[N+](=O)[O-])C1
ZINC001776595369,C[C@H]1C[C@H](C)CN(CCNc2nc(C(=O)O)ccc2[N+](=O)[O-])C1
ZINC001776595474,C[C@@H]1C[C@@H](C)CN(CCNc2nccc(C(=O)O)c2[N+](=O)[O-])C1
ZINC001776595475,C[C@@H]1C[C@H](C)CN(CCNc2nccc(C(=O)O)c2[N+](=O)[O-])C1
ZINC001776595476,C[C@H]1C[C@H](C)CN(CCNc2nccc(C(=O)O)c2[N+](=O)[O-])C1
ZINC001776642351,C[C@@H]1CCCN(C[C@@H](C)Nc2ncc(C(=O)O)cc2[N+](=O)[O-])C1
ZINC001776642352,C[C@@H]1CCCN(C[C@H](C)Nc2ncc(C(=O)O)cc2[N+](=O)[O-])C1
ZINC001776642353,C[C@H]1CCCN(C[C@H](C)Nc2ncc(C(=O)O)cc2[N+](=O)[O-])C1
ZINC001776642354,C[C@H]1CCCN(C[C@@H](C)Nc2ncc(C(=O)O)cc2[N+](=O)[O-])C1
ZINC001776643263,CC1CCN(C[C@@H](C)Nc2nccc(C(=O)O)c2[N+](=O)[O-])CC1
ZINC001776643264,CC1CCN(C[C@H](C)Nc2nccc(C(=O)O)c2[N+](=O)[O-])CC1
ZINC001776643277,CC1CCN(C[C@@H](C)Nc2ncc(C(=O)O)cc2[N+](=O)[O-])CC1
ZINC001776643278,CC1CCN(C[C@H](C)Nc2ncc(C(=O)O)cc2[N+](=O)[O-])CC1
ZINC000876552026,Cc1cccc(O)c1CN1CCC(n2c(=O)[nH]c3ccccc32)CC1
ZINC000876552345,Cc1ccc(CN2CCC(n3c(=O)[nH]c4ccccc43)CC2)c(O)c1
ZINC000192962816,NC(=O)c1ccc(CN2CCC(n3c(=O)[nH]c4ccccc43)CC2)c([N+](=O)[O-])c1
ZINC000542508232,Cc1c([N+](=O)[O-])cnc(NCCN2CCC(N(C)C)CC2)c1Br
ZINC001246348543,N#Cc1ccc(C2CCC(NCCc3c[nH]c4ccccc34)CC2)cc1
ZINC001143374389,Cc1cc(CN2CCC(n3c(=O)[nH]c4ccccc43)CC2)cc(C)c1F
ZINC000607781715,CC(C(=O)N[C@H](CN1CCCC1)c1ccccc1)c1cccc(Cl)c1
ZINC001266564520,CC(C)COc1cccc(OCC(=O)N[C@]2(C)CCCc3ccccc32)c1
ZINC001266564521,CC(C)COc1cccc(OCC(=O)N[C@@]2(C)CCCc3ccccc32)c1
ZINC000013802709,C[C@H](c1ccccc1Cl)N1CCC(n2c(=O)[nH]c3ccccc32)CC1
ZINC000013802710,C[C@@H](c1ccccc1Cl)N1CCC(n2c(=O)[nH]c3ccccc32)CC1
ZINC000084647285,C[C@@H](c1c(F)cccc1F)N1CCC(n2c(=O)[nH]c3ccccc32)CC1
ZINC000535781792,CCCOc1ccc(CN2CCC(n3c(=O)[nH]c4ccccc43)CC2)cc1
ZINC000511101391,CSc1ccccc1CN1CCC(n2c(=O)[nH]c3ccccc32)CC1
ZINC000613344923,CC(C)Oc1cccc(CN2CCC(n3c(=O)[nH]c4ccccc43)CC2)c1
ZINC000549342590,O=c1[nH]c2ccccc2n1C1CCN(Cc2cccc(F)c2Cl)CC1
ZINC000500411869,COc1ccc([C@@H](CN2CCCC2)NC(=O)C(C)c2cccc(C)c2)cc1
ZINC000500411872,COc1ccc([C@@H](CN2CCCC2)NC(=O)C(C)c2cccc(C)c2)cc1
ZINC000503953418,CCc1cc(OC)ccc1CN1CCC(n2c(=O)[nH]c3ccccc32)CC1
ZINC000513965033,COc1cccc(Cl)c1CN1CCC(n2c(=O)[nH]c3ccccc32)CC1
ZINC000437590533,O=c1[nH]c2ccccc2n1C1CCN(Cc2ccc(Cl)cc2F)CC1
ZINC000506120514,CC(=O)c1cccc(OC(C)C(=O)N[C@@]2(C)CCCc3ccccc32)c1
ZINC000506120516,CC(=O)c1cccc(OC(C)C(=O)N[C@]2(C)CCCc3ccccc32)c1
ZINC000506120518,CC(=O)c1cccc(OC(C)C(=O)N[C@]2(C)CCCc3ccccc32)c1
ZINC000506120519,CC(=O)c1cccc(OC(C)C(=O)N[C@@]2(C)CCCc3ccccc32)c1
ZINC000506126284,O=c1[nH]c2ccccc2n1C1CCN(Cc2ccc(F)c(Cl)c2)CC1
ZINC000506135284,CSc1ccc(CN2CCC(n3c(=O)[nH]c4ccccc43)CC2)cc1
ZINC000506148107,O=c1[nH]c2ccccc2n1C1CCN(Cc2cc(Cl)ccc2F)CC1
ZINC000506159106,O=c1[nH]c2ccccc2n1C1CCN(Cc2cccc(Cl)c2F)CC1
ZINC000506161134,O=c1[nH]c2ccccc2n1C1CCN(Cc2ccc(Cl)c(F)c2)CC1
ZINC000445801431,O=c1[nH]c2ccccc2n1C1CCN(Cc2cc(F)ccc2Cl)CC1
ZINC000525675584,CC(C(=O)N[C@H](CN1CCCC1)c1ccccc1)c1ccc(F)c(F)c1
ZINC000525675585,CC(C(=O)N[C@H](CN1CCCC1)c1ccccc1)c1ccc(F)c(F)c1
ZINC001143597816,Cc1cc(CN2CCC(n3c(=O)[nH]c4ccccc43)CC2)cc(F)c1F
ZINC000060466173,C[C@@H](c1ccc(Cl)cc1)N1CCC(n2c(=O)[nH]c3ccccc32)CC1
ZINC000538399518,OC[C@H](Cc1c[nH]c2ccccc12)NC1CCC(c2ccc(O)cc2)CC1
ZINC000538399519,OC[C@@H](Cc1c[nH]c2ccccc12)NC1CCC(c2ccc(O)cc2)CC1
ZINC000481522605,CC(C(=O)N[C@H](CN1CCCC1)c1ccccc1)c1c(F)cccc1F
ZINC000481522606,CC(C(=O)N[C@H](CN1CCCC1)c1ccccc1)c1c(F)cccc1F
ZINC000482641598,COc1cc(Cl)ccc1CN1CCC(n2c(=O)[nH]c3ccccc32)CC1
ZINC000483539082,COc1ccc(Cl)c(CN2CCC(n3c(=O)[nH]c4ccccc43)CC2)c1
ZINC000485695398,O=c1[nH]c2ccccc2n1C1CCN(Cc2cc(F)cc(Cl)c2)CC1
ZINC000589898274,CCc1ccc(C(C)C(=O)N[C@H](CN2CCCC2)c2ccccc2)cc1
ZINC000589898275,CCc1ccc(C(C)C(=O)N[C@H](CN2CCCC2)c2ccccc2)cc1
ZINC000607781716,CC(C(=O)N[C@H](CN1CCCC1)c1ccccc1)c1cccc(Cl)c1
ZINC000534543681,COc1ccc(CN2CCC(n3c(=O)[nH]c4ccccc43)CC2)cc1Cl
ZINC000535068485,CCCOc1cccc(CN2CCC(n3c(=O)[nH]c4ccccc43)CC2)c1
ZINC000463383945,CCC(C(=O)N[C@H](CN1CCCC1)c1ccccc1)c1ccc(OC)cc1
ZINC000463383946,CCC(C(=O)N[C@H](CN1CCCC1)c1ccccc1)c1ccc(OC)cc1
ZINC000183920024,O=c1[nH]c2ccccc2n1C1CCN(Cc2ccc(C(F)F)cc2)CC1
ZINC000495058105,CCOc1ccc(CN2CCC(n3c(=O)[nH]c4ccccc43)CC2)cc1F
ZINC000497590136,C[C@H](c1ccc(F)cc1F)N1CCC(n2c(=O)[nH]c3ccccc32)CC1
ZINC000497591326,C[C@H](c1ccc(F)c(F)c1)N1CCC(n2c(=O)[nH]c3ccccc32)CC1
ZINC000072014100,C[C@H](c1ccc(Cl)cc1)N1CCC(n2c(=O)[nH]c3ccccc32)CC1
ZINC000056282092,C[C@@H](c1cc(F)ccc1F)N1CCC(n2c(=O)[nH]c3ccccc32)CC1
ZINC000056282093,C[C@H](c1cc(F)ccc1F)N1CCC(n2c(=O)[nH]c3ccccc32)CC1
ZINC000060466175,C[C@@H](c1ccc(F)c(F)c1)N1CCC(n2c(=O)[nH]c3ccccc32)CC1
ZINC000060466177,C[C@@H](c1ccc(F)cc1F)N1CCC(n2c(=O)[nH]c3ccccc32)CC1
ZINC000060466179,C[C@@H](c1cccc(Cl)c1)N1CCC(n2c(=O)[nH]c3ccccc32)CC1
ZINC001135613036,Cc1cc(C)c(CC(=O)N[C@H](CN2CCCC2)c2ccccc2)c(C)c1
ZINC001143760641,Cc1c(F)cc(F)cc1CN1CCC(n2c(=O)[nH]c3ccccc32)CC1
ZINC001144480909,COc1cc(Cl)cc(CN2CCC(n3c(=O)[nH]c4ccccc43)CC2)c1
ZINC001184829728,CC(=O)c1ccc(C(F)(F)F)nc1NC[C@@H](C(C)C)N1CCC(C)CC1
ZINC001184829729,CC(=O)c1ccc(C(F)(F)F)nc1NC[C@H](C(C)C)N1CCC(C)CC1
ZINC000468237612,O=C(Cc1cccc(C(F)F)c1)N[C@H](CN1CCCC1)c1ccccc1
ZINC000468415545,CCC(C(=O)N[C@H](CN1CCCC1)c1ccc(OC)cc1)c1ccccc1
ZINC000468415546,CCC(C(=O)N[C@H](CN1CCCC1)c1ccc(OC)cc1)c1ccccc1
ZINC000559526635,COCC[C@@H](c1ccccc1)N1CCC(n2c(=O)[nH]c3ccccc32)CC1
ZINC000559526636,COCC[C@H](c1ccccc1)N1CCC(n2c(=O)[nH]c3ccccc32)CC1
ZINC001137966347,Cc1ccc(CN2CCC(n3c(=O)[nH]c4ccccc43)CC2)c(F)c1F
ZINC001138115199,Cc1ccc(F)c(CN2CCC(n3c(=O)[nH]c4ccccc43)CC2)c1F
ZINC001138432672,CCOc1ccc(CN2CCC(n3c(=O)[nH]c4ccccc43)CC2)c(C)c1
ZINC001138719686,Cc1cccc(Cl)c1CN1CCC(n2c(=O)n(C)c3ccccc32)CC1
ZINC001138995763,CCCOc1ccccc1CN1CCC(n2c(=O)[nH]c3ccccc32)CC1
ZINC001139600345,CCOc1ccc(C)cc1CN1CCC(n2c(=O)[nH]c3ccccc32)CC1
ZINC001139612870,COc1cc(CN2CCC(n3c(=O)[nH]c4ccccc43)CC2)ccc1Cl
ZINC001139799629,Cn1c(=O)n(C2CCN(Cc3ccccc3C(F)F)CC2)c2ccccc21
ZINC001140056685,COc1c(Cl)cccc1CN1CCC(n2c(=O)[nH]c3ccccc32)CC1
ZINC001140798662,Cc1ccc(CN2CCC(n3c(=O)n(C)c4ccccc43)CC2)c(Cl)c1
ZINC001141231388,Cc1cc(Cl)ccc1CN1CCC(n2c(=O)n(C)c3ccccc32)CC1
ZINC001141235888,Cc1cc(CN2CCC(n3c(=O)n(C)c4ccccc43)CC2)ccc1Cl
ZINC001142364264,CCCc1ccc(CN2CCC(n3c(=O)n(C)c4ccccc43)CC2)cc1
ZINC001142933670,COc1cc(C)c(CN2CCC(n3c(=O)[nH]c4ccccc43)CC2)c(C)c1
ZINC001143250726,Cn1c(=O)n(C2CCN(Cc3ccc(C(F)F)cc3)CC2)c2ccccc21
ZINC001203717434,COc1ccc(CN2CCC(n3c(=O)[nH]c4ccccc43)CC2)c(C)c1C
ZINC001203745358,Cc1cc(C)c(CN2CCC(n3c(=O)n(C)c4ccccc43)CC2)c(C)c1
ZINC001203756356,COc1cc(C)c(CN2CCC(n3c(=O)[nH]c4ccccc43)CC2)cc1C
ZINC001204165610,CC(C)c1ccc(CN2CCC(n3c(=O)n(C)c4ccccc43)CC2)cc1
ZINC001207133730,Cn1c(=O)n(C2CCN(Cc3cccc(C(F)F)c3)CC2)c2ccccc21
ZINC001223023071,CC[C@H](C)O[C@@H]1c2ccccc2N(C)S(=O)(=O)c2cc(Cl)ccc21
ZINC001223023072,CC[C@@H](C)O[C@@H]1c2ccccc2N(C)S(=O)(=O)c2cc(Cl)ccc21
ZINC001223023073,CC[C@H](C)O[C@H]1c2ccccc2N(C)S(=O)(=O)c2cc(Cl)ccc21
ZINC001223023074,CC[C@@H](C)O[C@H]1c2ccccc2N(C)S(=O)(=O)c2cc(Cl)ccc21
ZINC001231422869,Cc1ccc(CN2CCC(n3c(=O)n(C)c4ccccc43)CC2)cc1Cl
ZINC001231475141,Cc1c(F)ccc(CN2CCC(n3c(=O)[nH]c4ccccc43)CC2)c1F
ZINC001231484207,Cc1cc(C)c(CN2CCC(n3c(=O)n(C)c4ccccc43)CC2)cc1C
ZINC001231877648,CC(C)c1ccccc1CN1CCC(n2c(=O)n(C)c3ccccc32)CC1
ZINC001232421138,Cc1c(F)cc(CN2CCC(n3c(=O)[nH]c4ccccc43)CC2)cc1F
ZINC001232783894,Cc1cc(CN2CCC(n3c(=O)[nH]c4ccccc43)CC2)c(F)cc1F
ZINC001233250514,Cc1ccc(Cl)cc1CN1CCC(n2c(=O)n(C)c3ccccc32)CC1
ZINC001235191391,Cc1cc(F)c(CN2CCC(n3c(=O)[nH]c4ccccc43)CC2)c(F)c1
ZINC001235530849,Cc1cc(Cl)cc(CN2CCC(n3c(=O)n(C)c4ccccc43)CC2)c1
ZINC001236851102,Cc1cccc(CN2CCC(n3c(=O)n(C)c4ccccc43)CC2)c1Cl
ZINC001237158263,Cc1c(CN2CCC(n3c(=O)[nH]c4ccccc43)CC2)ccc(F)c1F
ZINC001237191268,COc1cccc(CN2CCC(n3c(=O)[nH]c4ccccc43)CC2)c1Cl
ZINC001237318008,Cc1cc(F)cc(C)c1CN1CCC(n2c(=O)[nH]c3ccccc32)CC1
ZINC001237325894,CCc1cccc(C)c1CN1CCC(n2c(=O)n(C)c3ccccc32)CC1
ZINC001237460923,CC(C)c1cccc(CN2CCC(n3c(=O)n(C)c4ccccc43)CC2)c1
ZINC001237636805,CCOc1ccc(CN2CCC(n3c(=O)[nH]c4ccccc43)CC2)c(F)c1
ZINC001237738860,Cc1c(Cl)cccc1CN1CCC(n2c(=O)n(C)c3ccccc32)CC1
ZINC001237918404,CCOc1cc(F)cc(CN2CCC(n3c(=O)[nH]c4ccccc43)CC2)c1
ZINC001238069962,CCOc1cc(CN2CCC(n3c(=O)[nH]c4ccccc43)CC2)ccc1C
ZINC001238555585,Cc1ccc(Cl)c(CN2CCC(n3c(=O)n(C)c4ccccc43)CC2)c1
ZINC001238587672,COc1cc(C)cc(F)c1CN1CCC(n2c(=O)[nH]c3ccccc32)CC1
ZINC001238711460,CCOc1ccc(C)c(CN2CCC(n3c(=O)[nH]c4ccccc43)CC2)c1
ZINC001238758357,COc1cc(C)c(C)cc1CN1CCC(n2c(=O)[nH]c3ccccc32)CC1
ZINC001250094329,COc1cc(F)c(C)cc1CN1CCC(n2c(=O)[nH]c3ccccc32)CC1
ZINC001250168345,CCOc1cc(C)ccc1CN1CCC(n2c(=O)[nH]c3ccccc32)CC1
ZINC001250231926,COc1c(C)ccc(F)c1CN1CCC(n2c(=O)[nH]c3ccccc32)CC1
ZINC001290115889,CC(C(=O)N[C@H](CN1CCCC1)c1ccccc1)c1ccc(Cl)cc1
ZINC001290115890,CC(C(=O)N[C@H](CN1CCCC1)c1ccccc1)c1ccc(Cl)cc1
ZINC001295211641,COc1ccc([C@@H](CN2CCCC2)NC(=O)C(C)c2ccccc2C)cc1
ZINC001295211642,COc1ccc([C@@H](CN2CCCC2)NC(=O)C(C)c2ccccc2C)cc1
ZINC001308654824,CCOc1cccc(F)c1CN1CCC(n2c(=O)[nH]c3ccccc32)CC1
ZINC001318702258,CC(C(=O)N[C@H](CN1CCCC1)c1ccccc1)c1ccc(F)cc1F
ZINC001318702263,CC(C(=O)N[C@H](CN1CCCC1)c1ccccc1)c1ccc(F)cc1F
ZINC001435661180,C[C@]1(NC(=O)COc2cccc(C(F)(F)F)c2)CCCc2ccccc21
ZINC001435661183,C[C@@]1(NC(=O)COc2cccc(C(F)(F)F)c2)CCCc2ccccc21
ZINC001440540934,CCSc1ccc(CC(=O)N[C@H](CN2CCCC2)c2ccccc2)cc1
ZINC001458151864,CC(=O)c1ccc(C(F)(F)F)nc1NCC(C)(C)N1CCC[C@@H](C)C1
ZINC001458151869,CC(=O)c1ccc(C(F)(F)F)nc1NCC(C)(C)N1CCC[C@H](C)C1
ZINC001463643609,Cc1ccc(CC(=O)N[C@H](CN2CCCC2)c2ccccc2)c(Cl)c1
ZINC001520403342,C[C@]1(NC(=O)COc2ccccc2C(F)(F)F)CCCc2ccccc21
ZINC001520403343,C[C@@]1(NC(=O)COc2ccccc2C(F)(F)F)CCCc2ccccc21
ZINC001520403396,C[C@]1(NC(=O)COc2ccc(C(F)(F)F)cc2)CCCc2ccccc21
ZINC001520403397,C[C@@]1(NC(=O)COc2ccc(C(F)(F)F)cc2)CCCc2ccccc21
ZINC001520404573,C[C@]1(NC(=O)COc2ccc(Br)cc2)CCCc2ccccc21
ZINC001520404574,C[C@@]1(NC(=O)COc2ccc(Br)cc2)CCCc2ccccc21
ZINC001520409530,COc1ccc(OC(C)(C)C(=O)N[C@]2(C)CCCc3ccccc32)cc1
ZINC001520409531,COc1ccc(OC(C)(C)C(=O)N[C@@]2(C)CCCc3ccccc32)cc1
ZINC001526809345,C[C@]1(NC(=O)COc2ccccc2Br)CCCc2ccccc21
ZINC001526809347,C[C@@]1(NC(=O)COc2ccccc2Br)CCCc2ccccc21
ZINC001534725992,C[C@]1(NC(=O)COc2cccc(Br)c2)CCCc2ccccc21
ZINC001534725994,C[C@@]1(NC(=O)COc2cccc(Br)c2)CCCc2ccccc21
ZINC001534727582,CCCOc1ccc(OCC(=O)N[C@]2(C)CCCc3ccccc32)cc1
ZINC001534727583,CCCOc1ccc(OCC(=O)N[C@@]2(C)CCCc3ccccc32)cc1
ZINC001538718581,Cc1ccccc1C(F)(F)C(=O)N[C@H](CN1CCCC1)c1ccccc1
ZINC001538718960,CCSc1ccccc1CC(=O)N[C@H](CN1CCCC1)c1ccccc1
ZINC001540337816,Cc1ccc(CC(=O)N[C@H](CN2CCCC2)c2ccccc2)cc1Cl
ZINC001540338217,CC(C)Cc1ccc(CC(=O)N[C@H](CN2CCCC2)c2ccccc2)cc1
ZINC000013864325,Cc1ccc(CN2CCC(n3c(=O)[nH]c4ccccc43)CC2)c(Cl)c1
ZINC001624148644,CC(C)(C)c1ccc(CC(=O)N[C@H](CN2CCCC2)c2ccccc2)cc1
ZINC001624148937,Cc1cccc(CC(=O)N[C@H](CN2CCCC2)c2ccccc2)c1Cl
ZINC001628460623,Cc1ccc(C(F)(F)C(=O)N[C@H](CN2CCCC2)c2ccccc2)cc1
ZINC001639330889,CC(=O)c1ccc(C(F)(F)F)nc1N[C@H](C)CN1C[C@H](C)C[C@H](C)C1
ZINC001639330890,CC(=O)c1ccc(C(F)(F)F)nc1N[C@H](C)CN1C[C@H](C)C[C@@H](C)C1
ZINC001639330891,CC(=O)c1ccc(C(F)(F)F)nc1N[C@H](C)CN1C[C@@H](C)C[C@H](C)C1
ZINC001639330892,CC(=O)c1ccc(C(F)(F)F)nc1N[C@@H](C)CN1C[C@H](C)C[C@H](C)C1
ZINC001664103326,CCNc1ccccc1CN1CCC(n2c(=O)[nH]c3ccccc32)CC1
ZINC000084647287,C[C@H](c1c(F)cccc1F)N1CCC(n2c(=O)[nH]c3ccccc32)CC1
ZINC000711642323,NC1CCN(CCNc2cccc(S(N)(=O)=O)n2)CC1
ZINC001161867229,NC1CCN(CCNc2ncccc2S(N)(=O)=O)CC1
ZINC001161872820,NC1CCN(CCNc2cc(S(N)(=O)=O)ccn2)CC1
ZINC000060466156,C[C@@H](c1ccc(F)c(Cl)c1)N1CCC(n2c(=O)[nH]c3ccccc32)CC1
ZINC000470719508,O=c1[nH]c2ccccc2n1C1CCN(Cc2cccc(C(F)F)c2)CC1
ZINC000497590475,C[C@H](c1cccc(Cl)c1)N1CCC(n2c(=O)[nH]c3ccccc32)CC1
ZINC000497590626,C[C@H](c1ccc(F)c(Cl)c1)N1CCC(n2c(=O)[nH]c3ccccc32)CC1
ZINC000606431196,CC[C@@H](c1ccc(F)cc1)N1CCC(n2c(=O)[nH]c3ccccc32)CC1
ZINC000606431197,CC[C@H](c1ccc(F)cc1)N1CCC(n2c(=O)[nH]c3ccccc32)CC1
ZINC000606431207,CC[C@@H](c1ccc(F)cc1F)N1CCC(n2c(=O)[nH]c3ccccc32)CC1
ZINC000606431208,CC[C@H](c1ccc(F)cc1F)N1CCC(n2c(=O)[nH]c3ccccc32)CC1
ZINC000678930028,COc1ccc2[nH]cc(CCNC3CCC(c4ccc(O)cc4)CC3)c2c1
ZINC001127406762,Cc1cc(OCC(=O)N[C@@]2(C)CCCc3ccccc32)cc(C)c1Cl
ZINC001127406764,Cc1cc(OCC(=O)N[C@]2(C)CCCc3ccccc32)cc(C)c1Cl
ZINC001127407795,Cc1cc(Cl)ccc1OC(C)C(=O)N[C@@]1(C)CCCc2ccccc21
ZINC001127407796,Cc1cc(Cl)ccc1OC(C)C(=O)N[C@]1(C)CCCc2ccccc21
ZINC001127407797,Cc1cc(Cl)ccc1OC(C)C(=O)N[C@@]1(C)CCCc2ccccc21
ZINC001127407798,Cc1cc(Cl)ccc1OC(C)C(=O)N[C@]1(C)CCCc2ccccc21
ZINC001127489570,CC(Oc1ccc(F)cc1Cl)C(=O)N[C@@]1(C)CCCc2ccccc21
ZINC001127489571,CC(Oc1ccc(F)cc1Cl)C(=O)N[C@]1(C)CCCc2ccccc21
ZINC001127489572,CC(Oc1ccc(F)cc1Cl)C(=O)N[C@@]1(C)CCCc2ccccc21
ZINC001127489573,CC(Oc1ccc(F)cc1Cl)C(=O)N[C@]1(C)CCCc2ccccc21
ZINC001127490063,C[C@]1(NC(=O)COc2cc(Cl)ccc2Cl)CCCc2ccccc21
ZINC001127490064,C[C@@]1(NC(=O)COc2cc(Cl)ccc2Cl)CCCc2ccccc21
ZINC001127492015,Cc1cc(OC(C)C(=O)N[C@@]2(C)CCCc3ccccc32)ccc1Cl
ZINC001127492017,Cc1cc(OC(C)C(=O)N[C@]2(C)CCCc3ccccc32)ccc1Cl
ZINC001127492180,Cc1cc(OC(C)C(=O)N[C@@]2(C)CCCc3ccccc32)ccc1Cl
ZINC001127492182,Cc1cc(OC(C)C(=O)N[C@]2(C)CCCc3ccccc32)ccc1Cl
ZINC001138721049,Cc1cccc(Cl)c1CN1CCC(n2c(=O)[nH]c3ccccc32)CC1
ZINC001139797008,O=c1[nH]c2ccccc2n1C1CCN(Cc2ccccc2C(F)F)CC1
ZINC001141230987,Cc1cc(Cl)ccc1CN1CCC(n2c(=O)[nH]c3ccccc32)CC1
ZINC001141233875,Cc1cc(CN2CCC(n3c(=O)[nH]c4ccccc43)CC2)ccc1Cl
ZINC001184830792,CC1CCN([C@@H](CNc2ncc(C(F)(F)F)cc2Cl)C(C)C)CC1
ZINC001184830793,CC1CCN([C@H](CNc2ncc(C(F)(F)F)cc2Cl)C(C)C)CC1
ZINC001205123536,Cc1cc(Cl)cc(CN2CCC(n3c(=O)[nH]c4ccccc43)CC2)c1
ZINC001231420672,Cc1ccc(CN2CCC(n3c(=O)[nH]c4ccccc43)CC2)cc1Cl
ZINC001233248199,Cc1ccc(Cl)cc1CN1CCC(n2c(=O)[nH]c3ccccc32)CC1
ZINC001236857157,Cc1cccc(CN2CCC(n3c(=O)[nH]c4ccccc43)CC2)c1Cl
ZINC001237737399,Cc1c(Cl)cccc1CN1CCC(n2c(=O)[nH]c3ccccc32)CC1
ZINC001238565226,Cc1ccc(Cl)c(CN2CCC(n3c(=O)[nH]c4ccccc43)CC2)c1
ZINC001238676147,CSc1cc(C)cc(CN2CCC(n3c(=O)[nH]c4ccccc43)CC2)c1
ZINC001249438219,CCSc1ccccc1CN1CCC(n2c(=O)[nH]c3ccccc32)CC1
ZINC001435657539,CSc1ccc(OC(C)C(=O)N[C@@]2(C)CCCc3ccccc32)cc1
ZINC001435657542,CSc1ccc(OC(C)C(=O)N[C@]2(C)CCCc3ccccc32)cc1
ZINC001435657544,CSc1ccc(OC(C)C(=O)N[C@@]2(C)CCCc3ccccc32)cc1
ZINC001435657546,CSc1ccc(OC(C)C(=O)N[C@]2(C)CCCc3ccccc32)cc1
ZINC001458248977,Cc1cc(OCC(=O)N[C@]2(C)CCCc3ccccc32)ccc1C(C)C
ZINC001458248979,Cc1cc(OCC(=O)N[C@@]2(C)CCCc3ccccc32)ccc1C(C)C
ZINC001462030455,CCSc1cccc(CN2CCC(n3c(=O)[nH]c4ccccc43)CC2)c1
ZINC001519901472,Cc1ccc(C(C)C)c(OCC(=O)N[C@]2(C)CCCc3ccccc32)c1
ZINC001519901473,Cc1ccc(C(C)C)c(OCC(=O)N[C@@]2(C)CCCc3ccccc32)c1
ZINC001520402682,CCc1cc(OCC(=O)N[C@@]2(C)CCCc3ccccc32)ccc1Cl
ZINC001520402683,CCc1cc(OCC(=O)N[C@]2(C)CCCc3ccccc32)ccc1Cl
ZINC001520402695,CCC(Oc1ccccc1Cl)C(=O)N[C@]1(C)CCCc2ccccc21
ZINC001520402696,CCC(Oc1ccccc1Cl)C(=O)N[C@@]1(C)CCCc2ccccc21
ZINC001520402697,CCC(Oc1ccccc1Cl)C(=O)N[C@@]1(C)CCCc2ccccc21
ZINC001520402698,CCC(Oc1ccccc1Cl)C(=O)N[C@]1(C)CCCc2ccccc21
ZINC001520403977,C[C@]1(NC(=O)COc2c(Cl)cccc2Cl)CCCc2ccccc21
ZINC001520403979,C[C@@]1(NC(=O)COc2c(Cl)cccc2Cl)CCCc2ccccc21
ZINC001526802052,CC[C@H](C)c1ccccc1OCC(=O)N[C@]1(C)CCCc2ccccc21
ZINC001526802053,CC[C@@H](C)c1ccccc1OCC(=O)N[C@@]1(C)CCCc2ccccc21
ZINC001526802054,CC[C@H](C)c1ccccc1OCC(=O)N[C@@]1(C)CCCc2ccccc21
ZINC001526802055,CC[C@@H](C)c1ccccc1OCC(=O)N[C@]1(C)CCCc2ccccc21
ZINC001526810460,C[C@]1(NC(=O)COc2ccc(Cl)c(Cl)c2)CCCc2ccccc21
ZINC001526810461,C[C@@]1(NC(=O)COc2ccc(Cl)c(Cl)c2)CCCc2ccccc21
ZINC001526810467,CC(C)(C)c1ccccc1OCC(=O)N[C@]1(C)CCCc2ccccc21
ZINC001526810468,CC(C)(C)c1ccccc1OCC(=O)N[C@@]1(C)CCCc2ccccc21
ZINC001534737264,CC(Oc1cccc(C(C)C)c1)C(=O)N[C@]1(C)CCCc2ccccc21
ZINC001534737265,CC(Oc1cccc(C(C)C)c1)C(=O)N[C@@]1(C)CCCc2ccccc21
ZINC001534737266,CC(Oc1cccc(C(C)C)c1)C(=O)N[C@@]1(C)CCCc2ccccc21
ZINC001534737267,CC(Oc1cccc(C(C)C)c1)C(=O)N[C@]1(C)CCCc2ccccc21
ZINC001536655408,Cc1ccc(Cl)c(OC(C)C(=O)N[C@@]2(C)CCCc3ccccc32)c1
ZINC001536655409,Cc1ccc(Cl)c(OC(C)C(=O)N[C@]2(C)CCCc3ccccc32)c1
ZINC001536655410,Cc1ccc(Cl)c(OC(C)C(=O)N[C@@]2(C)CCCc3ccccc32)c1
ZINC001536655411,Cc1ccc(Cl)c(OC(C)C(=O)N[C@]2(C)CCCc3ccccc32)c1
ZINC001538711578,CCCCc1ccc(CC(=O)N[C@H](CN2CCCC2)c2ccccc2)cc1
ZINC001560722631,Cc1cc(Cl)cc(C)c1CN1CCC(n2c(=O)[nH]c3ccccc32)CC1
ZINC001560722912,CCc1cccc(Cl)c1CN1CCC(n2c(=O)[nH]c3ccccc32)CC1
ZINC001583360369,C[C@]1(NC(=O)COc2cc(Cl)cc(Cl)c2)CCCc2ccccc21
ZINC001583360370,C[C@@]1(NC(=O)COc2cc(Cl)cc(Cl)c2)CCCc2ccccc21
ZINC001583361875,C[C@]1(NC(=O)COc2ccc(Cl)cc2Cl)CCCc2ccccc21
ZINC001583361876,C[C@@]1(NC(=O)COc2ccc(Cl)cc2Cl)CCCc2ccccc21
ZINC001652266285,Cn1cc(CCNC2CCC(c3ccc(O)cc3)CC2)c2ccc(F)cc21
ZINC000290623090,C[C@@H]1C[C@H](C)CN(C[C@@H](C)Nc2nccc(C(N)=O)c2[N+](=O)[O-])C1
ZINC000290623092,C[C@@H]1C[C@@H](C)CN(C[C@@H](C)Nc2nccc(C(N)=O)c2[N+](=O)[O-])C1
ZINC000290623094,C[C@@H]1C[C@H](C)CN(C[C@H](C)Nc2nccc(C(N)=O)c2[N+](=O)[O-])C1
ZINC000290623095,C[C@@H]1C[C@@H](C)CN(C[C@H](C)Nc2nccc(C(N)=O)c2[N+](=O)[O-])C1
ZINC000291217682,CCCN(CCN1CCCCC1)c1nccc(C(N)=O)c1[N+](=O)[O-]
ZINC000295866973,CCOC(=O)c1ccnc(NCCN2CCC(O)CC2)c1[N+](=O)[O-]
ZINC000295904749,O=[N+]([O-])c1cc(Br)cnc1NCCN1CCC(O)CC1
ZINC000296092954,O=[N+]([O-])c1cnc(NCCN2CCC(O)CC2)c(Br)c1
ZINC000413318523,O=[N+]([O-])c1cnc(NCCN2CCC(O)CC2)c(C(F)(F)F)c1
ZINC000563204500,CN(C)C1CCN(CCNc2ncc(C(=O)O)cc2[N+](=O)[O-])CC1
ZINC000566012811,Cc1cc(C(=O)O)c([N+](=O)[O-])c(NCCN2CCCC(C)(C)C2)n1
ZINC000568782544,CC(C)Oc1nc(N[C@@H](CO)CN2CCCCC2)ccc1[N+](=O)[O-]
ZINC000568782545,CC(C)Oc1nc(N[C@H](CO)CN2CCCCC2)ccc1[N+](=O)[O-]
ZINC000569488358,CN(C)C1CCN(CCNc2nc(C(=O)O)ccc2[N+](=O)[O-])CC1
ZINC000574159172,Cc1cc(C(=O)O)c([N+](=O)[O-])c(NC[C@@H](C)N2CCC[C@H](C)C2)n1
ZINC000574159174,Cc1cc(C(=O)O)c([N+](=O)[O-])c(NC[C@H](C)N2CCC[C@H](C)C2)n1
ZINC000574159175,Cc1cc(C(=O)O)c([N+](=O)[O-])c(NC[C@H](C)N2CCC[C@@H](C)C2)n1
ZINC000574159176,Cc1cc(C(=O)O)c([N+](=O)[O-])c(NC[C@@H](C)N2CCC[C@@H](C)C2)n1
ZINC000587993754,COC(=O)c1ccc([N+](=O)[O-])c(NCCN2CCC(OC)CC2)n1
ZINC000594557838,COC1CCN(CCNc2ccc([N+](=O)[O-])c(OC(C)C)n2)CC1
ZINC000598603839,COC(=O)c1ccnc(NCCN2CCC(OC)CC2)c1[N+](=O)[O-]
ZINC000616374633,COC(=O)c1cnc(NCCN2CCC(OC)CC2)c([N+](=O)[O-])c1
ZINC000721846536,NC1CCN(CCNc2ncc([N+](=O)[O-])cc2Br)CC1
ZINC001160748481,COC(=O)c1cc([N+](=O)[O-])cnc1NCCN1CCC(F)(F)CC1
ZINC001160749087,COC(=O)c1cnc(NCCN2CCC(F)(F)CC2)c([N+](=O)[O-])c1
ZINC001160749490,COC(=O)c1ccnc(NCCN2CCC(F)(F)CC2)c1[N+](=O)[O-]
ZINC001160753350,COC(=O)c1ccc([N+](=O)[O-])c(NCCN2CCC(F)(F)CC2)n1
ZINC001161871169,CN(C)/C=C/c1cc(NCCN2CCC(N)CC2)ncc1[N+](=O)[O-]
ZINC001161871202,CCOC(=O)c1cc([N+](=O)[O-])cnc1NCCN1CCC(N)CC1
ZINC001161873065,CCOC(=O)c1ccnc(NCCN2CCC(N)CC2)c1[N+](=O)[O-]
ZINC001326371603,CN(C)C1CCN(CCNc2nccc(C(=O)O)c2[N+](=O)[O-])CC1
ZINC001610437943,Cc1cc(C(=O)O)c([N+](=O)[O-])c(N[C@@H](CO)CN2CCCCC2)n1
ZINC001610437946,Cc1cc(C(=O)O)c([N+](=O)[O-])c(N[C@H](CO)CN2CCCCC2)n1
ZINC000077928744,CCOC(=O)c1ccnc(NCCN2CCC(C)CC2)c1[N+](=O)[O-]
ZINC000077928873,CCOC(=O)c1ccnc(NCCN2CCC[C@H](C)C2)c1[N+](=O)[O-]
ZINC000077928874,CCOC(=O)c1ccnc(NCCN2CCC[C@@H](C)C2)c1[N+](=O)[O-]
ZINC000133350349,CCOC(=O)c1ccnc(N[C@@H](C)CN2CCCCC2)c1[N+](=O)[O-]
ZINC000133350551,CCOC(=O)c1ccnc(N[C@H](C)CN2CCCCC2)c1[N+](=O)[O-]
ZINC000153901748,CN(C)C1CCN(CCNc2ncc(Cl)cc2[N+](=O)[O-])CC1
ZINC000189298006,CC[C@@H]1CCCCN1CCNc1ncc(C(=O)OC)cc1[N+](=O)[O-]
ZINC000189298028,CC[C@H]1CCCCN1CCNc1ncc(C(=O)OC)cc1[N+](=O)[O-]
ZINC000267193670,CN(C)C1CCN(CCNc2ncc([N+](=O)[O-])cc2Cl)CC1
ZINC000285974105,COC(=O)c1ccc([N+](=O)[O-])c(N[C@@H](C)CN2CCC[C@@H](C)C2)n1
ZINC000285974107,COC(=O)c1ccc([N+](=O)[O-])c(N[C@H](C)CN2CCC[C@H](C)C2)n1
ZINC000285974111,COC(=O)c1ccc([N+](=O)[O-])c(N[C@@H](C)CN2CCC[C@H](C)C2)n1
ZINC000285974114,COC(=O)c1ccc([N+](=O)[O-])c(N[C@H](C)CN2CCC[C@@H](C)C2)n1
ZINC000286053369,COC(=O)c1ccc([N+](=O)[O-])c(NC[C@H](C)N2CCC[C@@H](C)C2)n1
ZINC000286053374,COC(=O)c1ccc([N+](=O)[O-])c(NC[C@@H](C)N2CCC[C@H](C)C2)n1
ZINC000286053379,COC(=O)c1ccc([N+](=O)[O-])c(NC[C@H](C)N2CCC[C@H](C)C2)n1
ZINC000286053383,COC(=O)c1ccc([N+](=O)[O-])c(NC[C@@H](C)N2CCC[C@@H](C)C2)n1
ZINC000290487513,CC1CCN([C@@H](CNc2nccc(C(N)=O)c2[N+](=O)[O-])C(C)C)CC1
ZINC000290487517,CC1CCN([C@H](CNc2nccc(C(N)=O)c2[N+](=O)[O-])C(C)C)CC1
ZINC000290532909,C[C@@H]1CCCN(C(C)(C)CNc2nccc(C(N)=O)c2[N+](=O)[O-])C1
ZINC000290532912,C[C@H]1CCCN(C(C)(C)CNc2nccc(C(N)=O)c2[N+](=O)[O-])C1
ZINC000302659472,COC(=O)c1cnc(NC[C@H](C)N2CCC[C@@H](C)C2)c([N+](=O)[O-])c1
ZINC000302660403,COC(=O)c1cnc(NC[C@@H](C)N2CCC[C@H](C)C2)c([N+](=O)[O-])c1
ZINC000302660404,COC(=O)c1cnc(NC[C@H](C)N2CCC[C@H](C)C2)c([N+](=O)[O-])c1
ZINC000302660406,COC(=O)c1cnc(NC[C@@H](C)N2CCC[C@@H](C)C2)c([N+](=O)[O-])c1
ZINC000302761146,COC(=O)c1cnc(N[C@@H](C)CN2CCC[C@@H](C)C2)c([N+](=O)[O-])c1
ZINC000302761149,COC(=O)c1cnc(N[C@H](C)CN2CCC[C@H](C)C2)c([N+](=O)[O-])c1
ZINC000302761151,COC(=O)c1cnc(N[C@@H](C)CN2CCC[C@H](C)C2)c([N+](=O)[O-])c1
ZINC000302761153,COC(=O)c1cnc(N[C@H](C)CN2CCC[C@@H](C)C2)c([N+](=O)[O-])c1
ZINC000341528877,COC(=O)c1ccc([N+](=O)[O-])c(NC[C@H](C)N2CCCC[C@H]2C)n1
ZINC000341528878,COC(=O)c1ccc([N+](=O)[O-])c(NC[C@@H](C)N2CCCC[C@@H]2C)n1
ZINC000341528880,COC(=O)c1ccc([N+](=O)[O-])c(NC[C@H](C)N2CCCC[C@@H]2C)n1
ZINC000341528882,COC(=O)c1ccc([N+](=O)[O-])c(NC[C@@H](C)N2CCCC[C@H]2C)n1
ZINC000342134886,CC[C@@H]1CCCCN1CCNc1nc(C(=O)OC)ccc1[N+](=O)[O-]
ZINC000342134914,CC[C@H]1CCCCN1CCNc1nc(C(=O)OC)ccc1[N+](=O)[O-]
ZINC000343113806,COC(=O)c1ccc([N+](=O)[O-])c(NCCN2CCCC(C)(C)C2)n1
ZINC000358150396,COC(=O)c1cnc(NC[C@H](C)N2CCCC[C@H]2C)c([N+](=O)[O-])c1
ZINC000358150397,COC(=O)c1cnc(NC[C@@H](C)N2CCCC[C@@H]2C)c([N+](=O)[O-])c1
ZINC000358150398,COC(=O)c1cnc(NC[C@H](C)N2CCCC[C@@H]2C)c([N+](=O)[O-])c1
ZINC000358150400,COC(=O)c1cnc(NC[C@@H](C)N2CCCC[C@H]2C)c([N+](=O)[O-])c1
ZINC000443948206,COC(=O)c1cnc(NCCN2CCCC(C)(C)C2)c([N+](=O)[O-])c1
ZINC000567978019,Cc1cc(C(=O)O)c([N+](=O)[O-])c(NCCN2[C@@H](C)CCC[C@@H]2C)n1
ZINC000567978020,Cc1cc(C(=O)O)c([N+](=O)[O-])c(NCCN2[C@H](C)CCC[C@@H]2C)n1
ZINC000567978021,Cc1cc(C(=O)O)c([N+](=O)[O-])c(NCCN2[C@H](C)CCC[C@H]2C)n1
ZINC000576043632,C[C@@H]1C[C@H](C)CN(C[C@@H](C)Nc2nccc(C(=O)O)c2[N+](=O)[O-])C1
ZINC000576043633,C[C@@H]1C[C@@H](C)CN(C[C@@H](C)Nc2nccc(C(=O)O)c2[N+](=O)[O-])C1
ZINC000576043634,C[C@@H]1C[C@H](C)CN(C[C@H](C)Nc2nccc(C(=O)O)c2[N+](=O)[O-])C1
ZINC000576043635,C[C@@H]1C[C@@H](C)CN(C[C@H](C)Nc2nccc(C(=O)O)c2[N+](=O)[O-])C1
ZINC000577614492,CC[C@@H]1CCCCN1CCNc1nc(C)cc(C(=O)O)c1[N+](=O)[O-]
ZINC000577614493,CC[C@H]1CCCCN1CCNc1nc(C)cc(C(=O)O)c1[N+](=O)[O-]
ZINC000578872525,C[C@@H]1C[C@H](C)CN(C[C@@H](C)Nc2ncc(C(=O)O)cc2[N+](=O)[O-])C1
ZINC000578872526,C[C@@H]1C[C@@H](C)CN(C[C@@H](C)Nc2ncc(C(=O)O)cc2[N+](=O)[O-])C1
ZINC000578872527,C[C@@H]1C[C@H](C)CN(C[C@H](C)Nc2ncc(C(=O)O)cc2[N+](=O)[O-])C1
ZINC000578872528,C[C@@H]1C[C@@H](C)CN(C[C@H](C)Nc2ncc(C(=O)O)cc2[N+](=O)[O-])C1
ZINC000581074670,C[C@@H]1C[C@H](C)CN(C[C@@H](C)Nc2nc(C(=O)O)ccc2[N+](=O)[O-])C1
ZINC000581074673,C[C@@H]1C[C@@H](C)CN(C[C@@H](C)Nc2nc(C(=O)O)ccc2[N+](=O)[O-])C1
ZINC000581074675,C[C@@H]1C[C@H](C)CN(C[C@H](C)Nc2nc(C(=O)O)ccc2[N+](=O)[O-])C1
ZINC000581074677,C[C@@H]1C[C@@H](C)CN(C[C@H](C)Nc2nc(C(=O)O)ccc2[N+](=O)[O-])C1
ZINC000593514854,CCOC(=O)c1ccnc(N(C)CCN2CCCCC2)c1[N+](=O)[O-]
ZINC000593517229,COC(=O)c1cc(C)nc(N(C)CCN2CCCCC2)c1[N+](=O)[O-]
ZINC000596487956,COC(=O)c1ccc([N+](=O)[O-])c(N[C@H](C)CN2CCC(C)CC2)n1
ZINC000596487957,COC(=O)c1ccc([N+](=O)[O-])c(N[C@@H](C)CN2CCC(C)CC2)n1
ZINC000596488481,COC(=O)c1cnc(N[C@H](C)CN2CCC(C)CC2)c([N+](=O)[O-])c1
ZINC000596488482,COC(=O)c1cnc(N[C@@H](C)CN2CCC(C)CC2)c([N+](=O)[O-])c1
ZINC000598587834,COC(=O)c1ccnc(N[C@@H](C)CN2CCC[C@@H](C)C2)c1[N+](=O)[O-]
ZINC000598587835,COC(=O)c1ccnc(N[C@H](C)CN2CCC[C@H](C)C2)c1[N+](=O)[O-]
ZINC000598587836,COC(=O)c1ccnc(N[C@@H](C)CN2CCC[C@H](C)C2)c1[N+](=O)[O-]
ZINC000598587837,COC(=O)c1ccnc(N[C@H](C)CN2CCC[C@@H](C)C2)c1[N+](=O)[O-]
ZINC000598589786,COC(=O)c1ccnc(NC[C@H](C)N2CCCC[C@H]2C)c1[N+](=O)[O-]
ZINC000598589787,COC(=O)c1ccnc(NC[C@@H](C)N2CCCC[C@@H]2C)c1[N+](=O)[O-]
ZINC000598589788,COC(=O)c1ccnc(NC[C@H](C)N2CCCC[C@@H]2C)c1[N+](=O)[O-]
ZINC000598589789,COC(=O)c1ccnc(NC[C@@H](C)N2CCCC[C@H]2C)c1[N+](=O)[O-]
ZINC000598590863,COC(=O)c1ccnc(NC[C@H](C)N2CCC[C@@H](C)C2)c1[N+](=O)[O-]
ZINC000598590864,COC(=O)c1ccnc(NC[C@@H](C)N2CCC[C@H](C)C2)c1[N+](=O)[O-]
ZINC000598590866,COC(=O)c1ccnc(NC[C@H](C)N2CCC[C@H](C)C2)c1[N+](=O)[O-]
ZINC000598590868,COC(=O)c1ccnc(NC[C@@H](C)N2CCC[C@@H](C)C2)c1[N+](=O)[O-]
ZINC000598596650,CC[C@@H]1CCCCN1CCNc1nccc(C(=O)OC)c1[N+](=O)[O-]
ZINC000598596651,CC[C@H]1CCCCN1CCNc1nccc(C(=O)OC)c1[N+](=O)[O-]
ZINC000910364258,CCCN(CCN1CCCCC1)c1nccc(C(=O)O)c1[N+](=O)[O-]
ZINC001160749058,COc1cc(C)nc(NCCN2CCC(F)(F)CC2)c1[N+](=O)[O-]
ZINC001160749399,O=[N+]([O-])c1cnc(NCCN2CCC(F)(F)CC2)c([N+](=O)[O-])c1
ZINC001161867325,NC1CCN(CCNc2nc(Cl)c(Cl)cc2[N+](=O)[O-])CC1
ZINC001161867943,NC1CCN(CCNc2nc(Cl)cc(Cl)c2[N+](=O)[O-])CC1
ZINC000029177511,O=C(Cc1ccccc1[N+](=O)[O-])N[C@H](CN1CCCC1)c1ccccc1
ZINC000029177547,O=C(Cc1ccc([N+](=O)[O-])cc1)N[C@H](CN1CCCC1)c1ccccc1
ZINC000047540860,O=c1[nH]c2ccccc2n1C1CCN(Cc2cc(F)ccc2[N+](=O)[O-])CC1
ZINC000051286112,Cc1c(CN2CCC(n3c(=O)[nH]c4ccccc43)CC2)cccc1[N+](=O)[O-]
ZINC000052723714,O=c1[nH]c2ccccc2n1C1CCN(Cc2cccc([N+](=O)[O-])c2)CC1
ZINC000070794239,O=c1[nH]c2ccccc2n1C1CCN(Cc2ccc([N+](=O)[O-])cc2)CC1
ZINC000070794258,O=c1[nH]c2ccccc2n1C1CCN(Cc2ccccc2[N+](=O)[O-])CC1
ZINC000103465527,O=c1[nH]c2ccccc2n1C1CCN(Cc2c(F)cccc2[N+](=O)[O-])CC1
ZINC000160832225,Cc1c(CC(=O)N[C@H](CN2CCCC2)c2ccccc2)cccc1[N+](=O)[O-]
ZINC000165735323,Cc1c([N+](=O)[O-])cnc(NCCN2CCC(C)CC2)c1Br
ZINC000165743084,Cc1c([N+](=O)[O-])cnc(N[C@@H](C)CN2CCCCC2)c1Br
ZINC000165743202,Cc1c([N+](=O)[O-])cnc(N[C@H](C)CN2CCCCC2)c1Br
ZINC000172741692,O=C(Cc1cccc([N+](=O)[O-])c1)N[C@H](CN1CCCC1)c1ccccc1
ZINC000179782591,Cc1ccc(CN2CCC(n3c(=O)[nH]c4ccccc43)CC2)cc1[N+](=O)[O-]
ZINC000301526131,C[C@@H]1CCCN(C[C@@H](C)Nc2ncc([N+](=O)[O-])cc2Br)C1
ZINC000301526133,C[C@@H]1CCCN(C[C@H](C)Nc2ncc([N+](=O)[O-])cc2Br)C1
ZINC000301526134,C[C@H]1CCCN(C[C@H](C)Nc2ncc([N+](=O)[O-])cc2Br)C1
ZINC000301526137,C[C@H]1CCCN(C[C@@H](C)Nc2ncc([N+](=O)[O-])cc2Br)C1
ZINC000301563851,CC[C@@H]1CCCCN1CCNc1ncc([N+](=O)[O-])cc1Br
ZINC000301563852,CC[C@H]1CCCCN1CCNc1ncc([N+](=O)[O-])cc1Br
ZINC000301577612,C[C@@H]1CCCN([C@H](C)CNc2ncc([N+](=O)[O-])cc2Br)C1
ZINC000301577614,C[C@@H]1CCCN([C@@H](C)CNc2ncc([N+](=O)[O-])cc2Br)C1
ZINC000301577616,C[C@H]1CCCN([C@@H](C)CNc2ncc([N+](=O)[O-])cc2Br)C1
ZINC000301577618,C[C@H]1CCCN([C@H](C)CNc2ncc([N+](=O)[O-])cc2Br)C1
ZINC000301682809,C[C@@H]1CCCN(C[C@@H](C)Nc2ncc(Br)cc2[N+](=O)[O-])C1
ZINC000301682810,C[C@@H]1CCCN(C[C@H](C)Nc2ncc(Br)cc2[N+](=O)[O-])C1
ZINC000301682811,C[C@H]1CCCN(C[C@H](C)Nc2ncc(Br)cc2[N+](=O)[O-])C1
ZINC000301682812,C[C@H]1CCCN(C[C@@H](C)Nc2ncc(Br)cc2[N+](=O)[O-])C1
ZINC000301703331,C[C@@H]1CCCN([C@H](C)CNc2ncc(Br)cc2[N+](=O)[O-])C1
ZINC000301703332,C[C@@H]1CCCN([C@@H](C)CNc2ncc(Br)cc2[N+](=O)[O-])C1
ZINC000301703333,C[C@H]1CCCN([C@@H](C)CNc2ncc(Br)cc2[N+](=O)[O-])C1
ZINC000301703334,C[C@H]1CCCN([C@H](C)CNc2ncc(Br)cc2[N+](=O)[O-])C1
ZINC000443954719,CC1(C)CCCN(CCNc2ncc([N+](=O)[O-])cc2Br)C1
ZINC000474785277,C[C@@H]1CCCCN1[C@H](C)CNc1ncc(Br)cc1[N+](=O)[O-]
ZINC000474785278,C[C@@H]1CCCCN1[C@@H](C)CNc1ncc(Br)cc1[N+](=O)[O-]
ZINC000474785279,C[C@H]1CCCCN1[C@@H](C)CNc1ncc(Br)cc1[N+](=O)[O-]
ZINC000474785280,C[C@H](CNc1ncc(Br)cc1[N+](=O)[O-])N1CCCC[C@@H]1C
ZINC000485178151,C[C@@H]1CCCCN1[C@H](C)CNc1ncc([N+](=O)[O-])cc1Br
ZINC000485178152,C[C@@H]1CCCCN1[C@@H](C)CNc1ncc([N+](=O)[O-])cc1Br
ZINC000485178153,C[C@H]1CCCCN1[C@@H](C)CNc1ncc([N+](=O)[O-])cc1Br
ZINC000485178154,C[C@H](CNc1ncc([N+](=O)[O-])cc1Br)N1CCCC[C@@H]1C
ZINC000506127730,COc1cc(OCC(=O)N[C@@]2(C)CCCc3ccccc32)ccc1[N+](=O)[O-]
ZINC000506127731,COc1cc(OCC(=O)N[C@]2(C)CCCc3ccccc32)ccc1[N+](=O)[O-]
ZINC000549343688,O=c1[nH]c2ccccc2n1C1CCN(Cc2cc(O)ccc2[N+](=O)[O-])CC1
ZINC000593021386,O=C(Cc1ccc(F)cc1[N+](=O)[O-])N[C@H](CN1CCCC1)c1ccccc1
ZINC000609963060,CCOC(=O)c1ccnc(NCC(C)(C)N2CCC[C@@H](C)C2)c1[N+](=O)[O-]
ZINC000609963061,CCOC(=O)c1ccnc(NCC(C)(C)N2CCC[C@H](C)C2)c1[N+](=O)[O-]
ZINC000731624965,C[C@]1(NC(=O)COc2ccc(C=O)cc2[N+](=O)[O-])CCCc2ccccc21
ZINC000731624966,C[C@@]1(NC(=O)COc2ccc(C=O)cc2[N+](=O)[O-])CCCc2ccccc21
ZINC000751238219,C[C@]1(NC(=O)COc2ccc([N+](=O)[O-])c(F)c2)CCCc2ccccc21
ZINC000751238222,C[C@@]1(NC(=O)COc2ccc([N+](=O)[O-])c(F)c2)CCCc2ccccc21
ZINC001160748768,O=[N+]([O-])c1cc(Cl)c(Cl)nc1NCCN1CCC(F)(F)CC1
ZINC001160749343,O=[N+]([O-])c1c(Cl)cc(Cl)nc1NCCN1CCC(F)(F)CC1
ZINC000091458762,COCCNC(=O)c1ccc(N[C@H](C)CN2C[C@H](C)C[C@H](C)C2)nc1
ZINC000091458763,COCCNC(=O)c1ccc(N[C@H](C)CN2C[C@@H](C)C[C@H](C)C2)nc1
ZINC000091458765,COCCNC(=O)c1ccc(N[C@H](C)CN2C[C@H](C)C[C@@H](C)C2)nc1
ZINC000113247776,CC[C@@H]1CCCCN1CCNc1ccc(C(=O)NCCOC)cn1
ZINC000113247777,CC[C@H]1CCCCN1CCNc1ccc(C(=O)NCCOC)cn1
ZINC000184131264,CC(C)OC(=O)c1cccnc1NCCN1CCC(N(C)C)CC1
ZINC000267148952,CN(C)C1CCN(CCNc2ccc(Br)cn2)CC1
ZINC000274869179,CN(C)C1CCN(CCNc2cc(Br)ccn2)CC1
ZINC000288201019,CN(C)C1CCN(CCNc2ncccc2Br)CC1
ZINC000292954596,CN(C)C1CCN(CCNc2cccc(C(=O)OC(C)(C)C)n2)CC1
ZINC000302547006,CN(C)C1CCN(CCNc2ccc(OC(F)(F)F)cn2)CC1
ZINC000302729574,C[C@@H]1C[C@H](C)CN(C[C@@H](C)Nc2ncccc2S(C)(=O)=O)C1
ZINC000302729575,C[C@@H]1C[C@@H](C)CN(C[C@H](C)Nc2ncccc2S(C)(=O)=O)C1
ZINC000302729576,C[C@@H]1C[C@@H](C)CN(C[C@@H](C)Nc2ncccc2S(C)(=O)=O)C1
ZINC000302729577,C[C@@H]1C[C@H](C)CN(C[C@H](C)Nc2ncccc2S(C)(=O)=O)C1
ZINC000342104140,C[C@@H]1CCCN(C(C)(C)CNc2ccc(S(C)(=O)=O)cn2)C1
ZINC000342104142,C[C@H]1CCCN(C(C)(C)CNc2ccc(S(C)(=O)=O)cn2)C1
ZINC000343355326,CCCN(CCN1CCCCC1)c1ccc(S(C)(=O)=O)cn1
ZINC000354244422,CC1CCN(CCNc2ccc(I)cn2)CC1
ZINC000354280824,C[C@@H]1CCCN(CCNc2ccc(I)cn2)C1
ZINC000354280826,C[C@H]1CCCN(CCNc2ccc(I)cn2)C1
ZINC000359485852,COCCNC(=O)c1ccc(N[C@@H](C)CN2C[C@H](C)C[C@H](C)C2)nc1
ZINC000430489259,CCOC(=O)c1cc(NCCN2CCC[C@@H](C)C2)ncc1Cl
ZINC000430489261,CCOC(=O)c1cc(NCCN2CCC[C@H](C)C2)ncc1Cl
ZINC000430519504,CCOC(=O)c1cc(NCCN2CCC(C)CC2)ncc1Cl
ZINC000432878870,CC(C)NS(=O)(=O)c1cccnc1N[C@@H](C)CN1CCCCC1
ZINC000432878871,CC(C)NS(=O)(=O)c1cccnc1N[C@H](C)CN1CCCCC1
ZINC000581841472,C[C@@H]1C[C@H](C)CN(C[C@@H](C)Nc2ccc(S(C)(=O)=O)cn2)C1
ZINC000581841473,C[C@@H]1C[C@@H](C)CN(C[C@H](C)Nc2ccc(S(C)(=O)=O)cn2)C1
ZINC000581841474,C[C@@H]1C[C@@H](C)CN(C[C@@H](C)Nc2ccc(S(C)(=O)=O)cn2)C1
ZINC000581841475,C[C@@H]1C[C@H](C)CN(C[C@H](C)Nc2ccc(S(C)(=O)=O)cn2)C1
ZINC000591922006,CN(C)C1CCN(CCNc2ncccc2C(=O)OC(C)(C)C)CC1
ZINC000619484675,CCOC(=O)c1cc(NCCN2CCC(OC)CC2)ncc1Cl
ZINC000663978158,CC(=O)c1ccc(C(F)(F)F)nc1NCCN1CCC(O)CC1
ZINC000681386909,CN(C)C1CCN(CCNc2ncc(Br)cc2F)CC1
ZINC000865585393,CN(C)C1CCN(CCNc2cccc(Br)n2)CC1
ZINC000882065986,COC(=O)c1cnc(NCCN2CCC(OC)CC2)c(Cl)c1
ZINC000892816947,CN(C)C1CCN(CCNc2cc(C(=O)OC(C)(C)C)ccn2)CC1
ZINC000910300566,COC1CCN(CCNc2nc(C(F)(F)F)ccc2C(=O)O)CC1
ZINC001160746940,CCOC(=O)Cc1cccnc1NCCN1CCC(F)(F)CC1
ZINC001160747387,Cc1cc(Cl)nc(NCCN2CCC(F)(F)CC2)c1C(N)=O
ZINC001160747918,COC(=O)c1ccc(NCCN2CCC(F)(F)CC2)nc1OC
ZINC001160748494,COC(=O)c1cnc(NCCN2CCC(F)(F)CC2)cc1OC
ZINC001160748683,NC(=O)c1cc(F)c(Cl)nc1NCCN1CCC(F)(F)CC1
ZINC001160748832,COC(=O)c1cc(F)c(C)nc1NCCN1CCC(F)(F)CC1
ZINC001160748947,COC(=O)c1cc(OC)cnc1NCCN1CCC(F)(F)CC1
ZINC001160749080,CNC(=O)c1nc(NCCN2CCC(F)(F)CC2)ccc1Cl
ZINC001160749148,CCOC(=O)Cc1ccc(NCCN2CCC(F)(F)CC2)nc1
ZINC001160749319,CCOC(=O)c1cnc(NCCN2CCC(F)(F)CC2)c(OC)c1
ZINC001160749443,CCOc1ccc(C(=O)OC)c(NCCN2CCC(F)(F)CC2)n1
ZINC001160752082,CCCNC(=O)c1cccnc1NCCN1CCC(F)(F)CC1
ZINC001160752085,CON(C)C(=O)c1cc(C)cnc1NCCN1CCC(F)(F)CC1
ZINC001160752265,CCCNC(=O)c1ccc(NCCN2CCC(F)(F)CC2)nc1
ZINC001160752306,COC(OC)c1c(CO)ccnc1NCCN1CCC(F)(F)CC1
ZINC001160752350,COC(=O)CSc1cccc(NCCN2CCC(F)(F)CC2)n1
ZINC001160753432,CCOC(=O)Cc1ccnc(NCCN2CCC(F)(F)CC2)c1
ZINC001160753522,COCCOC(=O)c1ccnc(NCCN2CCC(F)(F)CC2)c1
ZINC001161867316,CCOC(=O)c1c(Cl)cc(C)nc1NCCN1CCC(N)CC1
ZINC001161867418,CCOC(=O)c1c(C)cc(Cl)nc1NCCN1CCC(N)CC1
ZINC001161867931,CCOC(=O)c1cc(Cl)nc(NCCN2CCC(N)CC2)c1C
ZINC001161871427,CC(C)(C)OC(=O)Nc1ccc(NCCN2CCC(N)CC2)nc1
ZINC001231820696,CN(CCC#N)c1ccc(CN2CCC(n3c(=O)n(C)c4ccccc43)CC2)cc1
ZINC001144514584,Cn1c(=O)n(C2CCN(Cc3c(O)cc(O)cc3O)CC2)c2ccccc21
ZINC001233014025,Cn1c(=O)n(C2CCN(Cc3cc(O)c(O)c(O)c3)CC2)c2ccccc21
ZINC001233485726,Cn1c(=O)n(C2CCN(Cc3cc(O)c(O)cc3O)CC2)c2ccccc21
ZINC000029179788,CC(C)(C)OC(=O)Nc1ccc(CC(=O)N[C@H](CN2CCCC2)c2ccccc2)cc1
ZINC000064139583,C[C@@H](c1ccc(OC(F)(F)F)cc1)N1CCC(n2c(=O)[nH]c3ccccc32)CC1
ZINC000488249498,C[C@@H](c1ccc(Br)cc1)N1CCC(n2c(=O)[nH]c3ccccc32)CC1
ZINC000488249499,C[C@H](c1ccc(Br)cc1)N1CCC(n2c(=O)[nH]c3ccccc32)CC1
ZINC000506123859,O=c1[nH]c2ccccc2n1C1CCN(Cc2ccc(OC(F)F)c(Cl)c2)CC1
ZINC000506124504,CCOc1cccc(CN2CCC(n3c(=O)[nH]c4ccccc43)CC2)c1OC(F)F
ZINC000506139113,O=c1[nH]c2ccccc2n1C1CCN(Cc2ccccc2OCC(F)(F)F)CC1
ZINC000506150993,CCOc1cc(CN2CCC(n3c(=O)[nH]c4ccccc43)CC2)cc(Cl)c1OC
ZINC000506158596,CCOc1c(Cl)cc(CN2CCC(n3c(=O)[nH]c4ccccc43)CC2)cc1OC
ZINC000506159215,CCOc1cc(CN2CCC(n3c(=O)[nH]c4ccccc43)CC2)ccc1OC(F)F
ZINC000513690957,C[C@@H](c1ccccc1Br)N1CCC(n2c(=O)[nH]c3ccccc32)CC1
ZINC000513690958,C[C@H](c1ccccc1Br)N1CCC(n2c(=O)[nH]c3ccccc32)CC1
ZINC000525584034,CC(C)(C)CC(=O)Nc1ccc(CC(=O)N[C@H](CN2CCCC2)c2ccccc2)cc1
ZINC000542698757,O=c1[nH]c2ccccc2n1C1CCN(Cc2ccc(OCC(F)(F)F)c(F)c2)CC1
ZINC000678129066,CC[C@H](C)Oc1cc(CN2CCC(n3c(=O)[nH]c4ccccc43)CC2)ccc1OC
ZINC000678129067,CC[C@@H](C)Oc1cc(CN2CCC(n3c(=O)[nH]c4ccccc43)CC2)ccc1OC
ZINC000755453555,CC(C)(C)OC(=O)Nc1ccccc1CC(=O)N[C@H](CN1CCCC1)c1ccccc1
ZINC000760808853,CC(C)(C)OC(=O)Nc1cccc(CN2CCC(n3c(=O)[nH]c4ccccc43)CC2)c1
ZINC000769020000,CC(C)c1ccc(C2(O)CCC(N[C@H](CO)Cc3c[nH]c4ccccc34)CC2)cc1
ZINC000769020003,CC(C)c1ccc(C2(O)CCC(N[C@@H](CO)Cc3c[nH]c4ccccc34)CC2)cc1
ZINC000771604889,CC(C)(C)OC(=O)Nc1cccc(CC(=O)N[C@H](CN2CCCC2)c2ccccc2)c1
ZINC001127489807,C[C@]1(NC(=O)COc2ccc(Br)cc2Cl)CCCc2ccccc21
ZINC001127489808,C[C@@]1(NC(=O)COc2ccc(Br)cc2Cl)CCCc2ccccc21
ZINC001135444554,O=C(Cc1cc(Cl)ccc1Br)N[C@H](CN1CCCC1)c1ccccc1
ZINC001135444791,O=C(Cc1c(Cl)cccc1Br)N[C@H](CN1CCCC1)c1ccccc1
ZINC001136851155,O=c1[nH]c2ccccc2n1C1CCN(Cc2cc(Br)c(F)cc2F)CC1
ZINC001137358362,Cn1c(=O)n(C2CCN(Cc3c(Cl)ccc(F)c3Cl)CC2)c2ccccc21
ZINC001137955259,Cn1c(=O)n(C2CCN(Cc3ccc(SC(F)(F)F)cc3)CC2)c2ccccc21
ZINC001138052163,Cn1c(=O)n(C2CCN(Cc3ccc(Cl)c(C(F)(F)F)c3)CC2)c2ccccc21
ZINC001138085453,Cn1c(=O)n(C2CCN(Cc3cc(C(F)(F)F)ccc3Cl)CC2)c2ccccc21
ZINC001138474006,COc1c(Cl)cc(CN2CCC(n3c(=O)[nH]c4ccccc43)CC2)cc1Cl
ZINC001138958743,CC(C)Oc1ccc(Cl)cc1CN1CCC(n2c(=O)n(C)c3ccccc32)CC1
ZINC001139885059,Cc1ccc(C(F)(F)F)cc1CN1CCC(n2c(=O)n(C)c3ccccc32)CC1
ZINC001140567020,Cn1c(=O)n(C2CCN(Cc3cc(Cl)ccc3C(F)(F)F)CC2)c2ccccc21
ZINC001140879250,O=c1[nH]c2ccccc2n1C1CCN(Cc2cc(F)c(C(F)(F)F)c(F)c2)CC1
ZINC001140885704,O=c1[nH]c2ccccc2n1C1CCN(Cc2ccc(OC(F)(F)F)c(F)c2)CC1
ZINC001141202215,COc1ccc(C(F)(F)F)cc1CN1CCC(n2c(=O)[nH]c3ccccc32)CC1
ZINC001141554942,O=c1[nH]c2ccccc2n1C1CCN(Cc2c(F)cc(Br)cc2F)CC1
ZINC001141604706,COc1cc(C(F)(F)F)ccc1CN1CCC(n2c(=O)[nH]c3ccccc32)CC1
ZINC001141743230,O=c1[nH]c2ccccc2n1C1CCN(Cc2ccc(Br)c(F)c2F)CC1
ZINC001141771843,O=c1[nH]c2ccccc2n1C1CCN(Cc2c(F)ccc(Br)c2F)CC1
ZINC001141796803,O=c1[nH]c2ccccc2n1C1CCN(Cc2cc(Br)cc(F)c2F)CC1
ZINC001141912025,O=c1[nH]c2ccccc2n1C1CCN(Cc2cc(F)c(Br)cc2F)CC1
ZINC001142005638,O=c1[nH]c2ccccc2n1C1CCN(Cc2cc(F)c(F)cc2Br)CC1
ZINC001142192324,CC(C)(C)OC(=O)c1ccc(CN2CCC(n3c(=O)[nH]c4ccccc43)CC2)cc1
ZINC001143288823,Cn1c(=O)n(C2CCN(Cc3c(Cl)cccc3C(F)(F)F)CC2)c2ccccc21
ZINC001143333127,O=c1[nH]c2ccccc2n1C1CCN(Cc2c(Br)ccc(F)c2F)CC1
ZINC001143344641,COc1cc(CN2CCC(n3c(=O)[nH]c4ccccc43)CC2)ccc1C(F)(F)F
ZINC001143440656,O=c1[nH]c2ccccc2n1C1CCN(Cc2ccc(F)c(OC(F)(F)F)c2)CC1
ZINC001143454898,Cc1cc(CN2CCC(n3c(=O)n(C)c4ccccc43)CC2)cc(C(F)(F)F)c1
ZINC001143473979,COc1ccc(CN2CCC(n3c(=O)[nH]c4ccccc43)CC2)c(C(F)(F)F)c1
ZINC001143505233,Cn1c(=O)n(C2CCN(Cc3ccc(Cl)cc3C(F)(F)F)CC2)c2ccccc21
ZINC001143513527,COc1cc(CN2CCC(n3c(=O)[nH]c4ccccc43)CC2)cc(C(F)(F)F)c1
ZINC001143636730,COc1ccc(CN2CCC(n3c(=O)[nH]c4ccccc43)CC2)cc1C(F)(F)F
ZINC001143680393,Cc1ccc(C(F)(F)F)c(CN2CCC(n3c(=O)n(C)c4ccccc43)CC2)c1
ZINC001143711736,Cn1c(=O)n(C2CCN(Cc3ccc(C(F)(F)F)cc3Cl)CC2)c2ccccc21
ZINC001143738955,CCOc1c(F)cc(CN2CCC(n3c(=O)[nH]c4ccccc43)CC2)cc1Cl
ZINC001143810808,Cn1c(=O)n(C2CCN(Cc3ccc(C(F)(F)F)c(Cl)c3)CC2)c2ccccc21
ZINC001143812677,O=c1[nH]c2ccccc2n1C1CCN(Cc2c(F)ccc(F)c2Br)CC1
ZINC001143825455,CCOc1c(Cl)ccc(CN2CCC(n3c(=O)[nH]c4ccccc43)CC2)c1F
ZINC001143860402,Cn1c(=O)n(C2CCN(Cc3c(F)ccc(Cl)c3Cl)CC2)c2ccccc21
ZINC001143929893,Cc1c(CN2CCC(n3c(=O)n(C)c4ccccc43)CC2)cccc1C(F)(F)F
ZINC001143990014,Cn1c(=O)n(C2CCN(Cc3cc(Cl)cc(C(F)(F)F)c3)CC2)c2ccccc21
ZINC001151338126,COc1ccc([C@@H](CN2CCCC2)NC(=O)C(C)c2ccccc2C(F)(F)F)cc1
ZINC001151338128,COc1ccc([C@@H](CN2CCCC2)NC(=O)C(C)c2ccccc2C(F)(F)F)cc1
ZINC001180453327,Cc1ccc(Br)c(F)c1CN1CCC(n2c(=O)[nH]c3ccccc32)CC1
ZINC001205050116,Cn1c(=O)n(C2CCN(Cc3cccc(C(F)(F)F)c3Cl)CC2)c2ccccc21
ZINC001205122952,COc1cc(Cl)c(CN2CCC(n3c(=O)[nH]c4ccccc43)CC2)cc1Cl
ZINC001205123237,O=c1[nH]c2ccccc2n1C1CCN(Cc2cc(Cl)cc(Br)c2)CC1
ZINC001223017603,C[C@H](O[C@@H]1c2ccccc2N(C)S(=O)(=O)c2cc(Cl)ccc21)C(F)(F)F
ZINC001223017606,C[C@H](O[C@H]1c2ccccc2N(C)S(=O)(=O)c2cc(Cl)ccc21)C(F)(F)F
ZINC001223023043,C[C@H](COC(C)(C)C)O[C@@H]1c2ccccc2N(C)S(=O)(=O)c2cc(Cl)ccc21
ZINC001223023044,C[C@@H](COC(C)(C)C)O[C@@H]1c2ccccc2N(C)S(=O)(=O)c2cc(Cl)ccc21
ZINC001223023045,C[C@H](COC(C)(C)C)O[C@H]1c2ccccc2N(C)S(=O)(=O)c2cc(Cl)ccc21
ZINC001223023046,C[C@@H](COC(C)(C)C)O[C@H]1c2ccccc2N(C)S(=O)(=O)c2cc(Cl)ccc21
ZINC001223023067,CCCCOC[C@H](C)O[C@H]1c2ccccc2N(C)S(=O)(=O)c2cc(Cl)ccc21
ZINC001223023068,CCCCOC[C@@H](C)O[C@@H]1c2ccccc2N(C)S(=O)(=O)c2cc(Cl)ccc21
ZINC001223023069,CCCCOC[C@@H](C)O[C@H]1c2ccccc2N(C)S(=O)(=O)c2cc(Cl)ccc21
ZINC001223023070,CCCCOC[C@H](C)O[C@@H]1c2ccccc2N(C)S(=O)(=O)c2cc(Cl)ccc21
ZINC001223023989,COC(C)(C)C[C@@H](C)O[C@@H]1c2ccccc2N(C)S(=O)(=O)c2cc(Cl)ccc21
ZINC001223023992,COC(C)(C)C[C@H](C)O[C@@H]1c2ccccc2N(C)S(=O)(=O)c2cc(Cl)ccc21
ZINC001223023994,COC(C)(C)C[C@@H](C)O[C@H]1c2ccccc2N(C)S(=O)(=O)c2cc(Cl)ccc21
ZINC001223023997,COC(C)(C)C[C@H](C)O[C@H]1c2ccccc2N(C)S(=O)(=O)c2cc(Cl)ccc21
ZINC001223024224,C[C@@H](O[C@H]1c2ccccc2N(C)S(=O)(=O)c2cc(Cl)ccc21)C(F)(F)F
ZINC001223024225,C[C@@H](O[C@@H]1c2ccccc2N(C)S(=O)(=O)c2cc(Cl)ccc21)C(F)(F)F
ZINC001231625772,COc1cc(C)c(CN2CCC(n3c(=O)n(C)c4ccccc43)CC2)cc1C(C)C
ZINC001231713471,CC(C)Oc1ccc(CN2CCC(n3c(=O)n(C)c4ccccc43)CC2)cc1Cl
ZINC001231859681,O=c1[nH]c2ccccc2n1C1CCN(Cc2ccc(C(F)(F)F)c(F)c2F)CC1
ZINC001232006545,Cc1cc(C(F)(F)F)ccc1CN1CCC(n2c(=O)n(C)c3ccccc32)CC1
ZINC001232701405,Cn1c(=O)n(C2CCN(Cc3cc(F)c(Cl)cc3Cl)CC2)c2ccccc21
ZINC001232948348,Cn1c(=O)n(C2CCN(Cc3cccc(SC(F)(F)F)c3)CC2)c2ccccc21
ZINC001233337988,CC(C)(C)OC(=O)Nc1ccc(CN2CCC(n3c(=O)[nH]c4ccccc43)CC2)cc1
ZINC001233352913,CSc1cccc(Cl)c1CN1CCC(n2c(=O)n(C)c3ccccc32)CC1
ZINC001234414447,O=c1[nH]c2ccccc2n1C1CCN(Cc2cc(Cl)ccc2OC(F)F)CC1
ZINC001234742174,O=c1[nH]c2ccccc2n1C1CCN(Cc2c(F)cc(F)cc2Br)CC1
ZINC001234868415,CCOC(OCC)c1ccc(CN2CCC(n3c(=O)[nH]c4ccccc43)CC2)cc1
ZINC001235744866,Cn1c(=O)n(C2CCN(Cc3c(F)cc(Cl)cc3Cl)CC2)c2ccccc21
ZINC001236662174,Cn1c(=O)n(C2CCN(Cc3cc(Cl)c(F)c(Cl)c3)CC2)c2ccccc21
ZINC001236849381,O=c1[nH]c2ccccc2n1C1CCN(Cc2cc(F)c(F)c(Br)c2)CC1
ZINC001237338704,CC(C)(C)OC(=O)Nc1ccccc1CN1CCC(n2c(=O)[nH]c3ccccc32)CC1
ZINC001237404819,CC(C)(C)C(=O)Nc1ccccc1CN1CCC(n2c(=O)[nH]c3ccccc32)CC1
ZINC001237599500,Cn1c(=O)n(C2CCN(Cc3c(Cl)cc(F)cc3Cl)CC2)c2ccccc21
ZINC001237715274,O=c1[nH]c2ccccc2n1C1CCN(Cc2c(F)cc(C(F)(F)F)cc2F)CC1
ZINC001238048407,COc1ccc(C(F)(F)F)c(CN2CCC(n3c(=O)[nH]c4ccccc43)CC2)c1
ZINC001238071350,O=c1[nH]c2ccccc2n1C1CCN(Cc2cc(F)cc(Br)c2F)CC1
ZINC001238079417,O=c1[nH]c2ccccc2n1C1CCN(Cc2ccc(F)c(Br)c2F)CC1
ZINC001238244304,O=c1[nH]c2ccccc2n1C1CCN(Cc2ccc(F)c(C(F)(F)F)c2F)CC1
ZINC001238532119,CC(C)Oc1c(F)ccc(CN2CCC(n3c(=O)[nH]c4ccccc43)CC2)c1F
ZINC001238663834,Cc1cc(OC(C)C)cc(C)c1CN1CCC(n2c(=O)n(C)c3ccccc32)CC1
ZINC001238675858,CSc1ccc(Cl)cc1CN1CCC(n2c(=O)n(C)c3ccccc32)CC1
ZINC001238743281,CC(C)Oc1c(CN2CCC(n3c(=O)[nH]c4ccccc43)CC2)ccc(F)c1F
ZINC001238764358,O=c1[nH]c2ccccc2n1C1CCN(Cc2ccc(F)c(F)c2Br)CC1
ZINC001248628935,COc1c(CN2CCC(n3c(=O)[nH]c4ccccc43)CC2)ccc(Cl)c1Cl
ZINC001249789550,COc1cc(CN2CCC(n3c(=O)[nH]c4ccccc43)CC2)c(F)c(F)c1Cl
ZINC001249944962,Cn1c(=O)n(C2CCN(Cc3cc(Cl)cc(Cl)c3F)CC2)c2ccccc21
ZINC001250142905,CC(C)Oc1cc(F)c(CN2CCC(n3c(=O)[nH]c4ccccc43)CC2)c(F)c1
ZINC001266563863,C[C@]1(NC(=O)COc2ccc(Cl)cc2Br)CCCc2ccccc21
ZINC001266563864,C[C@@]1(NC(=O)COc2ccc(Cl)cc2Br)CCCc2ccccc21
ZINC001266564601,CC(Oc1ccc(F)cc1Br)C(=O)N[C@@]1(C)CCCc2ccccc21
ZINC001266564602,CC(Oc1ccc(F)cc1Br)C(=O)N[C@]1(C)CCCc2ccccc21
ZINC001266564603,CC(Oc1ccc(F)cc1Br)C(=O)N[C@@]1(C)CCCc2ccccc21
ZINC001266564604,CC(Oc1ccc(F)cc1Br)C(=O)N[C@]1(C)CCCc2ccccc21
ZINC001463637208,O=C(Cc1ccc(Br)c(Cl)c1)N[C@H](CN1CCCC1)c1ccccc1
ZINC001474406545,O=c1[nH]c2ccccc2n1C1CCN(Cc2ccc(Cl)c(Br)c2)CC1
ZINC001474406559,O=c1[nH]c2ccccc2n1C1CCN(Cc2cccc(Cl)c2Br)CC1
ZINC001526808420,Cc1ccc(OC(C)C(=O)N[C@@]2(C)CCCc3ccccc32)c(Br)c1
ZINC001526808422,Cc1ccc(OC(C)C(=O)N[C@]2(C)CCCc3ccccc32)c(Br)c1
ZINC001526808424,Cc1ccc(OC(C)C(=O)N[C@@]2(C)CCCc3ccccc32)c(Br)c1
ZINC001526808425,Cc1ccc(OC(C)C(=O)N[C@]2(C)CCCc3ccccc32)c(Br)c1
ZINC001540338089,O=C(Cc1cc(Br)ccc1Cl)N[C@H](CN1CCCC1)c1ccccc1
ZINC001560722689,O=c1[nH]c2ccccc2n1C1CCN(Cc2c(F)cccc2OC(F)(F)F)CC1
ZINC001566501209,COc1ccc([C@@H](CN2CCCC2)NC(=O)C(F)c2ccc(C(F)(F)F)cc2)cc1
ZINC001566501211,COc1ccc([C@@H](CN2CCCC2)NC(=O)C(F)c2ccc(C(F)(F)F)cc2)cc1
ZINC001587056768,CC(C(=O)N[C@H](CN1CCCC1)c1ccccc1)c1ccc(Br)cc1
ZINC001587056769,CC(C(=O)N[C@H](CN1CCCC1)c1ccccc1)c1ccc(Br)cc1
ZINC001596563847,COc1ccc([C@@H](CN2CCCC2)NC(=O)C(C)c2cccc(CC(C)C)c2)cc1
ZINC001596563849,COc1ccc([C@@H](CN2CCCC2)NC(=O)C(C)c2cccc(CC(C)C)c2)cc1
ZINC001618406828,CC(C(=O)N[C@H](CN1CCCC1)c1ccccc1)c1cccc(Br)c1
ZINC001618406829,CC(C(=O)N[C@H](CN1CCCC1)c1ccccc1)c1cccc(Br)c1
ZINC001621214625,Cc1ccc(CN2CCC(n3c(=O)[nH]c4ccccc43)CC2)cc1Br
ZINC001621214629,Cc1cccc(CN2CCC(n3c(=O)[nH]c4ccccc43)CC2)c1Br
ZINC001624148358,O=C(Cc1ccc(Cl)cc1Br)N[C@H](CN1CCCC1)c1ccccc1
ZINC001624148993,CCC(C(=O)N[C@H](CN1CCCC1)c1ccccc1)c1ccc(Br)cc1
ZINC001624148995,CCC(C(=O)N[C@H](CN1CCCC1)c1ccccc1)c1ccc(Br)cc1
ZINC001628460047,O=C(Cc1ccc(Br)cc1Cl)N[C@H](CN1CCCC1)c1ccccc1
ZINC001632046106,COc1ccc([C@@H](CN2CCCC2)NC(=O)C(C)c2ccc(CC(C)C)cc2)cc1
ZINC001636588768,COc1ccc([C@@H](CN2CCCC2)NC(=O)C(C)c2ccc(C(F)(F)F)cc2)cc1
ZINC001636588771,COc1ccc([C@@H](CN2CCCC2)NC(=O)C(C)c2ccc(C(F)(F)F)cc2)cc1
ZINC001652071923,Cc1ccc(CN2CCC(n3c(=O)[nH]c4ccccc43)CC2)c(Br)c1
ZINC001657607778,O=c1[nH]c2ccccc2n1C1CCN(Cc2ccc(Br)c(Cl)c2)CC1
ZINC001658685332,CN(C)c1cc(Cl)cc(Cl)c1CN1CCC(n2c(=O)[nH]c3ccccc32)CC1
ZINC001664103591,O=c1[nH]c2ccccc2n1C1CCN(Cc2cccc(Br)c2Cl)CC1
ZINC001776595107,C[C@@H]1C[C@H](C)CN(C[C@@H](C)Nc2cc(C(=O)O)ccn2)C1
ZINC001776595110,C[C@@H]1C[C@@H](C)CN(C[C@@H](C)Nc2cc(C(=O)O)ccn2)C1
ZINC001776595111,C[C@@H]1C[C@@H](C)CN(C[C@H](C)Nc2cc(C(=O)O)ccn2)C1
ZINC001776595114,C[C@@H]1C[C@H](C)CN(C[C@H](C)Nc2cc(C(=O)O)ccn2)C1
ZINC001776640861,C[C@@H]1CCCN(C(C)(C)CNc2cc(C(=O)O)ccn2)C1
ZINC001776640862,C[C@H]1CCCN(C(C)(C)CNc2cc(C(=O)O)ccn2)C1
ZINC001776641250,C[C@@H]1CCCN(C(C)(C)CNc2ncccc2C(=O)O)C1
ZINC001776641251,C[C@H]1CCCN(C(C)(C)CNc2ncccc2C(=O)O)C1
ZINC001776740117,CC[C@@H]1CCCCN1CCNc1nc(C)ccc1C(=O)O
ZINC001776740119,CC[C@H]1CCCCN1CCNc1nc(C)ccc1C(=O)O
ZINC000094135174,C[C@@H](CN1CCCCC1)Nc1ccc(OC(F)F)cn1
ZINC000094136328,FC(F)Oc1ccc(NCCN2CCCCC2)nc1
ZINC000341531522,Cc1ccnc(NCCN2CCCCC2)c1Cl
ZINC000341817913,C[C@@H]1C[C@H](C)CN(C[C@@H](C)Nc2ccc(F)cn2)C1
ZINC000341817916,C[C@@H]1C[C@@H](C)CN(C[C@@H](C)Nc2ccc(F)cn2)C1
ZINC000341817919,C[C@@H]1C[C@@H](C)CN(C[C@H](C)Nc2ccc(F)cn2)C1
ZINC000341817920,C[C@@H]1C[C@H](C)CN(C[C@H](C)Nc2ccc(F)cn2)C1
ZINC001777521712,Cc1nc(NCCN2[C@@H](C)CCC[C@@H]2C)ccc1C(=O)O
ZINC001777521713,Cc1nc(NCCN2[C@H](C)CCC[C@@H]2C)ccc1C(=O)O
ZINC001777521714,Cc1nc(NCCN2[C@H](C)CCC[C@H]2C)ccc1C(=O)O
ZINC000663388735,CC(=O)c1ccnc(NC[C@H](C)N2CCC[C@@H](C)C2)c1
ZINC000044271803,FC(F)(F)c1cccc(NCCN2CCCCC2)n1
ZINC000047873366,CCOC(=O)c1ccc(N[C@@H](C)CN2CCCCC2)nc1
ZINC000047873367,CCOC(=O)c1ccc(N[C@H](C)CN2CCCCC2)nc1
ZINC000049502212,CCOC(=O)c1cccnc1N[C@@H](C)CN1CCCCC1
ZINC000049502214,CCOC(=O)c1cccnc1N[C@H](C)CN1CCCCC1
ZINC000049575296,FC(F)(F)c1ccc(NCCN2CCCCC2)nc1
ZINC000049575302,FC(F)(F)c1cccnc1NCCN1CCCCC1
ZINC000084484059,C[C@@H]1CCCN([C@@H](C)CNc2ncccc2F)C1
ZINC000084484060,C[C@H]1CCCN([C@@H](C)CNc2ncccc2F)C1
ZINC000084486705,CC[C@@H]1CCCCN1CCNc1ncccc1F
ZINC000084486707,CC[C@H]1CCCCN1CCNc1ncccc1F
ZINC000088701017,C[C@@H]1CCCN(CCNc2ncccc2Cl)C1
ZINC000088701019,C[C@H]1CCCN(CCNc2ncccc2Cl)C1
ZINC000094135175,C[C@H](CN1CCCCC1)Nc1ccc(OC(F)F)cn1
ZINC000094136467,C[C@@H]1CCCN(CCNc2ccc(OC(F)F)cn2)C1
ZINC000094136469,C[C@H]1CCCN(CCNc2ccc(OC(F)F)cn2)C1
ZINC000647445931,C[C@@H]1CCCN(CCNc2ncc(C(=O)O)cc2Cl)C1
ZINC000647446004,CC1CCN(CCNc2ncc(C(=O)O)cc2Cl)CC1
ZINC000647446248,C[C@@H]1C[C@H](C)CN(C[C@H](C)Nc2ccc(C(=O)O)cn2)C1
ZINC000647446256,C[C@@H]1C[C@H](C)CN(C[C@H](C)Nc2ncccc2C(=O)O)C1
ZINC000301801923,CC1CCN(CCNc2ccc(OC(F)F)cn2)CC1
ZINC000302353396,FC(F)(F)Oc1ccc(NCCN2CCCCC2)nc1
ZINC000309545885,Brc1ccnc(NCCN2CCCCC2)c1
ZINC000651477523,CN(CCN1CCCCC1)c1ncccc1Br
ZINC000651477567,CN(CCN1CCCCC1)c1ncccc1Cl
ZINC000651477599,CN(CCN1CCCCC1)c1cc(Br)ccn1
ZINC000651477629,CN(CCN1CCCCC1)c1ncc(Cl)cc1F
ZINC000049502560,C[C@@H](CN1CCCCC1)Nc1ncc(C(=O)O)cc1Cl
ZINC000049502561,C[C@H](CN1CCCCC1)Nc1ncc(C(=O)O)cc1Cl
ZINC000663386458,CC(=O)c1ccnc(N[C@H](C)CN2CCCCC2)c1
ZINC000663386459,CC(=O)c1ccnc(N[C@@H](C)CN2CCCCC2)c1
ZINC000663388744,CC(=O)c1ccnc(NC[C@H](C)N2CCC[C@H](C)C2)c1
ZINC000663388733,CC(=O)c1ccnc(NC[C@@H](C)N2CCC[C@@H](C)C2)c1
ZINC000663388741,CC(=O)c1ccnc(NC[C@@H](C)N2CCC[C@H](C)C2)c1
ZINC000663420871,Cc1cc(CO)cc(N[C@@H](C)CN2C[C@H](C)C[C@H](C)C2)n1
ZINC000663420872,Cc1cc(CO)cc(N[C@H](C)CN2C[C@@H](C)C[C@H](C)C2)n1
ZINC000663420873,Cc1cc(CO)cc(N[C@H](C)CN2C[C@H](C)C[C@@H](C)C2)n1
ZINC000663420874,Cc1cc(CO)cc(N[C@H](C)CN2C[C@H](C)C[C@H](C)C2)n1
ZINC000663605006,CC[C@H]1CCCCN1CCNc1cc(C(C)=O)ccn1
ZINC000663605007,CC[C@@H]1CCCCN1CCNc1cc(C(C)=O)ccn1
ZINC000663605052,CC[C@H]1CCCCN1CCNc1cc(CO)cc(C)n1
ZINC000663605054,CC[C@@H]1CCCCN1CCNc1cc(CO)cc(C)n1
ZINC000663845920,CC(=O)c1ccnc(NCCN2CCCC(C)(C)C2)c1
ZINC000664454430,CC1CCN(C[C@@H](C)Nc2ccc(F)cn2)CC1
ZINC000664454431,CC1CCN(C[C@H](C)Nc2ccc(F)cn2)CC1
ZINC000664454512,CC(=O)c1ccnc(N[C@H](C)CN2CCC(C)CC2)c1
ZINC000664454513,CC(=O)c1ccnc(N[C@@H](C)CN2CCC(C)CC2)c1
ZINC000664457320,CC(=O)c1ccc(N[C@H](C)CN2CCC(C)CC2)nc1
ZINC000664457321,CC(=O)c1ccc(N[C@@H](C)CN2CCC(C)CC2)nc1
ZINC000664457509,CC1CCN(C[C@@H](C)Nc2ncccc2F)CC1
ZINC000664457510,CC1CCN(C[C@H](C)Nc2ncccc2F)CC1
ZINC000040772408,CC1CCN(CCNc2ncccc2Cl)CC1
ZINC000040772413,CC1CCN(CCNc2ccc(Br)cn2)CC1
ZINC000049575293,Brc1ccc(NCCN2CCCCC2)nc1
ZINC000094052253,Fc1cc(Cl)cnc1NCCN1CCCCC1
ZINC000520609569,COc1ccc(F)c(N[C@H](C)CN2CCCCC2)n1
ZINC000520609574,COc1ccc(F)c(N[C@@H](C)CN2CCCCC2)n1
ZINC000443955348,CC1(C)CCCN(CCNc2ncccc2F)C1
ZINC000443956976,CC1(C)CCCN(CCNc2ccc(Cl)cn2)C1
ZINC000443968314,CC1(C)CCCN(CCNc2ccc(OC(F)F)cn2)C1
ZINC000301058571,C[C@@H]1CCCN([C@@H](C)CNc2cccc(F)n2)C1
ZINC000301058576,C[C@H]1CCCN([C@H](C)CNc2cccc(F)n2)C1
ZINC000301058578,C[C@H]1CCCN([C@@H](C)CNc2cccc(F)n2)C1
ZINC000301058582,C[C@@H]1CCCN([C@H](C)CNc2cccc(F)n2)C1
ZINC000301266201,C[C@@H]1C[C@H](C)CN(C[C@@H](C)Nc2cccc(F)n2)C1
ZINC000301266202,C[C@@H]1C[C@@H](C)CN(C[C@@H](C)Nc2cccc(F)n2)C1
ZINC000301266204,C[C@@H]1C[C@@H](C)CN(C[C@H](C)Nc2cccc(F)n2)C1
ZINC000301266206,C[C@@H]1C[C@H](C)CN(C[C@H](C)Nc2cccc(F)n2)C1
ZINC000301304769,CC[C@@H]1CCCCN1CCNc1cccc(F)n1
ZINC000301304771,CC[C@H]1CCCCN1CCNc1cccc(F)n1
ZINC000301503869,C[C@@H]1CCCN(CCNc2ccc(Br)cn2)C1
ZINC000301503870,C[C@H]1CCCN(CCNc2ccc(Br)cn2)C1
ZINC000301511181,C[C@@H]1CCCN(CCNc2ccc(Cl)cn2)C1
ZINC000301511183,C[C@H]1CCCN(CCNc2ccc(Cl)cn2)C1
ZINC000301576365,C[C@H]1CCCN([C@H](C)CNc2ncccc2F)C1
ZINC000301576366,C[C@@H]1CCCN([C@H](C)CNc2ncccc2F)C1
ZINC000301990896,C[C@@H]1C[C@H](C)CN(C[C@@H](C)Nc2ncccc2F)C1
ZINC000301990897,C[C@@H]1C[C@@H](C)CN(C[C@@H](C)Nc2ncccc2F)C1
ZINC000301990898,C[C@@H]1C[C@@H](C)CN(C[C@H](C)Nc2ncccc2F)C1
ZINC000301990899,C[C@@H]1C[C@H](C)CN(C[C@H](C)Nc2ncccc2F)C1
ZINC000302127798,CC(C)OC(=O)c1cccnc1NCCN1CCCCC1
ZINC000527851119,COc1cccnc1NC[C@@H](C)N1CCC[C@@H](C)C1
ZINC000527851121,COc1cccnc1NC[C@H](C)N1CCC[C@@H](C)C1
ZINC000527851123,COc1cccnc1NC[C@@H](C)N1CCC[C@H](C)C1
ZINC000527851125,COc1cccnc1NC[C@H](C)N1CCC[C@H](C)C1
ZINC000527896789,CC[C@@H]1CCCCN1CCNc1ncccc1OC
ZINC000527896794,CC[C@H]1CCCCN1CCNc1ncccc1OC
ZINC000528053067,COc1cccnc1N[C@H](C)CN1CCC(C)CC1
ZINC000528053068,COc1cccnc1N[C@@H](C)CN1CCC(C)CC1
ZINC000263528476,C[C@@H]1C[C@H](C)CN(C[C@@H](C)Nc2cccc(C(=O)O)n2)C1
ZINC000263528477,C[C@@H]1C[C@@H](C)CN(C[C@@H](C)Nc2cccc(C(=O)O)n2)C1
ZINC000263528478,C[C@@H]1C[C@@H](C)CN(C[C@H](C)Nc2cccc(C(=O)O)n2)C1
ZINC000263528479,C[C@@H]1C[C@H](C)CN(C[C@H](C)Nc2cccc(C(=O)O)n2)C1
ZINC000042376007,CC1CCN(CCNc2ncccc2Br)CC1
ZINC000245610998,CC(=O)c1ccc(NC[C@@H](C)N2CCC[C@@H](C)C2)nc1
ZINC000245611005,CC(=O)c1ccc(NC[C@@H](C)N2CCC[C@H](C)C2)nc1
ZINC000910287292,Cc1nc(NC[C@H](C)N2CCC[C@@H](C)C2)ccc1C(=O)O
ZINC000910287293,Cc1nc(NC[C@@H](C)N2CCC[C@H](C)C2)ccc1C(=O)O
ZINC000910287294,Cc1nc(NC[C@H](C)N2CCC[C@H](C)C2)ccc1C(=O)O
ZINC000910287295,Cc1nc(NC[C@@H](C)N2CCC[C@@H](C)C2)ccc1C(=O)O
ZINC000910290642,CC[C@@H]1CCCCN1CCNc1ccc(C(=O)O)c(C)n1
ZINC000910290643,CC[C@H]1CCCCN1CCNc1ccc(C(=O)O)c(C)n1
ZINC000910298500,Cc1nc(NCCN2CCCC(C)(C)C2)ccc1C(=O)O
ZINC000910343688,C[C@@H]1CCCN(C(C)(C)CNc2ccc(C(=O)O)cn2)C1
ZINC000910343690,C[C@H]1CCCN(C(C)(C)CNc2ccc(C(=O)O)cn2)C1
ZINC000910346137,Cc1nc(NC[C@H](C)N2CCCC[C@H]2C)ccc1C(=O)O
ZINC000910346139,Cc1nc(NC[C@@H](C)N2CCCC[C@@H]2C)ccc1C(=O)O
ZINC000910346140,Cc1nc(NC[C@H](C)N2CCCC[C@@H]2C)ccc1C(=O)O
ZINC000910346141,Cc1nc(NC[C@@H](C)N2CCCC[C@H]2C)ccc1C(=O)O
ZINC000910347666,Cc1nc(N[C@@H](C)CN2CCC[C@@H](C)C2)ccc1C(=O)O
ZINC000910347667,Cc1nc(N[C@H](C)CN2CCC[C@H](C)C2)ccc1C(=O)O
ZINC000910347668,Cc1nc(N[C@@H](C)CN2CCC[C@H](C)C2)ccc1C(=O)O
ZINC000910347669,Cc1nc(N[C@H](C)CN2CCC[C@@H](C)C2)ccc1C(=O)O
ZINC000910351075,Cc1nc(N[C@H](C)CN2CCC(C)CC2)ccc1C(=O)O
ZINC000910351076,Cc1nc(N[C@@H](C)CN2CCC(C)CC2)ccc1C(=O)O
ZINC000229280096,CC1CCN(CCNc2cccc(Br)n2)CC1
ZINC000672232346,COC1CCN(CCNc2nccc(C)c2Cl)CC1
ZINC000673711193,CN(CCN1CCCCC1)c1ccc(Cl)cn1
ZINC000429203182,C[C@@H]1CCCN(CCNc2ncccc2Br)C1
ZINC000429203183,C[C@H]1CCCN(CCNc2ncccc2Br)C1
ZINC000044389427,Brc1cccnc1NCCN1CCCCC1
ZINC000767438701,CC1(C)CCCN(CCNc2cccc(F)n2)C1
ZINC000809348863,C[C@@H]1CCCN(CCNc2cccc(Br)n2)C1
ZINC000809348864,C[C@H]1CCCN(CCNc2cccc(Br)n2)C1
ZINC000813593961,CC[C@H]1CCCCN1CCNc1ccc(C(=O)OC)cn1
ZINC000813593963,CC[C@@H]1CCCCN1CCNc1ccc(C(=O)OC)cn1
ZINC000845760301,CN(CCN1CCCCC1)c1cccc(Cl)n1
ZINC001160748518,Cc1cc(C)nc(NCCN2CCC(F)(F)CC2)c1
ZINC001160747378,Cc1nc(NCCN2CCC(F)(F)CC2)ccc1F
ZINC001160748700,Cc1cnc(NCCN2CCC(F)(F)CC2)c(F)c1
ZINC001160749329,CCOc1ccnc(NCCN2CCC(F)(F)CC2)c1
ZINC001160749333,CCOc1cccc(NCCN2CCC(F)(F)CC2)n1
ZINC001160749398,Cc1cnc(NCCN2CCC(F)(F)CC2)c(C)c1
ZINC000853867792,CC1CCN(C[C@@H](C)Nc2cccc(F)n2)CC1
ZINC000853867793,CC1CCN(C[C@H](C)Nc2cccc(F)n2)CC1
ZINC000180975939,CC(=O)c1ccc(N[C@@H](C)CN2CCCCC2)nc1
ZINC000180975959,CC(=O)c1ccc(N[C@H](C)CN2CCCCC2)nc1
ZINC000180978344,CC(=O)c1ccc(NC[C@H](C)N2CCC[C@@H](C)C2)nc1
ZINC000180978366,CC(=O)c1ccc(NC[C@H](C)N2CCC[C@H](C)C2)nc1
ZINC000181139292,CC[C@@H]1CCCCN1CCNc1ccc(C(C)=O)cn1
ZINC000181139310,CC[C@H]1CCCCN1CCNc1ccc(C(C)=O)cn1
ZINC000356164623,C[C@@H]1CCCN(CCNc2cc(Br)ccn2)C1
ZINC000356164625,C[C@H]1CCCN(CCNc2cc(Br)ccn2)C1
ZINC000356194267,CC1CCN(CCNc2cc(Br)ccn2)CC1
ZINC000078592121,FC(F)(F)c1ccnc(NCCN2CCCCC2)c1
ZINC000192778797,CC1CCN(CCNc2cccc(Cl)n2)CC1
ZINC000192778939,C[C@@H]1CCCN(CCNc2cccc(Cl)n2)C1
ZINC000192778965,C[C@H]1CCCN(CCNc2cccc(Cl)n2)C1
ZINC000641421722,COC1CCN(CCNc2cc(C(C)(C)C)ccn2)CC1
ZINC000647445930,C[C@H]1CCCN(CCNc2ncc(C(=O)O)cc2Cl)C1
ZINC000647446245,C[C@@H]1C[C@H](C)CN(C[C@@H](C)Nc2ccc(C(=O)O)cn2)C1
ZINC000647446246,C[C@@H]1C[C@@H](C)CN(C[C@@H](C)Nc2ccc(C(=O)O)cn2)C1
ZINC000647446247,C[C@@H]1C[C@@H](C)CN(C[C@H](C)Nc2ccc(C(=O)O)cn2)C1
ZINC000647446253,C[C@@H]1C[C@H](C)CN(C[C@@H](C)Nc2ncccc2C(=O)O)C1
ZINC000647446254,C[C@@H]1C[C@@H](C)CN(C[C@@H](C)Nc2ncccc2C(=O)O)C1
ZINC000647446255,C[C@@H]1C[C@@H](C)CN(C[C@H](C)Nc2ncccc2C(=O)O)C1
ZINC000651476658,CN(CCN1CCCCC1)c1ccc(Br)cn1
ZINC000651477613,CN(CCN1CCCCC1)c1ccc(OC(F)F)cn1
ZINC001160746941,Cc1cc(F)cnc1NCCN1CCC(F)(F)CC1
ZINC001160747651,Cc1ccc(F)c(NCCN2CCC(F)(F)CC2)n1
ZINC001160747915,FC1(F)CCN(CCNc2ccc(Cl)cn2)CC1
ZINC001160748166,FC1(F)CCN(CCNc2cc(Cl)ccn2)CC1
ZINC001160748284,Cc1cc(NCCN2CCC(F)(F)CC2)ncc1F
ZINC001160748452,FC1(F)CCN(CCNc2cccc(Cl)n2)CC1
ZINC001160748539,Cc1ccnc(NCCN2CCC(F)(F)CC2)c1
ZINC001160748815,CCOc1ccc(NCCN2CCC(F)(F)CC2)nc1
ZINC001160749078,CSc1cccnc1NCCN1CCC(F)(F)CC1
ZINC001160749116,Cc1c(F)ccnc1NCCN1CCC(F)(F)CC1
ZINC001160749219,COc1cc(C)cc(NCCN2CCC(F)(F)CC2)n1
ZINC001160749253,Cc1ccc(NCCN2CCC(F)(F)CC2)nc1C
ZINC001160749347,COc1ccc(C)nc1NCCN1CCC(F)(F)CC1
ZINC001160749413,COc1cnc(NCCN2CCC(F)(F)CC2)c(C)c1
ZINC001160751842,Cc1cnc(NCCN2CCC(F)(F)CC2)cc1C
ZINC001160752088,CSc1ccnc(NCCN2CCC(F)(F)CC2)c1
ZINC001160752229,CSc1cccc(NCCN2CCC(F)(F)CC2)n1
ZINC001160753032,C=Cc1ccc(NCCN2CCC(F)(F)CC2)nc1
ZINC001160753086,COc1cc(C)cnc1NCCN1CCC(F)(F)CC1
ZINC001160753341,CCOc1cccnc1NCCN1CCC(F)(F)CC1
ZINC000040772397,CC1CCN(CCNc2ccc(Cl)cn2)CC1
ZINC000647449796,C[C@H]1CCC[C@H](C)N1CCNc1ccc(C(=O)O)cn1
ZINC000647449797,C[C@@H]1CCC[C@H](C)N1CCNc1ccc(C(=O)O)cn1
ZINC000083476973,CC1CCN(CCNc2ccc(C(=O)N(C)C)cn2)CC1
ZINC000083476975,CN(C)C(=O)c1ccc(NCCN2CCCCC2)nc1
ZINC000340870081,CC1(C)CCCN(CCNc2ccc(C(N)=O)cn2)C1
ZINC000341111504,C[C@H]1CCC[C@H](C)N1CCNc1ccc(C(N)=O)cn1
ZINC000341111508,C[C@@H]1CCC[C@@H](C)N1CCNc1ccc(C(N)=O)cn1
ZINC000313489114,C[C@H](CN1CCCCC1)Nc1ccc(S(C)(=O)=O)cn1
ZINC000313489121,C[C@@H](CN1CCCCC1)Nc1ccc(S(C)(=O)=O)cn1
ZINC000341540798,C[C@@H]1CCCCN1CCNc1ccc(S(C)(=O)=O)cn1
ZINC000341540807,C[C@H]1CCCCN1CCNc1ccc(S(C)(=O)=O)cn1
ZINC001777166429,COC1CCN(CCNc2nc(C)ccc2C(=O)O)CC1
ZINC000341554861,C[C@H](CN1CCCCC1)Nc1ccc(S(N)(=O)=O)cn1
ZINC000341554862,C[C@@H](CN1CCCCC1)Nc1ccc(S(N)(=O)=O)cn1
ZINC000084488504,CN(C)C1CCN(CCNc2ncccc2F)CC1
ZINC000094195389,C[C@@H](CN1CCCCC1)Nc1ccc(C(N)=O)cn1
ZINC000094195390,C[C@H](CN1CCCCC1)Nc1ccc(C(N)=O)cn1
ZINC000380419521,C[C@@H](CN1CCCCC1)Nc1ccc(N)c([N+](=O)[O-])n1
ZINC000380419522,C[C@H](CN1CCCCC1)Nc1ccc(N)c([N+](=O)[O-])n1
ZINC000380453238,CC1CCN(CCNc2ccc(N)c([N+](=O)[O-])n2)CC1
ZINC000157859271,Cc1cccc(NCCN2CCC(N(C)C)CC2)n1
ZINC000077305069,C[C@@H]1CCCN(CCNc2ncc(C(N)=O)cc2Cl)C1
ZINC000077305072,C[C@H]1CCCN(CCNc2ncc(C(N)=O)cc2Cl)C1
ZINC000663692728,Cc1cc(CO)cc(NCCN2CCC(N(C)C)CC2)n1
ZINC000080250696,COC1CCN(CCNc2cccc(F)n2)CC1
ZINC000168405407,CC1CCN(CCNc2ncccc2S(C)(=O)=O)CC1
ZINC000168411727,C[C@@H](CN1CCCCC1)Nc1ncccc1S(C)(=O)=O
ZINC000168411814,C[C@H](CN1CCCCC1)Nc1ncccc1S(C)(=O)=O
ZINC000168416003,CS(=O)(=O)c1cccnc1NCCN1CCCCC1
ZINC000650777304,CN(CCN1CCCCC1)c1cccc(C(=O)O)n1
ZINC000650777785,CN(CCN1CCCCC1)c1ncccc1C(=O)O
ZINC000084488629,COC1CCN(CCNc2ncccc2F)CC1
ZINC000647446036,C[C@@H]1CCCN([C@@H](C)CNc2ccc(C(=O)O)cn2)C1
ZINC000647446037,C[C@H]1CCCN([C@H](C)CNc2ccc(C(=O)O)cn2)C1
ZINC000647446039,C[C@@H]1CCCN([C@H](C)CNc2ccc(C(=O)O)cn2)C1
ZINC000647454684,CC1(C)CCCN(CCNc2ccc(C(=O)O)cn2)C1
ZINC000647451298,COC1CCN(CCNc2ncccc2C(=O)O)CC1
ZINC000613480442,CC1CCN(CCNc2ncccc2C(=O)O)CC1
ZINC000613491713,C[C@@H]1CCCN(CCNc2ncccc2C(=O)O)C1
ZINC000613491714,C[C@H]1CCCN(CCNc2ncccc2C(=O)O)C1
ZINC000107819251,CC1CCN(CCNc2ccc(C(N)=O)cn2)CC1
ZINC000651476869,CN(CCN1CCCCC1)c1ncc(C(N)=O)cc1Cl
ZINC000651478107,CN(CCN1CCCCC1)c1ncccc1S(C)(=O)=O
ZINC000314812901,O=C(O)c1ccnc(NCCN2CCCCC2)c1[N+](=O)[O-]
ZINC000663691276,CC(=O)c1ccnc(NCCN2CCC(N(C)C)CC2)c1
ZINC000663698993,COC1CCN(CCNc2cc(CO)cc(C)n2)CC1
ZINC000663699857,COC1CCN(CCNc2cc(C(C)=O)ccn2)CC1
ZINC000664070627,Cc1cc(CO)cc(N(C)CCN2CCCCC2)n1
ZINC000044978766,CC1CCN(CCNc2ncc(C(N)=O)cc2Cl)CC1
ZINC000301161954,NC(=O)c1cnc(NCCN2CCCCC2)c(Cl)c1
ZINC000301244786,CCNC(=O)c1ccc(NCCN2CCCCC2)nc1
ZINC000302393094,C[C@@H]1CCCN(CCNc2ncccc2S(C)(=O)=O)C1
ZINC000302393097,C[C@H]1CCCN(CCNc2ncccc2S(C)(=O)=O)C1
ZINC000527914845,COc1cccnc1NCCN1CCC(N(C)C)CC1
ZINC000263486443,CC1CCN(CCNc2cccc(C(=O)O)n2)CC1
ZINC000263522097,C[C@@H]1CCCN(CCNc2cccc(C(=O)O)n2)C1
ZINC000263522098,C[C@H]1CCCN(CCNc2cccc(C(=O)O)n2)C1
ZINC000905703951,NC1CCN(CCNc2cccc(Cl)n2)CC1
ZINC000905703979,COC(=O)c1ccc(NCCN2CCC(N)CC2)nc1C
ZINC000905707741,Cc1ccnc(NCCN2CCC(N)CC2)c1Cl
ZINC000910299449,COC1CCN(CCNc2ccc(C(=O)O)c(C)n2)CC1
ZINC000574881942,COc1nc(NCCN2CCCCC2)ccc1C(=O)O
ZINC000603308562,COC(=O)c1ccnc(NCCN2CCC(OC)CC2)c1
ZINC000603403609,COC(=O)c1ccnc(N(C)CCN2CCCCC2)c1
ZINC000647449798,C[C@@H]1CCC[C@@H](C)N1CCNc1ccc(C(=O)O)cn1
ZINC000296137935,OC1CCN(CCNc2ccc(C(F)(F)F)cn2)CC1
ZINC000624025137,COc1cccnc1NCCN1CCC(OC)CC1
ZINC000672232481,COC1CCN(CCNc2ccc(F)cn2)CC1
ZINC001161867037,Cc1ccc(Cl)nc1NCCN1CCC(N)CC1
ZINC001161867039,COc1cc(Cl)nc(NCCN2CCC(N)CC2)c1
ZINC001161867253,Nc1cnc(NCCN2CCC(N)CC2)c(Cl)c1
ZINC001161867301,Cc1cc(F)cnc1NCCN1CCC(N)CC1
ZINC000089895946,C[C@@H](CN1CCCCC1)Nc1ncccc1S(N)(=O)=O
ZINC000089895947,C[C@H](CN1CCCCC1)Nc1ncccc1S(N)(=O)=O
ZINC000383296007,CC1CCN(CCNc2ccc(S(C)(=O)=O)cn2)CC1
ZINC000813584518,COC(=O)c1ccc(NCCN2CCCCC2)nc1
ZINC000813596944,COC(=O)c1ccc(NCCN2CCC(OC)CC2)nc1
ZINC000820238072,CC1CCN(CCNc2cc(C(=O)O)ccn2)CC1
ZINC000820238570,C[C@@H]1CCCN(CCNc2cc(C(=O)O)ccn2)C1
ZINC000820238572,C[C@H]1CCCN(CCNc2cc(C(=O)O)ccn2)C1
ZINC000845762419,COC(=O)c1ccc(N(C)CCN2CCCCC2)nc1
ZINC001160749330,Cc1ccnc(NCCN2CCC(F)(F)CC2)c1C(N)=O
ZINC000264800673,C[C@@H]1C[C@H](C)CN(C[C@@H](C)Nc2ccc(C(N)=O)cn2)C1
ZINC000264800675,C[C@@H]1C[C@@H](C)CN(C[C@@H](C)Nc2ccc(C(N)=O)cn2)C1
ZINC000264800677,C[C@@H]1C[C@@H](C)CN(C[C@H](C)Nc2ccc(C(N)=O)cn2)C1
ZINC000264800679,C[C@@H]1C[C@H](C)CN(C[C@H](C)Nc2ccc(C(N)=O)cn2)C1
ZINC000264827657,CCNC(=O)c1ccc(NCCN2CCC(C)CC2)nc1
ZINC000264938849,CC[C@@H]1CCCCN1CCNc1ccc(C(N)=O)cn1
ZINC000264938850,CC[C@H]1CCCCN1CCNc1ccc(C(N)=O)cn1
ZINC000181206956,CC(=O)c1ccc(NCCN2CCC(N(C)C)CC2)nc1
ZINC000267174153,C[C@@H]1CCCN(CCNc2ccc(C(=O)N(C)C)cn2)C1
ZINC000267174157,C[C@H]1CCCN(CCNc2ccc(C(=O)N(C)C)cn2)C1
ZINC000267211073,CCNC(=O)c1ccc(NCCN2CCC[C@@H](C)C2)nc1
ZINC000267211075,CCNC(=O)c1ccc(NCCN2CCC[C@H](C)C2)nc1
ZINC000267224884,CN(C)C1CCN(CCNc2cccc(F)n2)CC1
ZINC000268297956,Cc1ccnc(NCCN2CCC(N(C)C)CC2)c1
ZINC000288525156,CN(C)C1CCN(CCNc2ccc(F)cn2)CC1
ZINC000298720499,C[C@@H]1CCCCN1CCNc1ccc(C(N)=O)cn1
ZINC000298720502,C[C@H]1CCCCN1CCNc1ccc(C(N)=O)cn1
ZINC000298741845,C[C@@H]1CCCN([C@@H](C)CNc2ccc(C(N)=O)cn2)C1
ZINC000298741850,C[C@H]1CCCN([C@H](C)CNc2ccc(C(N)=O)cn2)C1
ZINC000298741857,C[C@H]1CCCN([C@@H](C)CNc2ccc(C(N)=O)cn2)C1
ZINC000298741863,C[C@@H]1CCCN([C@H](C)CNc2ccc(C(N)=O)cn2)C1
ZINC000563428607,COc1ccc(F)c(NCCN2CCC(N(C)C)CC2)n1
ZINC000567981474,COc1nc(NCCN2CCC(C)CC2)ccc1C(=O)O
ZINC000576706741,COc1nc(NCCN2CCC[C@@H](C)C2)ccc1C(=O)O
ZINC000576706742,COc1nc(NCCN2CCC[C@H](C)C2)ccc1C(=O)O
ZINC000578445506,COc1nc(NCCN2CCCC[C@H]2C)ccc1C(=O)O
ZINC000578445507,COc1nc(NCCN2CCCC[C@@H]2C)ccc1C(=O)O
ZINC000641422668,COC1CCN(CCNc2cc(CO)ccn2)CC1
ZINC000641444276,CN(C)C1CCN(CCNc2cc(CO)ccn2)CC1
ZINC000647446069,CC1CCN(CCNc2ccc(C(=O)O)cn2)CC1
ZINC000647446028,C[C@@H]1CCCN(CCNc2ccc(C(=O)O)cn2)C1
ZINC000647446029,C[C@H]1CCCN(CCNc2ccc(C(=O)O)cn2)C1
ZINC000647446038,C[C@H]1CCCN([C@@H](C)CNc2ccc(C(=O)O)cn2)C1
ZINC000647450300,CC[C@@H]1CCCCN1CCNc1ccc(C(=O)O)cn1
ZINC000647450301,CC[C@H]1CCCCN1CCNc1ccc(C(=O)O)cn1
ZINC000647451085,CN(C)C1CCN(CCNc2ncccc2C(=O)O)CC1
ZINC000647856668,Cc1cc(CO)cc(NCCN2CCC[C@@H](C)C2)n1
ZINC000647856669,Cc1cc(CO)cc(NCCN2CCC[C@H](C)C2)n1
ZINC000647856884,Cc1cc(CO)cc(NCCN2CCC(C)CC2)n1
ZINC000649385369,COc1nc(N[C@H](C)CN2CCCCC2)ccc1C(=O)O
ZINC000649385370,COc1nc(N[C@@H](C)CN2CCCCC2)ccc1C(=O)O
ZINC000650777502,CN(CCN1CCCCC1)c1ccc(C(=O)O)cn1
ZINC000651476765,CCNC(=O)c1ccc(N(C)CCN2CCCCC2)nc1
ZINC000651477314,CN(C)C(=O)c1ccc(N(C)CCN2CCCCC2)nc1
ZINC000678407989,COC1CCN(CCNc2ccc(C(C)=O)cn2)CC1
ZINC000680949403,C[C@@H]1CCCN(CCNc2ccc(S(C)(=O)=O)cn2)C1
ZINC000680949404,C[C@H]1CCCN(CCNc2ccc(S(C)(=O)=O)cn2)C1
ZINC001160747273,Nc1ccc(NCCN2CCC(F)(F)CC2)nc1
ZINC001160747339,NC(=O)c1ccnc(NCCN2CCC(F)(F)CC2)c1
ZINC001160747628,Nc1cccc(NCCN2CCC(F)(F)CC2)n1
ZINC001160747900,Nc1cccnc1NCCN1CCC(F)(F)CC1
ZINC001160747965,Nc1ccnc(NCCN2CCC(F)(F)CC2)c1
ZINC001160748646,NC(=O)c1ccc(NCCN2CCC(F)(F)CC2)nc1
ZINC001160748465,NC(=O)c1cccnc1NCCN1CCC(F)(F)CC1
ZINC001160751889,CNC(=O)c1cccnc1NCCN1CCC(F)(F)CC1
ZINC001160751902,NC(=O)c1cccc(NCCN2CCC(F)(F)CC2)n1
ZINC001160752237,Cc1ccc(C(N)=O)c(NCCN2CCC(F)(F)CC2)n1
ZINC001160753063,Cc1cnc(NCCN2CCC(F)(F)CC2)c(CN)c1
ZINC001160752588,CNC(=O)c1ccnc(NCCN2CCC(F)(F)CC2)c1
ZINC001160753725,Cc1cc(C(N)=O)cc(NCCN2CCC(F)(F)CC2)n1
ZINC001161866834,COC(=O)c1ccnc(NCCN2CCC(N)CC2)c1C
ZINC001161866851,Cc1cc(Cl)cc(NCCN2CCC(N)CC2)n1
ZINC001161866964,COC(=O)c1cnc(NCCN2CCC(N)CC2)c(C)c1
ZINC001161866994,Cc1c(F)ccnc1NCCN1CCC(N)CC1
ZINC001161866995,CCOC(=O)c1cccc(NCCN2CCC(N)CC2)n1
ZINC001161867085,COC(=O)c1cc(C)cc(NCCN2CCC(N)CC2)n1
ZINC001161867146,Cc1ccc(Cl)c(NCCN2CCC(N)CC2)n1
ZINC001161867217,NC1CCN(CCNc2nc(Cl)ccc2F)CC1
ZINC001161867234,COc1cc(Cl)cnc1NCCN1CCC(N)CC1
ZINC001161867244,Cc1nc(NCCN2CCC(N)CC2)ccc1Cl
ZINC001161867332,Cc1cnc(NCCN2CCC(N)CC2)c(F)c1
ZINC001161867349,CCOC(=O)c1ccnc(NCCN2CCC(N)CC2)c1
ZINC001161867353,Cc1cc(NCCN2CCC(N)CC2)ncc1F
ZINC001161867375,COc1ccc(C)nc1NCCN1CCC(N)CC1
ZINC001161867426,COc1cc(C)cc(NCCN2CCC(N)CC2)n1
ZINC001161867464,Cc1cc(NCCN2CCC(N)CC2)ncc1Cl
ZINC001161867510,COCc1ccnc(NCCN2CCC(N)CC2)c1
ZINC001161867525,CCOc1cc(Cl)nc(NCCN2CCC(N)CC2)c1
ZINC001161867703,COC(=O)c1ccc(C)nc1NCCN1CCC(N)CC1
ZINC001161867715,Cc1cnc(NCCN2CCC(N)CC2)c(Cl)c1
ZINC001161867744,COc1ccc(Cl)nc1NCCN1CCC(N)CC1
ZINC001161867764,CSc1cccnc1NCCN1CCC(N)CC1
ZINC001161867787,CCOc1ccnc(NCCN2CCC(N)CC2)c1
ZINC001161867813,COC(=O)c1cc(NCCN2CCC(N)CC2)ncc1C
ZINC001161867842,CCOc1ccc(NCCN2CCC(N)CC2)nc1
ZINC001161867858,COc1cnc(NCCN2CCC(N)CC2)c(C)c1
ZINC001161867888,CCOc1ccc(Cl)nc1NCCN1CCC(N)CC1
ZINC001161867889,COc1cc(Cl)cc(NCCN2CCC(N)CC2)n1
ZINC001161867900,Nc1cc(Cl)nc(NCCN2CCC(N)CC2)c1
ZINC001161867905,CC(C)Oc1cccc(NCCN2CCC(N)CC2)n1
ZINC001161867948,CC(C)Oc1ccnc(NCCN2CCC(N)CC2)c1
ZINC001161867995,Cc1ccnc(NCCN2CCC(N)CC2)c1F
ZINC001161867996,NC1CCN(CCNc2ncc(F)cc2Cl)CC1
ZINC001161870478,CSc1cnc(NCCN2CCC(N)CC2)c(C)c1
ZINC001161870035,Nc1cc(F)c(Cl)nc1NCCN1CCC(N)CC1
ZINC001161870116,COc1nc(NCCN2CCC(N)CC2)ccc1Cl
ZINC001161870512,CSc1ccnc(NCCN2CCC(N)CC2)c1
ZINC001161870904,Nc1cc(Cl)cnc1NCCN1CCC(N)CC1
ZINC001161870908,COCc1ccc(NCCN2CCC(N)CC2)nc1
ZINC001161871177,CC(C)COc1cccc(NCCN2CCC(N)CC2)n1
ZINC001161871181,CC(=O)Nc1c(C)ccnc1NCCN1CCC(N)CC1
ZINC001161871339,COc1cc(C)cnc1NCCN1CCC(N)CC1
ZINC001161871379,COc1cnc(NCCN2CCC(N)CC2)c(Cl)c1
ZINC001161872472,CSCc1ccnc(NCCN2CCC(N)CC2)c1
ZINC001161872640,Nc1nc(NCCN2CCC(N)CC2)ccc1Cl
ZINC001161872911,CSCc1ccc(NCCN2CCC(N)CC2)nc1
ZINC001261511558,CN(CCN1CCCCC1)c1ccc(C(N)=O)cn1
ZINC001593951514,COC1CCN(CCNc2cccc(C(=O)O)n2)CC1
ZINC001598488080,CN(CCN1CCCCC1)c1cc(C(=O)O)ccn1
ZINC001599124900,COC1CCN(CCNc2ccc(C(=O)O)cn2)CC1
ZINC001599124905,COC1CCN(CCNc2cc(C(=O)O)ccn2)CC1
ZINC001599730864,COc1nc(N(C)CCN2CCCCC2)ccc1C(=O)O
ZINC001606016209,CN(C)C1CCN(CCNc2cc(C(=O)O)ccn2)CC1
ZINC001607809039,Cc1ccc(NCCN2CCCCC2)nc1C(=O)O
ZINC001608791686,O=C(O)Cc1ccnc(NCCN2CCCCC2)c1
ZINC001645921637,COc1ccc(F)c(NCCN2CCC(OC)CC2)n1
ZINC000124220781,Cc1nc(NCCN2CCCCC2)ccc1C(=O)O
ZINC000234643986,COC(=O)c1ccnc(NCCN2CCCCC2)c1
ZINC000322330541,O=C(O)c1cnc(NCCN2CCC(O)CC2)c(Cl)c1
ZINC001161867296,CCOC(=O)c1cc(C#N)c(Cl)nc1NCCN1CCC(N)CC1
ZINC001161870492,COC(=O)c1c(C#C[Si](C)(C)C)ccnc1NCCN1CCC(N)CC1
ZINC001580443413,Nc1ccc(CN2CCC(n3c(=O)[nH]c4ccccc43)CC2)cc1
ZINC000439606624,C[C@@H]1CCC[C@H](C)N1CCNc1ncccc1F
ZINC000539382883,Oc1ccc(C2CCC(NCCc3c[nH]c4ccccc34)CC2)cc1
ZINC000622260746,CC[C@@H](c1ccccc1)N1CCC(n2c(=O)[nH]c3ccccc32)CC1
ZINC001127489649,CCC(Oc1cccc(C)c1)C(=O)N[C@]1(C)CCCc2ccccc21
ZINC001127489650,CCC(Oc1cccc(C)c1)C(=O)N[C@@]1(C)CCCc2ccccc21
ZINC001127489651,CCC(Oc1cccc(C)c1)C(=O)N[C@]1(C)CCCc2ccccc21
ZINC001127489652,CCC(Oc1cccc(C)c1)C(=O)N[C@@]1(C)CCCc2ccccc21
ZINC001266564114,CC(C)c1ccccc1OCC(=O)N[C@]1(C)CCCc2ccccc21
ZINC001266564115,CC(C)c1ccccc1OCC(=O)N[C@@]1(C)CCCc2ccccc21
ZINC001435660001,CC(C)c1ccc(OCC(=O)N[C@]2(C)CCCc3ccccc32)cc1
ZINC001435660002,CC(C)c1ccc(OCC(=O)N[C@@]2(C)CCCc3ccccc32)cc1
ZINC001519901026,CC(C)c1cccc(OCC(=O)N[C@]2(C)CCCc3ccccc32)c1
ZINC001519901027,CC(C)c1cccc(OCC(=O)N[C@@]2(C)CCCc3ccccc32)c1
ZINC001526810795,CCC(Oc1ccccc1C)C(=O)N[C@]1(C)CCCc2ccccc21
ZINC001526810796,CCC(Oc1ccccc1C)C(=O)N[C@@]1(C)CCCc2ccccc21
ZINC001526810797,CCC(Oc1ccccc1C)C(=O)N[C@]1(C)CCCc2ccccc21
ZINC001526810798,CCC(Oc1ccccc1C)C(=O)N[C@@]1(C)CCCc2ccccc21
ZINC001642128313,C[C@@H]1C[C@H](C)CN(C[C@@H](C)Nc2ncc(C(F)(F)F)cc2Cl)C1
ZINC001642128314,C[C@@H]1C[C@@H](C)CN(C[C@@H](C)Nc2ncc(C(F)(F)F)cc2Cl)C1
ZINC001642128315,C[C@@H]1C[C@H](C)CN(C[C@H](C)Nc2ncc(C(F)(F)F)cc2Cl)C1
ZINC001642128316,C[C@@H]1C[C@@H](C)CN(C[C@H](C)Nc2ncc(C(F)(F)F)cc2Cl)C1
ZINC001651465497,C[C@@H]1CCCN(C(C)(C)CNc2ncc(C(F)(F)F)cc2Cl)C1
ZINC001651465498,C[C@H]1CCCN(C(C)(C)CNc2ncc(C(F)(F)F)cc2Cl)C1
ZINC001652839131,Cn1cc(CCNC2CCC(c3ccc(O)cc3)CC2)c2ccccc21
ZINC001659280272,CCCc1cccc(CN2CCC(n3c(=O)[nH]c4ccccc43)CC2)c1
ZINC001659280527,CC(C)c1cccc(CN2CCC(n3c(=O)[nH]c4ccccc43)CC2)c1
ZINC001664103424,CC(C)c1ccccc1CN1CCC(n2c(=O)[nH]c3ccccc32)CC1
ZINC000301532208,COC1CCN(CCNc2ncccc2S(N)(=O)=O)CC1
ZINC000339002940,C[C@@H]1CCCN([C@@H](C)CNc2ccc(S(N)(=O)=O)cn2)C1
ZINC000339002941,C[C@H]1CCCN([C@H](C)CNc2ccc(S(N)(=O)=O)cn2)C1
ZINC000339002942,C[C@H]1CCCN([C@@H](C)CNc2ccc(S(N)(=O)=O)cn2)C1
ZINC000339002943,C[C@@H]1CCCN([C@H](C)CNc2ccc(S(N)(=O)=O)cn2)C1
ZINC000342128032,CC[C@@H]1CCCCN1CCNc1ccc(S(N)(=O)=O)cn1
ZINC000342128034,CC[C@H]1CCCCN1CCNc1ccc(S(N)(=O)=O)cn1
ZINC000342216920,C[C@H]1CCC[C@H](C)N1CCNc1ccc(S(N)(=O)=O)cn1
ZINC000342216925,C[C@@H]1CCC[C@H](C)N1CCNc1ccc(S(N)(=O)=O)cn1
ZINC000342216930,C[C@@H]1CCC[C@@H](C)N1CCNc1ccc(S(N)(=O)=O)cn1
ZINC000343089397,CC1(C)CCCN(CCNc2ccc(S(N)(=O)=O)cn2)C1
ZINC000649365811,CS(=O)(=O)c1ccc(N[C@@H](CO)CN2CCCCC2)nc1
ZINC000649365812,CS(=O)(=O)c1ccc(N[C@H](CO)CN2CCCCC2)nc1
ZINC000651476798,CNS(=O)(=O)c1ccc(N(C)CCN2CCCCC2)nc1
ZINC001160746686,NS(=O)(=O)c1cccnc1NCCN1CCC(F)(F)CC1
ZINC001160748828,NS(=O)(=O)c1ccc(NCCN2CCC(F)(F)CC2)nc1
ZINC001160752263,NS(=O)(=O)c1ccnc(NCCN2CCC(F)(F)CC2)c1
ZINC001160753508,NS(=O)(=O)c1cccc(NCCN2CCC(F)(F)CC2)n1
ZINC001161866965,COC(=O)c1ccc(NCCN2CCC(N)CC2)nc1OC
ZINC001161866984,Cc1cc(Cl)nc(NCCN2CCC(N)CC2)c1C(N)=O
ZINC001161866986,COC(=O)c1cc(OC)cnc1NCCN1CCC(N)CC1
ZINC001161867099,NC(=O)c1cc(F)c(Cl)nc1NCCN1CCC(N)CC1
ZINC001161867278,COC(=O)c1cnc(NCCN2CCC(N)CC2)cc1OC
ZINC001161867944,CNC(=O)c1nc(NCCN2CCC(N)CC2)ccc1Cl
ZINC001161870479,CON(C)C(=O)c1cccnc1NCCN1CCC(N)CC1
ZINC001161870490,COC(OC)c1c(CO)ccnc1NCCN1CCC(N)CC1
ZINC001161870828,CON(C)C(=O)c1cc(C)cnc1NCCN1CCC(N)CC1
ZINC001161872455,COCCOC(=O)c1ccnc(NCCN2CCC(N)CC2)c1
ZINC001161872474,CON(C)C(=O)c1ccnc(NCCN2CCC(N)CC2)c1
ZINC001161872609,CCS(=O)(=O)c1ccnc(NCCN2CCC(N)CC2)c1
ZINC000511100090,COC(=O)c1ccc(Cl)c(CN2CCC(n3c(=O)[nH]c4ccccc43)CC2)c1
ZINC000139643682,C[C@H](c1ccc(OC(F)F)cc1)N1CCC(n2c(=O)[nH]c3ccccc32)CC1
ZINC001143486496,CCOc1ccc(F)c(F)c1CN1CCC(n2c(=O)[nH]c3ccccc32)CC1
ZINC000500405982,COc1ccc([C@@H](CN2CCCC2)NC(=O)C(C)c2ccc(F)c(F)c2)cc1
ZINC000500405984,COc1ccc([C@@H](CN2CCCC2)NC(=O)C(C)c2ccc(F)c(F)c2)cc1
ZINC000500413479,COc1ccc([C@@H](CN2CCCC2)NC(=O)C(C)c2c(F)cccc2F)cc1
ZINC000500413478,COc1ccc([C@@H](CN2CCCC2)NC(=O)C(C)c2c(F)cccc2F)cc1
ZINC000509846051,COC(=O)c1cccc(Cl)c1CN1CCC(n2c(=O)[nH]c3ccccc32)CC1
ZINC000504912717,CNC(=O)C(Cc1c[nH]c2ccccc12)NC1CCC(C)(c2ccccc2)CC1
ZINC000506121655,CC(=O)CCc1ccc(OC(C)C(=O)N[C@]2(C)CCCc3ccccc32)cc1
ZINC000506121657,CC(=O)CCc1ccc(OC(C)C(=O)N[C@@]2(C)CCCc3ccccc32)cc1
ZINC000506121659,CC(=O)CCc1ccc(OC(C)C(=O)N[C@]2(C)CCCc3ccccc32)cc1
ZINC000506121661,CC(=O)CCc1ccc(OC(C)C(=O)N[C@@]2(C)CCCc3ccccc32)cc1
ZINC000506128903,O=c1[nH]c2ccccc2n1C1CCN(Cc2ccc(OC(F)(F)F)cc2)CC1
ZINC000506147519,CCCOc1cc(CN2CCC(n3c(=O)[nH]c4ccccc43)CC2)ccc1OC
ZINC000506149620,CCCOc1ccc(CN2CCC(n3c(=O)[nH]c4ccccc43)CC2)cc1OC
ZINC000506154235,O=c1[nH]c2ccccc2n1C1CCN(Cc2ccccc2OC(F)(F)F)CC1
ZINC000506159458,CCOc1ccc(CN2CCC(n3c(=O)[nH]c4ccccc43)CC2)cc1OCC
ZINC000506160828,Cc1ccc(OC(F)F)c(CN2CCC(n3c(=O)[nH]c4ccccc43)CC2)c1
ZINC001143569270,CCOc1cc(F)c(CN2CCC(n3c(=O)[nH]c4ccccc43)CC2)c(F)c1
ZINC000441152489,CC(C)OC(=O)c1ccc(CN2CCC(n3c(=O)[nH]c4ccccc43)CC2)cc1
ZINC000029177440,O=C(Cc1cccc(C(F)(F)F)c1)N[C@H](CN1CCCC1)c1ccccc1
ZINC000029177410,O=C(Cc1ccc(Cl)c(Cl)c1)N[C@H](CN1CCCC1)c1ccccc1
ZINC000450218850,COC(=O)c1cccc(CN2CCC(n3c(=O)[nH]c4ccccc43)CC2)c1Cl
ZINC000532235062,CNC(=O)C(Cc1c[nH]c2ccccc12)NC1CCC(c2ccccc2)CC1
ZINC000024911425,O=c1[nH]c2ccccc2n1C1CCN(Cc2cccc(C(F)(F)F)c2)CC1
ZINC000024911567,O=c1[nH]c2ccccc2n1C1CCN(Cc2ccc(C(F)(F)F)cc2)CC1
ZINC000024911897,O=c1[nH]c2ccccc2n1C1CCN(Cc2cccc(OC(F)(F)F)c2)CC1
ZINC000591123882,O=C(Cc1ccccc1C(F)(F)F)N[C@H](CN1CCCC1)c1ccccc1
ZINC000302802196,O=c1[nH]c2ccccc2n1C1CCN(Cc2ccccc2C(F)(F)F)CC1
ZINC000302810011,O=c1[nH]c2ccccc2n1C1CCN(Cc2ccc(Cl)cc2Cl)CC1
ZINC000303259816,CC(C)COc1ccc(CC(=O)N[C@H](CN2CCCC2)c2ccccc2)cc1
ZINC000064555766,O=c1[nH]c2ccccc2n1C1CCN(Cc2ccc(SC(F)F)cc2)CC1
ZINC000029179016,O=C(Cc1ccc(C(F)(F)F)cc1)N[C@H](CN1CCCC1)c1ccccc1
ZINC000064139582,C[C@@H](c1ccc(OC(F)F)cc1)N1CCC(n2c(=O)[nH]c3ccccc32)CC1
ZINC000302802125,CC(=O)c1c(C)cc(C)c(CN2CCC(n3c(=O)[nH]c4ccccc43)CC2)c1C
ZINC000302802560,O=c1[nH]c2ccccc2n1C1CCN(Cc2c(Cl)cccc2Cl)CC1
ZINC000302807404,O=c1[nH]c2ccccc2n1C1CCN(Cc2ccc(Cl)c(Cl)c2)CC1
ZINC000744426533,O=c1[nH]c2ccccc2n1C1CCN(Cc2c(F)c(F)c(F)c(F)c2F)CC1
ZINC001135443771,O=C(Cc1c(Cl)cccc1Cl)N[C@H](CN1CCCC1)c1ccccc1
ZINC001143362831,COc1ccc(F)c(CN2CCC(n3c(=O)[nH]c4ccccc43)CC2)c1Cl
ZINC001143626370,Cn1c(=O)n(C2CCN(Cc3ccc(F)c(Cl)c3F)CC2)c2ccccc21
ZINC001143841656,COc1c(F)cc(CN2CCC(n3c(=O)[nH]c4ccccc43)CC2)cc1Cl
ZINC001143891964,COc1ccc(Cl)c(CN2CCC(n3c(=O)[nH]c4ccccc43)CC2)c1F
ZINC001143935425,CCOc1ccc(F)c(CN2CCC(n3c(=O)[nH]c4ccccc43)CC2)c1F
ZINC001143957079,Cn1c(=O)n(C2CCN(Cc3c(Cl)ccc(F)c3F)CC2)c2ccccc21
ZINC001144018870,CCOc1c(F)cc(CN2CCC(n3c(=O)[nH]c4ccccc43)CC2)cc1F
ZINC001144130209,Cn1c(=O)n(C2CCN(Cc3cc(Cl)c(F)cc3F)CC2)c2ccccc21
ZINC001144148608,CCc1cc(CN2CCC(n3c(=O)n(C)c4ccccc43)CC2)cc(CC)c1O
ZINC001144386362,O=c1[nH]c2ccccc2n1C1CCN(Cc2ccc(O)cc2C(F)(F)F)CC1
ZINC001144727106,Cn1c(=O)n(C2CCN(Cc3cc(F)c(F)cc3Cl)CC2)c2ccccc21
ZINC001151338458,COc1ccc([C@@H](CN2CCCC2)NC(=O)C(C)c2ccc(Cl)cc2)cc1
ZINC001151338460,COc1ccc([C@@H](CN2CCCC2)NC(=O)C(C)c2ccc(Cl)cc2)cc1
ZINC000467506557,CCC(C(=O)N[C@H](CN1CCCC1)c1ccc(OC)cc1)c1ccc(OC)cc1
ZINC000467506560,CCC(C(=O)N[C@H](CN1CCCC1)c1ccc(OC)cc1)c1ccc(OC)cc1
ZINC000468414316,COc1ccc([C@@H](CN2CCCC2)NC(=O)Cc2cccc(C(F)F)c2)cc1
ZINC000567974222,O=c1[nH]c2ccccc2n1C1CCN(Cc2cc(O)cc(C(F)(F)F)c2)CC1
ZINC001137627228,COc1ccc([C@@H](CN2CCCC2)NC(=O)C(F)(F)c2ccccc2C)cc1
ZINC001137883019,Cn1c(=O)n(C2CCN(Cc3c(F)ccc(Cl)c3F)CC2)c2ccccc21
ZINC001138003691,Cn1c(=O)n(C2CCN(Cc3c(F)ccc(F)c3Cl)CC2)c2ccccc21
ZINC001138027642,Cc1ccc(F)c(CN2CCC(n3c(=O)n(C)c4ccccc43)CC2)c1Cl
ZINC001138034511,Cc1ccc(Cl)c(CN2CCC(n3c(=O)n(C)c4ccccc43)CC2)c1F
ZINC001138231240,O=c1[nH]c2ccccc2n1C1CCN(Cc2c(F)c(F)cc(F)c2F)CC1
ZINC001138728131,COc1cc(C)c(CN2CCC(n3c(=O)n(C)c4ccccc43)CC2)c(C)c1C
ZINC001138954600,CCCCOc1cccc(CN2CCC(n3c(=O)n(C)c4ccccc43)CC2)c1
ZINC001138971426,CC(C)COc1ccc(CN2CCC(n3c(=O)n(C)c4ccccc43)CC2)cc1
ZINC001138981293,CCOc1ccc(CN2CCC(n3c(=O)[nH]c4ccccc43)CC2)c(OCC)c1
ZINC001139009085,CCOc1ccc(Cl)cc1CN1CCC(n2c(=O)n(C)c3ccccc32)CC1
ZINC001139050717,Cn1c(=O)n(C2CCN(Cc3c(F)cc(Cl)cc3F)CC2)c2ccccc21
ZINC001139596903,CCOc1ccc(CN2CCC(n3c(=O)n(C)c4ccccc43)CC2)cc1Cl
ZINC001139621460,COc1ccc(CN2CCC(n3c(=O)n(C)c4ccccc43)CC2)cc1C(C)C
ZINC001139623799,CCOc1ccc(CN2CCC(n3c(=O)n(C)c4ccccc43)CC2)cc1CC
ZINC001140701364,Cn1c(=O)n(C2CCN(Cc3cc(F)c(Cl)cc3F)CC2)c2ccccc21
ZINC001143268827,CCOc1ccc(CN2CCC(n3c(=O)[nH]c4ccccc43)CC2)c(F)c1F
ZINC001203393195,Cn1c(=O)n(C2CCN(Cc3ccc(Cl)cc3Cl)CC2)c2ccccc21
ZINC001203423086,Cn1c(=O)n(C2CCN(Cc3c(Cl)cccc3Cl)CC2)c2ccccc21
ZINC001203692807,Cn1c(=O)n(C2CCN(Cc3ccccc3C(F)(F)F)CC2)c2ccccc21
ZINC001203802699,Cn1c(=O)n(C2CCN(Cc3ccc(Cl)c(Cl)c3)CC2)c2ccccc21
ZINC001203811381,Cn1c(=O)n(C2CCN(Cc3cc(Cl)cc(Cl)c3)CC2)c2ccccc21
ZINC001203885673,Cn1c(=O)n(C2CCN(Cc3cccc(C(F)(F)F)c3)CC2)c2ccccc21
ZINC001203969859,CCCCOc1ccc(CN2CCC(n3c(=O)n(C)c4ccccc43)CC2)cc1
ZINC001204164319,Cn1c(=O)n(C2CCN(Cc3ccc(C(F)(F)F)cc3)CC2)c2ccccc21
ZINC001204183937,Cn1c(=O)n(C2CCN(Cc3cccc(Cl)c3Cl)CC2)c2ccccc21
ZINC001204568451,Cn1c(=O)n(C2CCN(Cc3cc(Cl)ccc3Cl)CC2)c2ccccc21
ZINC001207114835,O=c1[nH]c2ccccc2n1C1CCN(Cc2c(F)cccc2OC(F)F)CC1
ZINC001209666063,COc1cc(CN2CCC(n3c(=O)[nH]c4ccccc43)CC2)c(F)cc1Cl
ZINC001209697313,COc1c(Cl)ccc(CN2CCC(n3c(=O)[nH]c4ccccc43)CC2)c1F
ZINC001223017600,CCOC[C@@H](C)O[C@@H]1c2ccccc2N(C)S(=O)(=O)c2cc(Cl)ccc21
ZINC001223017604,CCOC[C@H](C)O[C@H]1c2ccccc2N(C)S(=O)(=O)c2cc(Cl)ccc21
ZINC001223017605,CCOC[C@H](C)O[C@@H]1c2ccccc2N(C)S(=O)(=O)c2cc(Cl)ccc21
ZINC001223017607,CCOC[C@@H](C)O[C@H]1c2ccccc2N(C)S(=O)(=O)c2cc(Cl)ccc21
ZINC001223018929,CC[C@H](COC)O[C@@H]1c2ccccc2N(C)S(=O)(=O)c2cc(Cl)ccc21
ZINC001223018931,CC[C@@H](COC)O[C@@H]1c2ccccc2N(C)S(=O)(=O)c2cc(Cl)ccc21
ZINC001223018934,CC[C@H](COC)O[C@H]1c2ccccc2N(C)S(=O)(=O)c2cc(Cl)ccc21
ZINC001223018939,CC[C@@H](COC)O[C@H]1c2ccccc2N(C)S(=O)(=O)c2cc(Cl)ccc21
ZINC001223019928,CC(C)OCCO[C@H]1c2ccccc2N(C)S(=O)(=O)c2cc(Cl)ccc21
ZINC001223019929,CC(C)OCCO[C@@H]1c2ccccc2N(C)S(=O)(=O)c2cc(Cl)ccc21
ZINC001223020499,CO[C@H](C)CCO[C@@H]1c2ccccc2N(C)S(=O)(=O)c2cc(Cl)ccc21
ZINC001223020501,CO[C@@H](C)CCO[C@H]1c2ccccc2N(C)S(=O)(=O)c2cc(Cl)ccc21
ZINC001223020502,CO[C@@H](C)CCO[C@@H]1c2ccccc2N(C)S(=O)(=O)c2cc(Cl)ccc21
ZINC001223020503,CO[C@H](C)CCO[C@H]1c2ccccc2N(C)S(=O)(=O)c2cc(Cl)ccc21
ZINC001223023493,CCO[C@H](C)CO[C@@H]1c2ccccc2N(C)S(=O)(=O)c2cc(Cl)ccc21
ZINC001223023497,CCO[C@@H](C)CO[C@H]1c2ccccc2N(C)S(=O)(=O)c2cc(Cl)ccc21
ZINC001223023500,CCO[C@@H](C)CO[C@@H]1c2ccccc2N(C)S(=O)(=O)c2cc(Cl)ccc21
ZINC001223023503,CCO[C@H](C)CO[C@H]1c2ccccc2N(C)S(=O)(=O)c2cc(Cl)ccc21
ZINC001223023532,CC[C@H](CO[C@@H]1c2ccccc2N(C)S(=O)(=O)c2cc(Cl)ccc21)OC
ZINC001223023534,CC[C@@H](CO[C@@H]1c2ccccc2N(C)S(=O)(=O)c2cc(Cl)ccc21)OC
ZINC001223023536,CC[C@H](CO[C@H]1c2ccccc2N(C)S(=O)(=O)c2cc(Cl)ccc21)OC
ZINC001223023537,CC[C@@H](CO[C@H]1c2ccccc2N(C)S(=O)(=O)c2cc(Cl)ccc21)OC
ZINC001231523148,O=c1[nH]c2ccccc2n1C1CCN(Cc2ccc(O)c(C(F)(F)F)c2)CC1
ZINC001231806006,Cn1c(=O)n(C2CCN(Cc3ccc(OC(C)(C)C)cc3)CC2)c2ccccc21
ZINC001232102125,Cn1c(=O)n(C2CCN(Cc3c(F)cc(F)cc3Cl)CC2)c2ccccc21
ZINC001232386801,COc1ccc(OC(C)C)c(CN2CCC(n3c(=O)[nH]c4ccccc43)CC2)c1
ZINC001232390635,Cc1cccc(CN2CCC(n3c(=O)n(C)c4ccccc43)CC2)c1OC(C)C
ZINC001232398914,Cc1ccc(OC(C)C)c(CN2CCC(n3c(=O)n(C)c4ccccc43)CC2)c1
ZINC001232575790,COC(=O)c1ccc(CN2CCC(n3c(=O)[nH]c4ccccc43)CC2)c(Cl)c1
ZINC001232876673,Cn1c(=O)n(C2CCN(Cc3ccc(F)c(F)c3Cl)CC2)c2ccccc21
ZINC001233000435,COc1cc(Cl)cc(F)c1CN1CCC(n2c(=O)[nH]c3ccccc32)CC1
ZINC001233211342,Cn1c(=O)n(C2CCN(Cc3ccc(Cl)c(F)c3F)CC2)c2ccccc21
ZINC001234696301,COc1ccc(CN2CCC(n3c(=O)[nH]c4ccccc43)CC2)c(OC(C)C)c1
ZINC001235346341,O=c1[nH]c2ccccc2n1C1CCN(Cc2cc(F)c(F)c(F)c2F)CC1
ZINC001236718220,O=c1[nH]c2ccccc2n1C1CCN(Cc2ccc(OC(F)F)cc2F)CC1
ZINC001236719090,Cc1c(F)ccc(CN2CCC(n3c(=O)n(C)c4ccccc43)CC2)c1Cl
ZINC001236771028,COC(=O)c1cc(Cl)cc(CN2CCC(n3c(=O)[nH]c4ccccc43)CC2)c1
ZINC001237030429,Cn1c(=O)n(C2CCN(Cc3ccccc3OC(C)(C)C)CC2)c2ccccc21
ZINC001237103834,Cn1c(=O)n(C2CCN(Cc3cccc(OC(C)(C)C)c3)CC2)c2ccccc21
ZINC001237350984,Cc1cc(Cl)cc(C)c1CN1CCC(n2c(=O)n(C)c3ccccc32)CC1
ZINC001237713770,Cc1cc(CN2CCC(n3c(=O)n(C)c4ccccc43)CC2)ccc1OC(C)C
ZINC001237904705,CCCOc1cc(F)ccc1CN1CCC(n2c(=O)n(C)c3ccccc32)CC1
ZINC001237987525,O=c1[nH]c2ccccc2n1C1CCN(Cc2cc(F)c(O)c(Cl)c2)CC1
ZINC001238145530,O=c1[nH]c2ccccc2n1C1CCN(Cc2cc(Cl)c(O)cc2F)CC1
ZINC001238219341,Cc1c(Cl)ccc(CN2CCC(n3c(=O)n(C)c4ccccc43)CC2)c1C
ZINC001238303290,Cc1cc(CN2CCC(n3c(=O)n(C)c4ccccc43)CC2)c(F)cc1Cl
ZINC001238327949,CC(C)Oc1c(F)cccc1CN1CCC(n2c(=O)n(C)c3ccccc32)CC1
ZINC001238340925,COc1c(Cl)ccc(F)c1CN1CCC(n2c(=O)[nH]c3ccccc32)CC1
ZINC001238402440,CCOc1ccc(CN2CCC(n3c(=O)n(C)c4ccccc43)CC2)c(Cl)c1
ZINC001238427384,CC(C)Oc1cccc(CN2CCC(n3c(=O)n(C)c4ccccc43)CC2)c1F
ZINC001238451495,CC(C)Oc1ccc(CN2CCC(n3c(=O)n(C)c4ccccc43)CC2)c(F)c1
ZINC001238459940,CC(C)Oc1cc(CN2CCC(n3c(=O)n(C)c4ccccc43)CC2)ccc1F
ZINC001238487082,Cc1ccc(OC(C)C)cc1CN1CCC(n2c(=O)n(C)c3ccccc32)CC1
ZINC001238518368,Cc1c(Cl)ccc(CN2CCC(n3c(=O)n(C)c4ccccc43)CC2)c1F
ZINC001238655251,CCOc1cc(F)c(F)cc1CN1CCC(n2c(=O)[nH]c3ccccc32)CC1
ZINC001238685771,CSc1cc(C)cc(CN2CCC(n3c(=O)n(C)c4ccccc43)CC2)c1
ZINC001238702281,CC(C)Oc1cc(F)ccc1CN1CCC(n2c(=O)n(C)c3ccccc32)CC1
ZINC001238782791,Cc1cc(F)cc(CN2CCC(n3c(=O)n(C)c4ccccc43)CC2)c1Cl
ZINC001238785213,Cc1cc(F)cc(Cl)c1CN1CCC(n2c(=O)n(C)c3ccccc32)CC1
ZINC001238795400,COc1cc(F)c(CN2CCC(n3c(=O)[nH]c4ccccc43)CC2)cc1Cl
ZINC001249439727,CCSc1ccccc1CN1CCC(n2c(=O)n(C)c3ccccc32)CC1
ZINC001249635208,COC(=O)c1c(Cl)cccc1CN1CCC(n2c(=O)[nH]c3ccccc32)CC1
ZINC001250196953,Cc1ccc(CN2CCC(n3c(=O)n(C)c4ccccc43)CC2)c(C)c1Cl
ZINC001250396909,O=c1[nH]c2ccccc2n1C1CCN(Cc2cc(O)c(Cl)c(F)c2F)CC1
ZINC001290116258,O=C(Cc1cccc(OC(F)(F)F)c1)N[C@H](CN1CCCC1)c1ccccc1
ZINC001290116474,CCOc1ccccc1C(F)(F)C(=O)N[C@H](CN1CCCC1)c1ccccc1
ZINC001323570949,COc1ccc([C@@H](CN2CCCC2)NC(=O)C(C)c2ccc(F)cc2F)cc1
ZINC001323570951,COc1ccc([C@@H](CN2CCCC2)NC(=O)C(C)c2ccc(F)cc2F)cc1
ZINC001545890453,COc1ccc([C@@H](CN2CCCC2)NC(=O)Cc2ccc(CC(C)C)cc2)cc1
ZINC001545891065,COc1ccc([C@@H](CN2CCCC2)NC(=O)Cc2ccc(C(C)(C)C)cc2)cc1
ZINC001440533058,O=C(N[C@H](CN1CCCC1)c1ccccc1)C(F)(F)c1c(F)cccc1F
ZINC001446341416,COc1ccc([C@@H](CN2CCCC2)NC(=O)C(F)(F)c2ccc(C)cc2)cc1
ZINC001463640731,CCOc1c(Cl)cccc1CC(=O)N[C@H](CN1CCCC1)c1ccccc1
ZINC001463643814,O=C(Cc1cc(Cl)cc(Cl)c1)N[C@H](CN1CCCC1)c1ccccc1
ZINC001472656049,COC(=O)c1cnc(NC[C@@H](C(C)C)N2CCC(C)CC2)cc1C(F)(F)F
ZINC001472656050,COC(=O)c1cnc(NC[C@H](C(C)C)N2CCC(C)CC2)cc1C(F)(F)F
ZINC001519901211,C[C@]1(NC(=O)COc2ccc(Br)cc2F)CCCc2ccccc21
ZINC001519901212,C[C@@]1(NC(=O)COc2ccc(Br)cc2F)CCCc2ccccc21
ZINC001519901699,C[C@]1(NC(=O)COc2ccc(F)cc2Br)CCCc2ccccc21
ZINC001519901700,C[C@@]1(NC(=O)COc2ccc(F)cc2Br)CCCc2ccccc21
ZINC001536655831,C[C@]1(NC(=O)COc2ccccc2OCC(F)(F)F)CCCc2ccccc21
ZINC001536655832,C[C@@]1(NC(=O)COc2ccccc2OCC(F)(F)F)CCCc2ccccc21
ZINC001538718055,O=C(Cc1cccc(Cl)c1Cl)N[C@H](CN1CCCC1)c1ccccc1
ZINC001538718904,O=C(Cc1cc(Cl)ccc1Cl)N[C@H](CN1CCCC1)c1ccccc1
ZINC001540412299,O=C(Cc1ccc(Cl)cc1Cl)N[C@H](CN1CCCC1)c1ccccc1
ZINC001566502031,CCSc1ccc(CC(=O)N[C@H](CN2CCCC2)c2ccc(OC)cc2)cc1
ZINC001596563842,COc1ccc([C@@H](CN2CCCC2)NC(=O)C(C)c2cccc(Cl)c2)cc1
ZINC001596563844,COc1ccc([C@@H](CN2CCCC2)NC(=O)C(C)c2cccc(Cl)c2)cc1
ZINC001596563990,COc1ccc([C@@H](CN2CCCC2)NC(=O)Cc2cccc(C)c2Cl)cc1
ZINC001623324155,CCc1ccc(C(C)C(=O)N[C@H](CN2CCCC2)c2ccc(OC)cc2)cc1
ZINC001623324158,CCc1ccc(C(C)C(=O)N[C@H](CN2CCCC2)c2ccc(OC)cc2)cc1
ZINC001623324302,COc1ccc([C@@H](CN2CCCC2)NC(=O)Cc2c(C)cc(C)cc2C)cc1
ZINC001623324566,COc1ccc([C@@H](CN2CCCC2)NC(=O)Cc2ccc(C)cc2Cl)cc1
ZINC001628460968,O=C(N[C@H](CN1CCCC1)c1ccccc1)C(F)(F)c1ccc(Cl)cc1
ZINC001630883783,COc1ccc([C@@H](CN2CCCC2)NC(=O)Cc2ccc(C)c(Cl)c2)cc1
ZINC001632047166,CCSc1ccccc1CC(=O)N[C@H](CN1CCCC1)c1ccc(OC)cc1
ZINC001652071571,O=c1[nH]c2ccccc2n1C1CCN(Cc2ccccc2OCC(F)F)CC1
ZINC000651477056,CC(C)N(C(C)C)S(=O)(=O)c1ccc(N(C)CCN2CCCCC2)nc1
ZINC000500386243,COC(=O)c1cccc(CC(=O)N[C@H](CN2CCCC2)c2ccc(OC)cc2)c1
ZINC000500407990,COC(=O)c1ccccc1CC(=O)N[C@H](CN1CCCC1)c1ccc(OC)cc1
ZINC000278964547,COc1cc(CC(=O)N[C@H](CN2CCCC2)c2ccccc2)cc(OC)c1O
ZINC000450522774,COC(=O)c1ccc(CC(=O)N[C@H](CN2CCCC2)c2ccc(OC)cc2)cc1
ZINC000450524820,COc1ccc([C@@H](CN2CCCC2)NC(=O)Cc2ccc(O)c(OC)c2)cc1
ZINC000911653380,COc1ccc([C@@H](CN2CCCC2)NC(=O)Cc2ccc(C(=O)O)cc2)cc1
ZINC000911656622,COc1ccc([C@@H](CN2CCCC2)NC(=O)Cc2cccc(C(=O)O)c2)cc1
ZINC000591821244,COC1CCN(CCNc2ncc(C)cc2I)CC1
ZINC000573679753,CN(C)C1CCN(CCNc2cc(C(F)(F)F)c(Br)cn2)CC1
ZINC000302803535,CN(C)C(=O)C(c1ccccc1)N1CCC(n2c(=O)[nH]c3ccccc32)CC1
ZINC000302803537,CN(C)C(=O)C(c1ccccc1)N1CCC(n2c(=O)[nH]c3ccccc32)CC1
ZINC000060466168,CN(C)C(=O)c1cccc(CN2CCC(n3c(=O)[nH]c4ccccc43)CC2)c1
ZINC001204122395,COc1cc(CN2CCC(n3c(=O)n(C)c4ccccc43)CC2)cc(OC)c1O
ZINC000284644642,CS(=O)(=O)c1ccccc1CC(=O)N[C@H](CN1CCCC1)c1ccccc1
ZINC000289134867,COc1cc(CN2CCC(n3c(=O)[nH]c4ccccc43)CC2)cc(OC)c1O
ZINC000294549679,CS(=O)(=O)c1cccc(CN2CCC(n3c(=O)[nH]c4ccccc43)CC2)c1
ZINC000367308204,CS(=O)(=O)c1ccc(CN2CCC(n3c(=O)[nH]c4ccccc43)CC2)cc1
ZINC000779540506,COc1ccc([C@@H](CN2CCCC2)NC(=O)C(O)c2cccc(OC)c2)cc1
ZINC000779540507,COc1ccc([C@@H](CN2CCCC2)NC(=O)C(O)c2cccc(OC)c2)cc1
ZINC000632240515,COc1ccc([C@@H](CN2CCCC2)NC(=O)Cc2ccc(OC)c(O)c2)cc1
ZINC000901625183,COc1ccc([C@@H](CN2CCCC2)NC(=O)Cc2ccccc2C(=O)O)cc1
ZINC001116047172,CCN(CC)S(=O)(=O)c1ccc(N[C@@H](C)CN2C[C@H](C)C[C@H](C)C2)nc1
ZINC001116047173,CCN(CC)S(=O)(=O)c1ccc(N[C@H](C)CN2C[C@H](C)C[C@@H](C)C2)nc1
ZINC001116047174,CCN(CC)S(=O)(=O)c1ccc(N[C@H](C)CN2C[C@H](C)C[C@H](C)C2)nc1
ZINC001116047175,CCN(CC)S(=O)(=O)c1ccc(N[C@H](C)CN2C[C@@H](C)C[C@H](C)C2)nc1
ZINC001137572381,Cn1c(=O)n(C2CCN(Cc3cccc(S(C)(=O)=O)c3)CC2)c2ccccc21
ZINC001137731122,Cn1c(=O)n(C2CCN(Cc3ccc(S(C)(=O)=O)cc3)CC2)c2ccccc21
ZINC001137789194,COC(=O)c1ccccc1CN1CCC(n2c(=O)n(C)c3ccccc32)CC1
ZINC001138797723,Cn1c(=O)n(C2CCN(Cc3ccc(OCCO)cc3)CC2)c2ccccc21
ZINC001138927258,Cn1c(=O)n(C2CCN(Cc3ccc(OCC(=O)O)cc3)CC2)c2ccccc21
ZINC001139276945,COc1ccc(OC)c(CN2CCC(n3c(=O)n(C)c4ccccc43)CC2)c1N
ZINC001140658060,COC(=O)Cc1ccccc1CN1CCC(n2c(=O)n(C)c3ccccc32)CC1
ZINC001140772681,COc1cc(O)cc(OC)c1CN1CCC(n2c(=O)n(C)c3ccccc32)CC1
ZINC001141172950,COc1cc(CN2CCC(n3c(=O)n(C)c4ccccc43)CC2)cc(O)c1OC
ZINC001142909343,COC(=O)Cc1ccc(CN2CCC(n3c(=O)n(C)c4ccccc43)CC2)cc1
ZINC001160752262,CCC(C)(C)NS(=O)(=O)c1ccc(NCCN2CCC(F)(F)CC2)nc1
ZINC001160752330,CCC(CC)NS(=O)(=O)c1ccc(NCCN2CCC(F)(F)CC2)nc1
ZINC001160753023,CCC[C@H](C)NS(=O)(=O)c1ccc(NCCN2CCC(F)(F)CC2)nc1
ZINC001160753024,CCC[C@@H](C)NS(=O)(=O)c1ccc(NCCN2CCC(F)(F)CC2)nc1
ZINC001160753053,CC(C)CCNS(=O)(=O)c1ccc(NCCN2CCC(F)(F)CC2)nc1
ZINC001160753065,COC(=O)c1ccc(NC(=O)C(C)(C)C)c(NCCN2CCC(F)(F)CC2)n1
ZINC001160753622,CCOC(=O)c1ccnc(NCCN2CCC(F)(F)CC2)c1C(=O)OCC
ZINC001160753645,CCOC(=O)c1cnc(NCCN2CCC(F)(F)CC2)cc1C(=O)OCC
ZINC001204147855,COC(=O)c1ccc(CN2CCC(n3c(=O)n(C)c4ccccc43)CC2)cc1
ZINC001204671725,COC(=O)c1cccc(CN2CCC(n3c(=O)n(C)c4ccccc43)CC2)c1
ZINC001223015582,CCC(O)C(=O)O[C@@H]1c2ccccc2N(C)S(=O)(=O)c2cc(Cl)ccc21
ZINC001223015584,CCC(O)C(=O)O[C@@H]1c2ccccc2N(C)S(=O)(=O)c2cc(Cl)ccc21
ZINC001223015585,CCC(O)C(=O)O[C@H]1c2ccccc2N(C)S(=O)(=O)c2cc(Cl)ccc21
ZINC001223015862,CCC(O)C(=O)O[C@H]1c2ccccc2N(C)S(=O)(=O)c2cc(Cl)ccc21
ZINC001223017940,C[C@@H](CON)O[C@@H]1c2ccccc2N(C)S(=O)(=O)c2cc(Cl)ccc21
ZINC001223017942,C[C@H](CON)O[C@H]1c2ccccc2N(C)S(=O)(=O)c2cc(Cl)ccc21
ZINC001223017944,C[C@@H](CON)O[C@H]1c2ccccc2N(C)S(=O)(=O)c2cc(Cl)ccc21
ZINC001223017946,C[C@H](CON)O[C@@H]1c2ccccc2N(C)S(=O)(=O)c2cc(Cl)ccc21
ZINC001223018349,C[C@@H](O)CC(=O)O[C@@H]1c2ccccc2N(C)S(=O)(=O)c2cc(Cl)ccc21
ZINC001223018350,C[C@@H](O)CC(=O)O[C@H]1c2ccccc2N(C)S(=O)(=O)c2cc(Cl)ccc21
ZINC001231420011,COC(=O)c1cc(CN2CCC(n3c(=O)n(C)c4ccccc43)CC2)ccc1O
ZINC001231751812,COc1ccc(CN2CCC(n3c(=O)n(C)c4ccccc43)CC2)cc1C(=O)O
ZINC001231793008,Cn1c(=O)n(C2CCN(Cc3ccccc3OCC(=O)O)CC2)c2ccccc21
ZINC001237197075,Cn1c(=O)n(C2CCN(Cc3ccccc3OCCO)CC2)c2ccccc21
ZINC001237481296,COC(=O)Cc1cccc(CN2CCC(n3c(=O)n(C)c4ccccc43)CC2)c1
ZINC001599397500,COc1cc(C=O)ccc1OCC(=O)N[C@@]1(C(=O)O)CC[C@H](C)c2ccccc21
ZINC001599397503,COc1cc(C=O)ccc1OCC(=O)N[C@]1(C(=O)O)CC[C@@H](C)c2ccccc21
ZINC001599397505,COc1cc(C=O)ccc1OCC(=O)N[C@@]1(C(=O)O)CC[C@@H](C)c2ccccc21
ZINC001599397507,COc1cc(C=O)ccc1OCC(=O)N[C@]1(C(=O)O)CC[C@H](C)c2ccccc21
ZINC001607242224,COc1ccc(C=O)c(OCC(=O)N[C@@]2(C(=O)O)CC[C@H](C)c3ccccc32)c1
ZINC001607242225,COc1ccc(C=O)c(OCC(=O)N[C@]2(C(=O)O)CC[C@@H](C)c3ccccc32)c1
ZINC001607242226,COc1ccc(C=O)c(OCC(=O)N[C@@]2(C(=O)O)CC[C@@H](C)c3ccccc32)c1
ZINC001607242227,COc1ccc(C=O)c(OCC(=O)N[C@]2(C(=O)O)CC[C@H](C)c3ccccc32)c1
ZINC000014251913,O=c1[nH]c2ccccc2n1C1CCN(Cc2ccc(F)cc2Cl)CC1
ZINC001223022248,C=CCOCC(COCC=C)O[C@@H]1c2ccccc2N(C)S(=O)(=O)c2cc(Cl)ccc21
ZINC001223022256,C=CCOCC(COCC=C)O[C@H]1c2ccccc2N(C)S(=O)(=O)c2cc(Cl)ccc21
ZINC000303925308,NC(=O)C(c1ccc(Br)cc1F)N1CCC(n2c(=O)[nH]c3ccccc32)CC1
ZINC000303925310,NC(=O)C(c1ccc(Br)cc1F)N1CCC(n2c(=O)[nH]c3ccccc32)CC1
ZINC000484980939,COC(=O)C(c1cc(OC)cc(OC)c1)N1CCC(n2c(=O)[nH]c3ccccc32)CC1
ZINC000484980940,COC(=O)C(c1cc(OC)cc(OC)c1)N1CCC(n2c(=O)[nH]c3ccccc32)CC1
ZINC000485165672,NC(=O)C(c1cccc(Br)c1)N1CCC(n2c(=O)[nH]c3ccccc32)CC1
ZINC000485165673,NC(=O)C(c1cccc(Br)c1)N1CCC(n2c(=O)[nH]c3ccccc32)CC1
ZINC000506128460,COc1cc(CN2CCC(n3c(=O)[nH]c4ccccc43)CC2)cc(Cl)c1OCC(N)=O
ZINC000506160157,CCNC(=O)COc1ccc(CN2CCC(n3c(=O)[nH]c4ccccc43)CC2)cc1OC
ZINC000512001956,COc1ccc([C@@H](CN2CCCC2)NC(=O)Cc2ccc(S(=O)(=O)C(C)C)cc2)cc1
ZINC000533215430,NC(=O)C(c1ccc(Br)cc1)N1CCC(n2c(=O)[nH]c3ccccc32)CC1
ZINC000533215431,NC(=O)C(c1ccc(Br)cc1)N1CCC(n2c(=O)[nH]c3ccccc32)CC1
ZINC000536096454,COc1ccc([C@@H](CN2CCCC2)NC(=O)Cc2cc(OC)c(OC)c(OC)c2)cc1
ZINC000679412267,COc1ccc([C@@H](CN2CCCC2)NC(=O)C(C)c2ccc(S(C)(=O)=O)cc2)cc1
ZINC000679412269,COc1ccc([C@@H](CN2CCCC2)NC(=O)C(C)c2ccc(S(C)(=O)=O)cc2)cc1
ZINC000769376823,CN(C)C(=O)COc1ccc(C(F)(F)C(=O)N[C@H](CN2CCCC2)c2ccccc2)cc1
ZINC000778573340,CN(C)C(=O)COc1ccccc1C(F)(F)C(=O)N[C@H](CN1CCCC1)c1ccccc1
ZINC001141701441,COC(=O)c1cc(OC)cc(OC)c1CN1CCC(n2c(=O)[nH]c3ccccc32)CC1
ZINC001144279895,CC(=O)Oc1ccc(CN2CCC(n3c(=O)n(C)c4ccccc43)CC2)cc1OC(C)=O
ZINC001630884307,COc1ccc([C@@H](CN2CCCC2)NC(=O)C(O)c2cccc(Br)c2)cc1
ZINC001630884309,COc1ccc([C@@H](CN2CCCC2)NC(=O)C(O)c2cccc(Br)c2)cc1
ZINC000277947433,CC(C)NS(=O)(=O)c1cccnc1NCCN1CCC(N(C)C)CC1
ZINC000450369365,CN(C)C1CCN(CCNc2ccc(I)cn2)CC1
ZINC000590492262,CCC(CC)NS(=O)(=O)c1ccc(NCCN2CCCCC2)nc1
ZINC000590692845,COC1CCN(CCNc2ccc(I)cn2)CC1
ZINC000599430651,CC(C)CCNS(=O)(=O)c1ccc(NCCN2CCC(C)CC2)nc1
ZINC000674043467,CN(C)C(=O)c1cnc(NCCN2CCC(N(C)C)CC2)c(Cl)c1
ZINC000679465889,NS(=O)(=O)c1cc(Br)cnc1NCCN1CCCCC1
ZINC000683352348,COC1CCN(CCNc2ncccc2S(=O)(=O)NC(C)C)CC1
ZINC001160747078,COC(=O)c1ccc(NCCN2CCC(F)(F)CC2)nc1C(=O)OC
ZINC001160749182,NS(=O)(=O)c1cnc(NCCN2CCC(F)(F)CC2)c(Cl)c1
ZINC001160752806,CC(C)NS(=O)(=O)c1ccc(NCCN2CCC(F)(F)CC2)nc1
ZINC001160753579,NS(=O)(=O)c1ccc(Cl)nc1NCCN1CCC(F)(F)CC1
ZINC001160753830,CC(=O)NS(=O)(=O)c1ccc(NCCN2CCC(F)(F)CC2)nc1
ZINC001161870474,CCC(C)(C)NS(=O)(=O)c1ccc(NCCN2CCC(N)CC2)nc1
ZINC001161870798,CCC[C@H](C)NS(=O)(=O)c1ccc(NCCN2CCC(N)CC2)nc1
ZINC001161870800,CCC[C@@H](C)NS(=O)(=O)c1ccc(NCCN2CCC(N)CC2)nc1
ZINC001161871179,CC(C)CCNS(=O)(=O)c1ccc(NCCN2CCC(N)CC2)nc1
ZINC001161871342,CCC(CC)NS(=O)(=O)c1ccc(NCCN2CCC(N)CC2)nc1
ZINC001161872652,CCOC(=O)c1ccnc(NCCN2CCC(N)CC2)c1C(=O)OCC
ZINC001161873163,CCOC(=O)c1cnc(NCCN2CCC(N)CC2)cc1C(=O)OCC
ZINC001318977528,CCN(CC)S(=O)(=O)c1ccc(NCCN2CCC(OC)CC2)nc1
ZINC000095412134,Cc1cc(Br)cnc1NCCN1CCC(N(C)C)CC1
ZINC000095412156,COC1CCN(CCNc2ncc(Br)cc2C)CC1
ZINC000165237035,Ic1ccc(NCCN2CCCCC2)nc1
ZINC000194322172,Cc1cnc(NCCN2CCC(N(C)C)CC2)c(Br)c1
ZINC000264868893,CC1CCN([C@@H](CNc2ccc(C(=O)N(C)C)cn2)C(C)C)CC1
ZINC000264868895,CC1CCN([C@H](CNc2ccc(C(=O)N(C)C)cn2)C(C)C)CC1
ZINC000270325134,Cc1cc(NCCN2CCC(N(C)C)CC2)ncc1Br
ZINC000272270367,O=c1[nH]c2ccccc2n1C1CCN(Cc2ccc(CO)cc2)CC1
ZINC000273407178,Cc1nc(NCCN2CCC(N(C)C)CC2)ccc1Br
ZINC000288586886,Cc1ccnc(NCCN2CCC(N(C)C)CC2)c1Br
ZINC000298755995,C[C@@H]1CCCN([C@H](C)CNc2ncc(C(=O)N(C)C)cc2Cl)C1
ZINC000298756005,C[C@@H]1CCCN([C@@H](C)CNc2ncc(C(=O)N(C)C)cc2Cl)C1
ZINC000298756015,C[C@H]1CCCN([C@H](C)CNc2ncc(C(=O)N(C)C)cc2Cl)C1
ZINC000298756025,C[C@H]1CCCN([C@@H](C)CNc2ncc(C(=O)N(C)C)cc2Cl)C1
ZINC000301275210,CCNC(=O)c1ccc(NC[C@@H](C(C)C)N2CCC(C)CC2)nc1
ZINC000301275213,CCNC(=O)c1ccc(NC[C@H](C(C)C)N2CCC(C)CC2)nc1
ZINC000301843865,COC1CCN(CCNc2cc(C)c(Br)cn2)CC1
ZINC000301998309,CCCNC(=O)c1ccc(N[C@H](C)CN2C[C@H](C)C[C@@H](C)C2)nc1
ZINC000301998311,CCCNC(=O)c1ccc(N[C@H](C)CN2C[C@@H](C)C[C@H](C)C2)nc1
ZINC000301998313,CCCNC(=O)c1ccc(N[C@H](C)CN2C[C@H](C)C[C@H](C)C2)nc1
ZINC000301998315,CCCNC(=O)c1ccc(N[C@@H](C)CN2C[C@H](C)C[C@H](C)C2)nc1
ZINC000302755554,CC1CCN([C@@H](CNc2ncccc2S(C)(=O)=O)C(C)C)CC1
ZINC000302755555,CC1CCN([C@H](CNc2ncccc2S(C)(=O)=O)C(C)C)CC1
ZINC000309573860,Ic1cccnc1NCCN1CCCCC1
ZINC000337608063,C[C@]1(NC(=O)COc2ccc(C(N)=O)cc2)CCCc2ccccc21
ZINC000337608065,C[C@@]1(NC(=O)COc2ccc(C(N)=O)cc2)CCCc2ccccc21
ZINC000354313221,CC1CCN(CCNc2ncccc2I)CC1
ZINC000358953119,CCOC(=O)c1cc(NC[C@@H](C)N2CCC[C@@H](C)C2)ncc1Cl
ZINC000358953122,CCOC(=O)c1cc(NC[C@H](C)N2CCC[C@@H](C)C2)ncc1Cl
ZINC000358953125,CCOC(=O)c1cc(NC[C@@H](C)N2CCC[C@H](C)C2)ncc1Cl
ZINC000358953129,CCOC(=O)c1cc(NC[C@H](C)N2CCC[C@H](C)C2)ncc1Cl
ZINC000362736700,C[C@H](CN1CCCCC1)Nc1ncccc1I
ZINC000362736701,C[C@@H](CN1CCCCC1)Nc1ncccc1I
ZINC000443964061,CN(C)C(=O)c1cnc(NCCN2CCCC(C)(C)C2)c(Cl)c1
ZINC000486952034,C[C@@H]1CCCN(CCNc2ncccc2I)C1
ZINC000486952035,C[C@H]1CCCN(CCNc2ncccc2I)C1
ZINC000590138618,COC1CCN(CCNc2cccc(C(=O)OC(C)(C)C)n2)CC1
ZINC000591920911,COC1CCN(CCNc2ncccc2C(=O)OC(C)(C)C)CC1
ZINC000593516143,CCOC(=O)c1cc(N(C)CCN2CCCCC2)ncc1Cl
ZINC000596295886,COC(=O)c1ccc(C(F)(F)F)nc1N(C)CCN1CCCCC1
ZINC000663699858,COC1CCN(CCNc2nc(C(F)(F)F)ccc2C(C)=O)CC1
ZINC000664457349,CC1CCN(C[C@@H](C)Nc2ncc(C(=O)N(C)C)cc2Cl)CC1
ZINC000664457351,CC1CCN(C[C@H](C)Nc2ncc(C(=O)N(C)C)cc2Cl)CC1
ZINC000667870505,C[C@]1(NC(=O)COc2ccc(CO)cc2)CCCc2ccccc21
ZINC000667870506,C[C@@]1(NC(=O)COc2ccc(CO)cc2)CCCc2ccccc21
ZINC000672163286,CC1CCN([C@@H](CNc2ccc(S(C)(=O)=O)cn2)C(C)C)CC1
ZINC000672163287,CC1CCN([C@H](CNc2ccc(S(C)(=O)=O)cn2)C(C)C)CC1
ZINC000672232445,COC1CCN(CCNc2nccc(C)c2Br)CC1
ZINC000680059999,COC1CCN(CCNc2ccc(Br)c(C)n2)CC1
ZINC000681389474,COC1CCN(CCNc2ncc(Br)cc2F)CC1
ZINC000684762069,COC1CCN(CCNc2ncc(C)cc2Br)CC1
ZINC000779593158,O=C(Cc1ccccc1CO)N[C@H](CN1CCCC1)c1ccccc1
ZINC000804352830,COC(=O)c1cnc(NCCN2CCCCC2)cc1C(F)(F)F
ZINC000845760861,COC(=O)c1cnc(N(C)CCN2CCCCC2)cc1C(F)(F)F
ZINC000858307876,O=Cc1ccc(CC(=O)N[C@H](CN2CCCC2)c2ccccc2)cc1
ZINC000865585246,Cc1ccc(Br)c(NCCN2CCC(N(C)C)CC2)n1
ZINC000865594831,COC1CCN(CCNc2nc(C)ccc2Br)CC1
ZINC000892853690,COC1CCN(CCNc2cc(C(=O)OC(C)(C)C)ccn2)CC1
ZINC000910286839,C[C@H]1CCCN(CCNc2nc(C(F)(F)F)ccc2C(=O)O)C1
ZINC000910286840,C[C@@H]1CCCN(CCNc2nc(C(F)(F)F)ccc2C(=O)O)C1
ZINC000910287914,CC1CCN(CCNc2nc(C(F)(F)F)ccc2C(=O)O)CC1
ZINC000910355975,CN(CCN1CCCCC1)c1nc(C(F)(F)F)ccc1C(=O)O
ZINC001138325847,O=c1[nH]c2ccccc2n1C1CCN(Cc2cc(O)cc(O)c2)CC1
ZINC001160746776,COC(=O)c1ccc(Cl)nc1NCCN1CCC(F)(F)CC1
ZINC001160746933,COC(=O)c1cc(NCCN2CCC(F)(F)CC2)ncc1Cl
ZINC001160747013,CCOC(=O)c1cc(F)cnc1NCCN1CCC(F)(F)CC1
ZINC001160747348,COC(=O)c1cc(Cl)nc(NCCN2CCC(F)(F)CC2)c1
ZINC001160747686,CCOC(=O)c1ccc(C)c(NCCN2CCC(F)(F)CC2)n1
ZINC001160747942,CCOC(=O)c1cc(C)cc(NCCN2CCC(F)(F)CC2)n1
ZINC001160748340,CCOC(=O)C=Cc1cccnc1NCCN1CCC(F)(F)CC1
ZINC001160748531,COC(=O)c1cnc(NCCN2CCC(F)(F)CC2)c(Cl)c1
ZINC001160748662,COC(=O)c1cc(Cl)cc(NCCN2CCC(F)(F)CC2)n1
ZINC001160748663,COC(=O)c1cc(Cl)cnc1NCCN1CCC(F)(F)CC1
ZINC001160748831,COC(=O)c1c(C)cc(C)nc1NCCN1CCC(F)(F)CC1
ZINC001160748849,COC(=O)c1ccc(Cl)c(NCCN2CCC(F)(F)CC2)n1
ZINC001160749061,CCOC(=O)c1cnc(NCCN2CCC(F)(F)CC2)c(C)c1
ZINC001160749178,CCOC(=O)c1cc(NCCN2CCC(F)(F)CC2)ncc1C
ZINC001160749334,CCOC(=O)c1cc(C)cnc1NCCN1CCC(F)(F)CC1
ZINC001160749392,COC(=O)c1nc(NCCN2CCC(F)(F)CC2)ccc1Cl
ZINC001160749462,CC(C)(C)NC(=O)c1ccc(NCCN2CCC(F)(F)CC2)nc1
ZINC001160752113,CCOC(=O)C=Cc1ccc(NCCN2CCC(F)(F)CC2)nc1
ZINC001160752225,CC(C)(C)NC(=O)c1ccnc(NCCN2CCC(F)(F)CC2)c1
ZINC001160753054,CCOC(=O)c1c(C)ccnc1NCCN1CCC(F)(F)CC1
ZINC001160753078,COC(OC)c1cc(C)cnc1NCCN1CCC(F)(F)CC1
ZINC001160753099,CN(C)C(=O)c1cnc(NCCN2CCC(F)(F)CC2)c(Cl)c1
ZINC001160753101,COC(=O)C=Cc1cc(C)cnc1NCCN1CCC(F)(F)CC1
ZINC001160753485,COC(=O)c1cc(Cl)c(NCCN2CCC(F)(F)CC2)nc1C
ZINC001160753539,CC(C)OC(=O)c1cccnc1NCCN1CCC(F)(F)CC1
ZINC001161871192,CCCCOc1cnc(NCCN2CCC(N)CC2)c(Cl)c1
ZINC001203862474,Cn1c(=O)n(C2CCN(Cc3cccc(O)c3)CC2)c2ccccc21
ZINC001204095854,Cn1c(=O)n(C2CCN(Cc3ccc(O)cc3)CC2)c2ccccc21
ZINC001237221206,Cn1c(=O)n(C2CCN(Cc3cccc(N)c3)CC2)c2ccccc21
ZINC001594422282,CC1CCN(CCNc2cc(C(F)(F)F)c(C(=O)O)cn2)CC1
ZINC001604738154,C[C@H]1CCCN(CCNc2ncc(C(=O)O)cc2C(F)(F)F)C1
ZINC001604738155,C[C@@H]1CCCN(CCNc2ncc(C(=O)O)cc2C(F)(F)F)C1
ZINC001233306858,COC(=O)c1cc(Br)c(O)c(CN2CCC(n3c(=O)[nH]c4ccccc43)CC2)c1
ZINC001248391337,COc1cc(I)cc(CN2CCC(n3c(=O)[nH]c4ccccc43)CC2)c1O
ZINC001248462240,COc1cc(O)c(CN2CCC(n3c(=O)[nH]c4ccccc43)CC2)cc1I
ZINC001248487801,COc1ccc(CN2CCC(n3c(=O)[nH]c4ccccc43)CC2)c(O)c1I
ZINC001249737294,CCOC(=O)CCCOc1ccc(CN2CCC(n3c(=O)n(C)c4ccccc43)CC2)c(O)c1
ZINC000078755907,CC(C(=O)N[C@H](CN1CCCC1)c1ccccc1)c1ccc(S(C)(=O)=O)cc1
ZINC000078755912,CC(C(=O)N[C@H](CN1CCCC1)c1ccccc1)c1ccc(S(C)(=O)=O)cc1
ZINC000303867647,O=C(Cc1ccc(S(=O)(=O)C(F)F)cc1)N[C@H](CN1CCCC1)c1ccccc1
ZINC000489729514,CC(C)([C@@H](NC(=O)Cc1ccccc1C(N)=O)c1ccc(F)c(F)c1)N1CCCC1
ZINC000501271369,COC(=O)c1cc(CN2CCC(n3c(=O)[nH]c4ccccc43)CC2)cc(C(=O)OC)c1
ZINC000506140317,CN(C)C(=O)COc1ccccc1CN1CCC(n2c(=O)[nH]c3ccccc32)CC1
ZINC000510185427,CC(C)S(=O)(=O)c1ccc(CC(=O)N[C@H](CN2CCCC2)c2ccccc2)cc1
ZINC000538831050,COc1ccc([C@@H](CN2CCCC2)NC(=O)Cc2cc(C(C)=O)ccc2OC)cc1
ZINC000552125208,COc1ccc([C@@H](CN2CCCC2)NC(=O)C(CO)c2ccc(Cl)cc2)cc1
ZINC000552125209,COc1ccc([C@@H](CN2CCCC2)NC(=O)C(CO)c2ccc(Cl)cc2)cc1
ZINC000559065103,COC(=O)c1cccc(C(C(=O)OC)N2CCC(n3c(=O)[nH]c4ccccc43)CC2)c1
ZINC000559065104,COC(=O)c1cccc(C(C(=O)OC)N2CCC(n3c(=O)[nH]c4ccccc43)CC2)c1
ZINC000813506286,COc1ccc([C@@H](CN2CCCC2)NC(=O)C(O)c2ccc(Cl)cc2F)cc1
ZINC000813506288,COc1ccc([C@@H](CN2CCCC2)NC(=O)C(O)c2ccc(Cl)cc2F)cc1
ZINC001138772735,CN(C)CCOc1ccc(CN2CCC(n3c(=O)n(C)c4ccccc43)CC2)cc1
ZINC001139134982,CCOC(=O)COc1ccccc1CN1CCC(n2c(=O)n(C)c3ccccc32)CC1
ZINC001139267206,COc1cccc(CN2CCC(n3c(=O)[nH]c4ccccc43)CC2)c1OCC(=O)O
ZINC001140619610,CC(C)NC(=O)c1ccc(CN2CCC(n3c(=O)n(C)c4ccccc43)CC2)cc1
ZINC001140629070,Cn1c(=O)n(C2CCN(Cc3ccc(OC(F)F)c(O)c3)CC2)c2ccccc21
ZINC001144272167,CC(=O)Oc1ccc(CN2CCC(n3c(=O)[nH]c4ccccc43)CC2)cc1OC(C)=O
ZINC001160752064,COC(=O)C=Cc1ccc(NC(=O)C(C)(C)C)c(NCCN2CCC(F)(F)CC2)n1
ZINC001203464703,COc1ccc(CN2CCC(n3c(=O)n(C)c4ccccc43)CC2)c(OC)c1OC
ZINC001203495444,COc1cc(OC)c(OC)cc1CN1CCC(n2c(=O)n(C)c3ccccc32)CC1
ZINC001203513233,COc1cc(OC)c(CN2CCC(n3c(=O)n(C)c4ccccc43)CC2)c(OC)c1
ZINC001203831304,COc1cc(CN2CCC(n3c(=O)n(C)c4ccccc43)CC2)ccc1OC(C)=O
ZINC001203845805,COc1cc(CN2CCC(n3c(=O)n(C)c4ccccc43)CC2)cc(OC)c1OC
ZINC001209688386,CCOc1cc(C(=O)OC)ccc1CN1CCC(n2c(=O)n(C)c3ccccc32)CC1
ZINC001223022955,COCC(COC)O[C@H]1c2ccccc2N(C)S(=O)(=O)c2cc(Cl)ccc21
ZINC001223022966,COCC(COC)O[C@@H]1c2ccccc2N(C)S(=O)(=O)c2cc(Cl)ccc21
ZINC001231710074,COc1ccc(CN2CCC(n3c(=O)n(C)c4ccccc43)CC2)cc1OC(C)=O
ZINC001233299072,COC(=O)/C=C/c1ccc(CN2CCC(n3c(=O)n(C)c4ccccc43)CC2)cc1
ZINC001235356128,Cc1cc(CN2CCC(n3c(=O)n(C)c4ccccc43)CC2)cc(C)c1OCCO
ZINC001236923182,CS(=O)(=O)c1ccc(CN2CCC(n3c(=O)[nH]c4ccccc43)CC2)c(F)c1
ZINC001236950208,CS(=O)(=O)c1cc(CN2CCC(n3c(=O)[nH]c4ccccc43)CC2)ccc1F
ZINC001237482203,CCOC(=O)Cc1ccc(CN2CCC(n3c(=O)n(C)c4ccccc43)CC2)cc1
ZINC001237910863,CCOC(=O)COc1cccc(CN2CCC(n3c(=O)n(C)c4ccccc43)CC2)c1
ZINC001249773930,Cn1c(=O)n(C2CCN(Cc3ccc(F)c(C(=O)O)c3F)CC2)c2ccccc21
ZINC001250428230,COC(=O)c1c(F)ccc(CN2CCC(n3c(=O)n(C)c4ccccc43)CC2)c1F
ZINC001587056529,O=C(N[C@H](CN1CCCC1)c1ccccc1)C(O)c1cccc(Br)c1
ZINC001587056532,O=C(N[C@H](CN1CCCC1)c1ccccc1)C(O)c1cccc(Br)c1
ZINC001618407209,O=C(Cc1ccccc1S(=O)(=O)C(F)F)N[C@H](CN1CCCC1)c1ccccc1
ZINC000096316370,COc1ccc2c3c1O[C@H]1[C@@]4(OC)C=C[C@@]5(C[C@@H]4CO)[C@@H](C2)N(C)CC[C@]315
ZINC000253504717,CO[C@@]12C=C[C@@]3(C[C@H]1CO)[C@H]1Cc4ccc(O)c5c4[C@@]3(CCN1C)[C@H]2O5
ZINC000253504719,CO[C@@]12C=C[C@@]3(C[C@@H]1CO)[C@H]1Cc4ccc(O)c5c4[C@@]3(CCN1C)[C@H]2O5
ZINC000253505048,CN1CC[C@]23c4c5ccc(O)c4O[C@H]2[C@@]2(O)C=C[C@@]3(CC2C(=O)O)[C@H]1C5
ZINC000253505053,CN1CC[C@]23c4c5ccc(O)c4O[C@H]2[C@@]2(O)C=C[C@@]3(CC2C(=O)O)[C@H]1C5
ZINC000199719651,Cc1ccnc(N(CCN2CCCCC2)C(=O)OC(C)(C)C)c1
ZINC000336809169,Cc1nc(N[C@@H](C)CN2CCCCC2)ccc1C#N
ZINC000582252064,C[C@@H]1CCCN([C@@H](C)CNc2ccc(C#N)c(N)n2)C1
ZINC000563418336,C[C@@H]1C[C@H](C)CN(C[C@H](C)Nc2ccc(C#N)c(N)n2)C1
ZINC000563418319,C[C@@H]1C[C@H](C)CN(C[C@@H](C)Nc2ccc(C#N)c(N)n2)C1
ZINC000563418332,C[C@@H]1C[C@@H](C)CN(C[C@@H](C)Nc2ccc(C#N)c(N)n2)C1
ZINC000563418334,C[C@@H]1C[C@@H](C)CN(C[C@H](C)Nc2ccc(C#N)c(N)n2)C1
ZINC000161718144,Cc1ccc(C#N)c(NCCN2CCC(N(C)C)CC2)n1
ZINC000161755482,COC1CCN(CCNc2nc(C)ccc2C#N)CC1
ZINC000612085097,COC1CCN(CCNc2nccc(C)c2C#N)CC1
ZINC000167496387,N#Cc1ccnc(NCCN2CCCCC2)c1[N+](=O)[O-]
ZINC000582252065,C[C@H]1CCCN([C@H](C)CNc2ccc(C#N)c(N)n2)C1
ZINC000582252066,C[C@H]1CCCN([C@@H](C)CNc2ccc(C#N)c(N)n2)C1
ZINC000582252067,C[C@@H]1CCCN([C@H](C)CNc2ccc(C#N)c(N)n2)C1
ZINC000892815724,Cc1cc(C#N)nc(NCCN2CCC(N(C)C)CC2)c1
ZINC000892854519,COC1CCN(CCNc2cc(C)cc(C#N)n2)CC1
ZINC000574824189,C[C@@H]1CCCN(CCNc2ccc(C#N)c(N)n2)C1
ZINC000574824190,C[C@H]1CCCN(CCNc2ccc(C#N)c(N)n2)C1
ZINC000450516676,N#Cc1ccnc(N[C@@H](CO)CN2CCCCC2)c1Cl
ZINC000450516677,N#Cc1ccnc(N[C@H](CO)CN2CCCCC2)c1Cl
ZINC000050442501,N#Cc1cc([N+](=O)[O-])cnc1NCCN1CCCCC1
ZINC000321500847,N#Cc1ccnc(NCCN2CCC(O)CC2)c1Cl
ZINC001649755760,COC1CCN(CCNc2cccc(CC#N)n2)CC1
ZINC000295924398,Cc1nc(NCCN2CCC(O)CC2)c(Cl)cc1C#N
ZINC000296020575,Cc1ccnc(NCCN2CCC(O)CC2)c1C#N
ZINC000296042025,Cc1ccc(C#N)c(NCCN2CCC(O)CC2)n1
ZINC000296129717,Cc1nc(NCCN2CCC(O)CC2)ccc1C#N
ZINC000336809168,Cc1nc(N[C@H](C)CN2CCCCC2)ccc1C#N
ZINC000080250028,COC1CCN(CCNc2ncccc2C#N)CC1
ZINC000080250422,COC1CCN(CCNc2ccc(C#N)cn2)CC1
ZINC000905705599,N#Cc1nc(NCCN2CCC(N)CC2)ccc1Cl
ZINC000905707084,N#Cc1cnc(NCCN2CCC(N)CC2)c(Cl)c1
ZINC000905707841,Cc1ccc(NCCN2CCC(N)CC2)nc1C#N
ZINC000587993776,COC1CCN(CCNc2cc(C#N)ccn2)CC1
ZINC000589863969,COC1CCN(CCNc2ccc(C#N)c(C)n2)CC1
ZINC000591149343,COC1CCN(CCNc2ncc(C#N)cc2F)CC1
ZINC000596152435,Cc1ccc(C#N)nc1NCCN1CCC(N(C)C)CC1
ZINC000596160632,COC1CCN(CCNc2nc(C#N)ccc2C)CC1
ZINC000596487262,CC1CCN(C[C@@H](C)Nc2ccc(C#N)cn2)CC1
ZINC000596487263,CC1CCN(C[C@H](C)Nc2ccc(C#N)cn2)CC1
ZINC000596489974,CC1CCN(C[C@@H](C)Nc2ccc(C#N)c(N)n2)CC1
ZINC000596489975,CC1CCN(C[C@H](C)Nc2ccc(C#N)c(N)n2)CC1
ZINC000593514882,CN(CCN1CCCCC1)c1nccc(C#N)c1[N+](=O)[O-]
ZINC000593516221,CN(CCN1CCCCC1)c1ncc([N+](=O)[O-])cc1C#N
ZINC000443956426,CC1(C)CCCN(CCNc2ccc(C#N)cn2)C1
ZINC000273275489,Cc1ccnc(NCCN2CCC(N(C)C)CC2)c1C#N
ZINC000301509933,COC1CCN(CCNc2cccc(C#N)n2)CC1
ZINC000413283232,N#Cc1cnc(N[C@@H](CO)CN2CCCCC2)c(F)c1
ZINC000413283233,N#Cc1cnc(N[C@H](CO)CN2CCCCC2)c(F)c1
ZINC001161867449,N#Cc1c(Cl)ccnc1NCCN1CCC(N)CC1
ZINC001160749441,N#Cc1cnc(NCCN2CCC(F)(F)CC2)c(C#N)c1
ZINC000853408173,C#Cc1cccnc1NCCN1CCC(N(C)C)CC1
ZINC000853423935,C#Cc1cccnc1NCCN1CCC(OC)CC1
ZINC000264820619,C=CCNC(=O)c1ccc(NCCN2CCCCC2)nc1
ZINC000264839123,C#CCNC(=O)c1ccc(NCCN2CCCCC2)nc1
ZINC000267163376,CN(C)C1CCN(CCNc2ccc(C#N)cn2)CC1
ZINC000267193691,CN(C)C1CCN(CCNc2cccc(C#N)n2)CC1
ZINC000267196572,CN(C)C1CCN(CCNc2ncccc2C#N)CC1
ZINC000288216849,CN(C)C1CCN(CCNc2cc(C#N)ccn2)CC1
ZINC000289192944,N#Cc1cccnc1N[C@@H](CO)CN1CCCCC1
ZINC000289192947,N#Cc1cccnc1N[C@H](CO)CN1CCCCC1
ZINC000291966547,Cc1nc(NCCN2CCC(N(C)C)CC2)ccc1C#N
ZINC000294829092,Cc1ccnc(N[C@@H](CO)CN2CCCCC2)c1C#N
ZINC000294829094,Cc1ccnc(N[C@H](CO)CN2CCCCC2)c1C#N
ZINC000295700850,N#Cc1cnc(N[C@@H](CO)CN2CCCCC2)c(Cl)c1
ZINC000295700853,N#Cc1cnc(N[C@H](CO)CN2CCCCC2)c(Cl)c1
ZINC000295700976,Cc1nc(N[C@H](CO)CN2CCCCC2)ccc1C#N
ZINC000295700978,Cc1nc(N[C@@H](CO)CN2CCCCC2)ccc1C#N
ZINC000295722529,N#Cc1cccc(N[C@@H](CO)CN2CCCCC2)n1
ZINC000295722533,N#Cc1cccc(N[C@H](CO)CN2CCCCC2)n1
ZINC000295730636,N#Cc1nc(N[C@@H](CO)CN2CCCCC2)ccc1Cl
ZINC000295730640,N#Cc1nc(N[C@H](CO)CN2CCCCC2)ccc1Cl
ZINC000295860942,Cc1c(Cl)cnc(NCCN2CCC(O)CC2)c1C#N
ZINC000295955132,N#Cc1cnc(NCCN2CCC(O)CC2)c(Cl)c1
ZINC000413171685,CN(C)C1CCN(CCNc2ncc(C#N)cc2F)CC1
ZINC000564740897,CC1CCN(CCNc2ccc(C#N)c(N)n2)CC1
ZINC000567521274,C[C@H](CN1CCCCC1)Nc1ccc(C#N)c(N)n1
ZINC000567521275,C[C@@H](CN1CCCCC1)Nc1ccc(C#N)c(N)n1
ZINC000573220998,CC1(C)CCCN(CCNc2ccc(C#N)c(N)n2)C1
ZINC000601164826,Cc1cc(C#N)cc(N[C@@H](CO)CN2CCCCC2)n1
ZINC000601164825,Cc1cc(C#N)cc(N[C@H](CO)CN2CCCCC2)n1
ZINC001161866816,Cc1cc(Cl)nc(NCCN2CCC(N)CC2)c1C#N
ZINC001161867521,N#Cc1cc(F)c(Cl)nc1NCCN1CCC(N)CC1
ZINC001161867609,N#Cc1cc(Cl)nc(NCCN2CCC(N)CC2)c1
ZINC001161867630,Cc1cnc(NCCN2CCC(N)CC2)c(C#N)c1
ZINC001161867694,CC(C)c1ccc(C#N)c(NCCN2CCC(N)CC2)n1
ZINC001161867763,Cc1cc(C#N)c(NCCN2CCC(N)CC2)nc1C
ZINC001161867873,N#Cc1cc(Cl)cc(NCCN2CCC(N)CC2)n1
ZINC001161867895,Cc1cc(NCCN2CCC(N)CC2)ncc1C#N
ZINC001161870861,N#Cc1cc(Cl)cnc1NCCN1CCC(N)CC1
ZINC001161870463,Cc1ccc(CC#N)c(NCCN2CCC(N)CC2)n1
ZINC001161871148,Cc1cnc(NCCN2CCC(N)CC2)c(C=NO)c1
ZINC001161871394,Cc1nc(NCCN2CCC(N)CC2)ccc1CC#N
ZINC001161872991,N#CCc1cnc(NCCN2CCC(N)CC2)c(Cl)c1
ZINC001262685993,C#Cc1ccc(NCCN2CCC(N(C)C)CC2)nc1
ZINC001337885646,C#Cc1ccc(NCCN2CCC(OC)CC2)nc1
ZINC001649755725,CN(C)C1CCN(CCNc2cccc(CC#N)n2)CC1
ZINC000040444319,CC1CCN(CCNc2ncccc2C#N)CC1
ZINC000040444340,CC1CCN(CCNc2ccc(C#N)cn2)CC1
ZINC000040772422,CC1CCN(CCNc2cc(C#N)ccn2)CC1
ZINC000044317501,C[C@@H](CN1CCCCC1)Nc1ccc(C#N)cn1
ZINC000044317502,C[C@H](CN1CCCCC1)Nc1ccc(C#N)cn1
ZINC000044419640,Cc1ccc(C#N)c(NCCN2CCCCC2)n1
ZINC000047873406,C[C@@H](CN1CCCCC1)Nc1ncccc1C#N
ZINC000047873407,C[C@H](CN1CCCCC1)Nc1ncccc1C#N
ZINC000049502216,C[C@@H](CN1CCCCC1)Nc1cc(C#N)ccn1
ZINC000049502218,C[C@H](CN1CCCCC1)Nc1cc(C#N)ccn1
ZINC000076776256,C[C@@H]1CCCN(CCNc2ccc(C#N)cn2)C1
ZINC000076776259,C[C@H]1CCCN(CCNc2ccc(C#N)cn2)C1
ZINC000077656693,C[C@@H]1CCCN(CCNc2ncccc2C#N)C1
ZINC000077656695,C[C@H]1CCCN(CCNc2ncccc2C#N)C1
ZINC000080117827,CC1CCN(CCNc2cccc(C#N)n2)CC1
ZINC000081595867,C[C@@H](CN1CCCCC1)Nc1cccc(C#N)n1
ZINC000081595868,C[C@H](CN1CCCCC1)Nc1cccc(C#N)n1
ZINC000124886900,Cc1ccnc(NCCN2CCCCC2)c1C#N
ZINC000267165414,C[C@@H]1CCCN(CCNc2cccc(C#N)n2)C1
ZINC000267165416,C[C@H]1CCCN(CCNc2cccc(C#N)n2)C1
ZINC000283533083,C[C@@H]1CCCN(CCNc2cc(C#N)ccn2)C1
ZINC000283533085,C[C@H]1CCCN(CCNc2cc(C#N)ccn2)C1
ZINC000291675467,Cc1nc(NCCN2CCCCC2)ccc1C#N
ZINC000596077959,Cc1ccc(C#N)nc1NCCN1CCCCC1
ZINC000853157373,C#Cc1cccnc1N[C@H](C)CN1CCCCC1
ZINC000853157374,C#Cc1cccnc1N[C@@H](C)CN1CCCCC1
ZINC000853160482,C#Cc1cccnc1NCCN1CCC(C)CC1
ZINC000853162027,C#Cc1cccnc1NCCN1CCC[C@@H](C)C1
ZINC000853162028,C#Cc1cccnc1NCCN1CCC[C@H](C)C1
ZINC000891837106,Cc1cc(C#N)nc(NCCN2CCCCC2)c1
ZINC001116662042,N#CCc1cccc(NCCN2CCCCC2)n1
ZINC001336471676,C#Cc1ccc(N[C@H](C)CN2CCCCC2)nc1
ZINC001336471678,C#Cc1ccc(N[C@@H](C)CN2CCCCC2)nc1
ZINC001347916914,C#Cc1ccc(NCCN2CCC[C@@H](C)C2)nc1
ZINC001347916915,C#Cc1ccc(NCCN2CCC[C@H](C)C2)nc1
ZINC001354079457,C#Cc1ccc(NCCN2CCC(C)CC2)nc1
ZINC001223022218,C=C[C@@H](CC(=O)OC(C)(C)C)O[C@H]1c2ccccc2N(C)S(=O)(=O)c2cc(Cl)ccc21
ZINC001223022224,C=C[C@@H](CC(=O)OC(C)(C)C)O[C@@H]1c2ccccc2N(C)S(=O)(=O)c2cc(Cl)ccc21
ZINC001223022233,C=C[C@H](CC(=O)OC(C)(C)C)O[C@@H]1c2ccccc2N(C)S(=O)(=O)c2cc(Cl)ccc21
ZINC001223022241,C=C[C@H](CC(=O)OC(C)(C)C)O[C@H]1c2ccccc2N(C)S(=O)(=O)c2cc(Cl)ccc21
ZINC000003787591,CN(C(=O)Cc1ccc(Cl)c(Cl)c1)[C@H](CN1CCCC1)c1cccc(OCC(=O)O)c1
ZINC000001229371,c1ccc(C2CCC(NCCc3c[nH]c4ccccc34)CC2)cc1
ZINC000450861900,N#Cc1nc(NCCN2CCC(O)CC2)ccc1Cl
ZINC000589101206,N#Cc1ccc(N[C@@H](CO)CN2CCCCC2)nc1
ZINC000589101207,N#Cc1ccc(N[C@H](CO)CN2CCCCC2)nc1
ZINC000594555442,CN(C)C1CCN(CCNc2ccc(C#N)c(N)n2)CC1
ZINC000594557773,COC1CCN(CCNc2ccc(C#N)c(N)n2)CC1
ZINC001161867246,N#Cc1cc([N+](=O)[O-])cnc1NCCN1CCC(N)CC1
ZINC001161866855,N#Cc1cnc(NCCN2CCC(N)CC2)c(C#N)c1
ZINC001161867435,COc1ccnc(NCCN2CCC(N)CC2)c1C#N
ZINC001161867526,COc1cc(C#N)nc(NCCN2CCC(N)CC2)c1
ZINC001161867559,N#Cc1ccnc(NCCN2CCC(N)CC2)c1F
ZINC001161867668,N#Cc1cc(F)cnc1NCCN1CCC(N)CC1
ZINC001161867743,N#Cc1c(F)ccnc1NCCN1CCC(N)CC1
ZINC001161870496,N#Cc1cnc(NCCN2CCC(N)CC2)c(F)c1
ZINC001161871328,N#CCc1ccnc(NCCN2CCC(N)CC2)c1
ZINC001161871367,COc1nc(NCCN2CCC(N)CC2)c(F)cc1C#N
ZINC001639919280,N#Cc1cnc(NCCN2CCC(O)CC2)c(F)c1
ZINC000076744794,C[C@@H]1CCCCN1[C@@H](C)CNc1ncc([N+](=O)[O-])cc1C#N
ZINC000076744798,C[C@H]1CCCCN1[C@@H](C)CNc1ncc([N+](=O)[O-])cc1C#N
ZINC000264472837,C[C@@H]1C[C@H](C)CN(C[C@@H](C)Nc2ncc([N+](=O)[O-])cc2C#N)C1
ZINC000264472839,C[C@@H]1C[C@@H](C)CN(C[C@@H](C)Nc2ncc([N+](=O)[O-])cc2C#N)C1
ZINC000264472841,C[C@@H]1C[C@@H](C)CN(C[C@H](C)Nc2ncc([N+](=O)[O-])cc2C#N)C1
ZINC000264472844,C[C@@H]1C[C@H](C)CN(C[C@H](C)Nc2ncc([N+](=O)[O-])cc2C#N)C1
ZINC000265010548,CC[C@@H]1CCCCN1CCNc1ncc([N+](=O)[O-])cc1C#N
ZINC000265010550,CC[C@H]1CCCCN1CCNc1ncc([N+](=O)[O-])cc1C#N
ZINC000268468860,C[C@@H]1CCCN(C(C)(C)CNc2nccc(C#N)c2[N+](=O)[O-])C1
ZINC000268468863,C[C@H]1CCCN(C(C)(C)CNc2nccc(C#N)c2[N+](=O)[O-])C1
ZINC000268518480,CC[C@@H]1CCCCN1CCNc1nccc(C#N)c1[N+](=O)[O-]
ZINC000268518482,CC[C@H]1CCCCN1CCNc1nccc(C#N)c1[N+](=O)[O-]
ZINC000268523323,C[C@@H]1C[C@H](C)CN(C[C@@H](C)Nc2nccc(C#N)c2[N+](=O)[O-])C1
ZINC000268523326,C[C@@H]1C[C@@H](C)CN(C[C@@H](C)Nc2nccc(C#N)c2[N+](=O)[O-])C1
ZINC000268523328,C[C@@H]1C[C@@H](C)CN(C[C@H](C)Nc2nccc(C#N)c2[N+](=O)[O-])C1
ZINC000268523331,C[C@@H]1C[C@H](C)CN(C[C@H](C)Nc2nccc(C#N)c2[N+](=O)[O-])C1
ZINC000296607272,N#Cc1cc(Br)cnc1NCCN1CCCCC1
ZINC000301220223,C=CCNC(=O)c1ccc(NC[C@H](C)N2CCC[C@@H](C)C2)nc1
ZINC000301220224,C=CCNC(=O)c1ccc(NC[C@H](C)N2CCC[C@H](C)C2)nc1
ZINC000301220225,C=CCNC(=O)c1ccc(NC[C@@H](C)N2CCC[C@@H](C)C2)nc1
ZINC000301220226,C=CCNC(=O)c1ccc(NC[C@@H](C)N2CCC[C@H](C)C2)nc1
ZINC000341837015,C[C@@H]1C[C@H](C)CN(C[C@@H](C)Nc2nccc(C#N)c2Cl)C1
ZINC000341837016,C[C@@H]1C[C@@H](C)CN(C[C@@H](C)Nc2nccc(C#N)c2Cl)C1
ZINC000341837018,C[C@@H]1C[C@@H](C)CN(C[C@H](C)Nc2nccc(C#N)c2Cl)C1
ZINC000341837019,C[C@@H]1C[C@H](C)CN(C[C@H](C)Nc2nccc(C#N)c2Cl)C1
ZINC000341923489,C[C@@H]1CCCN(C(C)(C)CNc2ncc([N+](=O)[O-])cc2C#N)C1
ZINC000341923504,C[C@H]1CCCN(C(C)(C)CNc2ncc([N+](=O)[O-])cc2C#N)C1
ZINC000342114760,C[C@@H]1CCCN(C(C)(C)CNc2nccc(C#N)c2Cl)C1
ZINC000342114770,C[C@H]1CCCN(C(C)(C)CNc2nccc(C#N)c2Cl)C1
ZINC000343481122,Cc1c(Cl)cnc(NC[C@H](C)N2CCC[C@@H](C)C2)c1C#N
ZINC000343481124,Cc1c(Cl)cnc(NC[C@@H](C)N2CCC[C@H](C)C2)c1C#N
ZINC000343481127,Cc1c(Cl)cnc(NC[C@H](C)N2CCC[C@H](C)C2)c1C#N
ZINC000343481131,Cc1c(Cl)cnc(NC[C@@H](C)N2CCC[C@@H](C)C2)c1C#N
ZINC000443509444,C[C@H](CN1CCCCC1)Nc1ccc(C(F)(F)F)c(C#N)n1
ZINC000443509445,C[C@@H](CN1CCCCC1)Nc1ccc(C(F)(F)F)c(C#N)n1
ZINC000443509582,C[C@@H]1CCCCN1CCNc1ccc(C(F)(F)F)c(C#N)n1
ZINC000443509585,C[C@H]1CCCCN1CCNc1ccc(C(F)(F)F)c(C#N)n1
ZINC000576660134,C[C@@H]1CCCN(CCNc2ccc(C(F)(F)F)c(C#N)n2)C1
ZINC000576660135,C[C@H]1CCCN(CCNc2ccc(C(F)(F)F)c(C#N)n2)C1
ZINC000590702043,CC(C)(C)c1ccc(C#N)c(N[C@H](CO)CN2CCCCC2)n1
ZINC000590702045,CC(C)(C)c1ccc(C#N)c(N[C@@H](CO)CN2CCCCC2)n1
ZINC000593516076,CN(CCN1CCCCC1)c1ncc(Br)cc1C#N
ZINC000593517359,CN(CCN1CCCCC1)c1nc(C(F)(F)F)ccc1C#N
ZINC000613427229,COC1CCN(CCNc2nc(C(C)(C)C)ccc2C#N)CC1
ZINC000664456644,C=CCNC(=O)c1ccc(N[C@@H](C)CN2CCC(C)CC2)nc1
ZINC000664456645,C=CCNC(=O)c1ccc(N[C@H](C)CN2CCC(C)CC2)nc1
ZINC000881809036,N#Cc1cnc(NCCN2CCCCC2)c(Br)c1
ZINC000882516670,CN(CCN1CCCCC1)c1ncc(C#N)cc1Br
ZINC001160746750,N#Cc1cc(F)c(Cl)nc1NCCN1CCC(F)(F)CC1
ZINC001160747088,N#Cc1c(Cl)ccnc1NCCN1CCC(F)(F)CC1
ZINC001160747279,N#Cc1nc(NCCN2CCC(F)(F)CC2)ccc1Cl
ZINC001160747899,N#Cc1cc(Cl)nc(NCCN2CCC(F)(F)CC2)c1
ZINC001160747971,N#Cc1cnc(NCCN2CCC(F)(F)CC2)c(Cl)c1
ZINC001160749500,N#Cc1cc(Cl)cc(NCCN2CCC(F)(F)CC2)n1
ZINC001160752622,N#Cc1cc(Cl)cnc1NCCN1CCC(F)(F)CC1
ZINC001160753721,N#CCc1cnc(NCCN2CCC(F)(F)CC2)c(Cl)c1
ZINC001336461521,N#Cc1ccc(Br)nc1NCCN1CCCCC1
ZINC001339759510,CN(CCN1CCCCC1)c1nc(Br)ccc1C#N
ZINC001412870029,C[C@@H]1CCCN(CCNc2ncc(C#N)cc2Br)C1
ZINC001412870032,C[C@H]1CCCN(CCNc2ncc(C#N)cc2Br)C1
ZINC001421044514,CC1CCN(CCNc2ncc(C#N)cc2Br)CC1
ZINC000021985496,CN1c2ccccc2[C@@H](N)c2ccc(Cl)cc2S1(=O)=O
ZINC000021985498,CN1c2ccccc2[C@H](N)c2ccc(Cl)cc2S1(=O)=O
ZINC000092026888,Cc1cc(NCCN2CCC(C)CC2)ncc1[N+](=O)[O-]
ZINC000891792461,COc1cc([N+](=O)[O-])cnc1N[C@H](C)CN1CCCCC1
ZINC000891792462,COc1cc([N+](=O)[O-])cnc1N[C@@H](C)CN1CCCCC1
ZINC000891830094,COc1cc([N+](=O)[O-])cnc1NCCN1CCC(C)CC1
ZINC000341931414,Cc1cc([N+](=O)[O-])cnc1NC[C@@H](C)N1CCCC[C@H]1C
ZINC000341931417,Cc1cc([N+](=O)[O-])cnc1NC[C@H](C)N1CCCC[C@H]1C
ZINC000341931420,Cc1cc([N+](=O)[O-])cnc1NC[C@@H](C)N1CCCC[C@@H]1C
ZINC000341931424,Cc1cc([N+](=O)[O-])cnc1NC[C@H](C)N1CCCC[C@@H]1C
ZINC000074740798,Cc1cc(NCCN2CCC[C@H](C)C2)ncc1[N+](=O)[O-]
ZINC000077656688,C[C@@H]1CCCN(CCNc2ccc([N+](=O)[O-])cn2)C1
ZINC000077656691,C[C@H]1CCCN(CCNc2ccc([N+](=O)[O-])cn2)C1
ZINC000584159363,C[C@H]1CCCN(CCNc2ncc([N+](=O)[O-])cc2F)C1
ZINC000584159364,C[C@@H]1CCCN(CCNc2ncc([N+](=O)[O-])cc2F)C1
ZINC000074740800,Cc1cc(NCCN2CCC[C@@H](C)C2)ncc1[N+](=O)[O-]
ZINC000161522307,Cc1nc(NCCN2CCCCC2)ccc1[N+](=O)[O-]
ZINC000161521936,Cc1nc(NCCN2CCC(C)CC2)ccc1[N+](=O)[O-]
ZINC000047873388,C[C@@H](CN1CCCCC1)Nc1ncccc1[N+](=O)[O-]
ZINC000047873389,C[C@H](CN1CCCCC1)Nc1ncccc1[N+](=O)[O-]
ZINC000047873394,C[C@@H](CN1CCCCC1)Nc1ccc([N+](=O)[O-])cn1
ZINC000047873395,C[C@H](CN1CCCCC1)Nc1ccc([N+](=O)[O-])cn1
ZINC000078630935,Cc1cnc(NCCN2CCC[C@@H](C)C2)c([N+](=O)[O-])c1
ZINC000078630929,Cc1cnc(NCCN2CCC[C@H](C)C2)c([N+](=O)[O-])c1
ZINC000128912397,Cc1ccc([N+](=O)[O-])c(NCCN2CCCCC2)n1
ZINC000413090459,C[C@H](CN1CCCCC1)Nc1ncc([N+](=O)[O-])cc1F
ZINC000052812761,Cc1cc([N+](=O)[O-])cnc1NCCN1CCCCC1
ZINC000052812573,Cc1cc([N+](=O)[O-])cnc1NCCN1CCC(C)CC1
ZINC000443963836,Cc1cc([N+](=O)[O-])cnc1NCCN1CCCC(C)(C)C1
ZINC000121382479,Cc1ccc([N+](=O)[O-])c(NCCN2CCC[C@H](C)C2)n1
ZINC000121382657,Cc1ccc([N+](=O)[O-])c(NCCN2CCC[C@@H](C)C2)n1
ZINC000573573452,O=[N+]([O-])c1cnc(NCCN2CCCCC2)c(F)c1
ZINC000573812017,CC1CCN(CCNc2ncc([N+](=O)[O-])cc2F)CC1
ZINC000596489529,Cc1nc(N[C@H](C)CN2CCC(C)CC2)ccc1[N+](=O)[O-]
ZINC000593515342,Cc1ccnc(N(C)CCN2CCCCC2)c1[N+](=O)[O-]
ZINC000593514434,CN(CCN1CCCCC1)c1ncc([N+](=O)[O-])cc1F
ZINC000593515786,Cc1cnc(N(C)CCN2CCCCC2)c([N+](=O)[O-])c1
ZINC000593516108,Cc1cc([N+](=O)[O-])cnc1N(C)CCN1CCCCC1
ZINC000593516678,Cc1cc(N(C)CCN2CCCCC2)ncc1[N+](=O)[O-]
ZINC000593517929,Cc1nc(N(C)CCN2CCCCC2)ccc1[N+](=O)[O-]
ZINC000596489534,Cc1nc(N[C@@H](C)CN2CCC(C)CC2)ccc1[N+](=O)[O-]
ZINC000443959562,Cc1nc(NCCN2CCCC(C)(C)C2)ccc1[N+](=O)[O-]
ZINC000443970980,Cc1cc(NCCN2CCCC(C)(C)C2)ncc1[N+](=O)[O-]
ZINC000090692220,Cc1cnc(NCCN2CCCCC2)c([N+](=O)[O-])c1
ZINC000090692121,Cc1cnc(NCCN2CCC(C)CC2)c([N+](=O)[O-])c1
ZINC000301310210,Cc1ccnc(NCCN2CCC[C@@H](C)C2)c1[N+](=O)[O-]
ZINC000301310211,Cc1ccnc(NCCN2CCC[C@H](C)C2)c1[N+](=O)[O-]
ZINC000349414229,Cc1nc(NC[C@H](C)N2CCCC[C@H]2C)ccc1[N+](=O)[O-]
ZINC000349414230,Cc1nc(NC[C@@H](C)N2CCCC[C@@H]2C)ccc1[N+](=O)[O-]
ZINC000349414231,Cc1nc(NC[C@H](C)N2CCCC[C@@H]2C)ccc1[N+](=O)[O-]
ZINC000349414232,Cc1nc(NC[C@@H](C)N2CCCC[C@H]2C)ccc1[N+](=O)[O-]
ZINC000081275252,Cc1cc(NCCN2CCCCC2)ncc1[N+](=O)[O-]
ZINC000070496035,Cc1ccnc(NCCN2CCC(C)CC2)c1[N+](=O)[O-]
ZINC000070496170,Cc1ccnc(NCCN2CCCCC2)c1[N+](=O)[O-]
ZINC000162722503,Cc1ccc([N+](=O)[O-])c(NCCN2CCC(C)CC2)n1
ZINC000040444326,CC1CCN(CCNc2ccc([N+](=O)[O-])cn2)CC1
ZINC000040444316,CC1CCN(CCNc2ncccc2[N+](=O)[O-])CC1
ZINC000824614965,COc1cc([N+](=O)[O-])cnc1NCCN1CCC[C@@H](C)C1
ZINC000824614967,COc1cc([N+](=O)[O-])cnc1NCCN1CCC[C@H](C)C1
ZINC000845768984,Cc1ccc([N+](=O)[O-])c(N(C)CCN2CCCCC2)n1
ZINC000348177083,Cc1cc(NC[C@@H](C)N2CCCC[C@H]2C)ncc1[N+](=O)[O-]
ZINC000348177088,Cc1cc(NC[C@H](C)N2CCCC[C@H]2C)ncc1[N+](=O)[O-]
ZINC000348177091,Cc1cc(NC[C@@H](C)N2CCCC[C@@H]2C)ncc1[N+](=O)[O-]
ZINC000348177094,Cc1cc(NC[C@H](C)N2CCCC[C@@H]2C)ncc1[N+](=O)[O-]
ZINC000267221060,Cc1cc([N+](=O)[O-])cnc1NCCN1CCC[C@@H](C)C1
ZINC000267221062,Cc1cc([N+](=O)[O-])cnc1NCCN1CCC[C@H](C)C1
ZINC000268512310,Cc1nc(NCCN2CCC[C@@H](C)C2)ccc1[N+](=O)[O-]
ZINC000268512313,Cc1nc(NCCN2CCC[C@H](C)C2)ccc1[N+](=O)[O-]
ZINC000352987256,C[C@H](CNc1ccc([N+](=O)[O-])cn1)N1CCCC[C@@H]1C
ZINC000352987257,C[C@@H]1CCCCN1[C@H](C)CNc1ccc([N+](=O)[O-])cn1
ZINC000298491127,C[C@@H]1CCCN(CCNc2ncccc2[N+](=O)[O-])C1
ZINC000298491134,C[C@H]1CCCN(CCNc2ncccc2[N+](=O)[O-])C1
ZINC000413090458,C[C@@H](CN1CCCCC1)Nc1ncc([N+](=O)[O-])cc1F
ZINC001160746754,O=[N+]([O-])c1cccc(NCCN2CCC(F)(F)CC2)n1
ZINC001160747614,O=[N+]([O-])c1ccnc(NCCN2CCC(F)(F)CC2)c1
ZINC000054059135,C[C@@H]1CCCCN1[C@@H](C)CNc1ncc(C(N)=O)cc1Cl
ZINC000054059136,C[C@H]1CCCCN1[C@@H](C)CNc1ncc(C(N)=O)cc1Cl
ZINC000068691420,C[C@@H]1C[C@H](C)CN(C[C@@H](C)Nc2ncc(C(N)=O)cc2Cl)C1
ZINC000068691422,C[C@@H]1C[C@@H](C)CN(C[C@@H](C)Nc2ncc(C(N)=O)cc2Cl)C1
ZINC000068698653,C[C@@H]1CCCN(C(C)(C)CNc2ncc(C(N)=O)cc2Cl)C1
ZINC000068698656,C[C@H]1CCCN(C(C)(C)CNc2ncc(C(N)=O)cc2Cl)C1
ZINC000080249706,COC1CCN(CCNc2cccc(C(F)(F)F)n2)CC1
ZINC000080250385,COC1CCN(CCNc2ccc(C(F)(F)F)cn2)CC1
ZINC000080250391,COC1CCN(CCNc2ncccc2C(F)(F)F)CC1
ZINC000080267737,COC1CCN(CCNc2cc(C(F)(F)F)ccn2)CC1
ZINC000091458858,C[C@@H]1C[C@H](C)CN(C[C@@H](C)Nc2ccc(C(=O)N(C)C)cn2)C1
ZINC000091458862,C[C@@H]1C[C@@H](C)CN(C[C@@H](C)Nc2ccc(C(=O)N(C)C)cn2)C1
ZINC000091458900,CCNC(=O)c1ccc(N[C@@H](C)CN2C[C@H](C)C[C@H](C)C2)nc1
ZINC000091458901,CCNC(=O)c1ccc(N[C@H](C)CN2C[C@H](C)C[C@H](C)C2)nc1
ZINC000091458905,CCNC(=O)c1ccc(N[C@H](C)CN2C[C@@H](C)C[C@H](C)C2)nc1
ZINC000101636643,O=C(Cc1ccccc1O)N[C@H](CN1CCCC1)c1ccccc1
ZINC000121807319,O=c1[nH]c2ccccc2n1C1CCN(Cc2cccc(O)c2)CC1
ZINC000132649728,O=C(Cc1ccc(O)cc1)N[C@H](CN1CCCC1)c1ccccc1
ZINC000155638622,Nc1ccccc1CC(=O)N[C@H](CN1CCCC1)c1ccccc1
ZINC000179683451,O=C(N[C@H](CN1CCCC1)c1ccccc1)C(O)c1ccccc1
ZINC000179683481,O=C(N[C@H](CN1CCCC1)c1ccccc1)C(O)c1ccccc1
ZINC000229529763,Fc1cc(Br)cnc1NCCN1CCCCC1
ZINC000261750075,Nc1cccc(CN2CCC(n3c(=O)[nH]c4ccccc43)CC2)c1
ZINC000262968222,CC1CCN([C@@H](CNc2cccc(C(=O)O)n2)C(C)C)CC1
ZINC000262968224,CC1CCN([C@H](CNc2cccc(C(=O)O)n2)C(C)C)CC1
ZINC000267166341,CN(C)C1CCN(CCNc2ncccc2C(F)(F)F)CC1
ZINC000267201803,C[C@H](CN1CCCCC1)Nc1ncc(C(=O)N(C)C)cc1Cl
ZINC000267201808,C[C@@H](CN1CCCCC1)Nc1ncc(C(=O)N(C)C)cc1Cl
ZINC000267206663,CN(C)C1CCN(CCNc2ccc(C(F)(F)F)cn2)CC1
ZINC000267206696,CN(C)C1CCN(CCNc2cccc(C(F)(F)F)n2)CC1
ZINC000267218741,CCCNC(=O)c1ccc(N[C@@H](C)CN2CCCCC2)nc1
ZINC000267218742,CCCNC(=O)c1ccc(N[C@H](C)CN2CCCCC2)nc1
ZINC000267391797,CN(C)C1CCN(CCNc2cc(C(F)(F)F)ccn2)CC1
ZINC000271660387,C[C@@H]1C[C@@H](C)CN(C[C@H](C)Nc2ccc(C(=O)N(C)C)cn2)C1
ZINC000271660391,C[C@@H]1C[C@H](C)CN(C[C@H](C)Nc2ccc(C(=O)N(C)C)cn2)C1
ZINC000288205037,CN(C)C1CCN(CCNc2ncc(Cl)cc2Cl)CC1
ZINC000295924537,OC1CCN(CCNc2ncc(C(F)(F)F)cc2Cl)CC1
ZINC000295932563,OC1CCN(CCNc2ccc(C(F)(F)F)c(Cl)n2)CC1
ZINC000298759227,C[C@@H]1CCCN(CCNc2ncc(C(=O)N(C)C)cc2Cl)C1
ZINC000298759231,C[C@H]1CCCN(CCNc2ncc(C(=O)N(C)C)cc2Cl)C1
ZINC000298764190,CC1CCN(CCNc2ncc(C(=O)N(C)C)cc2Cl)CC1
ZINC000301063294,CCOC(=O)c1ccc(NC[C@H](C)N2CCC[C@H](C)C2)nc1
ZINC000301063298,CCOC(=O)c1ccc(NC[C@H](C)N2CCC[C@@H](C)C2)nc1
ZINC000301063302,CCOC(=O)c1ccc(NC[C@@H](C)N2CCC[C@H](C)C2)nc1
ZINC000301063303,CCOC(=O)c1ccc(NC[C@@H](C)N2CCC[C@@H](C)C2)nc1
ZINC000301164885,C[C@@H]1C[C@H](C)CN(C[C@H](C)Nc2ncc(C(N)=O)cc2Cl)C1
ZINC000301164887,C[C@@H]1C[C@@H](C)CN(C[C@H](C)Nc2ncc(C(N)=O)cc2Cl)C1
ZINC000301223542,CCCNC(=O)c1ccc(NC[C@H](C)N2CCC[C@@H](C)C2)nc1
ZINC000301223543,CCCNC(=O)c1ccc(NC[C@H](C)N2CCC[C@H](C)C2)nc1
ZINC000301223544,CCCNC(=O)c1ccc(NC[C@@H](C)N2CCC[C@@H](C)C2)nc1
ZINC000301223545,CCCNC(=O)c1ccc(NC[C@@H](C)N2CCC[C@H](C)C2)nc1
ZINC000301242517,CC[C@@H]1CCCCN1CCNc1ncc(C(N)=O)cc1Cl
ZINC000301242518,CC[C@H]1CCCCN1CCNc1ncc(C(N)=O)cc1Cl
ZINC000301250143,CCNC(=O)c1ccc(NCCN2CCCC[C@@H]2CC)nc1
ZINC000301250144,CCNC(=O)c1ccc(NCCN2CCCC[C@H]2CC)nc1
ZINC000301909210,COC(=O)c1ccc(NC[C@@H](C)N2CCC[C@@H](C)C2)nc1C
ZINC000301909211,COC(=O)c1ccc(NC[C@H](C)N2CCC[C@@H](C)C2)nc1C
ZINC000301909213,COC(=O)c1ccc(NC[C@@H](C)N2CCC[C@H](C)C2)nc1C
ZINC000301909214,COC(=O)c1ccc(NC[C@H](C)N2CCC[C@H](C)C2)nc1C
ZINC000301962550,CC[C@H]1CCCCN1CCNc1ccc(C(=O)OC)c(C)n1
ZINC000301962552,CC[C@@H]1CCCCN1CCNc1ccc(C(=O)OC)c(C)n1
ZINC000302004914,CCNC(=O)c1ccc(N[C@H](C)CN2C[C@H](C)C[C@@H](C)C2)nc1
ZINC000302229066,CC(C)OC(=O)c1cccnc1N[C@@H](C)CN1CCCCC1
ZINC000302229068,CC(C)OC(=O)c1cccnc1N[C@H](C)CN1CCCCC1
ZINC000302233305,CC(C)OC(=O)c1cccnc1NCCN1CCC[C@H](C)C1
ZINC000302233307,CC(C)OC(=O)c1cccnc1NCCN1CCC[C@@H](C)C1
ZINC000302237395,CC1CCN(CCNc2ncccc2C(=O)OC(C)C)CC1
ZINC000338646810,CC(C)(C)OC(=O)c1cccc(NCCN2CCCCC2)n1
ZINC000339951554,C[C@@H]1CCCCN1[C@H](C)CNc1ncc(C(N)=O)cc1Cl
ZINC000339951555,C[C@H](CNc1ncc(C(N)=O)cc1Cl)N1CCCC[C@@H]1C
ZINC000343343216,CCCN(CCN1CCCCC1)c1ncc(C(N)=O)cc1Cl
ZINC000388231461,O=C(O)c1ccc(C(F)(F)F)nc1NCCN1CCCCC1
ZINC000423318655,Nc1cccc(CC(=O)N[C@H](CN2CCCC2)c2ccccc2)c1
ZINC000443954286,CC1(C)CCCN(CCNc2ccc(Br)cn2)C1
ZINC000518299965,COC(=O)c1ccc(NCCN2CCCC(C)(C)C2)nc1C
ZINC000593515646,CN(CCN1CCCCC1)c1cccc(C(=O)OC(C)(C)C)n1
ZINC000593516633,CC(C)OC(=O)c1cccnc1N(C)CCN1CCCCC1
ZINC000604379734,COC(=O)c1ccnc(N[C@H](C)CN2C[C@H](C)C[C@H](C)C2)c1
ZINC000604379735,COC(=O)c1ccnc(N[C@H](C)CN2C[C@@H](C)C[C@H](C)C2)c1
ZINC000604379736,COC(=O)c1ccnc(N[C@H](C)CN2C[C@H](C)C[C@@H](C)C2)c1
ZINC000604379737,COC(=O)c1ccnc(N[C@@H](C)CN2C[C@H](C)C[C@H](C)C2)c1
ZINC000624354772,CN(CCN1CCCCC1)c1ncc(Br)cc1F
ZINC000641446002,CN(C)C1CCN(CCNc2cc(C(C)(C)C)ccn2)CC1
ZINC000642326864,CC1CCN([C@@H](CNc2ncccc2C(=O)O)C(C)C)CC1
ZINC000642326865,CC1CCN([C@H](CNc2ncccc2C(=O)O)C(C)C)CC1
ZINC000647445904,C[C@@H]1CCCN([C@H](C)CNc2ncc(C(=O)O)cc2Cl)C1
ZINC000647445905,C[C@@H]1CCCN([C@@H](C)CNc2ncc(C(=O)O)cc2Cl)C1
ZINC000647445906,C[C@H]1CCCN([C@@H](C)CNc2ncc(C(=O)O)cc2Cl)C1
ZINC000647445907,C[C@H]1CCCN([C@H](C)CNc2ncc(C(=O)O)cc2Cl)C1
ZINC000647448652,CC1CCN([C@@H](CNc2ccc(C(=O)O)cn2)C(C)C)CC1
ZINC000647448653,CC1CCN([C@H](CNc2ccc(C(=O)O)cn2)C(C)C)CC1
ZINC000647454590,CC1(C)CCCN(CCNc2ncc(C(=O)O)cc2Cl)C1
ZINC000662886646,CC1CCN(C[C@@H](C)Nc2ncc(C(=O)O)cc2Cl)CC1
ZINC000662886647,CC1CCN(C[C@H](C)Nc2ncc(C(=O)O)cc2Cl)CC1
ZINC000664457280,CCCNC(=O)c1ccc(N[C@@H](C)CN2CCC(C)CC2)nc1
ZINC000664457281,CCCNC(=O)c1ccc(N[C@H](C)CN2CCC(C)CC2)nc1
ZINC000672232368,COC1CCN(CCNc2ncc(Cl)cc2Cl)CC1
ZINC000681390473,COC1CCN(CCNc2ccc(OC(F)(F)F)cn2)CC1
ZINC000813587927,COC(=O)c1ccc(N[C@H](C)CN2C[C@H](C)C[C@H](C)C2)nc1
ZINC000813587928,COC(=O)c1ccc(N[C@H](C)CN2C[C@@H](C)C[C@H](C)C2)nc1
ZINC000813587929,COC(=O)c1ccc(N[C@H](C)CN2C[C@H](C)C[C@@H](C)C2)nc1
ZINC000813587930,COC(=O)c1ccc(N[C@@H](C)CN2C[C@H](C)C[C@H](C)C2)nc1
ZINC000910290900,Cc1nc(N[C@H](C)CN2C[C@H](C)C[C@H](C)C2)ccc1C(=O)O
ZINC000910290901,Cc1nc(N[C@H](C)CN2C[C@H](C)C[C@@H](C)C2)ccc1C(=O)O
ZINC000910290902,Cc1nc(N[C@H](C)CN2C[C@@H](C)C[C@H](C)C2)ccc1C(=O)O
ZINC000910290903,Cc1nc(N[C@@H](C)CN2C[C@H](C)C[C@H](C)C2)ccc1C(=O)O
ZINC000910361905,CCCN(CCN1CCCCC1)c1ccc(C(=O)O)c(C)n1
ZINC001160748484,COc1cc(Cl)cnc1NCCN1CCC(F)(F)CC1
ZINC001160748773,COc1ccc(Cl)c(NCCN2CCC(F)(F)CC2)n1
ZINC001160749071,COc1ccc(Cl)nc1NCCN1CCC(F)(F)CC1
ZINC001160749290,COc1cc(Cl)nc(NCCN2CCC(F)(F)CC2)c1
ZINC001160749326,COc1cc(Cl)cc(NCCN2CCC(F)(F)CC2)n1
ZINC001160752044,Nc1cc(F)c(Cl)nc1NCCN1CCC(F)(F)CC1
ZINC001160752735,COc1nc(NCCN2CCC(F)(F)CC2)ccc1Cl
ZINC001161871401,Cc1nc(NCCN2CCC(N)CC2)c(Cl)cc1Cl
ZINC001413881415,COC(=O)c1cnc(NCCN2CCC[C@@H](C)C2)c(Cl)c1
ZINC001413881425,COC(=O)c1cnc(NCCN2CCC[C@H](C)C2)c(Cl)c1
ZINC001434440633,COC(=O)c1cnc(NCCN2CCC(C)CC2)c(Cl)c1
ZINC001458097758,COC(=O)c1cnc(N[C@H](C)CN2CCCCC2)c(Cl)c1
ZINC001458097762,COC(=O)c1cnc(N[C@@H](C)CN2CCCCC2)c(Cl)c1
ZINC001608977470,O=C(O)c1cnc(NCCN2CCCCC2)c(C(F)(F)F)c1
ZINC001610863512,O=C(O)c1cnc(NCCN2CCCCC2)cc1C(F)(F)F
ZINC001776643781,CC1CCN([C@@H](CNc2cc(C(=O)O)ccn2)C(C)C)CC1
ZINC001776643782,CC1CCN([C@H](CNc2cc(C(=O)O)ccn2)C(C)C)CC1
ZINC001776811034,CCCN(CCN1CCCCC1)c1nc(C)ccc1C(=O)O
ZINC000828445616,CC(Oc1ccccc1CN1CCC(n2c(=O)[nH]c3ccccc32)CC1)C(=O)O
ZINC000828445624,CC(Oc1ccccc1CN1CCC(n2c(=O)[nH]c3ccccc32)CC1)C(=O)O
ZINC000063871875,COc1ccc(C)cc1C(C(=O)O)N1CCC(n2c(=O)[nH]c3ccccc32)CC1
ZINC000063871877,COc1ccc(C)cc1C(C(=O)O)N1CCC(n2c(=O)[nH]c3ccccc32)CC1
ZINC000079905900,C[C@@H]1CCCN([C@@H](C)CNc2ncc([N+](=O)[O-])cc2C#N)C1
ZINC000079905902,C[C@H]1CCCN([C@@H](C)CNc2ncc([N+](=O)[O-])cc2C#N)C1
ZINC000264485959,C[C@@H]1CCCN(C[C@H](C)Nc2ncc([N+](=O)[O-])cc2C#N)C1
ZINC000264485962,C[C@H]1CCCN(C[C@@H](C)Nc2ncc([N+](=O)[O-])cc2C#N)C1
ZINC000264485966,C[C@H]1CCCN(C[C@H](C)Nc2ncc([N+](=O)[O-])cc2C#N)C1
ZINC000264485969,C[C@@H]1CCCN(C[C@@H](C)Nc2ncc([N+](=O)[O-])cc2C#N)C1
ZINC000264895041,C=CCNC(=O)c1ccc(NCCN2CCC(C)CC2)nc1
ZINC000267158101,CN(C)C1CCN(CCNc2ncc(C#N)cc2Cl)CC1
ZINC000267187849,CN(C)C1CCN(CCNc2ccc(Cl)c(C#N)n2)CC1
ZINC000267239782,C=CCNC(=O)c1ccc(N[C@@H](C)CN2CCCCC2)nc1
ZINC000267239784,C=CCNC(=O)c1ccc(N[C@H](C)CN2CCCCC2)nc1
ZINC000267248005,Cc1cc(C)c(C#N)c(NCCN2CCC(N(C)C)CC2)n1
ZINC000267258204,C=CCNC(=O)c1ccc(NCCN2CCC[C@H](C)C2)nc1
ZINC000267258206,C=CCNC(=O)c1ccc(NCCN2CCC[C@@H](C)C2)nc1
ZINC000268533777,C[C@@H]1CCCN(C[C@H](C)Nc2nccc(C#N)c2[N+](=O)[O-])C1
ZINC000268533782,C[C@H]1CCCN(C[C@@H](C)Nc2nccc(C#N)c2[N+](=O)[O-])C1
ZINC000268533788,C[C@H]1CCCN(C[C@H](C)Nc2nccc(C#N)c2[N+](=O)[O-])C1
ZINC000268533793,C[C@@H]1CCCN(C[C@@H](C)Nc2nccc(C#N)c2[N+](=O)[O-])C1
ZINC000268539927,C[C@@H]1CCCN([C@@H](C)CNc2nccc(C#N)c2[N+](=O)[O-])C1
ZINC000268539930,C[C@H]1CCCN([C@H](C)CNc2nccc(C#N)c2[N+](=O)[O-])C1
ZINC000268539933,C[C@H]1CCCN([C@@H](C)CNc2nccc(C#N)c2[N+](=O)[O-])C1
ZINC000268539935,C[C@@H]1CCCN([C@H](C)CNc2nccc(C#N)c2[N+](=O)[O-])C1
ZINC000273391565,Cc1c(Cl)cnc(NCCN2CCC(N(C)C)CC2)c1C#N
ZINC000292356862,Cc1nc(NCCN2CCC(N(C)C)CC2)c(Cl)cc1C#N
ZINC000295637096,Cc1c(Cl)cnc(N[C@@H](CO)CN2CCCCC2)c1C#N
ZINC000295637098,Cc1c(Cl)cnc(N[C@H](CO)CN2CCCCC2)c1C#N
ZINC000295676412,Cc1nc(N[C@@H](CO)CN2CCCCC2)c(Cl)cc1C#N
ZINC000295676415,Cc1nc(N[C@H](CO)CN2CCCCC2)c(Cl)cc1C#N
ZINC000298735529,C[C@H]1CCCN([C@H](C)CNc2ncc([N+](=O)[O-])cc2C#N)C1
ZINC000298735533,C[C@@H]1CCCN([C@H](C)CNc2ncc([N+](=O)[O-])cc2C#N)C1
ZINC000301260551,C#CCNC(=O)c1ccc(NCCN2CCCC[C@@H]2CC)nc1
ZINC000301260554,C#CCNC(=O)c1ccc(NCCN2CCCC[C@H]2CC)nc1
ZINC000354636775,C=CCNC(=O)c1ccc(NCCN2CCCC[C@@H]2CC)nc1
ZINC000354636776,C=CCNC(=O)c1ccc(NCCN2CCCC[C@H]2CC)nc1
ZINC000450260080,C[C@@H]1CCCN(CCNc2ncc(Br)cc2C#N)C1
ZINC000450260081,C[C@H]1CCCN(CCNc2ncc(Br)cc2C#N)C1
ZINC000572179203,CC1CCN([C@@H](CNc2ccc(C#N)c(N)n2)C(C)C)CC1
ZINC000572179204,CC1CCN([C@H](CNc2ccc(C#N)c(N)n2)C(C)C)CC1
ZINC000589688840,COC1CCN(CCNc2nc(C)c(C#N)cc2Cl)CC1
ZINC000590728473,CC(C)(C)c1ccc(C#N)c(NCCN2CCC(O)CC2)n1
ZINC000596486769,CC1CCN(C[C@@H](C)Nc2ncc([N+](=O)[O-])cc2C#N)CC1
ZINC000596486770,CC1CCN(C[C@H](C)Nc2ncc([N+](=O)[O-])cc2C#N)CC1
ZINC000612084740,COC1CCN(CCNc2ncc(Cl)c(C)c2C#N)CC1
ZINC000853424231,C#CCCCOc1cccnc1NCCN1CCC(OC)CC1
ZINC001160748842,N#Cc1ccc([N+](=O)[O-])c(NCCN2CCC(F)(F)CC2)n1
ZINC001160749055,N#Cc1cc([N+](=O)[O-])cnc1NCCN1CCC(F)(F)CC1
ZINC001160753043,C=CCNC(=O)c1cccnc1NCCN1CCC(F)(F)CC1
ZINC001160753159,COc1nc(NCCN2CCC(F)(F)CC2)c(F)cc1C#N
ZINC001161866939,Cc1nc(NCCN2CCC(N)CC2)c(C#N)c(C)c1Cl
ZINC001161867737,CCCc1cc(C#N)c(NCCN2CCC(N)CC2)nc1Cl
ZINC001161867796,N#Cc1cc(Cl)c(Cl)nc1NCCN1CCC(N)CC1
ZINC001161870442,C[Si](C)(C)C#Cc1cccnc1NCCN1CCC(N)CC1
ZINC001161872482,N#Cc1c(Cl)cc(Cl)nc1NCCN1CCC(N)CC1
ZINC001161872495,C[Si](C)(C)C#Cc1ccnc(NCCN2CCC(N)CC2)c1
ZINC001161872618,N#Cc1nc(NCCN2CCC(N)CC2)c(Cl)cc1Cl
ZINC001337794077,CN(C)C1CCN(CCNc2cc(C#N)cc(Cl)n2)CC1
ZINC000748051474,CC(=O)c1cc(Cl)cc(CN2CCC(n3c(=O)[nH]c4ccccc43)CC2)c1O
ZINC000816482611,O=c1[nH]c2ccccc2n1C1CCN(Cc2cc(Cl)c(F)cc2O)CC1
ZINC000775645193,O=c1[nH]c2ccccc2n1C1CCN(Cc2cc(Cl)cc(F)c2O)CC1
ZINC001140853499,CCN(CC)c1ccc(CN2CCC(n3c(=O)[nH]c4ccccc43)CC2)c(O)c1
ZINC001140922383,CN(C)c1ccc(CN2CCC(n3c(=O)[nH]c4ccccc43)CC2)c(Cl)c1
ZINC001143111078,Cn1c(=O)n(C2CCN(Cc3cccc(C(C)(C)C)c3O)CC2)c2ccccc21
ZINC001203938733,CCN(CC)c1ccc(CN2CCC(n3c(=O)n(C)c4ccccc43)CC2)cc1
ZINC001203940306,CCN(CC)c1ccc(CN2CCC(n3c(=O)[nH]c4ccccc43)CC2)cc1
ZINC001233286370,Cn1c(=O)n(C2CCN(Cc3cc(C(C)(C)C)ccc3O)CC2)c2ccccc21
ZINC001233416643,O=c1[nH]c2ccccc2n1C1CCN(Cc2cccc(C(F)(F)F)c2O)CC1
ZINC001233452071,O=c1[nH]c2ccccc2n1C1CCN(Cc2ccc(C(F)(F)F)cc2O)CC1
ZINC001235683465,Cn1c(=O)n(C2CCN(Cc3ccc(C(C)(C)C)cc3O)CC2)c2ccccc21
ZINC001237050047,CC(C)c1ccc(CN2CCC(n3c(=O)n(C)c4ccccc43)CC2)c(O)c1
ZINC001237124967,O=c1[nH]c2ccccc2n1C1CCN(Cc2c(O)ccc(F)c2Cl)CC1
ZINC001237136263,O=c1[nH]c2ccccc2n1C1CCN(Cc2cc(C(F)(F)F)ccc2O)CC1
ZINC001237799456,O=c1[nH]c2ccccc2n1C1CCN(Cc2cc(F)cc(Cl)c2O)CC1
ZINC001237935226,O=c1[nH]c2ccccc2n1C1CCN(Cc2cc(F)c(Cl)cc2O)CC1
ZINC000472767367,COCCOCCOc1ccc(CN2CCC(n3c(=O)[nH]c4ccccc43)CC2)cc1
ZINC000500391461,COc1ccc([C@@H](CN2CCCC2)NC(=O)Cc2cc(OC)ccc2Br)cc1
ZINC000500429956,CCCNC(=O)Nc1ccc(CC(=O)N[C@H](CN2CCCC2)c2ccc(OC)cc2)cc1
ZINC000433715260,O=C(Cc1ccccc1I)N[C@H](CN1CCCC1)c1ccccc1
ZINC001135444574,CC(=O)NC(C(=O)N[C@H](CN1CCCC1)c1ccccc1)c1cccc(Br)c1
ZINC001135444575,CC(=O)NC(C(=O)N[C@H](CN1CCCC1)c1ccccc1)c1cccc(Br)c1
ZINC001144231983,COc1cc(CN2CCC(n3c(=O)n(C)c4ccccc43)CC2)ccc1Br
ZINC001137909255,COc1ccc(Br)c(CN2CCC(n3c(=O)n(C)c4ccccc43)CC2)c1
ZINC001138211818,Cn1c(=O)n(C2CCN(Cc3ccccc3I)CC2)c2ccccc21
ZINC001138226706,Cn1c(=O)n(C2CCN(Cc3cccc(I)c3)CC2)c2ccccc21
ZINC001138295212,COc1ccc(CN2CCC(n3c(=O)n(C)c4ccccc43)CC2)cc1Br
ZINC001140123013,COc1cc(Br)c(CN2CCC(n3c(=O)n(C)c4ccccc43)CC2)cc1O
ZINC001140155356,COc1c(Br)cccc1CN1CCC(n2c(=O)n(C)c3ccccc32)CC1
ZINC001140761567,COc1ccc(CN2CCC(n3c(=O)n(C)c4ccccc43)CC2)c(Br)c1
ZINC001203779002,COc1ccc(Br)cc1CN1CCC(n2c(=O)n(C)c3ccccc32)CC1
ZINC001204105564,COc1cc(CN2CCC(n3c(=O)n(C)c4ccccc43)CC2)cc(Br)c1O
ZINC001204402557,Cn1c(=O)n(C2CCN(Cc3ccc(I)cc3)CC2)c2ccccc21
ZINC001223016573,COC(C[C@H](C)O[C@H]1c2ccccc2N(C)S(=O)(=O)c2cc(Cl)ccc21)OC
ZINC001223016574,COC(C[C@H](C)O[C@@H]1c2ccccc2N(C)S(=O)(=O)c2cc(Cl)ccc21)OC
ZINC001223016576,COC(C[C@@H](C)O[C@H]1c2ccccc2N(C)S(=O)(=O)c2cc(Cl)ccc21)OC
ZINC001223016578,COC(C[C@@H](C)O[C@@H]1c2ccccc2N(C)S(=O)(=O)c2cc(Cl)ccc21)OC
ZINC001223023039,COC(=O)C(O[C@@H]1c2ccccc2N(C)S(=O)(=O)c2cc(Cl)ccc21)C(F)(F)F
ZINC001223023040,COC(=O)C(O[C@H]1c2ccccc2N(C)S(=O)(=O)c2cc(Cl)ccc21)C(F)(F)F
ZINC001223023041,COC(=O)C(O[C@@H]1c2ccccc2N(C)S(=O)(=O)c2cc(Cl)ccc21)C(F)(F)F
ZINC001223023042,COC(=O)C(O[C@H]1c2ccccc2N(C)S(=O)(=O)c2cc(Cl)ccc21)C(F)(F)F
ZINC001231474823,COc1cc(CN2CCC(n3c(=O)n(C)c4ccccc43)CC2)c(Br)cc1O
ZINC001231515564,COc1cc(Br)ccc1CN1CCC(n2c(=O)n(C)c3ccccc32)CC1
ZINC001231531680,COc1cc(CN2CCC(n3c(=O)n(C)c4ccccc43)CC2)ccc1OC(=O)C(C)C
ZINC001231542802,COCCCOc1ccc(CN2CCC(n3c(=O)n(C)c4ccccc43)CC2)cc1OC
ZINC001231611906,COCCCOc1cc(CN2CCC(n3c(=O)n(C)c4ccccc43)CC2)ccc1OC
ZINC001231715492,CCOC(=O)COc1ccc(CN2CCC(n3c(=O)[nH]c4ccccc43)CC2)cc1OC
ZINC001232633280,Cn1c(=O)n(C2CCN(Cc3cc(F)c(O)c(Br)c3)CC2)c2ccccc21
ZINC001232714568,O=c1[nH]c2ccccc2n1C1CCN(Cc2ccc(O)cc2I)CC1
ZINC001232872474,O=c1[nH]c2ccccc2n1C1CCN(Cc2ccc(O)c(I)c2)CC1
ZINC001233205133,COc1ccc(CN2CCC(n3c(=O)n(C)c4ccccc43)CC2)c(Br)c1O
ZINC001233215182,COc1cc(Br)cc(CN2CCC(n3c(=O)n(C)c4ccccc43)CC2)c1
ZINC001234845024,COC(=O)/C=C/c1cc(F)c(CN2CCC(n3c(=O)n(C)c4ccccc43)CC2)c(F)c1
ZINC001236674652,COc1cccc(Br)c1CN1CCC(n2c(=O)n(C)c3ccccc32)CC1
ZINC001237303651,Cc1cc(Br)c(CN2CCC(n3c(=O)n(C)c4ccccc43)CC2)cc1O
ZINC001237861731,COc1cccc(CN2CCC(n3c(=O)n(C)c4ccccc43)CC2)c1Br
ZINC001237964918,O=c1[nH]c2ccccc2n1C1CCN(Cc2cc(O)ccc2I)CC1
ZINC001238309543,Cn1c(=O)n(C2CCN(Cc3c(Br)ccc(O)c3F)CC2)c2ccccc21
ZINC001596564128,COc1ccc([C@@H](CN2CCCC2)NC(=O)Cc2ccc(OC)c(OC)c2Cl)cc1
ZINC001632045859,COc1ccc([C@@H](CN2CCCC2)NC(=O)Cc2ccc(NC(=O)C(F)(F)F)cc2)cc1
ZINC001632047541,COc1ccc([C@@H](CN2CCCC2)NC(=O)C(F)(F)c2ccccc2NC(C)=O)cc1
ZINC000063285847,COc1cc(CN2CCC(n3c(=O)[nH]c4ccccc43)CC2)cc(Br)c1OC
ZINC000202729395,O=c1[nH]c2ccccc2n1C1CCN(Cc2cccc(I)c2)CC1
ZINC000565036496,Cc1cc(C(=O)O)c([N+](=O)[O-])c(NCCN2CCC(N(C)C)CC2)n1
ZINC000768217912,COc1cc(Br)cc(CN2CCC(n3c(=O)[nH]c4ccccc43)CC2)c1O
ZINC001231551424,COc1ccc(Br)c(CN2CCC(n3c(=O)[nH]c4ccccc43)CC2)c1O
ZINC001233138008,COc1cc(O)c(CN2CCC(n3c(=O)[nH]c4ccccc43)CC2)cc1Br
ZINC001236749108,COc1cc(CN2CCC(n3c(=O)[nH]c4ccccc43)CC2)c(O)cc1Br
ZINC001237065447,COc1cc(O)c(CN2CCC(n3c(=O)[nH]c4ccccc43)CC2)c(Br)c1
ZINC001141157262,O=c1[nH]c2ccccc2n1C1CCN(Cc2cc(O)ccc2O)CC1
ZINC001203555701,Cn1c(=O)n(C2CCN(Cc3ccccc3O)CC2)c2ccccc21
ZINC001203878153,O=c1[nH]c2ccccc2n1C1CCN(Cc2ccc(O)c(O)c2)CC1
ZINC001204276972,O=c1[nH]c2ccccc2n1C1CCN(Cc2ccc(O)cc2O)CC1
ZINC000001718862,O=c1[nH]c2ccccc2n1C1CCN(Cc2ccccc2)CC1
ZINC001161867739,CNS(=O)(=O)c1cccnc1NCCN1CCC(N)CC1
ZINC001161870830,CNS(=O)(=O)c1ccc(NCCN2CCC(N)CC2)nc1
ZINC001161873147,NC1CCN(CCNc2ncc(S(N)(=O)=O)cc2F)CC1
ZINC000000403533,COc1ccc2c3c1OC1C(=O)CC[C@@]4(O)[C@@H](C2)N(C)CC[C@]314
ZINC001704280615,O=C(O)c1cnc(NCCN2CCCC[C@@H]2CO)c(Cl)c1
ZINC001704280616,O=C(O)c1cnc(NCCN2CCCC[C@H]2CO)c(Cl)c1
ZINC000430193469,COc1cc([N+](=O)[O-])ccc1CN1CCC(n2c(=O)[nH]c3ccccc32)CC1
ZINC000070794267,COc1ccc([N+](=O)[O-])cc1CN1CCC(n2c(=O)[nH]c3ccccc32)CC1
ZINC000051286116,COc1ccc(CN2CCC(n3c(=O)[nH]c4ccccc43)CC2)cc1[N+](=O)[O-]
ZINC000500411133,COc1ccc([C@@H](CN2CCCC2)NC(=O)Cc2cccc([N+](=O)[O-])c2C)cc1
ZINC000500410721,COc1ccc([C@@H](CN2CCCC2)NC(=O)Cc2cccc([N+](=O)[O-])c2)cc1
ZINC000537728403,COc1ccc([C@@H](CN2CCCC2)NC(=O)Cc2ccc([N+](=O)[O-])cc2)cc1
ZINC000609010351,COc1ccc(CC(=O)N[C@H](CN2CCCC2)c2ccccc2)cc1[N+](=O)[O-]
ZINC000539932496,COc1ccc([C@@H](CN2CCCC2)NC(=O)Cc2ccccc2[N+](=O)[O-])cc1
ZINC000609963853,CCOC(=O)c1ccnc(NC[C@H](C(C)C)N2CCC(C)CC2)c1[N+](=O)[O-]
ZINC000609963852,CCOC(=O)c1ccnc(NC[C@@H](C(C)C)N2CCC(C)CC2)c1[N+](=O)[O-]
ZINC000175035690,CCOc1ccc([N+](=O)[O-])cc1CN1CCC(n2c(=O)[nH]c3ccccc32)CC1
ZINC000731625849,COc1cc(C=O)c([N+](=O)[O-])cc1OCC(=O)N[C@@]1(C)CCCc2ccccc21
ZINC000731625850,COc1cc(C=O)c([N+](=O)[O-])cc1OCC(=O)N[C@]1(C)CCCc2ccccc21
ZINC001608914308,O=C(O)c1ccc([N+](=O)[O-])c(CN2CCC(n3c(=O)[nH]c4ccccc43)CC2)c1
ZINC000176993685,COC(=O)C(c1cccc(C#N)c1)N1CCC(n2c(=O)[nH]c3ccccc32)CC1
ZINC000176993700,COC(=O)C(c1cccc(C#N)c1)N1CCC(n2c(=O)[nH]c3ccccc32)CC1
ZINC000001482126,Oc1ccc2c(c1)[C@]13CCCC[C@@H]1[C@H](C2)NCC3
ZINC000534653803,N#Cc1ccnc(NCCN2CCC(CO)CC2)c1
ZINC000534668524,Cc1cc(C)c(C#N)c(NCCN2CCC(CO)CC2)n1
ZINC000670428819,N#Cc1cccc(NCCN2CCC[C@@H](CO)C2)n1
ZINC000670428820,N#Cc1cccc(NCCN2CCC[C@H](CO)C2)n1
ZINC000670433904,Cc1cc(C)c(C#N)c(NCCN2CCC[C@H](CO)C2)n1
ZINC000670433905,Cc1cc(C)c(C#N)c(NCCN2CCC[C@@H](CO)C2)n1
ZINC000670470243,N#Cc1ccnc(NCCN2CCC[C@@H](CO)C2)c1
ZINC000670473411,Cc1cc(C#N)c(NCCN2CCC[C@H](CO)C2)nc1C
ZINC000670473412,Cc1cc(C#N)c(NCCN2CCC[C@@H](CO)C2)nc1C
ZINC000670470244,N#Cc1ccnc(NCCN2CCC[C@H](CO)C2)c1
ZINC000952860198,N#Cc1ccnc(NCCN2CCCC[C@@H]2CO)c1
ZINC000952860199,N#Cc1ccnc(NCCN2CCCC[C@H]2CO)c1
ZINC000952983465,Cc1cc(C)c(C#N)c(NCCN2CCCC[C@H]2CO)n1
ZINC000952983466,Cc1cc(C)c(C#N)c(NCCN2CCCC[C@@H]2CO)n1
ZINC001232979377,Cn1c(=O)n(C2CCN(Cc3ccc(I)cc3O)CC2)c2ccccc21
ZINC001233308175,COC(=O)c1cc(Br)c(O)c(CN2CCC(n3c(=O)n(C)c4ccccc43)CC2)c1
ZINC001237780502,Cn1c(=O)n(C2CCN(Cc3cccc(I)c3O)CC2)c2ccccc21
ZINC001248401102,COc1cc(I)cc(CN2CCC(n3c(=O)n(C)c4ccccc43)CC2)c1O
ZINC001248469699,COc1cc(O)c(CN2CCC(n3c(=O)n(C)c4ccccc43)CC2)cc1I
ZINC001248489488,COc1ccc(CN2CCC(n3c(=O)n(C)c4ccccc43)CC2)c(O)c1I
ZINC000021301610,CN1c2ccccc2[C@@H](O)c2ccc(Cl)cc2S1(=O)=O
ZINC000021301615,CN1c2ccccc2[C@H](O)c2ccc(Cl)cc2S1(=O)=O
ZINC000952860056,OC[C@H]1CCCN(CCNc2ncc(Cl)cc2Cl)C1
ZINC000952860057,OC[C@@H]1CCCN(CCNc2ncc(Cl)cc2Cl)C1
ZINC001704350669,CCNC(=O)c1ccnc(NCC(C)(C)N2CCC(C)CC2)c1
ZINC000000389747,C=CCN1CC[C@]23c4c5ccc(O)c4OC2C(=O)CC[C@@]3(O)[C@H]1C5
ZINC000044389424,O=[N+]([O-])c1cc(Br)cnc1NCCN1CCCCC1
ZINC000048589439,CC1CCN(CCNc2ncc(Br)cc2[N+](=O)[O-])CC1
ZINC000081941362,O=[N+]([O-])c1cnc(NCCN2CCCCC2)c(Br)c1
ZINC000093433939,CC1CCN(CCNc2ncc([N+](=O)[O-])cc2Br)CC1
ZINC000165748368,Cc1c([N+](=O)[O-])cnc(NCCN2CCCCC2)c1Br
ZINC000301521530,C[C@H]1CCCN(CCNc2ncc([N+](=O)[O-])cc2Br)C1
ZINC000301521531,C[C@@H]1CCCN(CCNc2ncc([N+](=O)[O-])cc2Br)C1
ZINC000301714238,C[C@H]1CCCN(CCNc2ncc(Br)cc2[N+](=O)[O-])C1
ZINC000301714239,C[C@@H]1CCCN(CCNc2ncc(Br)cc2[N+](=O)[O-])C1
ZINC000591149342,COC1CCN(CCNc2ncc([N+](=O)[O-])cc2C(F)(F)F)CC1
ZINC000593515272,CN(CCN1CCCCC1)c1ncc([N+](=O)[O-])cc1C(F)(F)F
ZINC000593516062,CN(CCN1CCCCC1)c1ncc([N+](=O)[O-])cc1Br
ZINC000593516466,CN(CCN1CCCCC1)c1ncc(Br)cc1[N+](=O)[O-]
ZINC000737747313,C[C@@H]1CCCN(C(C)(C)CNc2nccc(C(=O)O)c2[N+](=O)[O-])C1
ZINC000737747314,C[C@H]1CCCN(C(C)(C)CNc2nccc(C(=O)O)c2[N+](=O)[O-])C1
ZINC001160752101,CCOc1nc(NCCN2CCC(F)(F)CC2)ccc1[N+](=O)[O-]
ZINC001160752790,CC(C)Oc1nc(NCCN2CCC(F)(F)CC2)ccc1[N+](=O)[O-]
ZINC001600104757,Cc1cc(C(=O)O)c([N+](=O)[O-])c(N[C@H](C)CN2CCC(C)CC2)n1
ZINC001600104758,Cc1cc(C(=O)O)c([N+](=O)[O-])c(N[C@@H](C)CN2CCC(C)CC2)n1
ZINC001600107632,Cc1cc(C(=O)O)c([N+](=O)[O-])c(NC[C@H](C)N2CCCC[C@H]2C)n1
ZINC001600107633,Cc1cc(C(=O)O)c([N+](=O)[O-])c(NC[C@@H](C)N2CCCC[C@@H]2C)n1
ZINC001600107634,Cc1cc(C(=O)O)c([N+](=O)[O-])c(NC[C@H](C)N2CCCC[C@@H]2C)n1
ZINC001600107635,Cc1cc(C(=O)O)c([N+](=O)[O-])c(NC[C@@H](C)N2CCCC[C@H]2C)n1
ZINC001604736760,C[C@@H]1CCCN(C(C)(C)CNc2nc(C(=O)O)ccc2[N+](=O)[O-])C1
ZINC001604736762,C[C@H]1CCCN(C(C)(C)CNc2nc(C(=O)O)ccc2[N+](=O)[O-])C1
ZINC001609858175,C[C@@H]1CCCN(C(C)(C)CNc2ncc(C(=O)O)cc2[N+](=O)[O-])C1
ZINC001609858177,C[C@H]1CCCN(C(C)(C)CNc2ncc(C(=O)O)cc2[N+](=O)[O-])C1
ZINC001610436725,Cc1cc(C(=O)O)c([N+](=O)[O-])c(N[C@H](C)CN2CCC[C@H](C)C2)n1
ZINC001610436726,Cc1cc(C(=O)O)c([N+](=O)[O-])c(N[C@@H](C)CN2CCC[C@H](C)C2)n1
ZINC001610436727,Cc1cc(C(=O)O)c([N+](=O)[O-])c(N[C@@H](C)CN2CCC[C@@H](C)C2)n1
ZINC001610436730,Cc1cc(C(=O)O)c([N+](=O)[O-])c(N[C@H](C)CN2CCC[C@@H](C)C2)n1
ZINC000506128537,C=CCOc1cccc(CN2CCC(n3c(=O)[nH]c4ccccc43)CC2)c1
ZINC000439441739,N#Cc1ccc(CN2CCC(n3c(=O)[nH]c4ccccc43)CC2)c(Cl)c1
ZINC000522412683,CC1CCN([C@@H](CNc2nc(C(F)(F)F)ccc2C#N)C(C)C)CC1
ZINC000522412684,CC1CCN([C@H](CNc2nc(C(F)(F)F)ccc2C#N)C(C)C)CC1
ZINC001143718650,N#Cc1cccc(Cl)c1CN1CCC(n2c(=O)[nH]c3ccccc32)CC1
ZINC001138626719,C=CCc1cccc(CN2CCC(n3c(=O)[nH]c4ccccc43)CC2)c1O
ZINC001139688286,N#Cc1c(Cl)cccc1CN1CCC(n2c(=O)[nH]c3ccccc32)CC1
ZINC001140600461,N#Cc1ccc(Cl)c(CN2CCC(n3c(=O)[nH]c4ccccc43)CC2)c1
ZINC001140810556,N#Cc1cccc(CN2CCC(n3c(=O)[nH]c4ccccc43)CC2)c1Cl
ZINC001223015550,C=C[C@H](C)O[C@@H]1c2ccccc2N(C)S(=O)(=O)c2cc(Cl)ccc21
ZINC001223015552,C=C[C@@H](C)O[C@@H]1c2ccccc2N(C)S(=O)(=O)c2cc(Cl)ccc21
ZINC001223015553,C=C[C@H](C)O[C@H]1c2ccccc2N(C)S(=O)(=O)c2cc(Cl)ccc21
ZINC001223015555,C=C[C@@H](C)O[C@H]1c2ccccc2N(C)S(=O)(=O)c2cc(Cl)ccc21
ZINC001232113264,N#Cc1ccc(CN2CCC(n3c(=O)[nH]c4ccccc43)CC2)cc1Cl
ZINC001237749633,N#Cc1cc(Cl)cc(CN2CCC(n3c(=O)[nH]c4ccccc43)CC2)c1
ZINC001238189576,N#Cc1cc(CN2CCC(n3c(=O)[nH]c4ccccc43)CC2)ccc1Cl
ZINC001238760745,CCc1cc(CN2CCC(n3c(=O)[nH]c4ccccc43)CC2)ccc1C#N
ZINC001248749540,CCc1cc(C#N)ccc1CN1CCC(n2c(=O)[nH]c3ccccc32)CC1
ZINC000253504882,COc1ccc2c3c1O[C@@H]1[C@]34CCN(C)[C@H](C2)[C@]42C=C[C@@]1(OC)C(C(=O)O)C2
ZINC000253505661,CO[C@@]12C=C[C@@]3(C[C@H]1C(C)(C)O)[C@H]1Cc4ccc(O)c5c4[C@@]3(CCN1C)[C@H]2O5
ZINC000253505667,CO[C@@]12C=C[C@@]3(C[C@@H]1C(C)(C)O)[C@H]1Cc4ccc(O)c5c4[C@@]3(CCN1C)[C@H]2O5
ZINC000031904987,COc1ccc2c3c1O[C@@H]1[C@]34CCN(C)[C@H](C2)[C@]42C=C[C@@]1(OC)C(C(=O)O)C2
ZINC000534669034,CC(C)c1ccc(C#N)c(NCCN2CCC(CO)CC2)n1
ZINC000952971290,CC(C)c1ccc(C#N)c(NCCN2CCCC[C@H]2CO)n1
ZINC000952971302,CC(C)c1ccc(C#N)c(NCCN2CCCC[C@@H]2CO)n1
ZINC000952989774,CC(C)c1ccc(C#N)c(NCCN2CCC[C@H](CO)C2)n1
ZINC000952989777,CC(C)c1ccc(C#N)c(NCCN2CCC[C@@H](CO)C2)n1
ZINC000301220429,C[C@@H]1C[C@H](C)CN(C[C@@H](C)Nc2ccc(Cl)c(C#N)n2)C1
ZINC000301220430,C[C@@H]1C[C@@H](C)CN(C[C@@H](C)Nc2ccc(Cl)c(C#N)n2)C1
ZINC000301220431,C[C@@H]1C[C@@H](C)CN(C[C@H](C)Nc2ccc(Cl)c(C#N)n2)C1
ZINC000301220432,C[C@@H]1C[C@H](C)CN(C[C@H](C)Nc2ccc(Cl)c(C#N)n2)C1
ZINC000301250376,C[C@@H]1CCCN(CCNc2nc(C(F)(F)F)ccc2C#N)C1
ZINC000301250378,C[C@H]1CCCN(CCNc2nc(C(F)(F)F)ccc2C#N)C1
ZINC000301266936,CC1CCN(CCNc2nc(C(F)(F)F)ccc2C#N)CC1
ZINC000301307274,C[C@H](CN1CCCCC1)Nc1nc(C(F)(F)F)ccc1C#N
ZINC000301307521,C[C@@H](CN1CCCCC1)Nc1nc(C(F)(F)F)ccc1C#N
ZINC000311618868,C[C@H](CN1CCCCC1)Nc1ncc(Br)cc1C#N
ZINC000311618870,C[C@@H](CN1CCCCC1)Nc1ncc(Br)cc1C#N
ZINC000343363735,CCCN(CCN1CCCCC1)c1nccc(C#N)c1Cl
ZINC000343370191,CCCN(CCN1CCCCC1)c1ncc(C#N)cc1Cl
ZINC000343508026,Cc1c(Cl)cnc(NC[C@H](C)N2CCCC[C@H]2C)c1C#N
ZINC000343508027,Cc1c(Cl)cnc(NC[C@@H](C)N2CCCC[C@@H]2C)c1C#N
ZINC000343508028,Cc1c(Cl)cnc(NC[C@H](C)N2CCCC[C@@H]2C)c1C#N
ZINC000343508029,Cc1c(Cl)cnc(NC[C@@H](C)N2CCCC[C@H]2C)c1C#N
ZINC000343538376,Cc1c(Cl)cnc(N[C@@H](C)CN2CCC[C@@H](C)C2)c1C#N
ZINC000343538377,Cc1c(Cl)cnc(N[C@H](C)CN2CCC[C@H](C)C2)c1C#N
ZINC000343538378,Cc1c(Cl)cnc(N[C@@H](C)CN2CCC[C@H](C)C2)c1C#N
ZINC000343538379,Cc1c(Cl)cnc(N[C@H](C)CN2CCC[C@@H](C)C2)c1C#N
ZINC000346822875,Cc1ccc(C#N)c(NC[C@@H](C(C)C)N2CCC(C)CC2)n1
ZINC000346822880,Cc1ccc(C#N)c(NC[C@H](C(C)C)N2CCC(C)CC2)n1
ZINC000350714015,C[C@@H]1C[C@H](C)CN(C[C@@H](C)Nc2ncc(C#N)cc2Cl)C1
ZINC000350714019,C[C@@H]1C[C@@H](C)CN(C[C@@H](C)Nc2ncc(C#N)cc2Cl)C1
ZINC000350714020,C[C@@H]1C[C@@H](C)CN(C[C@H](C)Nc2ncc(C#N)cc2Cl)C1
ZINC000350714022,C[C@@H]1C[C@H](C)CN(C[C@H](C)Nc2ncc(C#N)cc2Cl)C1
ZINC000350715632,Cc1cc(C)c(C#N)c(N[C@H](C)CN2C[C@H](C)C[C@H](C)C2)n1
ZINC000350715633,Cc1cc(C)c(C#N)c(N[C@H](C)CN2C[C@@H](C)C[C@H](C)C2)n1
ZINC000350715634,Cc1cc(C)c(C#N)c(N[C@H](C)CN2C[C@H](C)C[C@@H](C)C2)n1
ZINC000350715635,Cc1cc(C)c(C#N)c(N[C@@H](C)CN2C[C@H](C)C[C@H](C)C2)n1
ZINC000359892389,Cc1nc(NC[C@H](C)N2CCC[C@@H](C)C2)c(Cl)cc1C#N
ZINC000359892392,Cc1nc(NC[C@@H](C)N2CCC[C@H](C)C2)c(Cl)cc1C#N
ZINC000359892393,Cc1nc(NC[C@H](C)N2CCC[C@H](C)C2)c(Cl)cc1C#N
ZINC000359892395,Cc1nc(NC[C@@H](C)N2CCC[C@@H](C)C2)c(Cl)cc1C#N
ZINC000359906552,Cc1nc(N[C@@H](C)CN2CCC[C@@H](C)C2)c(Cl)cc1C#N
ZINC000359906553,Cc1nc(N[C@H](C)CN2CCC[C@H](C)C2)c(Cl)cc1C#N
ZINC000359906554,Cc1nc(N[C@@H](C)CN2CCC[C@H](C)C2)c(Cl)cc1C#N
ZINC000359906555,Cc1nc(N[C@H](C)CN2CCC[C@@H](C)C2)c(Cl)cc1C#N
ZINC000506117077,C[C@]1(NC(=O)COc2ccccc2C#N)CCCc2ccccc21
ZINC000506117078,C[C@@]1(NC(=O)COc2ccccc2C#N)CCCc2ccccc21
ZINC000506121615,C[C@]1(NC(=O)COc2ccc(C#N)cc2)CCCc2ccccc21
ZINC000506121617,C[C@@]1(NC(=O)COc2ccc(C#N)cc2)CCCc2ccccc21
ZINC000561379405,CCCN(CCN1CCCCC1)c1ccc(Cl)c(C#N)n1
ZINC000613411739,CC1CCN(CCNc2nc(C(C)(C)C)ccc2C#N)CC1
ZINC000613411758,C[C@H]1CCCN(CCNc2nc(C(C)(C)C)ccc2C#N)C1
ZINC000613411759,C[C@@H]1CCCN(CCNc2nc(C(C)(C)C)ccc2C#N)C1
ZINC000619694593,CC1CCN(CCNc2ccc(C(F)(F)F)c(C#N)n2)CC1
ZINC000751238152,C[C@]1(NC(=O)COc2cccc(C#N)c2)CCCc2ccccc21
ZINC000751238154,C[C@@]1(NC(=O)COc2cccc(C#N)c2)CCCc2ccccc21
ZINC000820628776,C#CCCCOc1cccnc1NCCN1CCC[C@H](C)C1
ZINC000820628777,C#CCCCOc1cccnc1NCCN1CCC[C@@H](C)C1
ZINC000820630010,C#CCCCOc1cccnc1NCCN1CCC(C)CC1
ZINC001160747377,Cc1cc(Cl)nc(NCCN2CCC(F)(F)CC2)c1C#N
ZINC001160748296,CC(C)c1ccc(C#N)c(NCCN2CCC(F)(F)CC2)n1
ZINC001160753349,Cc1nc(NCCN2CCC(F)(F)CC2)c(Cl)cc1C#N
ZINC001163570923,CN(CCN1CCCCC1)c1nc(C(C)(C)C)ccc1C#N
ZINC001184831245,Cc1cc(NC[C@@H](C(C)C)N2CCC(C)CC2)ncc1C#N
ZINC001184831246,Cc1cc(NC[C@H](C(C)C)N2CCC(C)CC2)ncc1C#N
ZINC001307106126,Cc1nc(NCCN2CCCC(C)(C)C2)c(Cl)cc1C#N
ZINC001320359882,CC1CCN([C@@H](CNc2cccc(CC#N)n2)C(C)C)CC1
ZINC001320359883,CC1CCN([C@H](CNc2cccc(CC#N)n2)C(C)C)CC1
ZINC001639272139,Cc1nc(NC[C@@H](C(C)C)N2CCC(C)CC2)ccc1C#N
ZINC001639272140,Cc1nc(NC[C@H](C(C)C)N2CCC(C)CC2)ccc1C#N
ZINC001639846144,Cc1c(Cl)cnc(NCCN2CCCC(C)(C)C2)c1C#N
ZINC001642052686,C[C@H](CN1CCCCC1)Nc1ncc(C#N)cc1Br
ZINC001642052687,C[C@@H](CN1CCCCC1)Nc1ncc(C#N)cc1Br
ZINC001642066203,Cc1ccnc(NC[C@@H](C(C)C)N2CCC(C)CC2)c1C#N
ZINC001642066204,Cc1ccnc(NC[C@H](C(C)C)N2CCC(C)CC2)c1C#N
ZINC001650624966,CC1CCN([C@@H](CNc2ncc(C#N)cc2F)C(C)C)CC1
ZINC001650624967,CC1CCN([C@H](CNc2ncc(C#N)cc2F)C(C)C)CC1
ZINC001652043525,Cc1c(Cl)cnc(N[C@H](C)CN2CCC(C)CC2)c1C#N
ZINC001652043526,Cc1c(Cl)cnc(N[C@@H](C)CN2CCC(C)CC2)c1C#N
ZINC001652044388,Cc1nc(N[C@H](C)CN2CCC(C)CC2)c(Cl)cc1C#N
ZINC001652044389,Cc1nc(N[C@@H](C)CN2CCC(C)CC2)c(Cl)cc1C#N
ZINC000166894320,COc1ccc2c3c1O[C@H]1[C@@]4(OC)C=C[C@@]5(C[C@@H]4C#N)[C@@H](C2)N(C)CC[C@]315
ZINC001500940774,COc1ccc2c3c1O[C@H]1[C@]4(OC)C=C[C@@]5(C[C@@H]4C#N)[C@@H](C2)N(C)CC[C@]315
ZINC000179782864,C=CCOc1ccc(CN2CCC(n3c(=O)[nH]c4ccccc43)CC2)cc1OC
ZINC000121798901,N#CCCCOc1cccc(CN2CCC(n3c(=O)[nH]c4ccccc43)CC2)c1
ZINC000121799097,C=CCc1cc(CN2CCC(n3c(=O)[nH]c4ccccc43)CC2)cc(OC)c1O
ZINC000486894506,COc1ccc([C@@H](CN2CCCC2)NC(=O)C(C)c2cccc(C#N)c2)cc1
ZINC000486894500,COc1ccc([C@@H](CN2CCCC2)NC(=O)C(C)c2cccc(C#N)c2)cc1
ZINC001143726393,Cn1c(=O)n(C2CCN(Cc3c(Cl)cccc3C#N)CC2)c2ccccc21
ZINC000121804227,C#CCCOc1ccc(CN2CCC(n3c(=O)[nH]c4ccccc43)CC2)cc1
ZINC000121804888,CN(CCC#N)c1ccc(CN2CCC(n3c(=O)[nH]c4ccccc43)CC2)cc1
ZINC001138343956,C#CCOc1ccc(CN2CCC(n3c(=O)[nH]c4ccccc43)CC2)cc1OC
ZINC001138627830,C=CCc1cccc(CN2CCC(n3c(=O)n(C)c4ccccc43)CC2)c1O
ZINC001139029821,C=CCOc1ccccc1CN1CCC(n2c(=O)n(C)c3ccccc32)CC1
ZINC001139691877,Cn1c(=O)n(C2CCN(Cc3cccc(Cl)c3C#N)CC2)c2ccccc21
ZINC001140601506,Cn1c(=O)n(C2CCN(Cc3cc(C#N)ccc3Cl)CC2)c2ccccc21
ZINC001140809957,Cn1c(=O)n(C2CCN(Cc3cccc(C#N)c3Cl)CC2)c2ccccc21
ZINC001204299943,C=CCOc1ccc(CN2CCC(n3c(=O)n(C)c4ccccc43)CC2)cc1
ZINC001223017580,C[C@@H](CS)O[C@@H]1c2ccccc2N(C)S(=O)(=O)c2cc(Cl)ccc21
ZINC001223017586,C[C@H](CS)O[C@H]1c2ccccc2N(C)S(=O)(=O)c2cc(Cl)ccc21
ZINC001223017587,C[C@@H](CS)O[C@H]1c2ccccc2N(C)S(=O)(=O)c2cc(Cl)ccc21
ZINC001223017589,C[C@H](CS)O[C@@H]1c2ccccc2N(C)S(=O)(=O)c2cc(Cl)ccc21
ZINC001223018322,C#CC[C@@H](C)O[C@@H]1c2ccccc2N(C)S(=O)(=O)c2cc(Cl)ccc21
ZINC001223018330,C#CC[C@H](C)O[C@H]1c2ccccc2N(C)S(=O)(=O)c2cc(Cl)ccc21
ZINC001223018335,C#CC[C@H](C)O[C@@H]1c2ccccc2N(C)S(=O)(=O)c2cc(Cl)ccc21
ZINC001223018341,C#CC[C@@H](C)O[C@H]1c2ccccc2N(C)S(=O)(=O)c2cc(Cl)ccc21
ZINC001223019104,C#C[C@H](CC)O[C@@H]1c2ccccc2N(C)S(=O)(=O)c2cc(Cl)ccc21
ZINC001223019109,C#C[C@@H](CC)O[C@@H]1c2ccccc2N(C)S(=O)(=O)c2cc(Cl)ccc21
ZINC001223019112,C#C[C@H](CC)O[C@H]1c2ccccc2N(C)S(=O)(=O)c2cc(Cl)ccc21
ZINC001223019113,C#C[C@@H](CC)O[C@H]1c2ccccc2N(C)S(=O)(=O)c2cc(Cl)ccc21
ZINC001231625192,C=CCOc1cccc(CN2CCC(n3c(=O)n(C)c4ccccc43)CC2)c1
ZINC001232115214,Cn1c(=O)n(C2CCN(Cc3ccc(C#N)c(Cl)c3)CC2)c2ccccc21
ZINC001232609168,Cn1c(=O)n(C2CCN(Cc3ccc(Cl)cc3C#N)CC2)c2ccccc21
ZINC001233097955,CN(C)c1ccc(CN2CCC(n3c(=O)[nH]c4ccccc43)CC2)c(F)c1C#N
ZINC001237752177,Cn1c(=O)n(C2CCN(Cc3cc(Cl)cc(C#N)c3)CC2)c2ccccc21
ZINC001238085759,Cn1c(=O)n(C2CCN(Cc3ccc(C#N)cc3Cl)CC2)c2ccccc21
ZINC001238190980,Cn1c(=O)n(C2CCN(Cc3ccc(Cl)c(C#N)c3)CC2)c2ccccc21
ZINC000768217021,O=c1[nH]c2ccccc2n1C1CCN(Cc2cc(Cl)cc([N+](=O)[O-])c2O)CC1
ZINC001140101234,Cn1c(=O)n(C2CCN(Cc3c(O)cccc3Br)CC2)c2ccccc21
ZINC001140855666,CCN(CC)c1ccc(CN2CCC(n3c(=O)n(C)c4ccccc43)CC2)c(O)c1
ZINC001203645782,Cn1c(=O)n(C2CCN(Cc3cc(Br)ccc3O)CC2)c2ccccc21
ZINC001232269556,COc1cc(O)c(CN2CCC(n3c(=O)n(C)c4ccccc43)CC2)cc1Cl
ZINC001233290151,COc1cc(Cl)cc(CN2CCC(n3c(=O)n(C)c4ccccc43)CC2)c1O
ZINC001233418352,Cn1c(=O)n(C2CCN(Cc3cccc(C(F)(F)F)c3O)CC2)c2ccccc21
ZINC001233454165,Cn1c(=O)n(C2CCN(Cc3ccc(C(F)(F)F)cc3O)CC2)c2ccccc21
ZINC001233761009,Cn1c(=O)n(C2CCN(Cc3cccc(OC(F)(F)F)c3O)CC2)c2ccccc21
ZINC001236769552,O=c1[nH]c2ccccc2n1C1CCN(Cc2cc(O)c(Br)cc2O)CC1
ZINC001236801936,COc1cc(O)c(CN2CCC(n3c(=O)n(C)c4ccccc43)CC2)c(Cl)c1
ZINC001236810900,COc1ccc(CN2CCC(n3c(=O)n(C)c4ccccc43)CC2)c(O)c1Cl
ZINC001237123688,Cn1c(=O)n(C2CCN(Cc3c(O)cccc3OC(F)(F)F)CC2)c2ccccc21
ZINC001237139067,Cn1c(=O)n(C2CCN(Cc3cc(C(F)(F)F)ccc3O)CC2)c2ccccc21
ZINC000003201907,COc1ccc2c(c1)[C@]13CCCC[C@@H]1[C@H](C2)N(C)CC3
ZINC000001280092,CN1CC[C@@]23CCCC[C@@H]2[C@@H]1Cc1ccc(O)cc13
ZINC000001611775,COc1ccc2c(c1)[C@]13CCCC[C@@H]1[C@H](C2)NCC3
ZINC001246446247,CC(C)(C)OC(=O)C(Cc1c[nH]c2ccccc12)NC1CCC(C#N)(c2ccc(F)cc2)CC1
ZINC000179782273,CCOCc1cc(CN2CCC(n3c(=O)[nH]c4ccccc43)CC2)ccc1OC
ZINC000179782315,O=c1[nH]c2ccccc2n1C1CCN(Cc2ccc(OC(F)F)c(F)c2)CC1
ZINC000179783353,COCCCOc1cccc(CN2CCC(n3c(=O)[nH]c4ccccc43)CC2)c1
ZINC000510247676,COC(=O)C(c1cccc(Cl)c1)N1CCC(n2c(=O)[nH]c3ccccc32)CC1
ZINC000510247677,COC(=O)C(c1cccc(Cl)c1)N1CCC(n2c(=O)[nH]c3ccccc32)CC1
ZINC000536096223,COc1ccc([C@@H](CN2CCCC2)NC(=O)Cc2ccc(C)c(OC)c2)cc1
ZINC000413665190,CCOC(C(=O)N[C@H](CN1CCCC1)c1ccc(OC)cc1)c1ccccc1
ZINC000413665193,CCOC(C(=O)N[C@H](CN1CCCC1)c1ccc(OC)cc1)c1ccccc1
ZINC000185236228,O=c1[nH]c2ccccc2n1C1CCN(Cc2ccc([N+](=O)[O-])c(Cl)c2)CC1
ZINC000500386842,COc1ccc([C@@H](CN2CCCC2)NC(=O)Cc2ccc(F)cc2Cl)cc1
ZINC000500392447,COc1ccc([C@@H](CN2CCCC2)NC(=O)C(C)c2cccc(OC)c2)cc1
ZINC000500392449,COc1ccc([C@@H](CN2CCCC2)NC(=O)C(C)c2cccc(OC)c2)cc1
ZINC000500390994,COc1ccc([C@@H](CN2CCCC2)NC(=O)Cc2cc(C)ccc2OC)cc1
ZINC000500393949,CCCOc1cccc(CC(=O)N[C@H](CN2CCCC2)c2ccc(OC)cc2)c1
ZINC000500400617,COc1ccc([C@@H](CN2CCCC2)NC(=O)Cc2ccccc2SC)cc1
ZINC000500412446,COc1ccc([C@@H](CN2CCCC2)NC(=O)Cc2cc(F)c(F)cc2F)cc1
ZINC000651609470,COc1cc(OC)c(CN2CCC(n3c(=O)[nH]c4ccccc43)CC2)cc1F
ZINC000512044291,O=C(Cc1ccccc1Br)N[C@H](CN1CCCC1)c1ccccc1
ZINC000506146016,COc1cc(C)c(CN2CCC(n3c(=O)[nH]c4ccccc43)CC2)cc1OC
ZINC000029177507,O=C(Cc1ccc(Br)cc1)N[C@H](CN1CCCC1)c1ccccc1
ZINC000121796179,COc1cc(CN2CCC(n3c(=O)[nH]c4ccccc43)CC2)ccc1OC(C)C
ZINC000121805069,COc1cccc(CN2CCC(n3c(=O)[nH]c4ccccc43)CC2)c1OC(C)C
ZINC000121810892,CCOc1ccc(CN2CCC(n3c(=O)[nH]c4ccccc43)CC2)cc1OC
ZINC000537728896,COc1ccc([C@@H](CN2CCCC2)NC(=O)Cc2ccccc2OC(C)C)cc1
ZINC000667490745,COC[C@H](C)Oc1ccc(CN2CCC(n3c(=O)[nH]c4ccccc43)CC2)cc1
ZINC000667490746,COC[C@@H](C)Oc1ccc(CN2CCC(n3c(=O)[nH]c4ccccc43)CC2)cc1
ZINC000554848714,COCCOCc1ccc(CN2CCC(n3c(=O)[nH]c4ccccc43)CC2)cc1
ZINC000486895567,COc1ccc([C@@H](CN2CCCC2)NC(=O)Cc2cccc(Cl)c2F)cc1
ZINC000572727840,COc1cc(F)c(CN2CCC(n3c(=O)[nH]c4ccccc43)CC2)cc1OC
ZINC000539930633,COc1ccc([C@@H](CN2CCCC2)NC(=O)Cc2c(F)cccc2Cl)cc1
ZINC000539931851,CCOc1ccc(CC(=O)N[C@H](CN2CCCC2)c2ccc(OC)cc2)cc1
ZINC000540615575,CNC(=O)C(Cc1c[nH]c2ccccc12)NC1CCC(c2ccc(O)cc2)CC1
ZINC000303176003,O=C(Cc1cccc(Br)c1)N[C@H](CN1CCCC1)c1ccccc1
ZINC000068802095,COc1cc(CN2CCC(n3c(=O)[nH]c4ccccc43)CC2)ccc1SC
ZINC000071807914,O=c1[nH]c2ccccc2n1C1CCN(Cc2ccccc2Br)CC1
ZINC000557047672,COc1ccc([C@@H](CN2CCCC2)NC(=O)Cc2cccc(OC(C)C)c2)cc1
ZINC000184675885,COc1cc(Cl)cc(CN2CCC(n3c(=O)[nH]c4ccccc43)CC2)c1O
ZINC000302801703,O=c1[nH]c2ccccc2n1C1CCN(Cc2ccc(Br)cc2)CC1
ZINC001143142482,COc1cc(C)cc(OC)c1CN1CCC(n2c(=O)n(C)c3ccccc32)CC1
ZINC000174052921,CCOc1ccc(C(C)=O)cc1CN1CCC(n2c(=O)[nH]c3ccccc32)CC1
ZINC001144488930,COc1cc(Cl)cc(CN2CCC(n3c(=O)n(C)c4ccccc43)CC2)c1
ZINC001182105322,COc1ccc(C(NC(C)C)C(=O)N[C@H](CN2CCCC2)c2ccccc2)cc1
ZINC001182105325,COc1ccc(C(NC(C)C)C(=O)N[C@H](CN2CCCC2)c2ccccc2)cc1
ZINC000795038982,O=C(N[C@H](CN1CCCC1)c1ccccc1)C(O)c1cccc(C(F)(F)F)c1
ZINC000795038989,O=C(N[C@H](CN1CCCC1)c1ccccc1)C(O)c1cccc(C(F)(F)F)c1
ZINC001137139224,CC(C)Oc1ccccc1CN1CCC(n2c(=O)n(C)c3ccccc32)CC1
ZINC000543746453,COc1ccc([C@@H](CN2CCCC2)NC(=O)Cc2ccc(O)cc2Cl)cc1
ZINC000564290843,COc1ccc(CN2CCC(n3c(=O)[nH]c4ccccc43)CC2)c(C)c1OC
ZINC000191195908,O=c1[nH]c2ccccc2n1C1CCN(Cc2c(O)ccc(Cl)c2F)CC1
ZINC000739517836,O=C(O)C(c1cccc(Cl)c1)N1CCC(n2c(=O)[nH]c3ccccc32)CC1
ZINC000739517838,O=C(O)C(c1cccc(Cl)c1)N1CCC(n2c(=O)[nH]c3ccccc32)CC1
ZINC000637879674,O=c1[nH]c2ccccc2n1C1CCN(Cc2ccccc2OCCCCO)CC1
ZINC001137264921,COc1ccc(Cl)c(CN2CCC(n3c(=O)n(C)c4ccccc43)CC2)c1
ZINC000678129096,CN(C)CCOc1ccc(CN2CCC(n3c(=O)[nH]c4ccccc43)CC2)cc1
ZINC001137503242,COc1cc(CN2CCC(n3c(=O)[nH]c4ccccc43)CC2)cc(F)c1OC
ZINC000783389566,CCOCOc1ccc(CN2CCC(n3c(=O)[nH]c4ccccc43)CC2)cc1
ZINC001137872431,Cn1c(=O)n(C2CCN(Cc3cc(F)cc(F)c3F)CC2)c2ccccc21
ZINC001137891289,Cn1c(=O)n(C2CCN(Cc3cc(F)c(F)cc3F)CC2)c2ccccc21
ZINC001137930180,Cn1c(=O)n(C2CCN(Cc3c(F)ccc(F)c3F)CC2)c2ccccc21
ZINC001137939163,Cn1c(=O)n(C2CCN(Cc3ccc(F)c(F)c3F)CC2)c2ccccc21
ZINC001138235392,Cn1c(=O)n(C2CCN(Cc3c(F)c(F)cc(F)c3F)CC2)c2ccccc21
ZINC001138429096,COc1c(C)cc(CN2CCC(n3c(=O)n(C)c4ccccc43)CC2)cc1C
ZINC001138435622,CCOc1ccc(CN2CCC(n3c(=O)n(C)c4ccccc43)CC2)c(C)c1
ZINC001138442329,COc1cc(C)c(CN2CCC(n3c(=O)n(C)c4ccccc43)CC2)cc1OC
ZINC001138474401,COc1ccc(CN2CCC(n3c(=O)n(C)c4ccccc43)CC2)cc1Cl
ZINC001138481946,COc1ccc(Cl)cc1CN1CCC(n2c(=O)n(C)c3ccccc32)CC1
ZINC001138911502,Cn1c(=O)n(C2CCN(Cc3ccccc3OC(F)F)CC2)c2ccccc21
ZINC001138960690,CCC(=O)Oc1ccc(CN2CCC(n3c(=O)[nH]c4ccccc43)CC2)cc1
ZINC001138986146,CC(C)Oc1cccc(CN2CCC(n3c(=O)n(C)c4ccccc43)CC2)c1
ZINC001139002000,CCCOc1ccccc1CN1CCC(n2c(=O)n(C)c3ccccc32)CC1
ZINC001139604827,CCOc1ccc(C)cc1CN1CCC(n2c(=O)n(C)c3ccccc32)CC1
ZINC001139621691,COc1cc(CN2CCC(n3c(=O)n(C)c4ccccc43)CC2)ccc1Cl
ZINC001140068149,COc1c(Cl)cccc1CN1CCC(n2c(=O)n(C)c3ccccc32)CC1
ZINC001140533245,Cn1c(=O)n(C2CCN(Cc3c(F)cc(F)cc3F)CC2)c2ccccc21
ZINC001140613655,CC(C)NC(=O)c1ccc(CN2CCC(n3c(=O)[nH]c4ccccc43)CC2)cc1
ZINC001140625580,O=c1[nH]c2ccccc2n1C1CCN(Cc2ccc(OC(F)F)c(O)c2)CC1
ZINC001140728558,COc1cccc(Cl)c1CN1CCC(n2c(=O)n(C)c3ccccc32)CC1
ZINC001140822505,COc1ccc(CN2CCC(n3c(=O)n(C)c4ccccc43)CC2)c(Cl)c1
ZINC001142587107,CCOC(=O)c1ccc(CN2CCC(n3c(=O)[nH]c4ccccc43)CC2)cc1
ZINC001142649750,O=C(O)c1cc(Cl)ccc1CN1CCC(n2c(=O)[nH]c3ccccc32)CC1
ZINC001142660581,Cn1c(=O)n(C2CCN(Cc3ccc(Cl)cc3C(=O)O)CC2)c2ccccc21
ZINC001142935159,COc1cc(C)c(CN2CCC(n3c(=O)n(C)c4ccccc43)CC2)c(C)c1
ZINC001143136309,COc1cc(C)cc(OC)c1CN1CCC(n2c(=O)[nH]c3ccccc32)CC1
ZINC001160753704,CC(C)(C)OC(=O)c1cnc(NCCN2CCC(F)(F)CC2)c(Cl)c1
ZINC001203724481,COc1ccc(CN2CCC(n3c(=O)n(C)c4ccccc43)CC2)c(C)c1C
ZINC001203759793,COc1cc(C)c(CN2CCC(n3c(=O)n(C)c4ccccc43)CC2)cc1C
ZINC001203828562,COc1cc(CN2CCC(n3c(=O)[nH]c4ccccc43)CC2)ccc1OC(C)=O
ZINC001204190835,CCOc1cc(CN2CCC(n3c(=O)n(C)c4ccccc43)CC2)ccc1OC
ZINC001204260557,COc1ccc(CN2CCC(n3c(=O)[nH]c4ccccc43)CC2)c(OC)c1C
ZINC001204265097,COc1ccc(CN2CCC(n3c(=O)n(C)c4ccccc43)CC2)c(OC)c1C
ZINC001204307078,CCCOc1ccc(CN2CCC(n3c(=O)n(C)c4ccccc43)CC2)cc1
ZINC001204360872,CCOc1ccc(CN2CCC(n3c(=O)n(C)c4ccccc43)CC2)cc1OC
ZINC001204422705,Cn1c(=O)n(C2CCN(Cc3ccc(OC(F)F)cc3)CC2)c2ccccc21
ZINC001204454843,CC(C)Oc1ccc(CN2CCC(n3c(=O)n(C)c4ccccc43)CC2)cc1
ZINC001204527891,Cn1c(=O)n(C2CCN(Cc3cc(F)c(F)c(F)c3)CC2)c2ccccc21
ZINC001204836294,Cn1c(=O)n(C2CCN(Cc3cccc(OC(F)F)c3)CC2)c2ccccc21
ZINC001205123539,COC(=O)c1ccc(CN2CCC(n3c(=O)[nH]c4ccccc43)CC2)cc1C
ZINC001223015235,C[C@H](CN(C)C)O[C@@H]1c2ccccc2N(C)S(=O)(=O)c2cc(Cl)ccc21
ZINC001223015236,C[C@@H](CN(C)C)O[C@H]1c2ccccc2N(C)S(=O)(=O)c2cc(Cl)ccc21
ZINC001223015238,C[C@@H](CN(C)C)O[C@@H]1c2ccccc2N(C)S(=O)(=O)c2cc(Cl)ccc21
ZINC001223015239,C[C@H](CN(C)C)O[C@H]1c2ccccc2N(C)S(=O)(=O)c2cc(Cl)ccc21
ZINC001223015556,COC[C@H](C)O[C@@H]1c2ccccc2N(C)S(=O)(=O)c2cc(Cl)ccc21
ZINC001223015561,COC[C@H](C)O[C@H]1c2ccccc2N(C)S(=O)(=O)c2cc(Cl)ccc21
ZINC001223016233,CO[C@H](C)CO[C@@H]1c2ccccc2N(C)S(=O)(=O)c2cc(Cl)ccc21
ZINC001223016234,CO[C@H](C)CO[C@H]1c2ccccc2N(C)S(=O)(=O)c2cc(Cl)ccc21
ZINC001223019918,CC(=O)C(C)O[C@@H]1c2ccccc2N(C)S(=O)(=O)c2cc(Cl)ccc21
ZINC001223019919,CC(=O)C(C)O[C@@H]1c2ccccc2N(C)S(=O)(=O)c2cc(Cl)ccc21
ZINC001223019920,CC(=O)C(C)O[C@H]1c2ccccc2N(C)S(=O)(=O)c2cc(Cl)ccc21
ZINC001223019921,CC(=O)C(C)O[C@H]1c2ccccc2N(C)S(=O)(=O)c2cc(Cl)ccc21
ZINC001231506920,COCCCOc1ccc(CN2CCC(n3c(=O)[nH]c4ccccc43)CC2)cc1
ZINC001231705029,COc1ccc(CN2CCC(n3c(=O)[nH]c4ccccc43)CC2)cc1OC(C)=O
ZINC001232149764,CN(C)Cc1cc(F)cc(CN2CCC(n3c(=O)[nH]c4ccccc43)CC2)c1
ZINC001232182775,CC(=O)Nc1ccc(CN2CCC(n3c(=O)[nH]c4ccccc43)CC2)c(C)c1
ZINC001232381483,CCOc1ccc(OC)cc1CN1CCC(n2c(=O)[nH]c3ccccc32)CC1
ZINC001232384052,CCOc1ccc(OC)cc1CN1CCC(n2c(=O)n(C)c3ccccc32)CC1
ZINC001232501251,COc1cc(Cl)ccc1CN1CCC(n2c(=O)n(C)c3ccccc32)CC1
ZINC001232831322,COc1cc(CN2CCC(n3c(=O)[nH]c4ccccc43)CC2)c(OC)cc1C
ZINC001232832769,COc1cc(CN2CCC(n3c(=O)n(C)c4ccccc43)CC2)c(OC)cc1C
ZINC001233296950,COC(=O)/C=C/c1ccc(CN2CCC(n3c(=O)[nH]c4ccccc43)CC2)cc1
ZINC001233398603,COc1ccc(CN2CCC(n3c(=O)[nH]c4ccccc43)CC2)c(Cl)c1O
ZINC001235347225,Cn1c(=O)n(C2CCN(Cc3cc(F)c(F)c(F)c3F)CC2)c2ccccc21
ZINC001235361109,Cc1cc(CN2CCC(n3c(=O)[nH]c4ccccc43)CC2)cc(C)c1OCCO
ZINC001235803152,CCOc1cc(CN2CCC(n3c(=O)n(C)c4ccccc43)CC2)ccc1F
ZINC001236777670,COC(=O)c1cc(F)cc(CN2CCC(n3c(=O)[nH]c4ccccc43)CC2)c1
ZINC001237190733,COc1cccc(CN2CCC(n3c(=O)n(C)c4ccccc43)CC2)c1Cl
ZINC001237483689,CCOC(=O)Cc1ccc(CN2CCC(n3c(=O)[nH]c4ccccc43)CC2)cc1
ZINC001237576757,COc1ccc(OC)c(CN2CCC(n3c(=O)[nH]c4ccccc43)CC2)c1F
ZINC001237634174,CCOc1ccc(CN2CCC(n3c(=O)n(C)c4ccccc43)CC2)c(F)c1
ZINC001237885650,CCOC(=O)c1ccccc1CN1CCC(n2c(=O)[nH]c3ccccc32)CC1
ZINC001237916048,CCOc1cc(F)cc(CN2CCC(n3c(=O)n(C)c4ccccc43)CC2)c1
ZINC001237956356,CCOc1ccc(CN2CCC(n3c(=O)n(C)c4ccccc43)CC2)cc1F
ZINC001237996946,Cn1c(=O)n(C2CCN(Cc3cc(F)c(O)c(Cl)c3)CC2)c2ccccc21
ZINC001238069176,CCOc1cc(CN2CCC(n3c(=O)n(C)c4ccccc43)CC2)ccc1C
ZINC001238151520,Cn1c(=O)n(C2CCN(Cc3cc(Cl)c(O)cc3F)CC2)c2ccccc21
ZINC001238591885,COc1cc(C)cc(F)c1CN1CCC(n2c(=O)n(C)c3ccccc32)CC1
ZINC001238707944,CCOc1ccc(C)c(CN2CCC(n3c(=O)n(C)c4ccccc43)CC2)c1
ZINC001238765179,COc1cc(C)c(C)cc1CN1CCC(n2c(=O)n(C)c3ccccc32)CC1
ZINC001248754112,COc1ccc(CN2CCC(n3c(=O)[nH]c4ccccc43)CC2)c(F)c1OC
ZINC001249377860,COc1cc(CN2CCC(n3c(=O)n(C)c4ccccc43)CC2)ccc1SC
ZINC001249762949,O=C(O)c1c(F)ccc(CN2CCC(n3c(=O)[nH]c4ccccc43)CC2)c1F
ZINC001250054795,CCOc1cc(OC)ccc1CN1CCC(n2c(=O)[nH]c3ccccc32)CC1
ZINC001250063154,CCOc1cc(OC)ccc1CN1CCC(n2c(=O)n(C)c3ccccc32)CC1
ZINC001250108892,COc1cc(F)c(C)cc1CN1CCC(n2c(=O)n(C)c3ccccc32)CC1
ZINC001250181634,CCOc1cc(C)ccc1CN1CCC(n2c(=O)n(C)c3ccccc32)CC1
ZINC001250243688,COc1c(C)ccc(F)c1CN1CCC(n2c(=O)n(C)c3ccccc32)CC1
ZINC001295211681,COc1ccc([C@@H](CN2CCCC2)NC(=O)Cc2ccc(O)c(Cl)c2)cc1
ZINC001319300374,COC(=O)C(c1ccccc1Cl)N1CCC(n2c(=O)[nH]c3ccccc32)CC1
ZINC001319300375,COC(=O)C(c1ccccc1Cl)N1CCC(n2c(=O)[nH]c3ccccc32)CC1
ZINC000500404424,CC[C@@H]1CCCCN1CCNc1ccc(S(=O)(=O)N(C(C)C)C(C)C)cn1
ZINC000500404426,CC[C@H]1CCCCN1CCNc1ccc(S(=O)(=O)N(C(C)C)C(C)C)cn1
ZINC001474406441,COc1cc(F)cc(OC)c1CN1CCC(n2c(=O)[nH]c3ccccc32)CC1
ZINC001474406468,COc1cc(CN2CCC(n3c(=O)[nH]c4ccccc43)CC2)c(Cl)cc1O
ZINC001540337686,O=C(N[C@H](CN1CCCC1)c1ccccc1)C(O)c1cc(Cl)cc(Cl)c1
ZINC001540337689,O=C(N[C@H](CN1CCCC1)c1ccccc1)C(O)c1cc(Cl)cc(Cl)c1
ZINC001540411973,O=C(N[C@H](CN1CCCC1)c1ccccc1)C(O)c1ccccc1C(F)(F)F
ZINC001540411976,O=C(N[C@H](CN1CCCC1)c1ccccc1)C(O)c1ccccc1C(F)(F)F
ZINC001540412344,O=C(N[C@H](CN1CCCC1)c1ccccc1)C(O)c1ccc(C(F)(F)F)cc1
ZINC001540412347,O=C(N[C@H](CN1CCCC1)c1ccccc1)C(O)c1ccc(C(F)(F)F)cc1
ZINC001587056559,O=C(N[C@H](CN1CCCC1)c1ccccc1)C(O)c1ccc(Cl)c(Cl)c1
ZINC001587056562,O=C(N[C@H](CN1CCCC1)c1ccccc1)C(O)c1ccc(Cl)c(Cl)c1
ZINC001593620676,CC(Oc1ccc(F)c(F)c1)C(=O)N[C@@]1(C(=O)O)CC[C@@H](C)c2ccccc21
ZINC001593620677,CC(Oc1ccc(F)c(F)c1)C(=O)N[C@@]1(C(=O)O)CC[C@H](C)c2ccccc21
ZINC001593620678,CC(Oc1ccc(F)c(F)c1)C(=O)N[C@]1(C(=O)O)CC[C@H](C)c2ccccc21
ZINC001593620679,CC(Oc1ccc(F)c(F)c1)C(=O)N[C@]1(C(=O)O)CC[C@@H](C)c2ccccc21
ZINC001594314768,C[C@H]1CC[C@](NC(=O)COc2ccc(F)c(Cl)c2)(C(=O)O)c2ccccc21
ZINC001594314769,C[C@@H]1CC[C@](NC(=O)COc2ccc(F)c(Cl)c2)(C(=O)O)c2ccccc21
ZINC001594314770,C[C@@H]1CC[C@@](NC(=O)COc2ccc(F)c(Cl)c2)(C(=O)O)c2ccccc21
ZINC001594314771,C[C@H]1CC[C@@](NC(=O)COc2ccc(F)c(Cl)c2)(C(=O)O)c2ccccc21
ZINC001596563827,COc1ccc([C@@H](CN2CCCC2)NC(=O)Cc2cc(F)c(C)cc2F)cc1
ZINC001602338110,O=C(O)c1ccc(CN2CCC(n3c(=O)[nH]c4ccccc43)CC2)cc1Cl
ZINC001602357465,O=C(O)c1ccc(Cl)c(CN2CCC(n3c(=O)[nH]c4ccccc43)CC2)c1
ZINC001604701368,C[C@H]1CC[C@@](NC(=O)C(C)(C)Oc2ccc(F)cc2)(C(=O)O)c2ccccc21
ZINC001604701369,C[C@@H]1CC[C@](NC(=O)C(C)(C)Oc2ccc(F)cc2)(C(=O)O)c2ccccc21
ZINC001604701370,C[C@@H]1CC[C@@](NC(=O)C(C)(C)Oc2ccc(F)cc2)(C(=O)O)c2ccccc21
ZINC001604701371,C[C@H]1CC[C@](NC(=O)C(C)(C)Oc2ccc(F)cc2)(C(=O)O)c2ccccc21
ZINC001605123653,CCC(Oc1ccccc1F)C(=O)N[C@@]1(C(=O)O)CC[C@@H](C)c2ccccc21
ZINC001605123654,CCC(Oc1ccccc1F)C(=O)N[C@]1(C(=O)O)CC[C@@H](C)c2ccccc21
ZINC001605123655,CCC(Oc1ccccc1F)C(=O)N[C@@]1(C(=O)O)CC[C@H](C)c2ccccc21
ZINC001605123656,CCC(Oc1ccccc1F)C(=O)N[C@]1(C(=O)O)CC[C@H](C)c2ccccc21
ZINC001607622251,Cc1cc(C)c(OCC(=O)N[C@@]2(C(=O)O)CC[C@@H](C)c3ccccc32)c(C)c1
ZINC001607622253,Cc1cc(C)c(OCC(=O)N[C@]2(C(=O)O)CC[C@@H](C)c3ccccc32)c(C)c1
ZINC001607622254,Cc1cc(C)c(OCC(=O)N[C@]2(C(=O)O)CC[C@H](C)c3ccccc32)c(C)c1
ZINC001607622256,Cc1cc(C)c(OCC(=O)N[C@@]2(C(=O)O)CC[C@H](C)c3ccccc32)c(C)c1
ZINC001608562915,O=C(O)C(c1ccccc1Cl)N1CCC(n2c(=O)[nH]c3ccccc32)CC1
ZINC001608562916,O=C(O)C(c1ccccc1Cl)N1CCC(n2c(=O)[nH]c3ccccc32)CC1
ZINC001608931143,O=C(O)c1cccc(CN2CCC(n3c(=O)[nH]c4ccccc43)CC2)c1Cl
ZINC001610848189,O=C(O)c1cccc(Cl)c1CN1CCC(n2c(=O)[nH]c3ccccc32)CC1
ZINC001632046005,COc1ccc([C@@H](CN2CCCC2)NC(=O)Cc2ccc(F)c(Cl)c2)cc1
ZINC001636593986,COc1ccc([C@@H](CN2CCCC2)NC(=O)Cc2ccc(OC)cc2C)cc1
ZINC001652071538,CN(C)c1c(CN2CCC(n3c(=O)[nH]c4ccccc43)CC2)ccc(F)c1F
ZINC000000607289,CN(C(=O)Cc1ccc(Cl)c(Cl)c1)[C@H](CN1CCCC1)c1ccccc1
ZINC000080250013,C=CCNC(=O)c1ccc(NCCN2CCC(OC)CC2)nc1
ZINC000264857910,C#CCNC(=O)c1ccc(NC[C@H](C)N2CCC[C@@H](C)C2)nc1
ZINC000264857912,C#CCNC(=O)c1ccc(NC[C@H](C)N2CCC[C@H](C)C2)nc1
ZINC000264857913,C#CCNC(=O)c1ccc(NC[C@@H](C)N2CCC[C@@H](C)C2)nc1
ZINC000264857916,C#CCNC(=O)c1ccc(NC[C@@H](C)N2CCC[C@H](C)C2)nc1
ZINC000264878398,C#CCNC(=O)c1ccc(NCCN2CCCC[C@@H]2C)nc1
ZINC000264878400,C#CCNC(=O)c1ccc(NCCN2CCCC[C@H]2C)nc1
ZINC000267175715,CN(C)C1CCN(CCNc2ncc([N+](=O)[O-])cc2C#N)CC1
ZINC000267216074,C#CCNC(=O)c1ccc(N[C@@H](C)CN2CCCCC2)nc1
ZINC000267216076,C#CCNC(=O)c1ccc(N[C@H](C)CN2CCCCC2)nc1
ZINC000267234122,C#CCNC(=O)c1ccc(NCCN2CCC[C@H](C)C2)nc1
ZINC000267234125,C#CCNC(=O)c1ccc(NCCN2CCC[C@@H](C)C2)nc1
ZINC000268543705,CN(C)C1CCN(CCNc2nccc(C#N)c2[N+](=O)[O-])CC1
ZINC000295938683,N#Cc1ccc(C(F)(F)F)nc1NCCN1CCC(O)CC1
ZINC000301241988,C#CCNC(=O)c1ccc(NCCN2CCC(C)CC2)nc1
ZINC000301650651,COC1CCN(CCNc2nccc(C#N)c2[N+](=O)[O-])CC1
ZINC000342818681,CN(C)C1CCN(CCNc2nccc(C#N)c2Cl)CC1
ZINC000349412927,C[C@@H]1CCCCN1[C@@H](C)CNc1nccc(C#N)c1[N+](=O)[O-]
ZINC000349412945,C[C@H](CNc1nccc(C#N)c1[N+](=O)[O-])N1CCCC[C@@H]1C
ZINC000349412946,C[C@H]1CCCCN1[C@@H](C)CNc1nccc(C#N)c1[N+](=O)[O-]
ZINC000349412947,C[C@@H]1CCCCN1[C@H](C)CNc1nccc(C#N)c1[N+](=O)[O-]
ZINC000443942613,CC1(C)CCCN(CCNc2nccc(C#N)c2[N+](=O)[O-])C1
ZINC000443963290,C=CCNC(=O)c1ccc(NCCN2CCCC(C)(C)C2)nc1
ZINC000443968744,CC1(C)CCCN(CCNc2ncc([N+](=O)[O-])cc2C#N)C1
ZINC000450877810,N#Cc1nc(NCCN2CCC(O)CC2)ccc1C(F)(F)F
ZINC000572734334,C[C@H](CNc1ncc([N+](=O)[O-])cc1C#N)N1CCCC[C@@H]1C
ZINC000572734335,C[C@@H]1CCCCN1[C@H](C)CNc1ncc([N+](=O)[O-])cc1C#N
ZINC000596487192,CC1CCN(C[C@@H](C)Nc2nccc(C#N)c2[N+](=O)[O-])CC1
ZINC000596487193,CC1CCN(C[C@H](C)Nc2nccc(C#N)c2[N+](=O)[O-])CC1
ZINC000610573469,COC1CCN(CCNc2ncc([N+](=O)[O-])cc2C#N)CC1
ZINC000651476740,C=CCNC(=O)c1ccc(N(C)CCN2CCCCC2)nc1
ZINC000767441436,C#CCNC(=O)c1ccc(NCCN2CCCC(C)(C)C2)nc1
ZINC000845772284,C#CCNC(=O)c1ccc(N(C)CCN2CCCCC2)nc1
ZINC000853867611,C#CCNC(=O)c1ccc(N[C@@H](C)CN2CCC(C)CC2)nc1
ZINC000853867612,C#CCNC(=O)c1ccc(N[C@H](C)CN2CCC(C)CC2)nc1
ZINC001160753711,COC(=O)c1cc(C#N)cnc1NCCN1CCC(F)(F)CC1
ZINC001161867825,N#Cc1cc(C#N)c(NCCN2CCC(N)CC2)nc1Cl
ZINC000043395650,Cc1ccc(C#N)c(NCCN2CCC(C)CC2)n1
ZINC000048336388,CC1CCN(CCNc2ncc([N+](=O)[O-])cc2C#N)CC1
ZINC000135189118,Cc1ccnc(NCCN2CCC(C)CC2)c1C#N
ZINC000341548578,C[C@@H]1CCCCN1CCNc1nccc(C#N)c1Cl
ZINC000341548586,C[C@H]1CCCCN1CCNc1nccc(C#N)c1Cl
ZINC000891830391,Cc1cc(C#N)nc(NCCN2CCC(C)CC2)c1
ZINC000891838617,Cc1cc(C#N)nc(NCCN2CCC[C@@H](C)C2)c1
ZINC000891838618,Cc1cc(C#N)nc(NCCN2CCC[C@H](C)C2)c1
ZINC000071954245,C[C@@H]1CCCN([C@@H](C)CNc2ncccc2C#N)C1
ZINC000071954246,C[C@H]1CCCN([C@@H](C)CNc2ncccc2C#N)C1
ZINC000065586811,C[C@H]1CCCN(C[C@H](C)Nc2ncccc2C#N)C1
ZINC000065586816,C[C@H]1CCCN(C[C@@H](C)Nc2ccc(C#N)cn2)C1
ZINC000076776254,C[C@H]1CCCN(CCNc2ncc([N+](=O)[O-])cc2C#N)C1
ZINC000343088761,CC1(C)CCCN(CCNc2cc(C#N)ccn2)C1
ZINC000044389430,Cc1cc(C)c(C#N)c(NCCN2CCCCC2)n1
ZINC000079905904,C[C@@H]1CCCN([C@@H](C)CNc2ccc(C#N)cn2)C1
ZINC000080250065,COC1CCN(CCNc2ccc(Cl)c(C#N)n2)CC1
ZINC000343484299,Cc1c(Cl)cnc(NCCN2CCC(C)CC2)c1C#N
ZINC000343541040,Cc1c(Cl)cnc(NCCN2CCC[C@@H](C)C2)c1C#N
ZINC000343541041,Cc1c(Cl)cnc(NCCN2CCC[C@H](C)C2)c1C#N
ZINC000612070402,Cc1c(Cl)cnc(NCCN2CCCCC2)c1C#N
ZINC000167495289,C[C@@H](CN1CCCCC1)Nc1nccc(C#N)c1[N+](=O)[O-]
ZINC000167495399,C[C@H](CN1CCCCC1)Nc1nccc(C#N)c1[N+](=O)[O-]
ZINC000167496249,CC1CCN(CCNc2nccc(C#N)c2[N+](=O)[O-])CC1
ZINC000291631488,Cc1nc(NCCN2CCC(C)CC2)ccc1C#N
ZINC000894405658,Cc1cc(C#N)nc(N(C)CCN2CCCCC2)c1
ZINC000050442465,C[C@H](CN1CCCCC1)Nc1ncc([N+](=O)[O-])cc1C#N
ZINC000050442464,C[C@@H](CN1CCCCC1)Nc1ncc([N+](=O)[O-])cc1C#N
ZINC000079905905,C[C@H]1CCCN([C@@H](C)CNc2ccc(C#N)cn2)C1
ZINC000080249801,COC1CCN(CCNc2ncc(C#N)cc2Cl)CC1
ZINC000160607552,Cc1ccc(C#N)c(NCCN2CCC[C@H](C)C2)n1
ZINC000160607692,Cc1ccc(C#N)c(NCCN2CCC[C@@H](C)C2)n1
ZINC000487929792,Cc1nc(NC[C@@H](C)N2CCC[C@@H](C)C2)ccc1C#N
ZINC000488047124,CC[C@H]1CCCCN1CCNc1ccc(C#N)c(C)n1
ZINC000488047125,CC[C@@H]1CCCCN1CCNc1ccc(C#N)c(C)n1
ZINC000488080148,Cc1nc(N[C@H](C)CN2C[C@@H](C)C[C@H](C)C2)ccc1C#N
ZINC000596487688,CC1CCN(C[C@@H](C)Nc2cccc(C#N)n2)CC1
ZINC000596487689,CC1CCN(C[C@H](C)Nc2cccc(C#N)n2)CC1
ZINC000596487282,Cc1nc(N[C@H](C)CN2CCC(C)CC2)ccc1C#N
ZINC000596487284,Cc1nc(N[C@@H](C)CN2CCC(C)CC2)ccc1C#N
ZINC000596488209,CC1CCN(C[C@@H](C)Nc2ncccc2C#N)CC1
ZINC000596488210,CC1CCN(C[C@H](C)Nc2ncccc2C#N)CC1
ZINC000596489844,CC1CCN(C[C@@H](C)Nc2cc(C#N)ccn2)CC1
ZINC000596489846,CC1CCN(C[C@H](C)Nc2cc(C#N)ccn2)CC1
ZINC000076776251,C[C@@H]1CCCN(CCNc2ncc([N+](=O)[O-])cc2C#N)C1
ZINC000593516149,Cc1cc(C)c(C#N)c(N(C)CCN2CCCCC2)n1
ZINC000593516181,Cc1ccnc(N(C)CCN2CCCCC2)c1C#N
ZINC000593516708,CN(CCN1CCCCC1)c1ncc(C#N)cc1F
ZINC000593516478,Cc1ccc(C#N)c(N(C)CCN2CCCCC2)n1
ZINC000593516638,Cc1nc(N(C)CCN2CCCCC2)ccc1C#N
ZINC000596296462,Cc1ccc(C#N)nc1N(C)CCN1CCCCC1
ZINC000443965442,CC1(C)CCCN(CCNc2ncccc2C#N)C1
ZINC000443967976,CC1(C)CCCN(CCNc2cccc(C#N)n2)C1
ZINC000487725689,Cc1nc(NCCN2CCCC(C)(C)C2)ccc1C#N
ZINC000487918984,Cc1nc(NC[C@@H](C)N2CCCC[C@H]2C)ccc1C#N
ZINC000487918985,Cc1nc(NC[C@H](C)N2CCCC[C@H]2C)ccc1C#N
ZINC000487918986,Cc1nc(NC[C@@H](C)N2CCCC[C@@H]2C)ccc1C#N
ZINC000487918990,Cc1nc(NC[C@H](C)N2CCCC[C@@H]2C)ccc1C#N
ZINC000487929793,Cc1nc(NC[C@H](C)N2CCC[C@@H](C)C2)ccc1C#N
ZINC000487929795,Cc1nc(NC[C@@H](C)N2CCC[C@H](C)C2)ccc1C#N
ZINC000487929796,Cc1nc(NC[C@H](C)N2CCC[C@H](C)C2)ccc1C#N
ZINC000488056183,Cc1nc(N[C@H](C)CN2CCC[C@@H](C)C2)ccc1C#N
ZINC000488056185,Cc1nc(N[C@@H](C)CN2CCC[C@@H](C)C2)ccc1C#N
ZINC000488056187,Cc1nc(N[C@H](C)CN2CCC[C@H](C)C2)ccc1C#N
ZINC000488056189,Cc1nc(N[C@@H](C)CN2CCC[C@H](C)C2)ccc1C#N
ZINC000488080147,Cc1nc(N[C@H](C)CN2C[C@H](C)C[C@H](C)C2)ccc1C#N
ZINC000488080149,Cc1nc(N[C@H](C)CN2C[C@H](C)C[C@@H](C)C2)ccc1C#N
ZINC000488080150,Cc1nc(N[C@@H](C)CN2C[C@H](C)C[C@H](C)C2)ccc1C#N
ZINC000195666959,C[C@@H]1CCCN([C@H](C)CNc2ncccc2C#N)C1
ZINC000273312370,Cc1ccnc(NCCN2CCC[C@@H](C)C2)c1C#N
ZINC000273312375,Cc1ccnc(NCCN2CCC[C@H](C)C2)c1C#N
ZINC000301121869,C[C@@H]1CCCN(C[C@H](C)Nc2ccc(C#N)cn2)C1
ZINC000301121867,C[C@@H]1CCCN(C[C@@H](C)Nc2ccc(C#N)cn2)C1
ZINC000301121871,C[C@H]1CCCN(C[C@H](C)Nc2ccc(C#N)cn2)C1
ZINC000301278645,C[C@@H]1CCCN([C@@H](C)CNc2cccc(C#N)n2)C1
ZINC000301278644,C[C@@H]1CCCN([C@H](C)CNc2cccc(C#N)n2)C1
ZINC000301278647,C[C@H]1CCCN([C@@H](C)CNc2cccc(C#N)n2)C1
ZINC000301278646,C[C@H]1CCCN([C@H](C)CNc2cccc(C#N)n2)C1
ZINC000252137429,C[C@H]1CCCN([C@H](C)CNc2ncccc2C#N)C1
ZINC000080249728,COC1CCN(CCNc2nc(C)cc(C)c2C#N)CC1
ZINC000429202121,C[C@@H]1CCCN(CCNc2nccc(C#N)c2Cl)C1
ZINC000429202122,C[C@H]1CCCN(CCNc2nccc(C#N)c2Cl)C1
ZINC000611399233,Cc1ccc(C#N)nc1NCCN1CCC(C)CC1
ZINC000611399515,Cc1ccc(C#N)nc1NCCN1CCC[C@@H](C)C1
ZINC000611399516,Cc1ccc(C#N)nc1NCCN1CCC[C@H](C)C1
ZINC001324085363,C[C@@H](CN1CCCCC1)Nc1cccc(CC#N)n1
ZINC000339004078,C[C@@H]1CCCCN1[C@H](C)CNc1ccc(C#N)cn1
ZINC000339004080,C[C@H](CNc1ccc(C#N)cn1)N1CCCC[C@@H]1C
ZINC000268520005,C[C@@H]1CCCN(CCNc2nccc(C#N)c2[N+](=O)[O-])C1
ZINC000268520008,C[C@H]1CCCN(CCNc2nccc(C#N)c2[N+](=O)[O-])C1
ZINC000270031800,C[C@@H]1CCCN(C[C@@H](C)Nc2cccc(C#N)n2)C1
ZINC000270031802,C[C@@H]1CCCN(C[C@H](C)Nc2cccc(C#N)n2)C1
ZINC000270031805,C[C@H]1CCCN(C[C@@H](C)Nc2cccc(C#N)n2)C1
ZINC000270031808,C[C@H]1CCCN(C[C@H](C)Nc2cccc(C#N)n2)C1
ZINC000286219159,C[C@@H]1CCCN([C@@H](C)CNc2cc(C#N)ccn2)C1
ZINC000286219156,C[C@@H]1CCCN([C@H](C)CNc2cc(C#N)ccn2)C1
ZINC000286219163,C[C@H]1CCCN([C@H](C)CNc2cc(C#N)ccn2)C1
ZINC000286219165,C[C@H]1CCCN([C@@H](C)CNc2cc(C#N)ccn2)C1
ZINC000291615501,Cc1nc(NCCN2CCC[C@@H](C)C2)ccc1C#N
ZINC000291615503,Cc1nc(NCCN2CCC[C@H](C)C2)ccc1C#N
ZINC000298739316,C[C@@H]1CCCN([C@H](C)CNc2ccc(C#N)cn2)C1
ZINC000298739317,C[C@H]1CCCN([C@H](C)CNc2ccc(C#N)cn2)C1
ZINC000299068602,C[C@@H]1CCCN(C[C@@H](C)Nc2ncccc2C#N)C1
ZINC000299068605,C[C@@H]1CCCN(C[C@H](C)Nc2ncccc2C#N)C1
ZINC000299068608,C[C@H]1CCCN(C[C@@H](C)Nc2ncccc2C#N)C1
ZINC000413056154,CC1CCN(CCNc2ncc(C#N)cc2F)CC1
ZINC000413062147,C[C@@H]1CCCN(CCNc2ncc(C#N)cc2F)C1
ZINC000413062148,C[C@H]1CCCN(CCNc2ncc(C#N)cc2F)C1
ZINC000413090811,C[C@H](CN1CCCCC1)Nc1ncc(C#N)cc1F
ZINC000413090813,C[C@@H](CN1CCCCC1)Nc1ncc(C#N)cc1F
ZINC001160746989,Cc1ccc(C#N)c(NCCN2CCC(F)(F)CC2)n1
ZINC001160747024,N#Cc1ccc(NCCN2CCC(F)(F)CC2)nc1
ZINC001160747037,COc1cc(NCCN2CCC(F)(F)CC2)ncc1C#N
ZINC001160747356,Cc1cnc(NCCN2CCC(F)(F)CC2)c(C#N)c1
ZINC001160748302,N#Cc1cc(F)cnc1NCCN1CCC(F)(F)CC1
ZINC001160748304,Cc1ccnc(NCCN2CCC(F)(F)CC2)c1C#N
ZINC001160748324,N#Cc1cccnc1NCCN1CCC(F)(F)CC1
ZINC001160748824,COc1ccnc(NCCN2CCC(F)(F)CC2)c1C#N
ZINC001160749034,Cc1ccc(NCCN2CCC(F)(F)CC2)nc1C#N
ZINC001160749100,COc1cc(C#N)nc(NCCN2CCC(F)(F)CC2)c1
ZINC001160749421,N#Cc1c(F)ccnc1NCCN1CCC(F)(F)CC1
ZINC001160752105,Cc1nc(NCCN2CCC(F)(F)CC2)ccc1C#N
ZINC001160752772,Cc1cnc(NCCN2CCC(F)(F)CC2)c(C=NO)c1
ZINC001160752800,N#Cc1cnc(NCCN2CCC(F)(F)CC2)c(F)c1
ZINC001160753651,Cc1cc(C#N)cc(NCCN2CCC(F)(F)CC2)n1
ZINC001320655792,C[C@@H]1CCCN(CCNc2cccc(CC#N)n2)C1
ZINC001320655793,C[C@H]1CCCN(CCNc2cccc(CC#N)n2)C1
ZINC001322617131,CC1CCN(CCNc2cccc(CC#N)n2)CC1
ZINC001324085362,C[C@H](CN1CCCCC1)Nc1cccc(CC#N)n1
ZINC001327281398,CN(CCN1CCCCC1)c1cccc(CC#N)n1
ZINC001354131398,COC1CCN(CCNc2cc(C#N)cc(Cl)n2)CC1
ZINC000157557057,CC[C@@H]1CCCCN1CCNc1cccc(C)n1
ZINC000157557201,CC[C@H]1CCCCN1CCNc1cccc(C)n1
ZINC000301619364,CC[C@H]1CCCCN1CCNc1cc(C)ccn1
ZINC000301619365,CC[C@@H]1CCCCN1CCNc1cc(C)ccn1
ZINC000040149680,O=c1[nH]c2ccccc2n1C1CCN(Cc2ccc(OCC(F)(F)F)cc2)CC1
ZINC000056281902,O=c1[nH]c2ccccc2n1C1CCN(Cc2cccc(OCC(F)(F)F)c2)CC1
ZINC000065209116,O=c1[nH]c2ccccc2n1C1CCN(Cc2cc(Br)ccc2F)CC1
ZINC000071964735,O=c1[nH]c2ccccc2n1C1CCN(Cc2ccc(F)c(Br)c2)CC1
ZINC000105147745,O=c1[nH]c2ccccc2n1C1CCN(Cc2ccc(Br)cc2F)CC1
ZINC000431513951,O=C(Cc1cccc(OCC(F)(F)F)c1)N[C@H](CN1CCCC1)c1ccccc1
ZINC000481901206,COc1c(Br)cccc1CN1CCC(n2c(=O)[nH]c3ccccc32)CC1
ZINC000482818698,O=c1[nH]c2ccccc2n1C1CCN(Cc2cc(F)cc(Br)c2)CC1
ZINC000506124061,COc1ccc(CN2CCC(n3c(=O)[nH]c4ccccc43)CC2)c(OC(F)F)c1
ZINC000506127170,O=c1[nH]c2ccccc2n1C1CCN(Cc2cc(F)ccc2Br)CC1
ZINC000506135094,O=c1[nH]c2ccccc2n1C1CCN(Cc2ccc(F)cc2Br)CC1
ZINC000506135875,COc1ccc(CN2CCC(n3c(=O)[nH]c4ccccc43)CC2)cc1OC(F)F
ZINC000506138695,COc1cc(CN2CCC(n3c(=O)[nH]c4ccccc43)CC2)cc(Cl)c1OC
ZINC000506139442,COc1ccc(OC(F)F)c(CN2CCC(n3c(=O)[nH]c4ccccc43)CC2)c1
ZINC000506140761,COc1cccc(CN2CCC(n3c(=O)[nH]c4ccccc43)CC2)c1OC(F)F
ZINC000506149506,COc1ccc(CN2CCC(n3c(=O)[nH]c4ccccc43)CC2)cc1Br
ZINC000506150216,COc1cc(CN2CCC(n3c(=O)[nH]c4ccccc43)CC2)ccc1OC(F)F
ZINC000506152204,COc1cc(CN2CCC(n3c(=O)[nH]c4ccccc43)CC2)c(SC)cc1OC
ZINC000506159383,COc1ccc(CN2CCC(n3c(=O)[nH]c4ccccc43)CC2)c(Cl)c1OC
ZINC000534333242,COc1ccc(Br)c(CN2CCC(n3c(=O)[nH]c4ccccc43)CC2)c1
ZINC000538830950,COc1ccc([C@@H](CN2CCCC2)NC(=O)Cc2cccc(C(F)(F)F)c2)cc1
ZINC000538979501,O=c1[nH]c2ccccc2n1C1CCN(Cc2c(F)cccc2Br)CC1
ZINC000539930976,COc1ccc([C@@H](CN2CCCC2)NC(=O)Cc2ccccc2C(F)(F)F)cc1
ZINC000539931845,COc1ccc([C@@H](CN2CCCC2)NC(=O)Cc2ccc(C(F)(F)F)cc2)cc1
ZINC000567519303,COc1ccc(CN2CCC(n3c(=O)[nH]c4ccccc43)CC2)c(Br)c1
ZINC000614579819,O=C(Cc1ccc(F)c(Br)c1)N[C@H](CN1CCCC1)c1ccccc1
ZINC000752281980,CN(C)C(=O)Sc1cccc(CN2CCC(n3c(=O)[nH]c4ccccc43)CC2)c1
ZINC001135443754,Cc1cccc(CC(=O)N[C@H](CN2CCCC2)c2ccccc2)c1Br
ZINC001135612647,O=C(Cc1cc(F)ccc1Br)N[C@H](CN1CCCC1)c1ccccc1
ZINC001135613782,COc1ccc(Cl)cc1C(F)(F)C(=O)N[C@H](CN1CCCC1)c1ccccc1
ZINC001137385226,Cc1ccc(Br)c(CN2CCC(n3c(=O)n(C)c4ccccc43)CC2)c1
ZINC001137466689,Cn1c(=O)n(C2CCN(Cc3c(F)cccc3Br)CC2)c2ccccc21
ZINC001137548651,Cn1c(=O)n(C2CCN(Cc3ccc(F)cc3Br)CC2)c2ccccc21
ZINC001137558116,Cn1c(=O)n(C2CCN(Cc3ccc(F)c(Br)c3)CC2)c2ccccc21
ZINC001137616455,Cc1cc(CN2CCC(n3c(=O)n(C)c4ccccc43)CC2)ccc1Br
ZINC001137627689,COc1ccc([C@@H](CN2CCCC2)NC(=O)Cc2c(Cl)cccc2Cl)cc1
ZINC001137718217,O=c1[nH]c2ccccc2n1C1CCN(Cc2cccc(F)c2Br)CC1
ZINC001137721289,Cn1c(=O)n(C2CCN(Cc3cccc(F)c3Br)CC2)c2ccccc21
ZINC001137807124,Cc1ccc(CN2CCC(n3c(=O)n(C)c4ccccc43)CC2)c(Br)c1
ZINC001137864792,Cn1c(=O)n(C2CCN(Cc3cc(F)cc(C(F)(F)F)c3)CC2)c2ccccc21
ZINC001138011467,Cn1c(=O)n(C2CCN(Cc3cccc(C(F)(F)F)c3F)CC2)c2ccccc21
ZINC001138092412,Cn1c(=O)n(C2CCN(Cc3cc(F)ccc3C(F)(F)F)CC2)c2ccccc21
ZINC001138477632,COc1c(Cl)cc(CN2CCC(n3c(=O)n(C)c4ccccc43)CC2)cc1Cl
ZINC001138742645,COc1cc(Cl)cc(CN2CCC(n3c(=O)[nH]c4ccccc43)CC2)c1OC
ZINC001138849075,COc1cc(OC(F)(F)F)ccc1CN1CCC(n2c(=O)[nH]c3ccccc32)CC1
ZINC001139174957,Cn1c(=O)n(C2CCN(Cc3cc(F)cc(Br)c3)CC2)c2ccccc21
ZINC001139533356,O=c1[nH]c2ccccc2n1C1CCN(Cc2cccc(Br)c2F)CC1
ZINC001139533368,Cn1c(=O)n(C2CCN(Cc3cccc(Br)c3F)CC2)c2ccccc21
ZINC001139730281,Cc1ccc(CN2CCC(n3c(=O)n(C)c4ccccc43)CC2)cc1Br
ZINC001140213233,Cn1c(=O)n(C2CCN(Cc3ccc(Br)c(F)c3)CC2)c2ccccc21
ZINC001140550533,O=c1[nH]c2ccccc2n1C1CCN(Cc2cccc(O)c2Br)CC1
ZINC001140649280,Cc1ccc(Br)cc1CN1CCC(n2c(=O)n(C)c3ccccc32)CC1
ZINC001140816927,Cc1cc(Br)ccc1CN1CCC(n2c(=O)n(C)c3ccccc32)CC1
ZINC001140834614,Cn1c(=O)n(C2CCN(Cc3cc(Cl)c(O)c(Cl)c3)CC2)c2ccccc21
ZINC001140886851,Cn1c(=O)n(C2CCN(Cc3ccc(OC(F)(F)F)c(F)c3)CC2)c2ccccc21
ZINC001140964293,Cc1cc(OC(F)(F)F)ccc1CN1CCC(n2c(=O)n(C)c3ccccc32)CC1
ZINC001141092121,Cc1cccc(CN2CCC(n3c(=O)n(C)c4ccccc43)CC2)c1Br
ZINC001141201659,COc1ccc(C(F)(F)F)cc1CN1CCC(n2c(=O)n(C)c3ccccc32)CC1
ZINC001141610966,COc1cc(C(F)(F)F)ccc1CN1CCC(n2c(=O)n(C)c3ccccc32)CC1
ZINC001142114372,Cn1c(=O)n(C2CCN(Cc3c(Cl)cc(O)cc3Cl)CC2)c2ccccc21
ZINC001142200945,Cn1c(=O)n(C2CCN(Cc3ccc(C(=O)OC(C)(C)C)cc3)CC2)c2ccccc21
ZINC001142293444,COc1cc(Cl)c(CN2CCC(n3c(=O)n(C)c4ccccc43)CC2)c(Cl)c1
ZINC001143261994,Cn1c(=O)n(C2CCN(Cc3cc(F)cc(OC(F)(F)F)c3)CC2)c2ccccc21
ZINC001143349493,COc1cc(CN2CCC(n3c(=O)n(C)c4ccccc43)CC2)ccc1C(F)(F)F
ZINC001143441750,Cn1c(=O)n(C2CCN(Cc3ccc(F)c(OC(F)(F)F)c3)CC2)c2ccccc21
ZINC001143468666,Cc1cc(CN2CCC(n3c(=O)n(C)c4ccccc43)CC2)cc(OC(F)(F)F)c1
ZINC001143479001,COc1ccc(CN2CCC(n3c(=O)n(C)c4ccccc43)CC2)c(C(F)(F)F)c1
ZINC001143517917,COc1cc(CN2CCC(n3c(=O)n(C)c4ccccc43)CC2)cc(C(F)(F)F)c1
ZINC001143544230,Cn1c(=O)n(C2CCN(Cc3cc(OC(F)(F)F)ccc3F)CC2)c2ccccc21
ZINC001143644802,COc1ccc(CN2CCC(n3c(=O)n(C)c4ccccc43)CC2)cc1C(F)(F)F
ZINC001143741946,CCOc1c(F)cc(CN2CCC(n3c(=O)n(C)c4ccccc43)CC2)cc1Cl
ZINC001143791340,Cn1c(=O)n(C2CCN(Cc3ccc(OC(F)(F)F)cc3F)CC2)c2ccccc21
ZINC001143831427,CCOc1c(Cl)ccc(CN2CCC(n3c(=O)n(C)c4ccccc43)CC2)c1F
ZINC001143870505,COc1ccc(CN2CCC(n3c(=O)[nH]c4ccccc43)CC2)cc1OC(F)(F)F
ZINC001143998177,COc1ccc(OC(F)(F)F)cc1CN1CCC(n2c(=O)[nH]c3ccccc32)CC1
ZINC001144046185,COc1ccc(CN2CCC(n3c(=O)[nH]c4ccccc43)CC2)c(OC(F)(F)F)c1
ZINC001144218482,Cc1cc(Br)cc(CN2CCC(n3c(=O)n(C)c4ccccc43)CC2)c1
ZINC001144224649,COc1cc(CN2CCC(n3c(=O)[nH]c4ccccc43)CC2)ccc1Br
ZINC001151337022,COc1ccc([C@@H](CN2CCCC2)NC(=O)Cc2cccc(OC(F)(F)F)c2)cc1
ZINC001204415503,Cn1c(=O)n(C2CCN(Cc3ccc(OC(F)(F)F)cc3)CC2)c2ccccc21
ZINC001204425107,Cn1c(=O)n(C2CCN(Cc3ccccc3OC(F)(F)F)CC2)c2ccccc21
ZINC001204431857,Cn1c(=O)n(C2CCN(Cc3cccc(OC(F)(F)F)c3)CC2)c2ccccc21
ZINC001204467105,Cn1c(=O)n(C2CCN(Cc3c(F)cccc3C(F)(F)F)CC2)c2ccccc21
ZINC001204472608,Cn1c(=O)n(C2CCN(Cc3ccc(C(F)(F)F)cc3F)CC2)c2ccccc21
ZINC001204473906,Cn1c(=O)n(C2CCN(Cc3cc(C(F)(F)F)ccc3F)CC2)c2ccccc21
ZINC001204482948,Cn1c(=O)n(C2CCN(Cc3ccc(F)cc3C(F)(F)F)CC2)c2ccccc21
ZINC001204484255,Cn1c(=O)n(C2CCN(Cc3ccc(F)c(C(F)(F)F)c3)CC2)c2ccccc21
ZINC001204496880,Cn1c(=O)n(C2CCN(Cc3cc(Br)ccc3F)CC2)c2ccccc21
ZINC001204540092,Cn1c(=O)n(C2CCN(Cc3cc(F)ccc3Br)CC2)c2ccccc21
ZINC001204553683,Cn1c(=O)n(C2CCN(Cc3ccc(Br)cc3F)CC2)c2ccccc21
ZINC001204886697,Cn1c(=O)n(C2CCN(Cc3ccc(C(F)(F)F)c(F)c3)CC2)c2ccccc21
ZINC001223015213,CCC(=O)C(CC)O[C@@H]1c2ccccc2N(C)S(=O)(=O)c2cc(Cl)ccc21
ZINC001223015214,CCC(=O)C(CC)O[C@H]1c2ccccc2N(C)S(=O)(=O)c2cc(Cl)ccc21
ZINC001223015216,CCC(=O)C(CC)O[C@H]1c2ccccc2N(C)S(=O)(=O)c2cc(Cl)ccc21
ZINC001223015218,CCC(=O)C(CC)O[C@@H]1c2ccccc2N(C)S(=O)(=O)c2cc(Cl)ccc21
ZINC001223018100,CCN(CC)C[C@H](C)O[C@H]1c2ccccc2N(C)S(=O)(=O)c2cc(Cl)ccc21
ZINC001223018111,CCN(CC)C[C@@H](C)O[C@@H]1c2ccccc2N(C)S(=O)(=O)c2cc(Cl)ccc21
ZINC001223018123,CCN(CC)C[C@@H](C)O[C@H]1c2ccccc2N(C)S(=O)(=O)c2cc(Cl)ccc21
ZINC001223018127,CCN(CC)C[C@H](C)O[C@@H]1c2ccccc2N(C)S(=O)(=O)c2cc(Cl)ccc21
ZINC001223019856,CCCOC[C@@H](C)O[C@@H]1c2ccccc2N(C)S(=O)(=O)c2cc(Cl)ccc21
ZINC001223019859,CCCOC[C@H](C)O[C@@H]1c2ccccc2N(C)S(=O)(=O)c2cc(Cl)ccc21
ZINC001223019865,CCCOC[C@@H](C)O[C@H]1c2ccccc2N(C)S(=O)(=O)c2cc(Cl)ccc21
ZINC001223019869,CCCOC[C@H](C)O[C@H]1c2ccccc2N(C)S(=O)(=O)c2cc(Cl)ccc21
ZINC001231527684,COc1cc(CN2CCC(n3c(=O)[nH]c4ccccc43)CC2)ccc1OC(=O)C(C)C
ZINC001231698687,COc1cc(Cl)c(CN2CCC(n3c(=O)[nH]c4ccccc43)CC2)c(OC)c1
ZINC001232371066,COc1cc(CN2CCC(n3c(=O)[nH]c4ccccc43)CC2)c(OC)cc1Cl
ZINC001232590301,CCOC(=O)c1ccc(CN2CCC(n3c(=O)[nH]c4ccccc43)CC2)c(Cl)c1
ZINC001232631195,O=c1[nH]c2ccccc2n1C1CCN(Cc2cc(F)c(O)c(Br)c2)CC1
ZINC001232631650,Cn1c(=O)n(C2CCN(Cc3ccc(Cl)c(O)c3Cl)CC2)c2ccccc21
ZINC001232992851,O=c1[nH]c2ccccc2n1C1CCN(Cc2cc(O)cc(Br)c2)CC1
ZINC001233213455,COc1cc(Br)cc(CN2CCC(n3c(=O)[nH]c4ccccc43)CC2)c1
ZINC001234431819,Cn1c(=O)n(C2CCN(Cc3cc(Cl)ccc3OC(F)F)CC2)c2ccccc21
ZINC001234892038,CCOC(OCC)c1ccc(CN2CCC(n3c(=O)n(C)c4ccccc43)CC2)cc1
ZINC001235429498,Nc1ccc(OC(F)(F)F)cc1CN1CCC(n2c(=O)[nH]c3ccccc32)CC1
ZINC001235668987,O=c1[nH]c2ccccc2n1C1CCN(Cc2ccc(O)c(OC(F)(F)F)c2)CC1
ZINC001236606151,Cc1c(Br)cccc1CN1CCC(n2c(=O)n(C)c3ccccc32)CC1
ZINC001236672092,COc1cccc(Br)c1CN1CCC(n2c(=O)[nH]c3ccccc32)CC1
ZINC001236684859,O=c1[nH]c2ccccc2n1C1CCN(Cc2ccc(Br)c(O)c2)CC1
ZINC001236724718,O=c1[nH]c2ccccc2n1C1CCN(Cc2ccc(O)cc2OC(F)(F)F)CC1
ZINC001237273326,COc1cc(CN2CCC(n3c(=O)n(C)c4ccccc43)CC2)ccc1C(F)F
ZINC001237297486,Cc1cc(Br)c(CN2CCC(n3c(=O)[nH]c4ccccc43)CC2)cc1O
ZINC001237398503,Cn1c(=O)n(C2CCN(Cc3ccccc3NC(=O)C(C)(C)C)CC2)c2ccccc21
ZINC001237859854,COc1cccc(CN2CCC(n3c(=O)[nH]c4ccccc43)CC2)c1Br
ZINC001238046157,CCOC(=O)c1c(Cl)cccc1CN1CCC(n2c(=O)[nH]c3ccccc32)CC1
ZINC001238056949,COc1ccc(C(F)(F)F)c(CN2CCC(n3c(=O)n(C)c4ccccc43)CC2)c1
ZINC001238309440,O=c1[nH]c2ccccc2n1C1CCN(Cc2c(Br)ccc(O)c2F)CC1
ZINC001238533488,CC(C)Oc1c(F)ccc(CN2CCC(n3c(=O)n(C)c4ccccc43)CC2)c1F
ZINC001238750351,CC(C)Oc1c(CN2CCC(n3c(=O)n(C)c4ccccc43)CC2)ccc(F)c1F
ZINC001248613524,Cc1cccc(Br)c1CN1CCC(n2c(=O)n(C)c3ccccc32)CC1
ZINC001248641121,COc1c(CN2CCC(n3c(=O)n(C)c4ccccc43)CC2)ccc(Cl)c1Cl
ZINC001248797649,COc1ccc(CN2CCC(n3c(=O)[nH]c4ccccc43)CC2)c(OC)c1Cl
ZINC001249796233,COc1cc(CN2CCC(n3c(=O)n(C)c4ccccc43)CC2)c(F)c(F)c1Cl
ZINC001249983593,COc1cc(CN2CCC(n3c(=O)[nH]c4ccccc43)CC2)ccc1OC(F)(F)F
ZINC001250147195,CC(C)Oc1cc(F)c(CN2CCC(n3c(=O)n(C)c4ccccc43)CC2)c(F)c1
ZINC001290116527,O=C(Cc1cc(Br)ccc1F)N[C@H](CN1CCCC1)c1ccccc1
ZINC001440533135,Cc1cc(Br)ccc1CC(=O)N[C@H](CN1CCCC1)c1ccccc1
ZINC001440539397,Cc1c(Br)cccc1CC(=O)N[C@H](CN1CCCC1)c1ccccc1
ZINC001440541214,O=C(Cc1ccc(F)cc1Br)N[C@H](CN1CCCC1)c1ccccc1
ZINC001446346391,COc1ccc([C@@H](CN2CCCC2)NC(=O)Cc2ccc(OCC(C)C)cc2)cc1
ZINC001446353407,CCOc1c(Cl)cccc1CC(=O)N[C@H](CN1CCCC1)c1ccc(OC)cc1
ZINC001463638626,O=C(Cc1ccc(Br)c(F)c1)N[C@H](CN1CCCC1)c1ccccc1
ZINC001466170288,COc1ccc([C@@H](CN2CCCC2)NC(=O)Cc2cc(Cl)cc(Cl)c2)cc1
ZINC001466170994,COc1ccc([C@@H](CN2CCCC2)NC(=O)Cc2ccc(Cl)c(Cl)c2)cc1
ZINC001466171071,COc1ccc([C@@H](CN2CCCC2)NC(=O)Cc2cccc(Cl)c2Cl)cc1
ZINC001466171820,COc1ccc([C@@H](CN2CCCC2)NC(=O)C(F)(F)c2ccc(Cl)cc2)cc1
ZINC001534735987,CC(=O)c1cc(Br)ccc1OCC(=O)N[C@@]1(C)CCCc2ccccc21
ZINC001534735988,CC(=O)c1cc(Br)ccc1OCC(=O)N[C@]1(C)CCCc2ccccc21
ZINC001540337706,O=C(N[C@H](CN1CCCC1)c1ccccc1)C(F)(F)c1ccc(Br)cc1
ZINC001545890834,COc1ccc([C@@H](CN2CCCC2)NC(=O)C(F)(F)c2c(F)cccc2F)cc1
ZINC001560722389,CCOc1cc(CN2CCC(n3c(=O)[nH]c4ccccc43)CC2)cc(Cl)c1O
ZINC001566501404,COc1ccc([C@@H](CN2CCCC2)NC(=O)Cc2cc(Cl)ccc2Cl)cc1
ZINC001587055870,O=C(Cc1ccc(Br)cc1F)N[C@H](CN1CCCC1)c1ccccc1
ZINC001587056437,COC(C(=O)N[C@H](CN1CCCC1)c1ccccc1)c1ccccc1Br
ZINC001587056439,COC(C(=O)N[C@H](CN1CCCC1)c1ccccc1)c1ccccc1Br
ZINC001623324532,CCOc1ccccc1C(F)(F)C(=O)N[C@H](CN1CCCC1)c1ccc(OC)cc1
ZINC001623326342,COc1ccc([C@@H](CN2CCCC2)NC(=O)Cc2ccc(Cl)cc2Cl)cc1
ZINC001628461209,O=C(N[C@H](CN1CCCC1)c1ccccc1)C(F)(F)c1ccccc1Br
ZINC001628461220,Cc1ccc(Br)cc1CC(=O)N[C@H](CN1CCCC1)c1ccccc1
ZINC001628461266,Cc1ccc(CC(=O)N[C@H](CN2CCCC2)c2ccccc2)cc1Br
ZINC001658684129,COc1cc(Cl)c(CN2CCC(n3c(=O)[nH]c4ccccc43)CC2)cc1OC
ZINC000506126055,O=c1[nH]c2ccccc2n1C1CCN(Cc2cc([N+](=O)[O-])ccc2OC(F)F)CC1
ZINC000609193544,CC(C)Oc1ccc([N+](=O)[O-])cc1CN1CCC(n2c(=O)[nH]c3ccccc32)CC1
ZINC000004102214,CCC[C@](C)(O)[C@H]1C[C@@]23C=C[C@]1(OC)[C@@H]1Oc4c(O)ccc5c4[C@@]12CCN(C)[C@@H]3C5
ZINC000005561290,CCC[C@@](C)(O)[C@H]1C[C@@]23C=C[C@]1(OC)[C@@H]1Oc4c(O)ccc5c4[C@@]12CCN(C)[C@@H]3C5
ZINC000253503888,COc1ccc2c3c1O[C@H]1[C@@]4(OC)C=C[C@@]5(C[C@@]4(C)C(C)(C)O)[C@@H](C2)N(C)CC[C@]315
ZINC000253503891,COc1ccc2c3c1O[C@H]1[C@@]4(OC)C=C[C@@]5(C[C@]4(C)C(C)(C)O)[C@@H](C2)N(C)CC[C@]315
ZINC000246922308,Cc1ccc([N+](=O)[O-])c(N[C@H](C)CN2CCC[C@@H](C)C2)n1
ZINC000246922324,Cc1ccc([N+](=O)[O-])c(N[C@@H](C)CN2CCC[C@@H](C)C2)n1
ZINC000247152359,Cc1ccc([N+](=O)[O-])c(NC[C@@H](C)N2CCC[C@@H](C)C2)n1
ZINC000247152363,Cc1ccc([N+](=O)[O-])c(NC[C@H](C)N2CCC[C@@H](C)C2)n1
ZINC000178172165,Cc1ccc([N+](=O)[O-])c(NC[C@@H](C)N2CCC[C@H](C)C2)n1
ZINC000178172182,Cc1ccc([N+](=O)[O-])c(NC[C@H](C)N2CCC[C@H](C)C2)n1
ZINC000071954255,C[C@@H]1CCCN([C@@H](C)CNc2ccc([N+](=O)[O-])cn2)C1
ZINC000071954228,C[C@H]1CCCN([C@@H](C)CNc2ncccc2[N+](=O)[O-])C1
ZINC000071954227,C[C@@H]1CCCN([C@@H](C)CNc2ncccc2[N+](=O)[O-])C1
ZINC000071954256,C[C@H]1CCCN([C@@H](C)CNc2ccc([N+](=O)[O-])cn2)C1
ZINC000227649249,C[C@H](CN1CCCCC1)Nc1ncc([N+](=O)[O-])cc1Cl
ZINC000065586733,C[C@H]1CCCN(C[C@H](C)Nc2ncccc2[N+](=O)[O-])C1
ZINC000065586796,C[C@H]1CCCN(C[C@@H](C)Nc2ccc([N+](=O)[O-])cn2)C1
ZINC000074740674,Cc1cc(NC[C@H](C)N2CCC[C@H](C)C2)ncc1[N+](=O)[O-]
ZINC000078653867,Cc1cnc(N[C@@H](C)CN2CCC[C@H](C)C2)c([N+](=O)[O-])c1
ZINC000153587129,C[C@H]1CCCN(CCNc2ncc(Cl)cc2[N+](=O)[O-])C1
ZINC000343329567,CCCN(CCN1CCCCC1)c1ncccc1[N+](=O)[O-]
ZINC000343352365,CCCN(CCN1CCCCC1)c1ccc([N+](=O)[O-])cn1
ZINC000074740673,Cc1cc(NC[C@@H](C)N2CCC[C@H](C)C2)ncc1[N+](=O)[O-]
ZINC000070496120,Cc1ccnc(N[C@@H](C)CN2CCCCC2)c1[N+](=O)[O-]
ZINC000070496121,Cc1ccnc(N[C@H](C)CN2CCCCC2)c1[N+](=O)[O-]
ZINC000161520677,Cc1nc(N[C@@H](C)CN2CCCCC2)ccc1[N+](=O)[O-]
ZINC000161520812,Cc1nc(N[C@H](C)CN2CCCCC2)ccc1[N+](=O)[O-]
ZINC000073000342,Cc1cc(N[C@@H](C)CN2CCCCC2)ncc1[N+](=O)[O-]
ZINC000073000343,Cc1cc(N[C@H](C)CN2CCCCC2)ncc1[N+](=O)[O-]
ZINC000078630729,Cc1cnc(NC[C@H](C)N2CCC[C@H](C)C2)c([N+](=O)[O-])c1
ZINC000078630542,Cc1cnc(NC[C@H](C)N2CCCC[C@@H]2C)c([N+](=O)[O-])c1
ZINC000078630725,Cc1cnc(NC[C@@H](C)N2CCC[C@H](C)C2)c([N+](=O)[O-])c1
ZINC000078630538,Cc1cnc(NC[C@@H](C)N2CCCC[C@@H]2C)c([N+](=O)[O-])c1
ZINC000252152130,C[C@H]1CCCN([C@H](C)CNc2ccc([N+](=O)[O-])cn2)C1
ZINC000252200444,C[C@H]1CCCN([C@H](C)CNc2ncccc2[N+](=O)[O-])C1
ZINC000078653868,Cc1cnc(N[C@H](C)CN2CCC[C@H](C)C2)c([N+](=O)[O-])c1
ZINC000413075459,C[C@@H]1CCCN(C[C@@H](C)Nc2ncc([N+](=O)[O-])cc2F)C1
ZINC000413075460,C[C@@H]1CCCN(C[C@H](C)Nc2ncc([N+](=O)[O-])cc2F)C1
ZINC000413075461,C[C@H]1CCCN(C[C@H](C)Nc2ncc([N+](=O)[O-])cc2F)C1
ZINC000413075462,C[C@H]1CCCN(C[C@@H](C)Nc2ncc([N+](=O)[O-])cc2F)C1
ZINC000413270103,CC1(C)CCCN(CCNc2ncc([N+](=O)[O-])cc2F)C1
ZINC000052812680,Cc1cc([N+](=O)[O-])cnc1N[C@@H](C)CN1CCCCC1
ZINC000052812681,Cc1cc([N+](=O)[O-])cnc1N[C@H](C)CN1CCCCC1
ZINC000301074137,C[C@H]1CCCN(C[C@@H](C)Nc2ncccc2[N+](=O)[O-])C1
ZINC000129772198,CC1CCN(CCNc2ncc(Cl)cc2[N+](=O)[O-])CC1
ZINC000129773981,C[C@@H](CN1CCCCC1)Nc1ncc(Cl)cc1[N+](=O)[O-]
ZINC000129774193,C[C@H](CN1CCCCC1)Nc1ncc(Cl)cc1[N+](=O)[O-]
ZINC000129775240,O=[N+]([O-])c1cc(Cl)cnc1NCCN1CCCCC1
ZINC000079901288,C[C@@H]1CCCCN1[C@@H](C)CNc1ccc([N+](=O)[O-])cn1
ZINC000079901290,C[C@H]1CCCCN1[C@@H](C)CNc1ccc([N+](=O)[O-])cn1
ZINC000121995627,Cc1ccc([N+](=O)[O-])c(N[C@@H](C)CN2CCC[C@H](C)C2)n1
ZINC000121995889,Cc1ccc([N+](=O)[O-])c(N[C@H](C)CN2CCC[C@H](C)C2)n1
ZINC000570930959,CC[C@@H]1CCCCN1CCNc1ncc([N+](=O)[O-])cc1F
ZINC000570930960,CC[C@H]1CCCCN1CCNc1ncc([N+](=O)[O-])cc1F
ZINC000057148220,C[C@@H]1C[C@H](C)CN(C[C@@H](C)Nc2ncccc2[N+](=O)[O-])C1
ZINC000057148225,C[C@@H]1C[C@@H](C)CN(C[C@@H](C)Nc2ncccc2[N+](=O)[O-])C1
ZINC000057148215,C[C@@H]1C[C@H](C)CN(C[C@@H](C)Nc2ccc([N+](=O)[O-])cn2)C1
ZINC000057148218,C[C@@H]1C[C@@H](C)CN(C[C@@H](C)Nc2ccc([N+](=O)[O-])cn2)C1
ZINC000596487795,CC1CCN(C[C@@H](C)Nc2ncccc2[N+](=O)[O-])CC1
ZINC000596487796,CC1CCN(C[C@H](C)Nc2ncccc2[N+](=O)[O-])CC1
ZINC000596487878,Cc1cnc(N[C@H](C)CN2CCC(C)CC2)c([N+](=O)[O-])c1
ZINC000596487879,Cc1cnc(N[C@@H](C)CN2CCC(C)CC2)c([N+](=O)[O-])c1
ZINC000596487553,Cc1cc(N[C@H](C)CN2CCC(C)CC2)ncc1[N+](=O)[O-]
ZINC000596487554,Cc1cc(N[C@@H](C)CN2CCC(C)CC2)ncc1[N+](=O)[O-]
ZINC000596488607,Cc1cc([N+](=O)[O-])cnc1N[C@H](C)CN1CCC(C)CC1
ZINC000596488608,Cc1cc([N+](=O)[O-])cnc1N[C@@H](C)CN1CCC(C)CC1
ZINC000596488459,CC1CCN(C[C@@H](C)Nc2ncc([N+](=O)[O-])cc2F)CC1
ZINC000596488462,CC1CCN(C[C@H](C)Nc2ncc([N+](=O)[O-])cc2F)CC1
ZINC000596488240,CC1CCN(C[C@@H](C)Nc2ccc([N+](=O)[O-])cn2)CC1
ZINC000596488242,CC1CCN(C[C@H](C)Nc2ccc([N+](=O)[O-])cn2)CC1
ZINC000596489959,Cc1ccnc(N[C@H](C)CN2CCC(C)CC2)c1[N+](=O)[O-]
ZINC000596489961,Cc1ccnc(N[C@@H](C)CN2CCC(C)CC2)c1[N+](=O)[O-]
ZINC000076744718,C[C@@H]1CCCCN1[C@@H](C)CNc1ncccc1[N+](=O)[O-]
ZINC000076744721,C[C@H]1CCCCN1[C@@H](C)CNc1ncccc1[N+](=O)[O-]
ZINC000593517993,CN(CCN1CCCCC1)c1ncc([N+](=O)[O-])cc1Cl
ZINC000593518453,CN(CCN1CCCCC1)c1ncc(Cl)cc1[N+](=O)[O-]
ZINC000443942619,CC1(C)CCCN(CCNc2ncccc2[N+](=O)[O-])C1
ZINC000443956615,Cc1cnc(NCCN2CCCC(C)(C)C2)c([N+](=O)[O-])c1
ZINC000443967926,Cc1ccnc(NCCN2CCCC(C)(C)C2)c1[N+](=O)[O-]
ZINC000443974230,Cc1ccc([N+](=O)[O-])c(NCCN2CCCC(C)(C)C2)n1
ZINC000301074132,C[C@@H]1CCCN(C[C@H](C)Nc2ncccc2[N+](=O)[O-])C1
ZINC000301074141,C[C@@H]1CCCN(C[C@@H](C)Nc2ncccc2[N+](=O)[O-])C1
ZINC000090692179,Cc1cnc(N[C@@H](C)CN2CCCCC2)c([N+](=O)[O-])c1
ZINC000090692180,Cc1cnc(N[C@H](C)CN2CCCCC2)c([N+](=O)[O-])c1
ZINC000301121698,C[C@@H]1C[C@H](C)CN(C[C@H](C)Nc2ccc([N+](=O)[O-])cn2)C1
ZINC000301123770,C[C@@H]1C[C@@H](C)CN(C[C@H](C)Nc2ncccc2[N+](=O)[O-])C1
ZINC000301123771,C[C@@H]1C[C@H](C)CN(C[C@H](C)Nc2ncccc2[N+](=O)[O-])C1
ZINC000301121695,C[C@@H]1C[C@@H](C)CN(C[C@H](C)Nc2ccc([N+](=O)[O-])cn2)C1
ZINC000301186422,Cc1cc([N+](=O)[O-])cnc1NC[C@H](C)N1CCC[C@@H](C)C1
ZINC000301186419,Cc1cc([N+](=O)[O-])cnc1NC[C@H](C)N1CCC[C@H](C)C1
ZINC000301186621,C[C@@H]1CCCN(C(C)(C)CNc2ncccc2[N+](=O)[O-])C1
ZINC000301186421,Cc1cc([N+](=O)[O-])cnc1NC[C@@H](C)N1CCC[C@H](C)C1
ZINC000301186420,Cc1cc([N+](=O)[O-])cnc1NC[C@@H](C)N1CCC[C@@H](C)C1
ZINC000301186622,C[C@H]1CCCN(C(C)(C)CNc2ncccc2[N+](=O)[O-])C1
ZINC000301197860,C[C@H]1CCCN(C(C)(C)CNc2ccc([N+](=O)[O-])cn2)C1
ZINC000301197858,C[C@@H]1CCCN(C(C)(C)CNc2ccc([N+](=O)[O-])cn2)C1
ZINC000195666929,C[C@@H]1CCCN([C@H](C)CNc2ncccc2[N+](=O)[O-])C1
ZINC000195666968,C[C@@H]1CCCN([C@H](C)CNc2ccc([N+](=O)[O-])cn2)C1
ZINC000301241261,CC[C@H]1CCCCN1CCNc1ncc([N+](=O)[O-])cc1C
ZINC000301241260,CC[C@@H]1CCCCN1CCNc1ncc([N+](=O)[O-])cc1C
ZINC000080599397,Cc1cc(N[C@H](C)CN2CCC[C@H](C)C2)ncc1[N+](=O)[O-]
ZINC000080599393,Cc1cc(N[C@@H](C)CN2CCC[C@H](C)C2)ncc1[N+](=O)[O-]
ZINC000080605452,CC[C@@H]1CCCCN1CCNc1cc(C)c([N+](=O)[O-])cn1
ZINC000080605453,CC[C@H]1CCCCN1CCNc1cc(C)c([N+](=O)[O-])cn1
ZINC000301265825,Cc1ccnc(N[C@@H](C)CN2CCC[C@H](C)C2)c1[N+](=O)[O-]
ZINC000301265830,Cc1ccnc(N[C@@H](C)CN2CCC[C@@H](C)C2)c1[N+](=O)[O-]
ZINC000301265827,Cc1ccnc(N[C@H](C)CN2CCC[C@@H](C)C2)c1[N+](=O)[O-]
ZINC000301269277,CC[C@@H]1CCCCN1CCNc1ncccc1[N+](=O)[O-]
ZINC000301269278,CC[C@H]1CCCCN1CCNc1ncccc1[N+](=O)[O-]
ZINC000301265828,Cc1ccnc(N[C@H](C)CN2CCC[C@H](C)C2)c1[N+](=O)[O-]
ZINC000301293847,Cc1ccnc(NC[C@@H](C)N2CCC[C@@H](C)C2)c1[N+](=O)[O-]
ZINC000301293845,Cc1ccnc(NC[C@H](C)N2CCC[C@H](C)C2)c1[N+](=O)[O-]
ZINC000301293850,Cc1ccnc(NC[C@H](C)N2CCC[C@@H](C)C2)c1[N+](=O)[O-]
ZINC000301293848,Cc1ccnc(NC[C@@H](C)N2CCC[C@H](C)C2)c1[N+](=O)[O-]
ZINC000301295444,C[C@@H]1CCCN(CCNc2ncc([N+](=O)[O-])cc2Cl)C1
ZINC000301295442,C[C@H]1CCCN(CCNc2ncc([N+](=O)[O-])cc2Cl)C1
ZINC000301309770,CC[C@@H]1CCCCN1CCNc1nccc(C)c1[N+](=O)[O-]
ZINC000301309771,CC[C@H]1CCCCN1CCNc1nccc(C)c1[N+](=O)[O-]
ZINC000301414665,Cc1cc(N[C@H](C)CN2CCC[C@@H](C)C2)ncc1[N+](=O)[O-]
ZINC000301414666,Cc1cc(N[C@@H](C)CN2CCC[C@@H](C)C2)ncc1[N+](=O)[O-]
ZINC000301425068,Cc1cnc(N[C@H](C)CN2CCC[C@@H](C)C2)c([N+](=O)[O-])c1
ZINC000301425069,Cc1cnc(N[C@@H](C)CN2CCC[C@@H](C)C2)c([N+](=O)[O-])c1
ZINC000301442040,Cc1cc(NC[C@H](C)N2CCC[C@@H](C)C2)ncc1[N+](=O)[O-]
ZINC000301440729,CC[C@H]1CCCCN1CCNc1ncc(C)cc1[N+](=O)[O-]
ZINC000301440728,CC[C@@H]1CCCCN1CCNc1ncc(C)cc1[N+](=O)[O-]
ZINC000301442038,Cc1cc(NC[C@@H](C)N2CCC[C@@H](C)C2)ncc1[N+](=O)[O-]
ZINC000301466992,Cc1cnc(NC[C@H](C)N2CCC[C@@H](C)C2)c([N+](=O)[O-])c1
ZINC000301466991,Cc1cnc(NC[C@@H](C)N2CCC[C@@H](C)C2)c([N+](=O)[O-])c1
ZINC000153587019,C[C@@H]1CCCN(CCNc2ncc(Cl)cc2[N+](=O)[O-])C1
ZINC000301653868,Cc1nc(N[C@H](C)CN2CCC[C@H](C)C2)ccc1[N+](=O)[O-]
ZINC000301653873,Cc1nc(N[C@H](C)CN2CCC[C@@H](C)C2)ccc1[N+](=O)[O-]
ZINC000301653871,Cc1nc(N[C@@H](C)CN2CCC[C@H](C)C2)ccc1[N+](=O)[O-]
ZINC000301653866,Cc1nc(N[C@@H](C)CN2CCC[C@@H](C)C2)ccc1[N+](=O)[O-]
ZINC000301662015,Cc1nc(NC[C@H](C)N2CCC[C@H](C)C2)ccc1[N+](=O)[O-]
ZINC000301662013,Cc1nc(NC[C@@H](C)N2CCC[C@H](C)C2)ccc1[N+](=O)[O-]
ZINC000301661837,CC[C@@H]1CCCCN1CCNc1ccc([N+](=O)[O-])c(C)n1
ZINC000301661839,CC[C@H]1CCCCN1CCNc1ccc([N+](=O)[O-])c(C)n1
ZINC000301662017,Cc1nc(NC[C@@H](C)N2CCC[C@@H](C)C2)ccc1[N+](=O)[O-]
ZINC000301662012,Cc1nc(NC[C@H](C)N2CCC[C@@H](C)C2)ccc1[N+](=O)[O-]
ZINC000301926338,Cc1cc([N+](=O)[O-])cnc1N[C@H](C)CN1CCC[C@@H](C)C1
ZINC000301926339,Cc1cc([N+](=O)[O-])cnc1N[C@@H](C)CN1CCC[C@@H](C)C1
ZINC000162723142,Cc1ccc([N+](=O)[O-])c(N[C@@H](C)CN2CCCCC2)n1
ZINC000162723256,Cc1ccc([N+](=O)[O-])c(N[C@H](C)CN2CCCCC2)n1
ZINC000227649376,CC1CCN(CCNc2ncc([N+](=O)[O-])cc2Cl)CC1
ZINC000227649247,C[C@@H](CN1CCCCC1)Nc1ncc([N+](=O)[O-])cc1Cl
ZINC000853868064,Cc1ccc([N+](=O)[O-])c(N[C@H](C)CN2CCC(C)CC2)n1
ZINC000853868065,Cc1ccc([N+](=O)[O-])c(N[C@@H](C)CN2CCC(C)CC2)n1
ZINC000339004485,C[C@H](CNc1ncccc1[N+](=O)[O-])N1CCCC[C@@H]1C
ZINC000339004486,C[C@@H]1CCCCN1[C@H](C)CNc1ncccc1[N+](=O)[O-]
ZINC000264909487,CC[C@@H]1CCCCN1CCNc1ccc([N+](=O)[O-])cn1
ZINC000264909489,CC[C@H]1CCCCN1CCNc1ccc([N+](=O)[O-])cn1
ZINC000360263315,Cc1ccnc(NC[C@@H](C)N2CCCC[C@H]2C)c1[N+](=O)[O-]
ZINC000360263319,Cc1ccnc(NC[C@H](C)N2CCCC[C@H]2C)c1[N+](=O)[O-]
ZINC000360263320,Cc1ccnc(NC[C@@H](C)N2CCCC[C@@H]2C)c1[N+](=O)[O-]
ZINC000360263322,Cc1ccnc(NC[C@H](C)N2CCCC[C@@H]2C)c1[N+](=O)[O-]
ZINC000360668065,Cc1ccc([N+](=O)[O-])c(NC[C@@H](C)N2CCCC[C@H]2C)n1
ZINC000360668066,Cc1ccc([N+](=O)[O-])c(NC[C@H](C)N2CCCC[C@H]2C)n1
ZINC000360668067,Cc1ccc([N+](=O)[O-])c(NC[C@@H](C)N2CCCC[C@@H]2C)n1
ZINC000360668068,Cc1ccc([N+](=O)[O-])c(NC[C@H](C)N2CCCC[C@@H]2C)n1
ZINC000360871630,Cc1ccc([N+](=O)[O-])c(NCCN2[C@H](C)CCC[C@@H]2C)n1
ZINC000360871631,Cc1ccc([N+](=O)[O-])c(NCCN2[C@H](C)CCC[C@H]2C)n1
ZINC000360871632,Cc1ccc([N+](=O)[O-])c(NCCN2[C@@H](C)CCC[C@@H]2C)n1
ZINC000360881593,CC[C@@H]1CCCCN1CCNc1nc(C)ccc1[N+](=O)[O-]
ZINC000360881594,CC[C@H]1CCCCN1CCNc1nc(C)ccc1[N+](=O)[O-]
ZINC000361258766,Cc1cnc(NC[C@@H](C)N2CCCC[C@H]2C)c([N+](=O)[O-])c1
ZINC000361258767,Cc1cnc(NC[C@H](C)N2CCCC[C@H]2C)c([N+](=O)[O-])c1
ZINC000299080233,C[C@@H]1CCCN(C[C@H](C)Nc2ccc([N+](=O)[O-])cn2)C1
ZINC000299080236,C[C@H]1CCCN(C[C@H](C)Nc2ccc([N+](=O)[O-])cn2)C1
ZINC000299080242,C[C@@H]1CCCN(C[C@@H](C)Nc2ccc([N+](=O)[O-])cn2)C1
ZINC000413052496,C[C@H]1CCCCN1[C@@H](C)CNc1ncc([N+](=O)[O-])cc1F
ZINC000413052492,C[C@@H]1CCCCN1[C@H](C)CNc1ncc([N+](=O)[O-])cc1F
ZINC000413052494,C[C@@H]1CCCCN1[C@@H](C)CNc1ncc([N+](=O)[O-])cc1F
ZINC000413052498,C[C@H](CNc1ncc([N+](=O)[O-])cc1F)N1CCCC[C@@H]1C
ZINC000571861368,C[C@@H]1CCCN([C@H](C)CNc2ncc([N+](=O)[O-])cc2F)C1
ZINC000571861371,C[C@@H]1CCCN([C@@H](C)CNc2ncc([N+](=O)[O-])cc2F)C1
ZINC000571861372,C[C@H]1CCCN([C@@H](C)CNc2ncc([N+](=O)[O-])cc2F)C1
ZINC000571861374,C[C@H]1CCCN([C@H](C)CNc2ncc([N+](=O)[O-])cc2F)C1
ZINC000092622013,Cc1cc([N+](=O)[O-])cnc1N[C@@H](C)CN1CCC[C@H](C)C1
ZINC000092622015,Cc1cc([N+](=O)[O-])cnc1N[C@H](C)CN1CCC[C@H](C)C1
ZINC000001602373,CN(CCN1CCCCC1)c1ccccn1
ZINC000005735117,C[C@@H](CN1CCCCC1)Nc1ccccn1
ZINC000005751379,C[C@H](CN1CCCCC1)Nc1ccccn1
ZINC000041043000,CC1CCN(CCNc2ccccn2)CC1
ZINC000041075086,CC1CCN(CCNc2ccc(F)cn2)CC1
ZINC000043561692,Cc1ccnc(NCCN2CCCCC2)c1
ZINC000049575233,Cc1cccc(NCCN2CCCCC2)n1
ZINC000049575243,Fc1ccc(NCCN2CCCCC2)nc1
ZINC000049575876,Fc1cccc(NCCN2CCCCC2)n1
ZINC000054700734,CC1CCN(CCNc2ncccc2F)CC1
ZINC000079914589,C[C@@H]1CCCN(CCNc2ccccn2)C1
ZINC000079914592,C[C@H]1CCCN(CCNc2ccccn2)C1
ZINC000084484113,C[C@@H]1CCCN(CCNc2ncccc2F)C1
ZINC000084484117,C[C@H]1CCCN(CCNc2ncccc2F)C1
ZINC000127871561,COc1cccnc1NCCN1CCC(C)CC1
ZINC000127914440,COc1cccnc1N[C@@H](C)CN1CCCCC1
ZINC000127914644,COc1cccnc1N[C@H](C)CN1CCCCC1
ZINC000180978896,CC(=O)c1ccc(NCCN2CCCCC2)nc1
ZINC000283634360,C[C@@H]1CCCN(CCNc2ccc(F)cn2)C1
ZINC000283634364,C[C@H]1CCCN(CCNc2ccc(F)cn2)C1
ZINC000301094612,C[C@@H]1CCCN(CCNc2cccc(F)n2)C1
ZINC000301094616,C[C@H]1CCCN(CCNc2cccc(F)n2)C1
ZINC000527845704,COc1cccnc1NCCN1CCC[C@@H](C)C1
ZINC000527845705,COc1cccnc1NCCN1CCC[C@H](C)C1
ZINC000624354835,COc1cccnc1N(C)CCN1CCCCC1
ZINC000651477742,CN(CCN1CCCCC1)c1ncccc1F
ZINC000651478039,Cc1cccc(N(C)CCN2CCCCC2)n1
ZINC000651478133,CN(CCN1CCCCC1)c1ccc(F)cn1
ZINC000663390125,CC(=O)c1ccnc(NCCN2CCCCC2)c1
ZINC000845767044,CN(CCN1CCCCC1)c1cccc(F)n1
ZINC001515362458,Cc1cc(F)cc(NCCN2CCCCC2)n1
ZINC000075676658,CC1CCN([C@@H](CNc2ncc([N+](=O)[O-])cc2C#N)C(C)C)CC1
ZINC000075676659,CC1CCN([C@H](CNc2ncc([N+](=O)[O-])cc2C#N)C(C)C)CC1
ZINC000186161049,Cc1cc(C#N)ccc1CN1CCC(n2c(=O)[nH]c3ccccc32)CC1
ZINC000194728602,N#Cc1ccc(CC(=O)N[C@H](CN2CCCC2)c2ccccc2)cc1
ZINC000301666275,CC1CCN([C@@H](CNc2nccc(C#N)c2[N+](=O)[O-])C(C)C)CC1
ZINC000301666276,CC1CCN([C@H](CNc2nccc(C#N)c2[N+](=O)[O-])C(C)C)CC1
ZINC000352785237,C=CCNC(=O)c1ccc(NC[C@H](C(C)C)N2CCC(C)CC2)nc1
ZINC000352785238,C=CCNC(=O)c1ccc(NC[C@@H](C(C)C)N2CCC(C)CC2)nc1
ZINC000443513108,C[C@@H]1CCCCN1[C@@H](C)CNc1ccc(C(F)(F)F)c(C#N)n1
ZINC000443513109,C[C@H](CNc1ccc(C(F)(F)F)c(C#N)n1)N1CCCC[C@@H]1C
ZINC000443513113,C[C@H]1CCCCN1[C@@H](C)CNc1ccc(C(F)(F)F)c(C#N)n1
ZINC000443513115,C[C@@H]1CCCCN1[C@H](C)CNc1ccc(C(F)(F)F)c(C#N)n1
ZINC000443513653,C[C@H]1CCC[C@H](C)N1CCNc1ccc(C(F)(F)F)c(C#N)n1
ZINC000443513655,C[C@@H]1CCC[C@H](C)N1CCNc1ccc(C(F)(F)F)c(C#N)n1
ZINC000443513658,C[C@@H]1CCC[C@@H](C)N1CCNc1ccc(C(F)(F)F)c(C#N)n1
ZINC000443520783,CC[C@@H]1CCCCN1CCNc1ccc(C(F)(F)F)c(C#N)n1
ZINC000443520787,CC[C@H]1CCCCN1CCNc1ccc(C(F)(F)F)c(C#N)n1
ZINC000596488277,CC1CCN(C[C@@H](C)Nc2ncc(Br)cc2C#N)CC1
ZINC000596488457,CC1CCN(C[C@H](C)Nc2ncc(Br)cc2C#N)CC1
ZINC000776795113,N#CCc1ccccc1CC(=O)N[C@H](CN1CCCC1)c1ccccc1
ZINC000810056432,C#Cc1ccccc1CC(=O)N[C@H](CN1CCCC1)c1ccccc1
ZINC001144576293,C#Cc1ccc(CN2CCC(n3c(=O)n(C)c4ccccc43)CC2)cc1
ZINC001160748441,Cc1nc(NCCN2CCC(F)(F)CC2)c(C#N)c(C)c1Cl
ZINC001160753045,C[Si](C)(C)C#Cc1cccnc1NCCN1CCC(F)(F)CC1
ZINC001160753335,C[Si](C)(C)C#Cc1ccnc(NCCN2CCC(F)(F)CC2)c1
ZINC001160753456,N#Cc1nc(NCCN2CCC(F)(F)CC2)c(Cl)cc1Cl
ZINC001160753687,N#Cc1c(Cl)cc(Cl)nc1NCCN1CCC(F)(F)CC1
ZINC001203762770,Cn1c(=O)n(C2CCN(Cc3cccc(C#N)c3)CC2)c2ccccc21
ZINC001203905282,Cn1c(=O)n(C2CCN(Cc3ccc(C#N)cc3)CC2)c2ccccc21
ZINC001204371305,Cn1c(=O)n(C2CCN(Cc3ccccc3C#N)CC2)c2ccccc21
ZINC001231663670,C#Cc1cccc(CN2CCC(n3c(=O)n(C)c4ccccc43)CC2)c1
ZINC001232676088,N#Cc1ccc(O)c(CN2CCC(n3c(=O)[nH]c4ccccc43)CC2)c1
ZINC001233384430,N#Cc1ccc(CN2CCC(n3c(=O)[nH]c4ccccc43)CC2)c(O)c1
ZINC001306932328,C[C@@H]1CCCCN1[C@@H](C)CNc1ncc(C#N)cc1Br
ZINC001306932329,C[C@H](CNc1ncc(C#N)cc1Br)N1CCCC[C@@H]1C
ZINC001306932330,C[C@H]1CCCCN1[C@@H](C)CNc1ncc(C#N)cc1Br
ZINC001306932331,C[C@@H]1CCCCN1[C@H](C)CNc1ncc(C#N)cc1Br
ZINC001458105511,C[C@@H]1CCCN([C@@H](C)CNc2ncc(C#N)cc2Br)C1
ZINC001458105515,C[C@H]1CCCN([C@H](C)CNc2ncc(C#N)cc2Br)C1
ZINC001458105519,C[C@H]1CCCN([C@@H](C)CNc2ncc(C#N)cc2Br)C1
ZINC001458105523,C[C@@H]1CCCN([C@H](C)CNc2ncc(C#N)cc2Br)C1
ZINC001458124888,C[C@@H]1CCCN(C[C@H](C)Nc2ncc(C#N)cc2Br)C1
ZINC001458124894,C[C@H]1CCCN(C[C@@H](C)Nc2ncc(C#N)cc2Br)C1
ZINC001458124900,C[C@H]1CCCN(C[C@H](C)Nc2ncc(C#N)cc2Br)C1
ZINC001458124906,C[C@@H]1CCCN(C[C@@H](C)Nc2ncc(C#N)cc2Br)C1
ZINC001559177476,CC1(C)CCCN(CCNc2ncc(C#N)cc2Br)C1
ZINC001642932818,CC1CCN(C[C@@H](C)Nc2ncc(C#N)cc2Br)CC1
ZINC001642932819,CC1CCN(C[C@H](C)Nc2ncc(C#N)cc2Br)CC1
ZINC001651793275,CC1(C)CCCN(CCNc2ncc(Br)cc2C#N)C1
ZINC001655119739,CC[C@@H]1CCCCN1CCNc1ncc(C#N)cc1Br
ZINC001655119740,CC[C@H]1CCCCN1CCNc1ncc(C#N)cc1Br
ZINC000301503495,C[C@@H]1CCCN(C(C)(C)CNc2ccc(Cl)c(C#N)n2)C1
ZINC000301503496,C[C@H]1CCCN(C(C)(C)CNc2ccc(Cl)c(C#N)n2)C1
ZINC000358868404,C[C@@H]1CCCN(C(C)(C)CNc2ncc(C#N)cc2Cl)C1
ZINC000358868405,C[C@H]1CCCN(C(C)(C)CNc2ncc(C#N)cc2Cl)C1
ZINC000359907686,Cc1nc(NC[C@H](C)N2CCCC[C@H]2C)c(Cl)cc1C#N
ZINC000359907687,Cc1nc(NC[C@@H](C)N2CCCC[C@@H]2C)c(Cl)cc1C#N
ZINC000359907690,Cc1nc(NC[C@H](C)N2CCCC[C@@H]2C)c(Cl)cc1C#N
ZINC000359907692,Cc1nc(NC[C@@H](C)N2CCCC[C@H]2C)c(Cl)cc1C#N
ZINC000524685005,CC1CCN([C@@H](CNc2ccc(Cl)c(C#N)n2)C(C)C)CC1
ZINC000524685006,CC1CCN([C@H](CNc2ccc(Cl)c(C#N)n2)C(C)C)CC1
ZINC000608885278,CC1CCN([C@@H](CNc2ncc(C#N)cc2Cl)C(C)C)CC1
ZINC000608885282,CC1CCN([C@H](CNc2ncc(C#N)cc2Cl)C(C)C)CC1
ZINC000613411431,C[C@@H](CN1CCCCC1)Nc1nc(C(C)(C)C)ccc1C#N
ZINC000613411432,C[C@H](CN1CCCCC1)Nc1nc(C(C)(C)C)ccc1C#N
ZINC001162148098,C[C@@H]1CCCN([C@@H](C)CNc2nc(C(C)(C)C)ccc2C#N)C1
ZINC001162148100,C[C@H]1CCCN([C@@H](C)CNc2nc(C(C)(C)C)ccc2C#N)C1
ZINC001162148102,C[C@@H]1CCCN([C@H](C)CNc2nc(C(C)(C)C)ccc2C#N)C1
ZINC001162148104,C[C@H]1CCCN([C@H](C)CNc2nc(C(C)(C)C)ccc2C#N)C1
ZINC001162356272,Cc1c(Cl)cnc(NCC(C)(C)N2CCC[C@@H](C)C2)c1C#N
ZINC001162356273,Cc1c(Cl)cnc(NCC(C)(C)N2CCC[C@H](C)C2)c1C#N
ZINC001162476803,CC[C@H]1CCCCN1CCNc1nc(C)c(C#N)cc1Cl
ZINC001162476804,CC[C@@H]1CCCCN1CCNc1nc(C)c(C#N)cc1Cl
ZINC001186414588,CCCN(CCN1CCCCC1)c1ncc(Cl)c(C)c1C#N
ZINC001307165403,CC1CCN(C[C@H](C)Nc2nc(C(C)(C)C)ccc2C#N)CC1
ZINC001307165404,CC1CCN(C[C@@H](C)Nc2nc(C(C)(C)C)ccc2C#N)CC1
ZINC001458108092,C[C@@H]1CCCCN1[C@@H](C)CNc1nc(C(C)(C)C)ccc1C#N
ZINC001458108119,C[C@H]1CCCCN1[C@@H](C)CNc1nc(C(C)(C)C)ccc1C#N
ZINC001458108125,C[C@@H]1CCCCN1[C@H](C)CNc1nc(C(C)(C)C)ccc1C#N
ZINC001458108129,C[C@H](CNc1nc(C(C)(C)C)ccc1C#N)N1CCCC[C@@H]1C
ZINC001472690481,CC[C@H]1CCCCN1CCNc1nc(C(C)(C)C)ccc1C#N
ZINC001472690499,CC[C@@H]1CCCCN1CCNc1nc(C(C)(C)C)ccc1C#N
ZINC001559101474,CC[C@@H]1CCCCN1CCNc1ncc(Cl)c(C)c1C#N
ZINC001559101475,CC[C@H]1CCCCN1CCNc1ncc(Cl)c(C)c1C#N
ZINC001611861229,C[C@@H]1CCCN(C[C@H](C)Nc2nc(C(C)(C)C)ccc2C#N)C1
ZINC001611861230,C[C@H]1CCCN(C[C@H](C)Nc2nc(C(C)(C)C)ccc2C#N)C1
ZINC001611861231,C[C@@H]1CCCN(C[C@@H](C)Nc2nc(C(C)(C)C)ccc2C#N)C1
ZINC001611861232,C[C@H]1CCCN(C[C@@H](C)Nc2nc(C(C)(C)C)ccc2C#N)C1
ZINC001639393612,Cc1nc(NCC(C)(C)N2CCC[C@@H](C)C2)c(Cl)cc1C#N
ZINC001639393614,Cc1nc(NCC(C)(C)N2CCC[C@H](C)C2)c(Cl)cc1C#N
ZINC001651419294,Cc1nc(N[C@H](C)CN2C[C@H](C)C[C@H](C)C2)c(Cl)cc1C#N
ZINC001651419295,Cc1nc(N[C@H](C)CN2C[C@H](C)C[C@@H](C)C2)c(Cl)cc1C#N
ZINC001651419296,Cc1nc(N[C@H](C)CN2C[C@@H](C)C[C@H](C)C2)c(Cl)cc1C#N
ZINC001651419297,Cc1nc(N[C@@H](C)CN2C[C@H](C)C[C@H](C)C2)c(Cl)cc1C#N
ZINC001651793568,CC1(C)CCCN(CCNc2nc(C(C)(C)C)ccc2C#N)C1
ZINC001655018562,Cc1c(Cl)cnc(N[C@H](C)CN2C[C@H](C)C[C@H](C)C2)c1C#N
ZINC001655018563,Cc1c(Cl)cnc(N[C@H](C)CN2C[C@H](C)C[C@@H](C)C2)c1C#N
ZINC001655018564,Cc1c(Cl)cnc(N[C@H](C)CN2C[C@@H](C)C[C@H](C)C2)c1C#N
ZINC001655018565,Cc1c(Cl)cnc(N[C@@H](C)CN2C[C@H](C)C[C@H](C)C2)c1C#N
ZINC001655466816,CCCN(CCN1CCCCC1)c1nc(C)c(C#N)cc1Cl
ZINC000336833796,Cc1nc(N[C@@H](C)CN2CCCCC2)c(Cl)cc1C#N
ZINC000336833795,Cc1nc(N[C@H](C)CN2CCCCC2)c(Cl)cc1C#N
ZINC000336828814,Cc1nc(NCCN2CCC(C)CC2)c(Cl)cc1C#N
ZINC000342110785,Cc1ccc(C#N)c(NCC(C)(C)N2CCC[C@@H](C)C2)n1
ZINC000342110786,Cc1ccc(C#N)c(NCC(C)(C)N2CCC[C@H](C)C2)n1
ZINC000071954258,Cc1cc(C)c(C#N)c(NC[C@H](C)N2CCC[C@H](C)C2)n1
ZINC000071954257,Cc1cc(C)c(C#N)c(NC[C@@H](C)N2CCC[C@H](C)C2)n1
ZINC000343440767,Cc1ccnc(N[C@@H](C)CN2C[C@H](C)C[C@H](C)C2)c1C#N
ZINC000343440768,Cc1ccnc(N[C@H](C)CN2C[C@@H](C)C[C@H](C)C2)c1C#N
ZINC000343440769,Cc1ccnc(N[C@H](C)CN2C[C@H](C)C[C@@H](C)C2)c1C#N
ZINC000343440770,Cc1ccnc(N[C@H](C)CN2C[C@H](C)C[C@H](C)C2)c1C#N
ZINC000343447304,Cc1c(Cl)cnc(N[C@H](C)CN2CCCCC2)c1C#N
ZINC000343447309,Cc1c(Cl)cnc(N[C@@H](C)CN2CCCCC2)c1C#N
ZINC000343527796,Cc1ccnc(NCC(C)(C)N2CCC[C@@H](C)C2)c1C#N
ZINC000343527797,Cc1ccnc(NCC(C)(C)N2CCC[C@H](C)C2)c1C#N
ZINC000613411819,CC(C)(C)c1ccc(C#N)c(NCCN2CCCCC2)n1
ZINC000180430938,Cc1ccc(C#N)c(N[C@@H](C)CN2C[C@H](C)C[C@H](C)C2)n1
ZINC000180430951,Cc1ccc(C#N)c(N[C@H](C)CN2C[C@H](C)C[C@H](C)C2)n1
ZINC000180430987,Cc1ccc(C#N)c(N[C@H](C)CN2C[C@@H](C)C[C@H](C)C2)n1
ZINC000221736011,Cc1cc(C)c(C#N)c(NC[C@@H](C)N2CCC[C@@H](C)C2)n1
ZINC000221736064,Cc1cc(C)c(C#N)c(NC[C@H](C)N2CCC[C@@H](C)C2)n1
ZINC000067351264,C[C@H]1CCCN([C@@H](C)CNc2ccc(Cl)c(C#N)n2)C1
ZINC000067351095,C[C@H]1CCCCN1[C@@H](C)CNc1ccc(Cl)c(C#N)n1
ZINC000067351263,C[C@@H]1CCCN([C@@H](C)CNc2ccc(Cl)c(C#N)n2)C1
ZINC000067351091,C[C@@H]1CCCCN1[C@@H](C)CNc1ccc(Cl)c(C#N)n1
ZINC000587192424,CC1CCN([C@@H](CNc2cc(C#N)ccn2)C(C)C)CC1
ZINC000587192425,CC1CCN([C@H](CNc2cc(C#N)ccn2)C(C)C)CC1
ZINC000075676653,CC1CCN([C@@H](CNc2ccc(C#N)cn2)C(C)C)CC1
ZINC000596489522,CC1CCN(C[C@@H](C)Nc2ncc(C#N)cc2Cl)CC1
ZINC000596489523,CC1CCN(C[C@H](C)Nc2ncc(C#N)cc2Cl)CC1
ZINC000608885916,C[C@@H]1CCCN([C@@H](C)CNc2ncc(C#N)cc2Cl)C1
ZINC000608885917,C[C@H]1CCCN([C@H](C)CNc2ncc(C#N)cc2Cl)C1
ZINC000608885918,C[C@H]1CCCN([C@@H](C)CNc2ncc(C#N)cc2Cl)C1
ZINC000608885919,C[C@@H]1CCCN([C@H](C)CNc2ncc(C#N)cc2Cl)C1
ZINC000443956134,CC1(C)CCCN(CCNc2ncc(C#N)cc2Cl)C1
ZINC000443965082,Cc1cc(C)c(C#N)c(NCCN2CCCC(C)(C)C2)n1
ZINC000609595540,CC[C@@H]1CCCCN1CCNc1ncc(C#N)cc1Cl
ZINC000609595542,CC[C@H]1CCCCN1CCNc1ncc(C#N)cc1Cl
ZINC000301178691,C[C@@H]1CCCN([C@H](C)CNc2ccc(Cl)c(C#N)n2)C1
ZINC000301178689,C[C@H]1CCCN([C@H](C)CNc2ccc(Cl)c(C#N)n2)C1
ZINC000301258620,CC1CCN([C@H](CNc2cccc(C#N)n2)C(C)C)CC1
ZINC000301258619,CC1CCN([C@@H](CNc2cccc(C#N)n2)C(C)C)CC1
ZINC000301269259,CC[C@@H]1CCCCN1CCNc1ccc(Cl)c(C#N)n1
ZINC000301269260,CC[C@H]1CCCCN1CCNc1ccc(Cl)c(C#N)n1
ZINC000301518181,C[C@@H]1CCCN(C[C@H](C)Nc2ccc(Cl)c(C#N)n2)C1
ZINC000301518183,C[C@H]1CCCN(C[C@@H](C)Nc2ccc(Cl)c(C#N)n2)C1
ZINC000301518184,C[C@H]1CCCN(C[C@H](C)Nc2ccc(Cl)c(C#N)n2)C1
ZINC000301518186,C[C@@H]1CCCN(C[C@@H](C)Nc2ccc(Cl)c(C#N)n2)C1
ZINC000246000580,Cc1ccc(C#N)c(N[C@H](C)CN2C[C@H](C)C[C@@H](C)C2)n1
ZINC000075676646,CC1CCN([C@@H](CNc2ncccc2C#N)C(C)C)CC1
ZINC000339135583,C[C@@H]1CCCCN1[C@@H](C)CNc1ncc(C#N)cc1Cl
ZINC000339135584,C[C@H](CNc1ncc(C#N)cc1Cl)N1CCCC[C@@H]1C
ZINC000339135585,C[C@H]1CCCCN1[C@@H](C)CNc1ncc(C#N)cc1Cl
ZINC000339135586,C[C@@H]1CCCCN1[C@H](C)CNc1ncc(C#N)cc1Cl
ZINC000354642510,CC[C@H]1CCCCN1CCNc1nc(C)cc(C)c1C#N
ZINC000354642530,CC[C@@H]1CCCCN1CCNc1nc(C)cc(C)c1C#N
ZINC000358878763,C[C@@H]1CCCN(C[C@H](C)Nc2ncc(C#N)cc2Cl)C1
ZINC000358878765,C[C@H]1CCCN(C[C@@H](C)Nc2ncc(C#N)cc2Cl)C1
ZINC000358878768,C[C@H]1CCCN(C[C@H](C)Nc2ncc(C#N)cc2Cl)C1
ZINC000358878770,C[C@@H]1CCCN(C[C@@H](C)Nc2ncc(C#N)cc2Cl)C1
ZINC000359871405,Cc1nc(NCCN2CCC[C@@H](C)C2)c(Cl)cc1C#N
ZINC000359871411,Cc1nc(NCCN2CCC[C@H](C)C2)c(Cl)cc1C#N
ZINC000413114986,C[C@@H]1CCCN(C(C)(C)CNc2ncc(C#N)cc2F)C1
ZINC000413114987,C[C@H]1CCCN(C(C)(C)CNc2ncc(C#N)cc2F)C1
ZINC000075676647,CC1CCN([C@H](CNc2ncccc2C#N)C(C)C)CC1
ZINC000075676654,CC1CCN([C@H](CNc2ccc(C#N)cn2)C(C)C)CC1
ZINC001472685777,Cc1cc(NCC(C)(C)N2CCC[C@@H](C)C2)ncc1C#N
ZINC001472685778,Cc1cc(NCC(C)(C)N2CCC[C@H](C)C2)ncc1C#N
ZINC001642131375,Cc1cc(N[C@@H](C)CN2C[C@H](C)C[C@H](C)C2)ncc1C#N
ZINC001642131376,Cc1cc(N[C@H](C)CN2C[C@@H](C)C[C@H](C)C2)ncc1C#N
ZINC001642131377,Cc1cc(N[C@H](C)CN2C[C@H](C)C[C@@H](C)C2)ncc1C#N
ZINC001642131378,Cc1cc(N[C@H](C)CN2C[C@H](C)C[C@H](C)C2)ncc1C#N
ZINC000029178228,Cc1ccccc1CC(=O)N[C@H](CN1CCCC1)c1ccccc1
ZINC000029178501,Cc1ccc(CC(=O)N[C@H](CN2CCCC2)c2ccccc2)cc1
ZINC000094050686,Cc1cc(Br)cnc1NCCN1CCC(C)CC1
ZINC000094050747,Cc1cc(Br)cnc1N[C@@H](C)CN1CCCCC1
ZINC000094050748,Cc1cc(Br)cnc1N[C@H](C)CN1CCCCC1
ZINC000097844886,Cc1cnc(NCCN2CCC(C)CC2)c(Br)c1
ZINC000097844921,Cc1cnc(N[C@@H](C)CN2CCCCC2)c(Br)c1
ZINC000097844922,Cc1cnc(N[C@H](C)CN2CCCCC2)c(Br)c1
ZINC000126745822,Cc1cc(N[C@@H](C)CN2CCCCC2)ncc1Br
ZINC000126746035,Cc1cc(N[C@H](C)CN2CCCCC2)ncc1Br
ZINC000126749000,Cc1cc(NCCN2CCC(C)CC2)ncc1Br
ZINC000159574424,Clc1cnc(NCCN2CCCCC2)c(Br)c1
ZINC000223880115,Cc1nc(NCCN2CCC(C)CC2)ccc1Br
ZINC000228877914,CC1CCN(CCNc2ncc(Br)cc2F)CC1
ZINC000229529158,C[C@@H](CN1CCCCC1)Nc1ncc(Br)cc1F
ZINC000229529169,C[C@H](CN1CCCCC1)Nc1ncc(Br)cc1F
ZINC000230076085,Cc1nc(N[C@@H](C)CN2CCCCC2)ccc1Br
ZINC000230076090,Cc1nc(N[C@H](C)CN2CCCCC2)ccc1Br
ZINC000232833919,Cc1ccnc(NCCN2CCC(C)CC2)c1Br
ZINC000235104549,Cc1ccnc(N[C@@H](C)CN2CCCCC2)c1Br
ZINC000235466081,Cc1ccnc(N[C@H](C)CN2CCCCC2)c1Br
ZINC000236051411,Clc1cc(Br)cnc1NCCN1CCCCC1
ZINC000301370726,C[C@@H]1CCCN([C@@H](C)CNc2ccc(Br)cn2)C1
ZINC000301370727,C[C@H]1CCCN([C@H](C)CNc2ccc(Br)cn2)C1
ZINC000301370729,C[C@H]1CCCN([C@@H](C)CNc2ccc(Br)cn2)C1
ZINC000301370734,C[C@@H]1CCCN([C@H](C)CNc2ccc(Br)cn2)C1
ZINC000301613135,Cc1cc(Br)cnc1NCCN1CCC[C@@H](C)C1
ZINC000301613136,Cc1cc(Br)cnc1NCCN1CCC[C@H](C)C1
ZINC000301815147,Cc1cc(NCCN2CCC[C@@H](C)C2)ncc1Br
ZINC000301815149,Cc1cc(NCCN2CCC[C@H](C)C2)ncc1Br
ZINC000301975158,Cc1nc(NCCN2CCC[C@@H](C)C2)ccc1Br
ZINC000301975160,Cc1nc(NCCN2CCC[C@H](C)C2)ccc1Br
ZINC000302269871,C[C@H](CN1CCCCC1)Nc1ccc(OC(F)(F)F)cn1
ZINC000302269872,C[C@@H](CN1CCCCC1)Nc1ccc(OC(F)(F)F)cn1
ZINC000302356565,C[C@@H]1CCCN(CCNc2ccc(OC(F)(F)F)cn2)C1
ZINC000302356566,C[C@H]1CCCN(CCNc2ccc(OC(F)(F)F)cn2)C1
ZINC000302358657,CC1CCN(CCNc2ccc(OC(F)(F)F)cn2)CC1
ZINC000302809142,Cc1ccccc1CN1CCC(n2c(=O)[nH]c3ccccc32)CC1
ZINC000303470933,CCOC(=O)c1ccc(N[C@H](C)CN2C[C@H](C)C[C@H](C)C2)nc1
ZINC000303470934,CCOC(=O)c1ccc(N[C@H](C)CN2C[C@H](C)C[C@@H](C)C2)nc1
ZINC000303470935,CCOC(=O)c1ccc(N[C@H](C)CN2C[C@@H](C)C[C@H](C)C2)nc1
ZINC000303470936,CCOC(=O)c1ccc(N[C@@H](C)CN2C[C@H](C)C[C@H](C)C2)nc1
ZINC000338646354,C[C@H]1CCCN(CCNc2cccc(C(=O)OC(C)(C)C)n2)C1
ZINC000338646355,C[C@@H]1CCCN(CCNc2cccc(C(=O)OC(C)(C)C)n2)C1
ZINC000338648152,C[C@@H](CN1CCCCC1)Nc1cccc(C(=O)OC(C)(C)C)n1
ZINC000338648154,C[C@H](CN1CCCCC1)Nc1cccc(C(=O)OC(C)(C)C)n1
ZINC000338648734,CC1CCN(CCNc2cccc(C(=O)OC(C)(C)C)n2)CC1
ZINC000338999809,C[C@@H]1CCCCN1[C@@H](C)CNc1ccc(C(F)(F)F)cn1
ZINC000338999810,C[C@H](CNc1ccc(C(F)(F)F)cn1)N1CCCC[C@@H]1C
ZINC000338999811,C[C@H]1CCCCN1[C@@H](C)CNc1ccc(C(F)(F)F)cn1
ZINC000338999812,C[C@@H]1CCCCN1[C@H](C)CNc1ccc(C(F)(F)F)cn1
ZINC000341519744,C[C@@H]1CCCN([C@@H](C)CNc2ncccc2Br)C1
ZINC000341519747,C[C@H]1CCCN([C@H](C)CNc2ncccc2Br)C1
ZINC000341519749,C[C@H]1CCCN([C@@H](C)CNc2ncccc2Br)C1
ZINC000341519751,C[C@@H]1CCCN([C@H](C)CNc2ncccc2Br)C1
ZINC000343113214,CC1(C)CCCN(CCNc2ncccc2Br)C1
ZINC000356531660,CC(=O)c1ccc(NC[C@@H](C(C)C)N2CCC(C)CC2)nc1
ZINC000356531661,CC(=O)c1ccc(NC[C@H](C(C)C)N2CCC(C)CC2)nc1
ZINC000359589571,C[C@@H]1CCCN([C@@H](C)CNc2cc(Br)ccn2)C1
ZINC000359589572,C[C@H]1CCCN([C@H](C)CNc2cc(Br)ccn2)C1
ZINC000359589574,C[C@H]1CCCN([C@@H](C)CNc2cc(Br)ccn2)C1
ZINC000359589576,C[C@@H]1CCCN([C@H](C)CNc2cc(Br)ccn2)C1
ZINC000359714965,C[C@]1(NC(=O)COc2ccccc2O)CCCc2ccccc21
ZINC000359714970,C[C@@]1(NC(=O)COc2ccccc2O)CCCc2ccccc21
ZINC000429202276,Cc1ccnc(NCCN2CCC[C@@H](C)C2)c1Br
ZINC000429202277,Cc1ccnc(NCCN2CCC[C@H](C)C2)c1Br
ZINC000443955774,CC1(C)CCCN(CCNc2cc(Br)ccn2)C1
ZINC000524012160,Cc1cccc(CC(=O)N[C@H](CN2CCCC2)c2ccccc2)c1
ZINC000603628919,COC(=O)c1ccnc(NC[C@@H](C(C)C)N2CCC(C)CC2)c1
ZINC000603628920,COC(=O)c1ccnc(NC[C@H](C(C)C)N2CCC(C)CC2)c1
ZINC000647450137,CC[C@@H]1CCCCN1CCNc1ncc(C(=O)O)cc1Cl
ZINC000647450138,CC[C@H]1CCCCN1CCNc1ncc(C(=O)O)cc1Cl
ZINC000679391098,O=c1[nH]c2ccccc2n1C1CCN(Cc2ccc(O)cc2)CC1
ZINC000681252364,C[C@H]1CCCN(CCNc2ncc(Br)cc2F)C1
ZINC000681252367,C[C@@H]1CCCN(CCNc2ncc(Br)cc2F)C1
ZINC000682239350,Cc1cnc(NCCN2CCC[C@@H](C)C2)c(Br)c1
ZINC000682239351,Cc1cnc(NCCN2CCC[C@H](C)C2)c(Br)c1
ZINC000727314028,C[C@]1(NC(=O)COc2ccccc2C=O)CCCc2ccccc21
ZINC000727314029,C[C@@]1(NC(=O)COc2ccccc2C=O)CCCc2ccccc21
ZINC000727381899,C[C@]1(NC(=O)COc2ccc(C=O)cc2)CCCc2ccccc21
ZINC000727381904,C[C@@]1(NC(=O)COc2ccc(C=O)cc2)CCCc2ccccc21
ZINC000733256297,C[C@]1(NC(=O)COc2cccc(C=O)c2)CCCc2ccccc21
ZINC000733256298,C[C@@]1(NC(=O)COc2cccc(C=O)c2)CCCc2ccccc21
ZINC000779427739,CC1CCN(CCNc2cc(C(=O)OC(C)(C)C)ccn2)CC1
ZINC000779429468,C[C@H]1CCCN(CCNc2cc(C(=O)OC(C)(C)C)ccn2)C1
ZINC000779429469,C[C@@H]1CCCN(CCNc2cc(C(=O)OC(C)(C)C)ccn2)C1
ZINC000900985952,C[C@@H]1CCCCN1[C@H](C)CNc1ncc(C(=O)O)cc1Cl
ZINC000900985953,C[C@@H]1CCCCN1[C@@H](C)CNc1ncc(C(=O)O)cc1Cl
ZINC000900985954,C[C@H]1CCCCN1[C@@H](C)CNc1ncc(C(=O)O)cc1Cl
ZINC000900985955,C[C@H](CNc1ncc(C(=O)O)cc1Cl)N1CCCC[C@@H]1C
ZINC000910276575,Cc1nc(NC[C@@H](C(C)C)N2CCC(C)CC2)ccc1C(=O)O
ZINC000910276576,Cc1nc(NC[C@H](C(C)C)N2CCC(C)CC2)ccc1C(=O)O
ZINC000910347673,Cc1nc(NCC(C)(C)N2CCC[C@@H](C)C2)ccc1C(=O)O
ZINC000910347674,Cc1nc(NCC(C)(C)N2CCC[C@H](C)C2)ccc1C(=O)O
ZINC001160748856,CCOc1ccc(Cl)nc1NCCN1CCC(F)(F)CC1
ZINC001160748984,CCOc1cc(Cl)nc(NCCN2CCC(F)(F)CC2)c1
ZINC001160749059,Cc1cc(Cl)c(C)c(NCCN2CCC(F)(F)CC2)n1
ZINC001160749256,CC(C)(C)Oc1cccc(NCCN2CCC(F)(F)CC2)n1
ZINC001160752302,CC(C)COc1cccc(NCCN2CCC(F)(F)CC2)n1
ZINC001160753048,CSc1cnc(NCCN2CCC(F)(F)CC2)c(C)c1
ZINC001160753499,CCSc1ccnc(NCCN2CCC(F)(F)CC2)c1
ZINC001160753675,CSCc1ccnc(NCCN2CCC(F)(F)CC2)c1
ZINC001306930809,CC(=O)c1ccc(C(F)(F)F)nc1NCCN1CCCCC1
ZINC001458125155,C[C@@H]1CCCN(C[C@H](C)Nc2ncccc2Br)C1
ZINC001458125156,C[C@H]1CCCN(C[C@@H](C)Nc2ncccc2Br)C1
ZINC001458125158,C[C@H]1CCCN(C[C@H](C)Nc2ncccc2Br)C1
ZINC001458125160,C[C@@H]1CCCN(C[C@@H](C)Nc2ncccc2Br)C1
ZINC001458491429,CC1CCN(C[C@@H](C)Nc2ncccc2Br)CC1
ZINC001458491431,CC1CCN(C[C@H](C)Nc2ncccc2Br)CC1
ZINC001777435146,Cc1ccc(C(=O)O)c(NC[C@@H](C(C)C)N2CCC(C)CC2)n1
ZINC001777435147,Cc1ccc(C(=O)O)c(NC[C@H](C(C)C)N2CCC(C)CC2)n1
ZINC000078592101,C[C@@H](CN1CCCCC1)Nc1cc(C(F)(F)F)ccn1
ZINC000078592105,C[C@H](CN1CCCCC1)Nc1cc(C(F)(F)F)ccn1
ZINC000040444348,CC1CCN(CCNc2ncccc2C(F)(F)F)CC1
ZINC000090803099,CC1CCN(CCNc2cc(C(F)(F)F)ccn2)CC1
ZINC000341545708,Cc1ccnc(N[C@H](C)CN2CCCCC2)c1Cl
ZINC000341545709,Cc1ccnc(N[C@@H](C)CN2CCCCC2)c1Cl
ZINC000044271627,CC1CCN(CCNc2cccc(C(F)(F)F)n2)CC1
ZINC000044271722,C[C@@H](CN1CCCCC1)Nc1cccc(C(F)(F)F)n1
ZINC000044271724,C[C@H](CN1CCCCC1)Nc1cccc(C(F)(F)F)n1
ZINC000097844960,Cc1cnc(NCCN2CCCCC2)c(Br)c1
ZINC000047873382,C[C@@H](CN1CCCCC1)Nc1ccc(C(F)(F)F)cn1
ZINC000047873383,C[C@H](CN1CCCCC1)Nc1ccc(C(F)(F)F)cn1
ZINC000049502208,C[C@@H](CN1CCCCC1)Nc1ncccc1C(F)(F)F
ZINC000049502210,C[C@H](CN1CCCCC1)Nc1ncccc1C(F)(F)F
ZINC000651477114,CN(CCN1CCCCC1)c1ncccc1C(F)(F)F
ZINC000651477239,CN(CCN1CCCCC1)c1cccc(C(F)(F)F)n1
ZINC000651477328,CN(CCN1CCCCC1)c1ccc(C(F)(F)F)cn1
ZINC000663418860,CC(=O)c1ccnc(N[C@H](C)CN2C[C@H](C)C[C@H](C)C2)c1
ZINC000663418862,CC(=O)c1ccnc(N[C@H](C)CN2C[C@@H](C)C[C@H](C)C2)c1
ZINC000663418864,CC(=O)c1ccnc(N[C@H](C)CN2C[C@H](C)C[C@@H](C)C2)c1
ZINC000663418866,CC(=O)c1ccnc(N[C@@H](C)CN2C[C@H](C)C[C@H](C)C2)c1
ZINC000506126602,C[C@@]1(NC(=O)COc2ccccc2)CCCc2ccccc21
ZINC000049502154,C[C@@H](CN1CCCCC1)Nc1ccc(Cl)cn1
ZINC000049502156,C[C@H](CN1CCCCC1)Nc1ccc(Cl)cn1
ZINC000049502179,C[C@@H](CN1CCCCC1)Nc1ccc(Br)cn1
ZINC000049502181,C[C@H](CN1CCCCC1)Nc1ccc(Br)cn1
ZINC000230076298,Cc1nc(NCCN2CCCCC2)ccc1Br
ZINC000094050789,Cc1cc(Br)cnc1NCCN1CCCCC1
ZINC000443964589,CC1(C)CCCN(CCNc2ncccc2Cl)C1
ZINC000443971816,CC1(C)CCCN(CCNc2ncc(Cl)cc2F)C1
ZINC000301083896,C[C@H]1CCCN(CCNc2ncccc2C(F)(F)F)C1
ZINC000301083893,C[C@@H]1CCCN(CCNc2ncccc2C(F)(F)F)C1
ZINC000301096146,CC1CCN([C@@H](CNc2cccc(F)n2)C(C)C)CC1
ZINC000301096147,CC1CCN([C@H](CNc2cccc(F)n2)C(C)C)CC1
ZINC000301098016,CC1CCN([C@@H](CNc2ccccn2)C(C)C)CC1
ZINC000301098018,CC1CCN([C@H](CNc2ccccn2)C(C)C)CC1
ZINC000301120246,C[C@H]1CCCN(CCNc2ccc(C(F)(F)F)cn2)C1
ZINC000301120245,C[C@@H]1CCCN(CCNc2ccc(C(F)(F)F)cn2)C1
ZINC000301435262,CC[C@@H]1CCCCN1CCNc1ccc(Cl)cn1
ZINC000301435264,CC[C@H]1CCCCN1CCNc1ccc(Cl)cn1
ZINC000301457051,C[C@@H]1CCCN([C@@H](C)CNc2ccc(Cl)cn2)C1
ZINC000301457052,C[C@H]1CCCN([C@H](C)CNc2ccc(Cl)cn2)C1
ZINC000301457053,C[C@H]1CCCN([C@@H](C)CNc2ccc(Cl)cn2)C1
ZINC000301457054,C[C@@H]1CCCN([C@H](C)CNc2ccc(Cl)cn2)C1
ZINC000301518745,C[C@H]1CCCN(CCNc2ncc(Cl)cc2F)C1
ZINC000301518754,C[C@@H]1CCCN(CCNc2ncc(Cl)cc2F)C1
ZINC000301535630,C[C@@H]1CCCN(CCNc2cccc(C(F)(F)F)n2)C1
ZINC000301535632,C[C@H]1CCCN(CCNc2cccc(C(F)(F)F)n2)C1
ZINC000301537690,CC[C@@H]1CCCCN1CCNc1ncccc1Cl
ZINC000301537691,CC[C@H]1CCCCN1CCNc1ncccc1Cl
ZINC000301551781,C[C@@H]1CCCN(CCNc2cc(C(F)(F)F)ccn2)C1
ZINC000301551782,C[C@H]1CCCN(CCNc2cc(C(F)(F)F)ccn2)C1
ZINC000301570988,C[C@@H]1CCCN([C@@H](C)CNc2ncccc2Cl)C1
ZINC000301570989,C[C@H]1CCCN([C@H](C)CNc2ncccc2Cl)C1
ZINC000301570990,C[C@H]1CCCN([C@@H](C)CNc2ncccc2Cl)C1
ZINC000301570991,C[C@@H]1CCCN([C@H](C)CNc2ncccc2Cl)C1
ZINC000301576128,C[C@@H]1CCCN([C@H](C)CNc2ncc(Cl)cc2F)C1
ZINC000301576130,C[C@@H]1CCCN([C@@H](C)CNc2ncc(Cl)cc2F)C1
ZINC000301576131,C[C@H]1CCCN([C@@H](C)CNc2ncc(Cl)cc2F)C1
ZINC000301576133,C[C@H]1CCCN([C@H](C)CNc2ncc(Cl)cc2F)C1
ZINC000301601739,CC1CCN([C@@H](CNc2ncccc2F)C(C)C)CC1
ZINC000301601740,CC1CCN([C@H](CNc2ncccc2F)C(C)C)CC1
ZINC000301922983,C[C@@H]1CCCN([C@@H](C)CNc2ccc(OC(F)F)cn2)C1
ZINC000301922984,C[C@H]1CCCN([C@H](C)CNc2ccc(OC(F)F)cn2)C1
ZINC000301922985,C[C@H]1CCCN([C@@H](C)CNc2ccc(OC(F)F)cn2)C1
ZINC000301922986,C[C@@H]1CCCN([C@H](C)CNc2ccc(OC(F)F)cn2)C1
ZINC000301943102,CC[C@@H]1CCCCN1CCNc1ccc(OC(F)F)cn1
ZINC000301943103,CC[C@H]1CCCCN1CCNc1ccc(OC(F)F)cn1
ZINC000301984203,Cc1ccnc(N[C@H](C)CN2C[C@H](C)C[C@H](C)C2)c1
ZINC000301984205,Cc1ccnc(N[C@H](C)CN2C[C@H](C)C[C@@H](C)C2)c1
ZINC000301984207,Cc1ccnc(N[C@H](C)CN2C[C@@H](C)C[C@H](C)C2)c1
ZINC000301984209,Cc1ccnc(N[C@@H](C)CN2C[C@H](C)C[C@H](C)C2)c1
ZINC000302242363,Cc1cccc(N[C@@H](C)CN2C[C@H](C)C[C@H](C)C2)n1
ZINC000302242364,Cc1cccc(N[C@H](C)CN2C[C@@H](C)C[C@H](C)C2)n1
ZINC000302242365,Cc1cccc(N[C@H](C)CN2C[C@H](C)C[C@@H](C)C2)n1
ZINC000302242366,Cc1cccc(N[C@H](C)CN2C[C@H](C)C[C@H](C)C2)n1
ZINC000040444301,CC1CCN(CCNc2ccc(C(F)(F)F)cn2)CC1
ZINC000180430873,CC(=O)c1ccc(N[C@H](C)CN2C[C@H](C)C[C@H](C)C2)nc1
ZINC000180430891,CC(=O)c1ccc(N[C@H](C)CN2C[C@@H](C)C[C@H](C)C2)nc1
ZINC000180430906,CC(=O)c1ccc(N[C@H](C)CN2C[C@H](C)C[C@@H](C)C2)nc1
ZINC000235932612,Cc1ccnc(NCCN2CCCCC2)c1Br
ZINC000245986488,CC(=O)c1ccc(N[C@@H](C)CN2C[C@H](C)C[C@H](C)C2)nc1
ZINC000506126601,C[C@]1(NC(=O)COc2ccccc2)CCCc2ccccc21
ZINC000800847093,C[C@@H]1CCCN([C@@H](C)CNc2cccc(Cl)n2)C1
ZINC000800847094,C[C@H]1CCCN([C@H](C)CNc2cccc(Cl)n2)C1
ZINC000800847095,C[C@H]1CCCN([C@@H](C)CNc2cccc(Cl)n2)C1
ZINC000800847096,C[C@@H]1CCCN([C@H](C)CNc2cccc(Cl)n2)C1
ZINC001160747597,Cc1ccc(Cl)c(NCCN2CCC(F)(F)CC2)n1
ZINC000104101862,C[C@@H](CN1CCCCC1)Nc1cccc(Cl)n1
ZINC000104101864,C[C@H](CN1CCCCC1)Nc1cccc(Cl)n1
ZINC000358837179,Cc1ccnc(NCCN2CCC(C)CC2)c1Cl
ZINC000358837218,Cc1ccnc(NCCN2CCC[C@@H](C)C2)c1Cl
ZINC000358837219,Cc1ccnc(NCCN2CCC[C@H](C)C2)c1Cl
ZINC000359563865,C[C@H](CN1CCCCC1)Nc1cc(Br)ccn1
ZINC000359563866,C[C@@H](CN1CCCCC1)Nc1cc(Br)ccn1
ZINC000126749234,Cc1cc(NCCN2CCCCC2)ncc1Br
ZINC000566636701,CC1CCN([C@@H](CNc2ccc(F)cn2)C(C)C)CC1
ZINC000566636702,CC1CCN([C@H](CNc2ccc(F)cn2)C(C)C)CC1
ZINC000651476973,CN(CCN1CCCCC1)c1cc(C(F)(F)F)ccn1
ZINC000800852228,CC[C@@H]1CCCCN1CCNc1cccc(Cl)n1
ZINC000800852229,CC[C@H]1CCCCN1CCNc1cccc(Cl)n1
ZINC000800870385,CC1(C)CCCN(CCNc2cccc(Cl)n2)C1
ZINC001160748153,Fc1ccc(Cl)nc1NCCN1CCC(F)(F)CC1
ZINC001160746732,Cc1cc(Cl)cc(NCCN2CCC(F)(F)CC2)n1
ZINC001160746749,Cc1cc(NCCN2CCC(F)(F)CC2)ncc1Cl
ZINC001160747051,Cc1cnc(NCCN2CCC(F)(F)CC2)c(Cl)c1
ZINC001160748151,Cc1ccc(Cl)nc1NCCN1CCC(F)(F)CC1
ZINC001160748272,Fc1cc(Cl)cnc1NCCN1CCC(F)(F)CC1
ZINC001160748817,Cc1ccnc(NCCN2CCC(F)(F)CC2)c1Cl
ZINC001160749067,CC(C)c1ccc(NCCN2CCC(F)(F)CC2)nc1
ZINC001160749077,CC(C)Oc1ccnc(NCCN2CCC(F)(F)CC2)c1
ZINC001160749150,Fc1cnc(NCCN2CCC(F)(F)CC2)c(Cl)c1
ZINC001160749200,Cc1nc(NCCN2CCC(F)(F)CC2)ccc1Cl
ZINC000049502061,C[C@@H](CN1CCCCC1)Nc1ncccc1Br
ZINC000049502063,C[C@H](CN1CCCCC1)Nc1ncccc1Br
ZINC000049502166,C[C@@H](CN1CCCCC1)Nc1ncccc1Cl
ZINC000049502168,C[C@H](CN1CCCCC1)Nc1ncccc1Cl
ZINC000049575298,Clc1cnc(NCCN2CCCCC2)c(Cl)c1
ZINC000094052183,CC1CCN(CCNc2ncc(Cl)cc2F)CC1
ZINC000094052214,C[C@@H](CN1CCCCC1)Nc1ncc(Cl)cc1F
ZINC000094052215,C[C@H](CN1CCCCC1)Nc1ncc(Cl)cc1F
ZINC000101825895,CC(C(=O)N[C@H](CN1CCCC1)c1ccccc1)c1cccc([N+](=O)[O-])c1
ZINC000101825898,CC(C(=O)N[C@H](CN1CCCC1)c1ccccc1)c1cccc([N+](=O)[O-])c1
ZINC000491150133,O=c1[nH]c2ccccc2n1C1CCN(Cc2ccc([N+](=O)[O-])cc2F)CC1
ZINC000595288140,O=c1[nH]c2ccccc2n1C1CCN(Cc2ccc(F)cc2[N+](=O)[O-])CC1
ZINC000788470567,O=c1[nH]c2ccccc2n1C1CCN(Cc2ccc([N+](=O)[O-])c(F)c2)CC1
ZINC000040772347,Cc1cccc(NCCN2CCC(C)CC2)n1
ZINC000043561599,Cc1ccnc(NCCN2CCC(C)CC2)c1
ZINC000043561652,Cc1ccnc(N[C@@H](C)CN2CCCCC2)c1
ZINC000043561653,Cc1ccnc(N[C@H](C)CN2CCCCC2)c1
ZINC000049502053,C[C@@H](CN1CCCCC1)Nc1ccc(F)cn1
ZINC000049502055,C[C@H](CN1CCCCC1)Nc1ccc(F)cn1
ZINC000049502150,Cc1cccc(N[C@@H](C)CN2CCCCC2)n1
ZINC000049502152,Cc1cccc(N[C@H](C)CN2CCCCC2)n1
ZINC000049503125,C[C@@H](CN1CCCCC1)Nc1cccc(F)n1
ZINC000049503126,C[C@H](CN1CCCCC1)Nc1cccc(F)n1
ZINC000049575280,Clc1ccc(NCCN2CCCCC2)nc1
ZINC000049575286,Clc1cccnc1NCCN1CCCCC1
ZINC000054700795,C[C@@H](CN1CCCCC1)Nc1ncccc1F
ZINC000054700796,C[C@H](CN1CCCCC1)Nc1ncccc1F
ZINC000079905898,C[C@@H]1CCCN([C@@H](C)CNc2ccccn2)C1
ZINC000079905899,C[C@H]1CCCN([C@@H](C)CNc2ccccn2)C1
ZINC000082461304,Clc1cccc(NCCN2CCCCC2)n1
ZINC000157085341,Cc1cccc(NC[C@@H](C)N2CCC[C@H](C)C2)n1
ZINC000157085499,Cc1cccc(NC[C@H](C)N2CCC[C@H](C)C2)n1
ZINC000157097579,Cc1cccc(NCCN2CCC[C@H](C)C2)n1
ZINC000157097743,Cc1cccc(NCCN2CCC[C@@H](C)C2)n1
ZINC000264947460,CC[C@@H]1CCCCN1CCNc1ccccn1
ZINC000264947462,CC[C@H]1CCCCN1CCNc1ccccn1
ZINC000268331366,Cc1ccnc(NCCN2CCC[C@@H](C)C2)c1
ZINC000268331367,Cc1ccnc(NCCN2CCC[C@H](C)C2)c1
ZINC000298725485,C[C@@H]1CCCN([C@H](C)CNc2ccccn2)C1
ZINC000298725488,C[C@H]1CCCN([C@H](C)CNc2ccccn2)C1
ZINC000301220845,C[C@@H]1C[C@H](C)CN(C[C@@H](C)Nc2ccccn2)C1
ZINC000301220846,C[C@@H]1C[C@@H](C)CN(C[C@H](C)Nc2ccccn2)C1
ZINC000301220847,C[C@@H]1C[C@@H](C)CN(C[C@@H](C)Nc2ccccn2)C1
ZINC000301220848,C[C@@H]1C[C@H](C)CN(C[C@H](C)Nc2ccccn2)C1
ZINC000301647266,Cc1ccnc(NC[C@H](C)N2CCC[C@H](C)C2)c1
ZINC000301647268,Cc1ccnc(NC[C@H](C)N2CCC[C@@H](C)C2)c1
ZINC000301647269,Cc1ccnc(NC[C@@H](C)N2CCC[C@H](C)C2)c1
ZINC000301647271,Cc1ccnc(NC[C@@H](C)N2CCC[C@@H](C)C2)c1
ZINC000302257729,Cc1cccc(NC[C@H](C)N2CCC[C@@H](C)C2)n1
ZINC000302257732,Cc1cccc(NC[C@@H](C)N2CCC[C@@H](C)C2)n1
ZINC000443945353,Cc1ccnc(NCCN2CCCC(C)(C)C2)c1
ZINC000443962154,Cc1cccc(NCCN2CCCC(C)(C)C2)n1
ZINC000443974005,CC1(C)CCCN(CCNc2ccccn2)C1
ZINC000664455463,CC1CCN(C[C@@H](C)Nc2ccccn2)CC1
ZINC000664455464,CC1CCN(C[C@H](C)Nc2ccccn2)CC1
ZINC000664456014,Cc1ccnc(N[C@@H](C)CN2CCC(C)CC2)c1
ZINC000664456015,Cc1ccnc(N[C@H](C)CN2CCC(C)CC2)c1
ZINC000664456018,Cc1cccc(N[C@@H](C)CN2CCC(C)CC2)n1
ZINC000664456019,Cc1cccc(N[C@H](C)CN2CCC(C)CC2)n1
ZINC001515362792,Clc1ccnc(NCCN2CCCCC2)c1
ZINC001161873084,CCOC(=O)C(C(=O)OCC)c1nc(NCCN2CCC(N)CC2)ccc1[N+](=O)[O-]
ZINC000272681211,COc1ccc([C@@H](CN2CCCC2)NC(=O)Cc2cccc(OCC#N)c2)cc1
ZINC000121799450,C[C@@H](C#N)Oc1ccc(CN2CCC(n3c(=O)[nH]c4ccccc43)CC2)cc1
ZINC000121799612,C[C@H](C#N)Oc1ccc(CN2CCC(n3c(=O)[nH]c4ccccc43)CC2)cc1
ZINC000535220821,COC(=O)c1cccc(CN2CCC(n3c(=O)[nH]c4ccccc43)CC2)c1C#N
ZINC000739107387,N#Cc1ccc(C(C(=O)O)N2CCC(n3c(=O)[nH]c4ccccc43)CC2)cc1
ZINC000739107390,N#Cc1ccc(C(C(=O)O)N2CCC(n3c(=O)[nH]c4ccccc43)CC2)cc1
ZINC000770441896,COc1ccc([C@@H](CN2CCCC2)NC(=O)Cc2ccc(OCC#N)cc2)cc1
ZINC001137120302,Cn1c(=O)n(C2CCN(Cc3ccc(OCC#N)cc3)CC2)c2ccccc21
ZINC000570706260,COc1ccc([C@@H](CN2CCCC2)NC(=O)Cc2c(F)cccc2C#N)cc1
ZINC000779543139,COc1ccc([C@@H](CN2CCCC2)NC(=O)Cc2ccccc2CC#N)cc1
ZINC001137703194,COc1ccc(CN2CCC(n3c(=O)n(C)c4ccccc43)CC2)c(C#N)c1
ZINC001138557423,C#CCOc1ccc(CN2CCC(n3c(=O)n(C)c4ccccc43)CC2)cc1
ZINC000833074030,N#Cc1cccc(C(C(=O)O)N2CCC(n3c(=O)[nH]c4ccccc43)CC2)c1
ZINC000833074031,N#Cc1cccc(C(C(=O)O)N2CCC(n3c(=O)[nH]c4ccccc43)CC2)c1
ZINC001140754068,Cn1c(=O)n(C2CCN(Cc3cc(F)c(C#N)c(F)c3)CC2)c2ccccc21
ZINC001143173321,Cn1c(=O)n(C2CCN(Cc3c(F)ccc(C#N)c3F)CC2)c2ccccc21
ZINC001231618841,COc1cc(C#N)ccc1CN1CCC(n2c(=O)n(C)c3ccccc32)CC1
ZINC001235658364,Cn1c(=O)n(C2CCN(Cc3c(F)cc(C#N)cc3F)CC2)c2ccccc21
ZINC001237535470,Cn1c(=O)n(C2CCN(Cc3cc(C#N)c(F)cc3F)CC2)c2ccccc21
ZINC001238409054,COc1cc(CN2CCC(n3c(=O)n(C)c4ccccc43)CC2)ccc1C#N
ZINC001610623318,N#Cc1c(CN2CCC(n3c(=O)[nH]c4ccccc43)CC2)cccc1C(=O)O
ZINC001160753506,CCOC(=O)C(C(=O)OCC)c1nc(NCCN2CCC(F)(F)CC2)ccc1[N+](=O)[O-]
ZINC000080249747,COC1CCN(CCNc2ncc(C(N)=O)cc2Cl)CC1
ZINC000080250568,CCOC(=O)c1ccc(NCCN2CCC(OC)CC2)nc1
ZINC000080250708,CCNC(=O)c1ccc(NCCN2CCC(OC)CC2)nc1
ZINC000080267768,COC1CCN(CCNc2ccc(C(=O)N(C)C)cn2)CC1
ZINC000184131241,CCOC(=O)c1cccnc1NCCN1CCC(N(C)C)CC1
ZINC000264835508,COCCNC(=O)c1ccc(NCCN2CCC(C)CC2)nc1
ZINC000264842005,COCCNC(=O)c1ccc(NCCN2CCCCC2)nc1
ZINC000267144132,CCOC(=O)c1ccc(NCCN2CCC(N(C)C)CC2)nc1
ZINC000267157949,CCNC(=O)c1ccc(NCCN2CCC(N(C)C)CC2)nc1
ZINC000267172837,COCCNC(=O)c1ccc(NCCN2CCC[C@H](C)C2)nc1
ZINC000267172839,COCCNC(=O)c1ccc(NCCN2CCC[C@@H](C)C2)nc1
ZINC000267217753,CN(C)C(=O)c1ccc(NCCN2CCC(N(C)C)CC2)nc1
ZINC000267241816,COCCNC(=O)c1ccc(N[C@@H](C)CN2CCCCC2)nc1
ZINC000267241820,COCCNC(=O)c1ccc(N[C@H](C)CN2CCCCC2)nc1
ZINC000301239772,CNS(=O)(=O)c1ccc(NCCN2CCC(C)CC2)nc1
ZINC000301293864,CC[C@@H]1CCCCN1CCNc1ncccc1S(N)(=O)=O
ZINC000301293866,CC[C@H]1CCCCN1CCNc1ncccc1S(N)(=O)=O
ZINC000301303245,C[C@@H]1CCCN([C@@H](C)CNc2ncccc2S(N)(=O)=O)C1
ZINC000301303246,C[C@H]1CCCN([C@H](C)CNc2ncccc2S(N)(=O)=O)C1
ZINC000301303247,C[C@H]1CCCN([C@@H](C)CNc2ncccc2S(N)(=O)=O)C1
ZINC000301303248,C[C@@H]1CCCN([C@H](C)CNc2ncccc2S(N)(=O)=O)C1
ZINC000301528567,CNS(=O)(=O)c1ccc(N[C@H](C)CN2CCCCC2)nc1
ZINC000301528569,CNS(=O)(=O)c1ccc(N[C@@H](C)CN2CCCCC2)nc1
ZINC000301566705,CNS(=O)(=O)c1ccc(NCCN2CCC[C@@H](C)C2)nc1
ZINC000301566707,CNS(=O)(=O)c1ccc(NCCN2CCC[C@H](C)C2)nc1
ZINC000301946412,COC(=O)c1ccc(NCCN2CCC(OC)CC2)nc1C
ZINC000301951738,COC(=O)c1ccc(NCCN2CCC(N(C)C)CC2)nc1C
ZINC000317292351,C[C@@H](CN1CCCCC1)Nc1ncc(C(=O)O)cc1[N+](=O)[O-]
ZINC000317292352,C[C@H](CN1CCCCC1)Nc1ncc(C(=O)O)cc1[N+](=O)[O-]
ZINC000318389588,C[C@@H](CN1CCCCC1)Nc1nc(C(=O)O)ccc1[N+](=O)[O-]
ZINC000318389589,C[C@H](CN1CCCCC1)Nc1nc(C(=O)O)ccc1[N+](=O)[O-]
ZINC000320330483,C[C@@H](CN1CCCCC1)Nc1nccc(C(=O)O)c1[N+](=O)[O-]
ZINC000320330485,C[C@H](CN1CCCCC1)Nc1nccc(C(=O)O)c1[N+](=O)[O-]
ZINC000322085646,OC1CCN(CCNc2cccc(Br)n2)CC1
ZINC000322340989,OC1CCN(CCNc2ncccc2Br)CC1
ZINC000341535035,C[C@@H]1CCCCN1[C@H](C)CNc1ccc(S(C)(=O)=O)cn1
ZINC000341535036,C[C@@H]1CCCCN1[C@@H](C)CNc1ccc(S(C)(=O)=O)cn1
ZINC000341535037,C[C@H](CNc1ccc(S(C)(=O)=O)cn1)N1CCCC[C@@H]1C
ZINC000341535038,C[C@H]1CCCCN1[C@@H](C)CNc1ccc(S(C)(=O)=O)cn1
ZINC000342230909,C[C@@H]1CCC[C@H](C)N1CCNc1ccc(S(C)(=O)=O)cn1
ZINC000342230911,C[C@@H]1CCC[C@@H](C)N1CCNc1ccc(S(C)(=O)=O)cn1
ZINC000342230913,C[C@H]1CCC[C@H](C)N1CCNc1ccc(S(C)(=O)=O)cn1
ZINC000343112934,CC1(C)CCCN(CCNc2ccc(S(C)(=O)=O)cn2)C1
ZINC000443945277,CCNC(=O)c1ccc(NCCN2CCCC(C)(C)C2)nc1
ZINC000443960093,CN(C)C(=O)c1ccc(NCCN2CCCC(C)(C)C2)nc1
ZINC000450516693,NC(=O)c1cnc(N[C@@H](CO)CN2CCCCC2)c(Cl)c1
ZINC000450516694,NC(=O)c1cnc(N[C@H](CO)CN2CCCCC2)c(Cl)c1
ZINC000571268285,CC1(C)CCCN(CCNc2ncccc2S(N)(=O)=O)C1
ZINC000578348923,CC[C@@H]1CCCCN1CCNc1ccc(S(C)(=O)=O)cn1
ZINC000578348924,CC[C@H]1CCCCN1CCNc1ccc(S(C)(=O)=O)cn1
ZINC000579838280,CC[C@@H]1CCCCN1CCNc1ccc(C(=O)O)c(OC)n1
ZINC000579838281,CC[C@H]1CCCCN1CCNc1ccc(C(=O)O)c(OC)n1
ZINC000603309435,COC(=O)c1ccnc(NCCN2CCC(N(C)C)CC2)c1
ZINC000613046746,CCOC(=O)c1cccnc1NCCN1CCC(OC)CC1
ZINC000647451107,COC1CCN(CCNc2ncc(C(=O)O)cc2Cl)CC1
ZINC000649385394,COc1nc(NC[C@H](C)N2CCC[C@@H](C)C2)ccc1C(=O)O
ZINC000649385395,COc1nc(NC[C@@H](C)N2CCC[C@H](C)C2)ccc1C(=O)O
ZINC000649385396,COc1nc(NC[C@H](C)N2CCC[C@H](C)C2)ccc1C(=O)O
ZINC000649385397,COc1nc(NC[C@@H](C)N2CCC[C@@H](C)C2)ccc1C(=O)O
ZINC000651476545,COCCNC(=O)c1ccc(N(C)CCN2CCCCC2)nc1
ZINC000664456981,CC1CCN(C[C@@H](C)Nc2ncccc2S(N)(=O)=O)CC1
ZINC000664456982,CC1CCN(C[C@H](C)Nc2ncccc2S(N)(=O)=O)CC1
ZINC000674331211,CCCNC(=O)c1ccc(NCCN2CCC(OC)CC2)nc1
ZINC000683192242,COC1CCN(CCNc2ncccc2S(C)(=O)=O)CC1
ZINC000813592387,COC(=O)c1ccc(NCCN2CCC(N(C)C)CC2)nc1
ZINC000882430484,COC(=O)c1cnc(NCCN2CCC(O)CC2)c(Cl)c1
ZINC000910298916,Cc1nc(NCCN2CCC(N(C)C)CC2)ccc1C(=O)O
ZINC001160746788,NC(=O)c1nc(NCCN2CCC(F)(F)CC2)ccc1Cl
ZINC001160747007,NC(=O)c1cc(Cl)nc(NCCN2CCC(F)(F)CC2)c1
ZINC001160748333,NC(=O)c1cc(Cl)cnc1NCCN1CCC(F)(F)CC1
ZINC001160748478,NC(=O)c1cc(NCCN2CCC(F)(F)CC2)ncc1Cl
ZINC001160748844,COC(=O)c1cc(NCCN2CCC(F)(F)CC2)ncc1N
ZINC001160749220,CN(C)C(=O)c1ccc(NCCN2CCC(F)(F)CC2)nc1
ZINC001160749337,COC(=O)Cc1cccc(NCCN2CCC(F)(F)CC2)n1
ZINC001160749356,CS(=O)(=O)c1cccnc1NCCN1CCC(F)(F)CC1
ZINC001160749361,NC(=O)c1ccc(Cl)nc1NCCN1CCC(F)(F)CC1
ZINC001160752285,NC(=O)c1cc(F)cnc1NCCN1CCC(F)(F)CC1
ZINC001160752621,CCNC(=O)c1ccc(NCCN2CCC(F)(F)CC2)nc1
ZINC001160753026,CCNC(=O)c1cccnc1NCCN1CCC(F)(F)CC1
ZINC001160753112,CS(=O)(=O)c1ccc(NCCN2CCC(F)(F)CC2)nc1
ZINC001160753757,NC(=S)Nc1ccc(NCCN2CCC(F)(F)CC2)nc1
ZINC001161866811,COC(=O)c1cc(Cl)cc(NCCN2CCC(N)CC2)n1
ZINC001161866879,COC(=O)c1c(Cl)ccnc1NCCN1CCC(N)CC1
ZINC001161866881,CCOC(=O)Cc1cccnc1NCCN1CCC(N)CC1
ZINC001161866899,CCOC(=O)c1ccc(C)c(NCCN2CCC(N)CC2)n1
ZINC001161866934,CCOC(=O)c1cnc(NCCN2CCC(N)CC2)c(C)c1
ZINC001161867051,COC(=O)c1cnc(NCCN2CCC(N)CC2)c(Cl)c1
ZINC001161867055,CCOC(=O)C=Cc1cccnc1NCCN1CCC(N)CC1
ZINC001161867068,CC(C)(C)OC(=O)c1ccnc(NCCN2CCC(N)CC2)c1
ZINC001161867106,CCOC(=O)Cc1ccc(NCCN2CCC(N)CC2)nc1
ZINC001161867204,COC(=O)c1cc(NCCN2CCC(N)CC2)ncc1Cl
ZINC001161867315,CCOC(=O)c1cc(C)cc(NCCN2CCC(N)CC2)n1
ZINC001161867334,COC(=O)c1cc(Cl)cnc1NCCN1CCC(N)CC1
ZINC001161867342,CC(C)(C)NC(=O)c1ccc(NCCN2CCC(N)CC2)nc1
ZINC001161867398,COC(=O)c1ccc(Cl)c(NCCN2CCC(N)CC2)n1
ZINC001161867423,CCOC(=O)c1ccc(NCCN2CCC(N)CC2)nc1C
ZINC001161867451,COC(=O)c1nc(NCCN2CCC(N)CC2)ccc1Cl
ZINC001161867473,COC(=O)c1c(C)cc(C)nc1NCCN1CCC(N)CC1
ZINC001161867531,COC(=O)c1cc(F)c(C)nc1NCCN1CCC(N)CC1
ZINC001161867533,CCOC(=O)c1cc(NCCN2CCC(N)CC2)ncc1C
ZINC001161867628,CCOC(=O)c1cc(F)cnc1NCCN1CCC(N)CC1
ZINC001161867676,COC(=O)c1ccc(Cl)nc1NCCN1CCC(N)CC1
ZINC001161867702,COC(=O)c1cc(Cl)nc(NCCN2CCC(N)CC2)c1
ZINC001161867742,CCOC(=O)c1cc(C)cnc1NCCN1CCC(N)CC1
ZINC001161867750,CCOC(=O)c1cnc(NCCN2CCC(N)CC2)c(OC)c1
ZINC001161867806,CC(C)(C)OC(=O)c1ccc(NCCN2CCC(N)CC2)nc1
ZINC001161867868,CCOC(=O)c1c(C)cc(NCCN2CCC(N)CC2)nc1C
ZINC001161870012,CCOC(=O)C=Cc1ccc(NCCN2CCC(N)CC2)nc1
ZINC001161870322,CC(C)(C)NC(=O)c1ccnc(NCCN2CCC(N)CC2)c1
ZINC001161870486,COC(OC)c1cc(C)cnc1NCCN1CCC(N)CC1
ZINC001161870499,CCOC(=O)c1c(C)ccnc1NCCN1CCC(N)CC1
ZINC001161870603,COC(=O)C=Cc1cc(C)cnc1NCCN1CCC(N)CC1
ZINC001161870620,COC(=O)CSc1cccc(NCCN2CCC(N)CC2)n1
ZINC001161871171,CCCNC(=O)c1cccnc1NCCN1CCC(N)CC1
ZINC001161873031,CCOC(=O)Cc1ccnc(NCCN2CCC(N)CC2)c1
ZINC001608975909,O=C(O)c1cnc(N[C@@H](CO)CN2CCCCC2)c(Cl)c1
ZINC001608975910,O=C(O)c1cnc(N[C@H](CO)CN2CCCCC2)c(Cl)c1
ZINC000005158835,COc1ccc2c(c1O)[C@@]13CCN(C)[C@@H](C2)[C@H]1CC[C@@H](O)C3
ZINC000042322217,C[C@@H](CN1CCCCC1)Nc1ncc(Br)cc1[N+](=O)[O-]
ZINC000042322220,C[C@H](CN1CCCCC1)Nc1ncc(Br)cc1[N+](=O)[O-]
ZINC000081941321,C[C@@H](CN1CCCCC1)Nc1ncc([N+](=O)[O-])cc1Br
ZINC000081941325,C[C@H](CN1CCCCC1)Nc1ncc([N+](=O)[O-])cc1Br
ZINC000413048399,CC1CCN(CCNc2ncc([N+](=O)[O-])cc2C(F)(F)F)CC1
ZINC000413063729,C[C@H]1CCCN(CCNc2ncc([N+](=O)[O-])cc2C(F)(F)F)C1
ZINC000413063732,C[C@@H]1CCCN(CCNc2ncc([N+](=O)[O-])cc2C(F)(F)F)C1
ZINC000413105057,C[C@@H](CN1CCCCC1)Nc1ncc([N+](=O)[O-])cc1C(F)(F)F
ZINC000413105058,C[C@H](CN1CCCCC1)Nc1ncc([N+](=O)[O-])cc1C(F)(F)F
ZINC000506087181,C[C@]1(NC(=O)COc2ccc([N+](=O)[O-])cc2)CCCc2ccccc21
ZINC000506087182,C[C@@]1(NC(=O)COc2ccc([N+](=O)[O-])cc2)CCCc2ccccc21
ZINC000506131746,C[C@]1(NC(=O)COc2ccccc2[N+](=O)[O-])CCCc2ccccc21
ZINC000506131747,C[C@@]1(NC(=O)COc2ccccc2[N+](=O)[O-])CCCc2ccccc21
ZINC000506131759,C[C@]1(NC(=O)COc2cccc([N+](=O)[O-])c2)CCCc2ccccc21
ZINC000506131760,C[C@@]1(NC(=O)COc2cccc([N+](=O)[O-])c2)CCCc2ccccc21
ZINC000609892012,C[C@@H]1C[C@H](C)CN(C[C@@H](C)Nc2ncc([N+](=O)[O-])cc2Cl)C1
ZINC000609892013,C[C@@H]1C[C@@H](C)CN(C[C@@H](C)Nc2ncc([N+](=O)[O-])cc2Cl)C1
ZINC000609892014,C[C@@H]1C[C@H](C)CN(C[C@H](C)Nc2ncc([N+](=O)[O-])cc2Cl)C1
ZINC000609892015,C[C@@H]1C[C@@H](C)CN(C[C@H](C)Nc2ncc([N+](=O)[O-])cc2Cl)C1
ZINC001160748881,Cc1cc(Cl)nc(NCCN2CCC(F)(F)CC2)c1[N+](=O)[O-]
ZINC001160748941,Cc1cc(Cl)c([N+](=O)[O-])c(NCCN2CCC(F)(F)CC2)n1
ZINC001160749292,Cc1cc([N+](=O)[O-])c(NCCN2CCC(F)(F)CC2)nc1Cl
ZINC000513692311,C[C@H](c1ccc(OC(F)(F)F)cc1)N1CCC(n2c(=O)[nH]c3ccccc32)CC1
ZINC001246343999,COC(=O)C1(c2ccc(Cl)cc2)CCC(NCCc2c[nH]c3ccccc23)CC1
ZINC001560722905,O=c1[nH]c2ccccc2n1C1CCN(Cc2cc(Cl)cc(C(F)(F)F)c2)CC1
ZINC001658682082,O=c1[nH]c2ccccc2n1C1CCN(Cc2cc(C(F)(F)F)ccc2Cl)CC1
ZINC000001825788,C=CCN1CC[C@]23c4c5ccc(OC(=O)CCCCCCCCC)c4OC2C(=O)CC[C@@]3(O)[C@H]1C5
ZINC000008964524,C=CCCCCCCCCC(=O)Oc1ccc2c3c1OC1C(=O)CC[C@@]4(O)[C@@H](C2)N(CC=C)CC[C@]314
ZINC000012660731,C=CCCCCCCCCC(=O)Oc1ccc2c3c1OC1C(=O)CC[C@@]4(O)[C@@H](C2)N(CC=C)CC[C@]314
ZINC000001602369,c1ccc(NCCN2CCCCC2)nc1
ZINC000301057316,CC1CCN([C@@H](CNc2ccc([N+](=O)[O-])cn2)C(C)C)CC1
ZINC000301057319,CC1CCN([C@H](CNc2ccc([N+](=O)[O-])cn2)C(C)C)CC1
ZINC000301111450,CC1CCN([C@@H](CNc2ncccc2[N+](=O)[O-])C(C)C)CC1
ZINC000301111454,CC1CCN([C@H](CNc2ncccc2[N+](=O)[O-])C(C)C)CC1
ZINC000301228721,Cc1cc([N+](=O)[O-])cnc1N[C@H](C)CN1C[C@H](C)C[C@H](C)C1
ZINC000301228722,Cc1cc([N+](=O)[O-])cnc1N[C@@H](C)CN1C[C@H](C)C[C@H](C)C1
ZINC000301228723,Cc1cc([N+](=O)[O-])cnc1N[C@H](C)CN1C[C@@H](C)C[C@H](C)C1
ZINC000301228724,Cc1cc([N+](=O)[O-])cnc1N[C@H](C)CN1C[C@H](C)C[C@@H](C)C1
ZINC000301248414,C[C@@H]1CCCN(C[C@@H](C)Nc2ncc([N+](=O)[O-])cc2Cl)C1
ZINC000301248415,C[C@@H]1CCCN(C[C@H](C)Nc2ncc([N+](=O)[O-])cc2Cl)C1
ZINC000301248416,C[C@H]1CCCN(C[C@H](C)Nc2ncc([N+](=O)[O-])cc2Cl)C1
ZINC000301248417,C[C@H]1CCCN(C[C@@H](C)Nc2ncc([N+](=O)[O-])cc2Cl)C1
ZINC000301254430,C[C@@H]1CCCN([C@H](C)CNc2ncc([N+](=O)[O-])cc2Cl)C1
ZINC000301254431,C[C@@H]1CCCN([C@@H](C)CNc2ncc([N+](=O)[O-])cc2Cl)C1
ZINC000301254432,C[C@H]1CCCN([C@@H](C)CNc2ncc([N+](=O)[O-])cc2Cl)C1
ZINC000301254433,C[C@H]1CCCN([C@H](C)CNc2ncc([N+](=O)[O-])cc2Cl)C1
ZINC000301276682,Cc1ccnc(N[C@H](C)CN2C[C@H](C)C[C@H](C)C2)c1[N+](=O)[O-]
ZINC000301276683,Cc1ccnc(N[C@@H](C)CN2C[C@H](C)C[C@H](C)C2)c1[N+](=O)[O-]
ZINC000301276684,Cc1ccnc(N[C@H](C)CN2C[C@@H](C)C[C@H](C)C2)c1[N+](=O)[O-]
ZINC000301276685,Cc1ccnc(N[C@H](C)CN2C[C@H](C)C[C@@H](C)C2)c1[N+](=O)[O-]
ZINC000301281417,CC[C@@H]1CCCCN1CCNc1ncc([N+](=O)[O-])cc1Cl
ZINC000301281420,CC[C@H]1CCCCN1CCNc1ncc([N+](=O)[O-])cc1Cl
ZINC000301306553,Cc1ccnc(NCC(C)(C)N2CCC[C@@H](C)C2)c1[N+](=O)[O-]
ZINC000301306554,Cc1ccnc(NCC(C)(C)N2CCC[C@H](C)C2)c1[N+](=O)[O-]
ZINC000301414179,Cc1cnc(NCC(C)(C)N2CCC[C@@H](C)C2)c([N+](=O)[O-])c1
ZINC000301414180,Cc1cnc(NCC(C)(C)N2CCC[C@H](C)C2)c([N+](=O)[O-])c1
ZINC000301428447,Cc1cnc(N[C@H](C)CN2C[C@H](C)C[C@H](C)C2)c([N+](=O)[O-])c1
ZINC000301428449,Cc1cnc(N[C@H](C)CN2C[C@@H](C)C[C@H](C)C2)c([N+](=O)[O-])c1
ZINC000301428451,Cc1cnc(N[C@H](C)CN2C[C@H](C)C[C@@H](C)C2)c([N+](=O)[O-])c1
ZINC000301428453,Cc1cnc(N[C@@H](C)CN2C[C@H](C)C[C@H](C)C2)c([N+](=O)[O-])c1
ZINC000301450654,Cc1cc(NCC(C)(C)N2CCC[C@@H](C)C2)ncc1[N+](=O)[O-]
ZINC000301450655,Cc1cc(NCC(C)(C)N2CCC[C@H](C)C2)ncc1[N+](=O)[O-]
ZINC000301459854,Cc1cc(N[C@H](C)CN2C[C@H](C)C[C@H](C)C2)ncc1[N+](=O)[O-]
ZINC000301459855,Cc1cc(N[C@@H](C)CN2C[C@H](C)C[C@H](C)C2)ncc1[N+](=O)[O-]
ZINC000301459856,Cc1cc(N[C@H](C)CN2C[C@@H](C)C[C@H](C)C2)ncc1[N+](=O)[O-]
ZINC000301459857,Cc1cc(N[C@H](C)CN2C[C@H](C)C[C@@H](C)C2)ncc1[N+](=O)[O-]
ZINC000301650424,Cc1nc(NCC(C)(C)N2CCC[C@@H](C)C2)ccc1[N+](=O)[O-]
ZINC000301650426,Cc1nc(NCC(C)(C)N2CCC[C@H](C)C2)ccc1[N+](=O)[O-]
ZINC000301663601,Cc1nc(N[C@H](C)CN2C[C@H](C)C[C@H](C)C2)ccc1[N+](=O)[O-]
ZINC000301663602,Cc1nc(N[C@H](C)CN2C[C@H](C)C[C@@H](C)C2)ccc1[N+](=O)[O-]
ZINC000301663603,Cc1nc(N[C@H](C)CN2C[C@@H](C)C[C@H](C)C2)ccc1[N+](=O)[O-]
ZINC000301663604,Cc1nc(N[C@@H](C)CN2C[C@H](C)C[C@H](C)C2)ccc1[N+](=O)[O-]
ZINC000301747574,CC[C@@H]1CCCCN1CCNc1ncc(Cl)cc1[N+](=O)[O-]
ZINC000301747575,CC[C@H]1CCCCN1CCNc1ncc(Cl)cc1[N+](=O)[O-]
ZINC000301748825,C[C@@H]1CCCN(C[C@@H](C)Nc2ncc(Cl)cc2[N+](=O)[O-])C1
ZINC000301748826,C[C@@H]1CCCN(C[C@H](C)Nc2ncc(Cl)cc2[N+](=O)[O-])C1
ZINC000301748827,C[C@H]1CCCN(C[C@H](C)Nc2ncc(Cl)cc2[N+](=O)[O-])C1
ZINC000301748828,C[C@H]1CCCN(C[C@@H](C)Nc2ncc(Cl)cc2[N+](=O)[O-])C1
ZINC000301968133,Cc1cc([N+](=O)[O-])cnc1NCC(C)(C)N1CCC[C@@H](C)C1
ZINC000301968134,Cc1cc([N+](=O)[O-])cnc1NCC(C)(C)N1CCC[C@H](C)C1
ZINC000303374114,Cc1cc([N+](=O)[O-])cnc1NC[C@@H](C(C)C)N1CCC(C)CC1
ZINC000303374116,Cc1cc([N+](=O)[O-])cnc1NC[C@H](C(C)C)N1CCC(C)CC1
ZINC000303677459,Cc1ccnc(NC[C@@H](C(C)C)N2CCC(C)CC2)c1[N+](=O)[O-]
ZINC000303677460,Cc1ccnc(NC[C@H](C(C)C)N2CCC(C)CC2)c1[N+](=O)[O-]
ZINC000343329894,CCCN(CCN1CCCCC1)c1ccc([N+](=O)[O-])c(C)n1
ZINC000343344796,CCCN(CCN1CCCCC1)c1ncc(C)cc1[N+](=O)[O-]
ZINC000343370178,CCCN(CCN1CCCCC1)c1cc(C)c([N+](=O)[O-])cn1
ZINC000360668658,Cc1ccc([N+](=O)[O-])c(N[C@H](C)CN2C[C@H](C)C[C@H](C)C2)n1
ZINC000360668659,Cc1ccc([N+](=O)[O-])c(N[C@@H](C)CN2C[C@H](C)C[C@H](C)C2)n1
ZINC000360668660,Cc1ccc([N+](=O)[O-])c(N[C@H](C)CN2C[C@@H](C)C[C@H](C)C2)n1
ZINC000360668661,Cc1ccc([N+](=O)[O-])c(N[C@H](C)CN2C[C@H](C)C[C@@H](C)C2)n1
ZINC000360684953,Cc1ccc([N+](=O)[O-])c(NCC(C)(C)N2CCC[C@@H](C)C2)n1
ZINC000360684954,Cc1ccc([N+](=O)[O-])c(NCC(C)(C)N2CCC[C@H](C)C2)n1
ZINC000413113965,C[C@@H]1CCCN(C(C)(C)CNc2ncc([N+](=O)[O-])cc2F)C1
ZINC000413113968,C[C@H]1CCCN(C(C)(C)CNc2ncc([N+](=O)[O-])cc2F)C1
ZINC000443945397,CC1(C)CCCN(CCNc2ncc(Cl)cc2[N+](=O)[O-])C1
ZINC000443969470,CC1(C)CCCN(CCNc2ncc([N+](=O)[O-])cc2Cl)C1
ZINC000463055034,Cc1cnc(NC[C@@H](C(C)C)N2CCC(C)CC2)c([N+](=O)[O-])c1
ZINC000463055044,Cc1cnc(NC[C@H](C(C)C)N2CCC(C)CC2)c([N+](=O)[O-])c1
ZINC000470863137,Cc1cc(NC[C@@H](C(C)C)N2CCC(C)CC2)ncc1[N+](=O)[O-]
ZINC000470863138,Cc1cc(NC[C@H](C(C)C)N2CCC(C)CC2)ncc1[N+](=O)[O-]
ZINC000295683412,NC(=O)c1ccnc(N[C@H](CO)CN2CCCCC2)c1[N+](=O)[O-]
ZINC000295683417,NC(=O)c1ccnc(N[C@@H](CO)CN2CCCCC2)c1[N+](=O)[O-]
ZINC000295987104,COC(=O)c1cnc(NCCN2CCC(O)CC2)c([N+](=O)[O-])c1
ZINC000589584480,COC1CCN(CCNc2nccc(C(N)=O)c2[N+](=O)[O-])CC1
ZINC000596152383,CN(C)C1CCN(CCNc2ccc(N)c([N+](=O)[O-])n2)CC1
ZINC000598633485,COC(=O)c1ccnc(NCCN2CCC(O)CC2)c1[N+](=O)[O-]
ZINC001161866795,COC(=O)c1cnc(NCCN2CCC(N)CC2)c([N+](=O)[O-])c1
ZINC001161867042,COC(=O)c1cc([N+](=O)[O-])cnc1NCCN1CCC(N)CC1
ZINC001161867696,NC1CCN(CCNc2ncc([N+](=O)[O-])cc2[N+](=O)[O-])CC1
ZINC001161867881,COC(=O)c1ccnc(NCCN2CCC(N)CC2)c1[N+](=O)[O-]
ZINC001161873106,COC(=O)c1ccc([N+](=O)[O-])c(NCCN2CCC(N)CC2)n1
ZINC001600106074,Cc1cc(C(=O)O)c([N+](=O)[O-])c(NCCN2CCC(O)CC2)n1
ZINC001223020477,CN1c2ccccc2[C@@H](OC(=O)C(O)COP(=O)(O)O)c2ccc(Cl)cc2S1(=O)=O
ZINC001223020483,CN1c2ccccc2[C@H](OC(=O)C(O)COP(=O)(O)O)c2ccc(Cl)cc2S1(=O)=O
ZINC001223023559,CN1c2ccccc2[C@H](OC(=O)C(CC(=O)O)C(O)C(=O)O)c2ccc(Cl)cc2S1(=O)=O
ZINC001223023562,CN1c2ccccc2[C@H](OC(=O)C(CC(=O)O)C(O)C(=O)O)c2ccc(Cl)cc2S1(=O)=O
ZINC001223023563,CN1c2ccccc2[C@H](OC(=O)C(CC(=O)O)C(O)C(=O)O)c2ccc(Cl)cc2S1(=O)=O
ZINC001223023564,CN1c2ccccc2[C@H](OC(=O)C(CC(=O)O)C(O)C(=O)O)c2ccc(Cl)cc2S1(=O)=O
ZINC000263583270,O=C(O)c1ccc(CN2CCC(n3c(=O)[nH]c4ccccc43)CC2)cc1
ZINC000461496841,CCS(=O)(=O)c1cccc(CC(=O)N[C@H](CN2CCCC2)c2ccc(OC)cc2)c1
ZINC000500423657,COc1ccc([C@@H](CN2CCCC2)NC(=O)Cc2cccc(NS(C)(=O)=O)c2)cc1
ZINC001137627529,COc1ccc([C@@H](CN2CCCC2)NC(=O)C(CS(C)(=O)=O)c2ccccc2)cc1
ZINC001137627530,COc1ccc([C@@H](CN2CCCC2)NC(=O)C(CS(C)(=O)=O)c2ccccc2)cc1
ZINC001139271363,COc1cccc(CN2CCC(n3c(=O)n(C)c4ccccc43)CC2)c1OCC(=O)O
ZINC001141706077,COC(=O)c1cc(OC)cc(OC)c1CN1CCC(n2c(=O)n(C)c3ccccc32)CC1
ZINC001217837713,COC(=O)C(CCO)O[C@@H]1c2ccccc2N(C)S(=O)(=O)c2cc(Cl)ccc21
ZINC001217837717,COC(=O)C(CCO)O[C@H]1c2ccccc2N(C)S(=O)(=O)c2cc(Cl)ccc21
ZINC001320180714,COc1ccc([C@@H](CN2CCCC2)NC(=O)Cc2ccccc2NS(C)(=O)=O)cc1
ZINC000743836260,COc1ccc(CN2CCC(n3c(=O)[nH]c4ccccc43)CC2)cc1SC(F)(F)F
ZINC001223018343,CC(C)[C@H](O[C@@H]1c2ccccc2N(C)S(=O)(=O)c2cc(Cl)ccc21)C(F)(F)F
ZINC001223018344,CC(C)[C@@H](O[C@@H]1c2ccccc2N(C)S(=O)(=O)c2cc(Cl)ccc21)C(F)(F)F
ZINC001223018345,CC(C)[C@H](O[C@H]1c2ccccc2N(C)S(=O)(=O)c2cc(Cl)ccc21)C(F)(F)F
ZINC001223018346,CC(C)[C@@H](O[C@H]1c2ccccc2N(C)S(=O)(=O)c2cc(Cl)ccc21)C(F)(F)F
ZINC001237034626,CC(C)(C)OC(=O)Nc1ccc(CN2CCC(n3c(=O)[nH]c4ccccc43)CC2)cc1F
ZINC001237368096,CC(C)(C)OC(=O)Nc1c(F)cccc1CN1CCC(n2c(=O)[nH]c3ccccc32)CC1
ZINC001238670179,CC(C)(C)C(=O)Nc1ccc(Cl)cc1CN1CCC(n2c(=O)[nH]c3ccccc32)CC1
ZINC001249382866,CC(C)(C)OC(=O)Nc1cccc(F)c1CN1CCC(n2c(=O)[nH]c3ccccc32)CC1
ZINC001664103395,Cc1cc(Br)c(CN2CCC(n3c(=O)[nH]c4ccccc43)CC2)cc1Cl
ZINC000261474093,CS(=O)(=O)Nc1ccccc1CC(=O)N[C@H](CN1CCCC1)c1ccccc1
ZINC000436143161,COc1ccc([C@@H](CN2CCCC2)NC(=O)Cc2ccc([S@@+](C)[O-])cc2)cc1
ZINC000436143192,COc1ccc([C@@H](CN2CCCC2)NC(=O)Cc2ccc([S@+](C)[O-])cc2)cc1
ZINC000447551190,COc1ccc([C@@H](CN2CCCC2)NC(=O)Cc2cc(OC)c(O)c(OC)c2)cc1
ZINC000460754908,CCS(=O)(=O)c1cccc(CC(=O)N[C@H](CN2CCCC2)c2ccccc2)c1
ZINC000498946347,CN(C)S(=O)(=O)c1ccc(CN2CCC(n3c(=O)[nH]c4ccccc43)CC2)cc1
ZINC000504057937,CC1CCN([C@@H](CNc2ncc(Br)cc2S(N)(=O)=O)C(C)C)CC1
ZINC000504057938,CC1CCN([C@H](CNc2ncc(Br)cc2S(N)(=O)=O)C(C)C)CC1
ZINC000550711541,NS(=O)(=O)c1cc(Cl)cc(CN2CCC(n3c(=O)[nH]c4ccccc43)CC2)c1
ZINC000550792604,COc1ccc([C@@H](CN2CCCC2)NC(=O)Cc2ccccc2S(C)(=O)=O)cc1
ZINC000592730826,CS(=O)(=O)Nc1cccc(CC(=O)N[C@H](CN2CCCC2)c2ccccc2)c1
ZINC000678129249,CS(=O)(=O)Nc1cccc(CN2CCC(n3c(=O)[nH]c4ccccc43)CC2)c1
ZINC001137248553,COC(=O)c1ccc(OC)c(CN2CCC(n3c(=O)n(C)c4ccccc43)CC2)c1
ZINC001137452869,COC(=O)c1ccc(CN2CCC(n3c(=O)n(C)c4ccccc43)CC2)c(OC)c1
ZINC001138815081,CCS(=O)(=O)c1ccc(CN2CCC(n3c(=O)n(C)c4ccccc43)CC2)cc1
ZINC001139775708,COC(=O)COc1ccc(CN2CCC(n3c(=O)n(C)c4ccccc43)CC2)cc1
ZINC001140425682,COC(=O)COc1ccccc1CN1CCC(n2c(=O)n(C)c3ccccc32)CC1
ZINC001141178637,Cn1c(=O)n(C2CCN(Cc3cccc(NS(C)(=O)=O)c3)CC2)c2ccccc21
ZINC001233265208,CS(=O)(=O)Nc1ccc(CN2CCC(n3c(=O)[nH]c4ccccc43)CC2)cc1
ZINC001233267391,Cn1c(=O)n(C2CCN(Cc3ccc(NS(C)(=O)=O)cc3)CC2)c2ccccc21
ZINC001233527707,COC(=O)c1ccc(CN2CCC(n3c(=O)n(C)c4ccccc43)CC2)cc1OC
ZINC001234964890,COC(=O)c1cc(CN2CCC(n3c(=O)n(C)c4ccccc43)CC2)ccc1OC
ZINC001235136265,CS(=O)(=O)Nc1ccccc1CN1CCC(n2c(=O)[nH]c3ccccc32)CC1
ZINC001235147923,Cn1c(=O)n(C2CCN(Cc3ccccc3NS(C)(=O)=O)CC2)c2ccccc21
ZINC001236764670,COC(=O)c1cc(CN2CCC(n3c(=O)n(C)c4ccccc43)CC2)cc(OC)c1
ZINC001236930099,Cn1c(=O)n(C2CCN(Cc3ccc(S(C)(=O)=O)cc3F)CC2)c2ccccc21
ZINC001236952437,Cn1c(=O)n(C2CCN(Cc3ccc(F)c(S(C)(=O)=O)c3)CC2)c2ccccc21
ZINC001248912484,COC(=O)c1cccc(CN2CCC(n3c(=O)n(C)c4ccccc43)CC2)c1OC
ZINC001290116493,CS(=O)(=O)CC(C(=O)N[C@H](CN1CCCC1)c1ccccc1)c1ccccc1
ZINC001290116494,CS(=O)(=O)CC(C(=O)N[C@H](CN1CCCC1)c1ccccc1)c1ccccc1
ZINC001560722682,NS(=O)(=O)c1ccc(CN2CCC(n3c(=O)[nH]c4ccccc43)CC2)cc1Cl
ZINC001659280693,NS(=O)(=O)c1cc(CN2CCC(n3c(=O)[nH]c4ccccc43)CC2)ccc1Cl
ZINC000336815488,Cc1nc(NCCN2CCCCC2)c(Cl)cc1C#N
ZINC000067351268,CC1CCN(CCNc2ccc(Cl)c(C#N)n2)CC1
ZINC000135068409,Cc1ccnc(N[C@@H](C)CN2CCCCC2)c1C#N
ZINC000135068431,Cc1ccnc(N[C@H](C)CN2CCCCC2)c1C#N
ZINC000341532150,C[C@@H]1CCCN([C@@H](C)CNc2nccc(C#N)c2Cl)C1
ZINC000341532151,C[C@H]1CCCN([C@H](C)CNc2nccc(C#N)c2Cl)C1
ZINC000341532156,C[C@H]1CCCN([C@@H](C)CNc2nccc(C#N)c2Cl)C1
ZINC000341532160,C[C@@H]1CCCN([C@H](C)CNc2nccc(C#N)c2Cl)C1
ZINC000341533859,C[C@@H]1CCCCN1[C@@H](C)CNc1nccc(C#N)c1Cl
ZINC000341533860,C[C@H](CNc1nccc(C#N)c1Cl)N1CCCC[C@@H]1C
ZINC000341533861,C[C@H]1CCCCN1[C@@H](C)CNc1nccc(C#N)c1Cl
ZINC000341533862,C[C@@H]1CCCCN1[C@H](C)CNc1nccc(C#N)c1Cl
ZINC000891793199,Cc1cc(C#N)nc(N[C@H](C)CN2CCCCC2)c1
ZINC000891793201,Cc1cc(C#N)nc(N[C@@H](C)CN2CCCCC2)c1
ZINC000341840580,C[C@@H]1CCCN(C[C@H](C)Nc2nccc(C#N)c2Cl)C1
ZINC000341840582,C[C@H]1CCCN(C[C@@H](C)Nc2nccc(C#N)c2Cl)C1
ZINC000341840584,C[C@H]1CCCN(C[C@H](C)Nc2nccc(C#N)c2Cl)C1
ZINC000341840586,C[C@@H]1CCCN(C[C@@H](C)Nc2nccc(C#N)c2Cl)C1
ZINC000342119569,CC[C@@H]1CCCCN1CCNc1nccc(C#N)c1Cl
ZINC000342119572,CC[C@H]1CCCCN1CCNc1nccc(C#N)c1Cl
ZINC000342224963,C[C@H]1CCC[C@H](C)N1CCNc1nccc(C#N)c1Cl
ZINC000342224964,C[C@@H]1CCC[C@H](C)N1CCNc1nccc(C#N)c1Cl
ZINC000342224965,C[C@@H]1CCC[C@@H](C)N1CCNc1nccc(C#N)c1Cl
ZINC000263687048,C[C@H]1CCCN(C(C)(C)CNc2ncccc2C#N)C1
ZINC000339220748,C[C@H](CNc1cccc(C#N)n1)N1CCCC[C@@H]1C
ZINC000339220747,C[C@@H]1CCCCN1[C@@H](C)CNc1cccc(C#N)n1
ZINC000235104436,C[C@@H](CN1CCCCC1)Nc1nccc(C#N)c1Cl
ZINC000076744811,C[C@@H]1CCCCN1[C@@H](C)CNc1ccc(C#N)cn1
ZINC000235466010,C[C@H](CN1CCCCC1)Nc1nccc(C#N)c1Cl
ZINC000343089028,Cc1ccc(C#N)c(NCCN2CCCC(C)(C)C2)n1
ZINC000343101068,CC1(C)CCCN(CCNc2nccc(C#N)c2Cl)C1
ZINC000044388136,Cc1cc(C)c(C#N)c(N[C@@H](C)CN2CCCCC2)n1
ZINC000044388139,Cc1cc(C)c(C#N)c(N[C@H](C)CN2CCCCC2)n1
ZINC000079901286,C[C@H]1CCCCN1[C@@H](C)CNc1ncccc1C#N
ZINC000044419594,Cc1ccc(C#N)c(N[C@@H](C)CN2CCCCC2)n1
ZINC000044419596,Cc1ccc(C#N)c(N[C@H](C)CN2CCCCC2)n1
ZINC000343354153,CCCN(CCN1CCCCC1)c1nccc(C)c1C#N
ZINC000343357637,CCCN(CCN1CCCCC1)c1ncccc1C#N
ZINC000343357679,CCCN(CCN1CCCCC1)c1cccc(C#N)n1
ZINC000343512947,Cc1ccnc(NC[C@H](C)N2CCCC[C@@H]2C)c1C#N
ZINC000343512949,Cc1ccnc(NC[C@H](C)N2CCCC[C@H]2C)c1C#N
ZINC000343512951,Cc1ccnc(NC[C@@H](C)N2CCCC[C@@H]2C)c1C#N
ZINC000343512953,Cc1ccnc(NC[C@@H](C)N2CCCC[C@H]2C)c1C#N
ZINC000343544954,Cc1ccnc(N[C@H](C)CN2CCC[C@H](C)C2)c1C#N
ZINC000343544955,Cc1ccnc(N[C@@H](C)CN2CCC[C@H](C)C2)c1C#N
ZINC000343544956,Cc1ccnc(N[C@@H](C)CN2CCC[C@@H](C)C2)c1C#N
ZINC000343544960,Cc1ccnc(N[C@H](C)CN2CCC[C@@H](C)C2)c1C#N
ZINC000612070383,Cc1ccnc(NC[C@@H](C)N2CCC[C@H](C)C2)c1C#N
ZINC000612070384,Cc1ccnc(NC[C@H](C)N2CCC[C@H](C)C2)c1C#N
ZINC000612070386,Cc1ccnc(NC[C@H](C)N2CCC[C@@H](C)C2)c1C#N
ZINC000612070388,Cc1ccnc(NC[C@@H](C)N2CCC[C@@H](C)C2)c1C#N
ZINC000612079512,CC[C@H]1CCCCN1CCNc1nccc(C)c1C#N
ZINC000612079513,CC[C@@H]1CCCCN1CCNc1nccc(C)c1C#N
ZINC000236057058,N#Cc1ccnc(NCCN2CCCCC2)c1Cl
ZINC000040444328,Cc1cc(C)c(C#N)c(NCCN2CCC(C)CC2)n1
ZINC000265002876,CC[C@H]1CCCCN1CCNc1ncccc1C#N
ZINC000265147184,C[C@H]1CCCN(CCNc2ncc(C#N)cc2Cl)C1
ZINC000048962921,C[C@@H]1C[C@@H](C)CN(C[C@@H](C)Nc2ncccc2C#N)C1
ZINC000048962917,C[C@@H]1C[C@H](C)CN(C[C@@H](C)Nc2ncccc2C#N)C1
ZINC000344438233,C[C@H](CNc1ccc(Cl)c(C#N)n1)N1CCCC[C@@H]1C
ZINC000344438235,C[C@@H]1CCCCN1[C@H](C)CNc1ccc(Cl)c(C#N)n1
ZINC000067367903,N#Cc1nc(NCCN2CCCCC2)ccc1Cl
ZINC000232833862,CC1CCN(CCNc2nccc(C#N)c2Cl)CC1
ZINC000346822801,Cc1ccc(C#N)c(NC[C@H](C)N2CCCC[C@@H]2C)n1
ZINC000346822803,Cc1ccc(C#N)c(NC[C@H](C)N2CCCC[C@H]2C)n1
ZINC000346822804,Cc1ccc(C#N)c(NC[C@@H](C)N2CCCC[C@@H]2C)n1
ZINC000346822806,Cc1ccc(C#N)c(NC[C@@H](C)N2CCCC[C@H]2C)n1
ZINC000079901285,C[C@@H]1CCCCN1[C@@H](C)CNc1ncccc1C#N
ZINC000079914633,Cc1cc(C)c(C#N)c(NCCN2CCC[C@H](C)C2)n1
ZINC000079914637,Cc1cc(C)c(C#N)c(NCCN2CCC[C@@H](C)C2)n1
ZINC000160593278,Cc1ccc(C#N)c(NC[C@@H](C)N2CCC[C@H](C)C2)n1
ZINC000160593361,Cc1ccc(C#N)c(NC[C@H](C)N2CCC[C@H](C)C2)n1
ZINC000161436919,CC[C@@H]1CCCCN1CCNc1nc(C)ccc1C#N
ZINC000161437049,CC[C@H]1CCCCN1CCNc1nc(C)ccc1C#N
ZINC000593514907,CN(CCN1CCCCC1)c1ccc(Cl)c(C#N)n1
ZINC000596078493,Cc1ccc(C#N)nc1NC[C@@H](C)N1CCC[C@H](C)C1
ZINC000596078494,Cc1ccc(C#N)nc1NC[C@H](C)N1CCC[C@H](C)C1
ZINC000596078495,Cc1ccc(C#N)nc1NC[C@H](C)N1CCC[C@@H](C)C1
ZINC000596078496,Cc1ccc(C#N)nc1NC[C@@H](C)N1CCC[C@@H](C)C1
ZINC000596078254,Cc1ccc(C#N)nc1N[C@H](C)CN1CCCCC1
ZINC000596078255,Cc1ccc(C#N)nc1N[C@@H](C)CN1CCCCC1
ZINC000596126602,CC[C@H]1CCCCN1CCNc1nc(C#N)ccc1C
ZINC000596486930,Cc1ccc(C#N)c(N[C@@H](C)CN2CCC(C)CC2)n1
ZINC000596486932,Cc1ccc(C#N)c(N[C@H](C)CN2CCC(C)CC2)n1
ZINC000596487623,Cc1ccc(C#N)nc1N[C@@H](C)CN1CCC(C)CC1
ZINC000596487624,Cc1ccc(C#N)nc1N[C@H](C)CN1CCC(C)CC1
ZINC000596487652,Cc1ccnc(N[C@@H](C)CN2CCC(C)CC2)c1C#N
ZINC000596487653,Cc1ccnc(N[C@H](C)CN2CCC(C)CC2)c1C#N
ZINC000596487194,CC1CCN(C[C@@H](C)Nc2ccc(Cl)c(C#N)n2)CC1
ZINC000596487195,CC1CCN(C[C@H](C)Nc2ccc(Cl)c(C#N)n2)CC1
ZINC000596489867,CC1CCN(C[C@@H](C)Nc2ncc(C#N)cc2F)CC1
ZINC000596489868,CC1CCN(C[C@H](C)Nc2ncc(C#N)cc2F)CC1
ZINC000076744814,C[C@H]1CCCCN1[C@@H](C)CNc1ccc(C#N)cn1
ZINC000593515754,Cc1c(Cl)cnc(N(C)CCN2CCCCC2)c1C#N
ZINC000593516119,CN(CCN1CCCCC1)c1ncc(C#N)cc1Cl
ZINC000593518046,Cc1nc(N(C)CCN2CCCCC2)c(Cl)cc1C#N
ZINC000596126603,CC[C@@H]1CCCCN1CCNc1nc(C#N)ccc1C
ZINC000443961527,Cc1ccnc(NCCN2CCCC(C)(C)C2)c1C#N
ZINC000443969551,CC1(C)CCCN(CCNc2ccc(Cl)c(C#N)n2)C1
ZINC000487750616,CCCN(CCN1CCCCC1)c1ccc(C#N)c(C)n1
ZINC000488081133,Cc1nc(NCC(C)(C)N2CCC[C@@H](C)C2)ccc1C#N
ZINC000488081135,Cc1nc(NCC(C)(C)N2CCC[C@H](C)C2)ccc1C#N
ZINC000299164051,C[C@@H]1C[C@H](C)CN(C[C@H](C)Nc2ncccc2C#N)C1
ZINC000299164049,C[C@@H]1C[C@@H](C)CN(C[C@H](C)Nc2ncccc2C#N)C1
ZINC000301810072,C[C@@H]1C[C@@H](C)CN(C[C@H](C)Nc2cccc(C#N)n2)C1
ZINC000301810070,C[C@@H]1C[C@H](C)CN(C[C@@H](C)Nc2cccc(C#N)n2)C1
ZINC000301810076,C[C@@H]1C[C@H](C)CN(C[C@H](C)Nc2cccc(C#N)n2)C1
ZINC000301810074,C[C@@H]1C[C@@H](C)CN(C[C@@H](C)Nc2cccc(C#N)n2)C1
ZINC000301823013,C[C@H]1CCCN(C(C)(C)CNc2cccc(C#N)n2)C1
ZINC000301823012,C[C@@H]1CCCN(C(C)(C)CNc2cccc(C#N)n2)C1
ZINC000060379938,N#Cc1cnc(NCCN2CCCCC2)c(Cl)c1
ZINC000245696785,Cc1ccc(C#N)c(NC[C@H](C)N2CCC[C@@H](C)C2)n1
ZINC000245696790,Cc1ccc(C#N)c(NC[C@@H](C)N2CCC[C@@H](C)C2)n1
ZINC000853161716,C#Cc1cccnc1NC[C@H](C)N1CCC[C@H](C)C1
ZINC000853161717,C#Cc1cccnc1NC[C@H](C)N1CCC[C@@H](C)C1
ZINC000853161718,C#Cc1cccnc1NC[C@@H](C)N1CCC[C@H](C)C1
ZINC000853161719,C#Cc1cccnc1NC[C@@H](C)N1CCC[C@@H](C)C1
ZINC000853162957,C#CCCCOc1cccnc1NCCN1CCCCC1
ZINC000853329638,C#Cc1cccnc1NCCN1CCCC[C@@H]1CC
ZINC000853329639,C#Cc1cccnc1NCCN1CCCC[C@H]1CC
ZINC000853539915,C#Cc1cccnc1NCCN1CCCC(C)(C)C1
ZINC000853868056,C#Cc1cccnc1N[C@@H](C)CN1CCC(C)CC1
ZINC000853868057,C#Cc1cccnc1N[C@H](C)CN1CCC(C)CC1
ZINC000339000137,C[C@@H]1CCCCN1[C@H](C)CNc1ncccc1C#N
ZINC000339000138,C[C@H](CNc1ncccc1C#N)N1CCCC[C@@H]1C
ZINC000263687047,C[C@@H]1CCCN(C(C)(C)CNc2ncccc2C#N)C1
ZINC000263777061,C[C@@H]1CCCN(C(C)(C)CNc2ccc(C#N)cn2)C1
ZINC000263777064,C[C@H]1CCCN(C(C)(C)CNc2ccc(C#N)cn2)C1
ZINC000263791791,CC1CCN(CCNc2ncc(C#N)cc2Cl)CC1
ZINC000264907107,CC[C@H]1CCCCN1CCNc1ccc(C#N)cn1
ZINC000264907109,CC[C@@H]1CCCCN1CCNc1ccc(C#N)cn1
ZINC000265002877,CC[C@@H]1CCCCN1CCNc1ncccc1C#N
ZINC000265098673,C[C@@H](CN1CCCCC1)Nc1ncc(C#N)cc1Cl
ZINC000265098670,C[C@H](CN1CCCCC1)Nc1ncc(C#N)cc1Cl
ZINC000265147183,C[C@@H]1CCCN(CCNc2ncc(C#N)cc2Cl)C1
ZINC000265505643,CC[C@H]1CCCCN1CCNc1cccc(C#N)n1
ZINC000265505644,CC[C@@H]1CCCCN1CCNc1cccc(C#N)n1
ZINC000267170585,C[C@H](CN1CCCCC1)Nc1ccc(Cl)c(C#N)n1
ZINC000267170588,C[C@@H](CN1CCCCC1)Nc1ccc(Cl)c(C#N)n1
ZINC000267241783,C[C@@H]1CCCN(CCNc2ccc(Cl)c(C#N)n2)C1
ZINC000267241785,C[C@H]1CCCN(CCNc2ccc(Cl)c(C#N)n2)C1
ZINC000339220746,C[C@@H]1CCCCN1[C@H](C)CNc1cccc(C#N)n1
ZINC000339220749,C[C@H]1CCCCN1[C@@H](C)CNc1cccc(C#N)n1
ZINC000286230921,Cc1ccc(C#N)c(N[C@H](C)CN2CCC[C@H](C)C2)n1
ZINC000286230923,Cc1ccc(C#N)c(N[C@@H](C)CN2CCC[C@H](C)C2)n1
ZINC000286230925,Cc1ccc(C#N)c(N[C@@H](C)CN2CCC[C@@H](C)C2)n1
ZINC000286230926,Cc1ccc(C#N)c(N[C@H](C)CN2CCC[C@@H](C)C2)n1
ZINC000286260395,CCCN(CCN1CCCCC1)c1ccc(C#N)cn1
ZINC000286425761,C[C@@H]1C[C@H](C)CN(C[C@@H](C)Nc2cc(C#N)ccn2)C1
ZINC000286425764,C[C@@H]1C[C@@H](C)CN(C[C@H](C)Nc2cc(C#N)ccn2)C1
ZINC000286425766,C[C@@H]1C[C@@H](C)CN(C[C@@H](C)Nc2cc(C#N)ccn2)C1
ZINC000286425769,C[C@@H]1C[C@H](C)CN(C[C@H](C)Nc2cc(C#N)ccn2)C1
ZINC000287235879,CC[C@H]1CCCCN1CCNc1cc(C#N)ccn1
ZINC000287235894,CC[C@@H]1CCCCN1CCNc1cc(C#N)ccn1
ZINC000299168912,C[C@@H]1C[C@H](C)CN(C[C@@H](C)Nc2ccc(C#N)cn2)C1
ZINC000299168913,C[C@@H]1C[C@@H](C)CN(C[C@H](C)Nc2ccc(C#N)cn2)C1
ZINC000299168915,C[C@@H]1C[C@@H](C)CN(C[C@@H](C)Nc2ccc(C#N)cn2)C1
ZINC000299168917,C[C@@H]1C[C@H](C)CN(C[C@H](C)Nc2ccc(C#N)cn2)C1
ZINC000413050269,C[C@@H]1CCCN([C@@H](C)CNc2ncc(C#N)cc2F)C1
ZINC000413050270,C[C@H]1CCCN([C@H](C)CNc2ncc(C#N)cc2F)C1
ZINC000413050271,C[C@H]1CCCN([C@@H](C)CNc2ncc(C#N)cc2F)C1
ZINC000413050272,C[C@@H]1CCCN([C@H](C)CNc2ncc(C#N)cc2F)C1
ZINC000413054892,C[C@@H]1CCCCN1[C@@H](C)CNc1ncc(C#N)cc1F
ZINC000413054893,C[C@H](CNc1ncc(C#N)cc1F)N1CCCC[C@@H]1C
ZINC000413054894,C[C@H]1CCCCN1[C@@H](C)CNc1ncc(C#N)cc1F
ZINC000413054895,C[C@@H]1CCCCN1[C@H](C)CNc1ncc(C#N)cc1F
ZINC000413073590,C[C@@H]1CCCN(C[C@H](C)Nc2ncc(C#N)cc2F)C1
ZINC000413073591,C[C@H]1CCCN(C[C@@H](C)Nc2ncc(C#N)cc2F)C1
ZINC000413073592,C[C@H]1CCCN(C[C@H](C)Nc2ncc(C#N)cc2F)C1
ZINC000413073593,C[C@@H]1CCCN(C[C@@H](C)Nc2ncc(C#N)cc2F)C1
ZINC000413078434,C[C@@H]1C[C@H](C)CN(C[C@@H](C)Nc2ncc(C#N)cc2F)C1
ZINC000413078435,C[C@@H]1C[C@@H](C)CN(C[C@@H](C)Nc2ncc(C#N)cc2F)C1
ZINC000413078436,C[C@@H]1C[C@@H](C)CN(C[C@H](C)Nc2ncc(C#N)cc2F)C1
ZINC000413078437,C[C@@H]1C[C@H](C)CN(C[C@H](C)Nc2ncc(C#N)cc2F)C1
ZINC000413142460,CC[C@@H]1CCCCN1CCNc1ncc(C#N)cc1F
ZINC000413142464,CC[C@H]1CCCCN1CCNc1ncc(C#N)cc1F
ZINC000413264535,CC1(C)CCCN(CCNc2ncc(C#N)cc2F)C1
ZINC000413281232,CCCN(CCN1CCCCC1)c1ncc(C#N)cc1F
ZINC000122698807,C[C@@H](CN1CCCCC1)Nc1cc(C#N)cc(Cl)n1
ZINC000122699017,C[C@H](CN1CCCCC1)Nc1cc(C#N)cc(Cl)n1
ZINC001160748854,Cc1cc(C#N)c(NCCN2CCC(F)(F)CC2)nc1C
ZINC001160751863,Cc1nc(NCCN2CCC(F)(F)CC2)ccc1CC#N
ZINC001160751884,Cc1ccc(CC#N)c(NCCN2CCC(F)(F)CC2)n1
ZINC001336983833,C[C@@H]1CCCN(CCNc2cc(C#N)cc(Cl)n2)C1
ZINC001336983834,C[C@H]1CCCN(CCNc2cc(C#N)cc(Cl)n2)C1
ZINC001363162004,CCCN(CCN1CCCCC1)c1cc(C)c(C#N)cn1
ZINC001515878992,CN(CCN1CCCCC1)c1cc(C#N)cc(Cl)n1
ZINC001645959972,CC1CCN(C[C@H](C)Nc2cccc(CC#N)n2)CC1
ZINC001645959973,CC1CCN(C[C@@H](C)Nc2cccc(CC#N)n2)CC1
ZINC001649757020,CC[C@H]1CCCCN1CCNc1cccc(CC#N)n1
ZINC001649757021,CC[C@@H]1CCCCN1CCNc1cccc(CC#N)n1
ZINC001649757587,C[C@@H]1C[C@@H](C)CN(C[C@H](C)Nc2cccc(CC#N)n2)C1
ZINC001649757588,C[C@@H]1C[C@H](C)CN(C[C@@H](C)Nc2cccc(CC#N)n2)C1
ZINC001649757589,C[C@@H]1C[C@@H](C)CN(C[C@@H](C)Nc2cccc(CC#N)n2)C1
ZINC001649757590,C[C@@H]1C[C@H](C)CN(C[C@H](C)Nc2cccc(CC#N)n2)C1
ZINC000122711462,N#Cc1cc(Cl)nc(NCCN2CCCCC2)c1
ZINC000229279166,CC1CCN(CCNc2cc(C#N)cc(Cl)n2)CC1
ZINC001771658414,C[C@H]1CCCN([C@@H](C)CNc2cccc(CC#N)n2)C1
ZINC001771658417,C[C@@H]1CCCN([C@@H](C)CNc2cccc(CC#N)n2)C1
ZINC001771658420,C[C@H]1CCCN([C@H](C)CNc2cccc(CC#N)n2)C1
ZINC001771658422,C[C@@H]1CCCN([C@H](C)CNc2cccc(CC#N)n2)C1
ZINC000768218011,O=c1[nH]c2ccccc2n1C1CCN(Cc2cc(Cl)cc(Cl)c2O)CC1
ZINC001143104171,CC(C)(C)c1cccc(CN2CCC(n3c(=O)[nH]c4ccccc43)CC2)c1O
ZINC001233284308,CC(C)(C)c1ccc(O)c(CN2CCC(n3c(=O)[nH]c4ccccc43)CC2)c1
ZINC001235684698,CC(C)(C)c1ccc(CN2CCC(n3c(=O)[nH]c4ccccc43)CC2)c(O)c1
ZINC001236789783,O=c1[nH]c2ccccc2n1C1CCN(Cc2cc(Cl)c(Cl)cc2O)CC1
ZINC001237080564,O=c1[nH]c2ccccc2n1C1CCN(Cc2c(O)ccc(Cl)c2Cl)CC1
ZINC000001542594,CN1c2ccccc2[C@H](NCCCCCCC(=O)O)c2ccc(Cl)cc2S1(=O)=O
ZINC000001846165,CN1c2ccccc2[C@@H](NCCCCCCC(=O)O)c2ccc(Cl)cc2S1(=O)=O
ZINC000475580808,COC(=O)COc1ccc(CN2CCC(n3c(=O)[nH]c4ccccc43)CC2)cc1[N+](=O)[O-]
ZINC000121799278,CN(C)c1ccc(CN2CCC(n3c(=O)[nH]c4ccccc43)CC2)cc1F
ZINC000121800094,Cc1cc(O)c(CN2CCC(n3c(=O)[nH]c4ccccc43)CC2)cc1C
ZINC000121802163,CCOc1cccc(CN2CCC(n3c(=O)[nH]c4ccccc43)CC2)c1O
ZINC000179782181,CN(C)c1ccc(CN2CCC(n3c(=O)[nH]c4ccccc43)CC2)cc1
ZINC000768219328,COc1cccc(O)c1CN1CCC(n2c(=O)[nH]c3ccccc32)CC1
ZINC001137837463,Cn1c(=O)n(C2CCN(Cc3c(O)cccc3F)CC2)c2ccccc21
ZINC001138128699,Cn1c(=O)n(C2CCN(Cc3cccc(F)c3O)CC2)c2ccccc21
ZINC001139683558,Cn1c(=O)n(C2CCN(Cc3c(F)ccc(F)c3O)CC2)c2ccccc21
ZINC001140055062,Cn1c(=O)n(C2CCN(Cc3cc(F)ccc3O)CC2)c2ccccc21
ZINC001140182660,Cc1ccc(C)c(CN2CCC(n3c(=O)n(C)c4ccccc43)CC2)c1O
ZINC001140583932,Cn1c(=O)n(C2CCN(Cc3c(O)cc(F)cc3F)CC2)c2ccccc21
ZINC001140620859,Cc1ccc(O)c(CN2CCC(n3c(=O)n(C)c4ccccc43)CC2)c1
ZINC001140743839,Cc1c(O)ccc(CN2CCC(n3c(=O)[nH]c4ccccc43)CC2)c1O
ZINC001140950870,Cc1ccc(CN2CCC(n3c(=O)n(C)c4ccccc43)CC2)c(O)c1
ZINC001142524635,Cn1c(=O)n(C2CCN(Cc3cc(F)c(F)cc3O)CC2)c2ccccc21
ZINC001203934338,CN(C)c1ccc(CN2CCC(n3c(=O)n(C)c4ccccc43)CC2)cc1
ZINC001231593440,Cc1cccc(CN2CCC(n3c(=O)n(C)c4ccccc43)CC2)c1O
ZINC001231846085,Cc1cc(C)c(CN2CCC(n3c(=O)n(C)c4ccccc43)CC2)c(O)c1
ZINC001232836851,CN(C)c1ccc(CN2CCC(n3c(=O)[nH]c4ccccc43)CC2)c(O)c1
ZINC001233077725,Cn1c(=O)n(C2CCN(Cc3ccc(F)c(F)c3O)CC2)c2ccccc21
ZINC001233335204,Cn1c(=O)n(C2CCN(Cc3c(O)ccc(F)c3F)CC2)c2ccccc21
ZINC001236794849,CCc1ccc(CN2CCC(n3c(=O)n(C)c4ccccc43)CC2)c(O)c1
ZINC001237487718,Cc1cccc(O)c1CN1CCC(n2c(=O)n(C)c3ccccc32)CC1
ZINC001238063395,Cc1cc(F)cc(CN2CCC(n3c(=O)n(C)c4ccccc43)CC2)c1O
ZINC000178248266,Cc1ccc([N+](=O)[O-])c(NCCN2CCC(N(C)C)CC2)n1
ZINC000267193726,Cc1cc(NCCN2CCC(N(C)C)CC2)ncc1[N+](=O)[O-]
ZINC000267195335,Cc1ccnc(NCCN2CCC(N(C)C)CC2)c1[N+](=O)[O-]
ZINC000267208377,Cc1cnc(NCCN2CCC(N(C)C)CC2)c([N+](=O)[O-])c1
ZINC000267227932,Cc1cc([N+](=O)[O-])cnc1NCCN1CCC(N(C)C)CC1
ZINC000276549737,COC(=O)c1cnc(NCCN2CCC(C)CC2)c([N+](=O)[O-])c1
ZINC000276603370,COC(=O)c1cnc(NCCN2CCC[C@@H](C)C2)c([N+](=O)[O-])c1
ZINC000276603373,COC(=O)c1cnc(NCCN2CCC[C@H](C)C2)c([N+](=O)[O-])c1
ZINC000276610483,COC(=O)c1cnc(NCCN2CCCCC2)c([N+](=O)[O-])c1
ZINC000281060984,COC(=O)c1ccc([N+](=O)[O-])c(NCCN2CCC(C)CC2)n1
ZINC000286258951,COC(=O)c1ccc([N+](=O)[O-])c(NCCN2CCCCC2)n1
ZINC000289189711,O=[N+]([O-])c1cnc(N[C@H](CO)CN2CCCCC2)c(Cl)c1
ZINC000289189712,O=[N+]([O-])c1cnc(N[C@@H](CO)CN2CCCCC2)c(Cl)c1
ZINC000289243449,O=[N+]([O-])c1cc(Cl)cnc1N[C@@H](CO)CN1CCCCC1
ZINC000289243451,O=[N+]([O-])c1cc(Cl)cnc1N[C@H](CO)CN1CCCCC1
ZINC000290575618,C[C@H]1CCCN(CCNc2nccc(C(N)=O)c2[N+](=O)[O-])C1
ZINC000290575620,C[C@@H]1CCCN(CCNc2nccc(C(N)=O)c2[N+](=O)[O-])C1
ZINC000290589557,CC1CCN(CCNc2nccc(C(N)=O)c2[N+](=O)[O-])CC1
ZINC000290674995,CC[C@@H]1CCCCN1CCNc1nccc(C(N)=O)c1[N+](=O)[O-]
ZINC000290674998,CC[C@H]1CCCCN1CCNc1nccc(C(N)=O)c1[N+](=O)[O-]
ZINC000290684378,C[C@@H]1CCCN(C[C@@H](C)Nc2nccc(C(N)=O)c2[N+](=O)[O-])C1
ZINC000290684380,C[C@@H]1CCCN(C[C@H](C)Nc2nccc(C(N)=O)c2[N+](=O)[O-])C1
ZINC000290684383,C[C@H]1CCCN(C[C@H](C)Nc2nccc(C(N)=O)c2[N+](=O)[O-])C1
ZINC000290684384,C[C@H]1CCCN(C[C@@H](C)Nc2nccc(C(N)=O)c2[N+](=O)[O-])C1
ZINC000295486448,O=[N+]([O-])c1cnc(NCCN2CCC(O)CC2)c(Cl)c1
ZINC000301661723,Cc1nc(NCCN2CCC(N(C)C)CC2)ccc1[N+](=O)[O-]
ZINC000357308536,C[C@@H]1CCCN([C@H](C)CNc2nccc(C(N)=O)c2[N+](=O)[O-])C1
ZINC000357308541,C[C@@H]1CCCN([C@@H](C)CNc2nccc(C(N)=O)c2[N+](=O)[O-])C1
ZINC000357308547,C[C@H]1CCCN([C@@H](C)CNc2nccc(C(N)=O)c2[N+](=O)[O-])C1
ZINC000357308590,C[C@H]1CCCN([C@H](C)CNc2nccc(C(N)=O)c2[N+](=O)[O-])C1
ZINC000357308651,C[C@@H]1CCCCN1[C@H](C)CNc1nccc(C(N)=O)c1[N+](=O)[O-]
ZINC000357308665,C[C@@H]1CCCCN1[C@@H](C)CNc1nccc(C(N)=O)c1[N+](=O)[O-]
ZINC000357308675,C[C@H]1CCCCN1[C@@H](C)CNc1nccc(C(N)=O)c1[N+](=O)[O-]
ZINC000357308685,C[C@H](CNc1nccc(C(N)=O)c1[N+](=O)[O-])N1CCCC[C@@H]1C
ZINC000357321529,C[C@@H](CN1CCCCC1)Nc1nccc(C(N)=O)c1[N+](=O)[O-]
ZINC000357321530,C[C@H](CN1CCCCC1)Nc1nccc(C(N)=O)c1[N+](=O)[O-]
ZINC000357680308,CC1(C)CCCN(CCNc2nccc(C(N)=O)c2[N+](=O)[O-])C1
ZINC000439102213,COC(=O)c1ccc([N+](=O)[O-])c(NCCN2CCC[C@@H](C)C2)n1
ZINC000439102215,COC(=O)c1ccc([N+](=O)[O-])c(NCCN2CCC[C@H](C)C2)n1
ZINC000517239334,CC1CCN(CCNc2nccc(C(=O)O)c2[N+](=O)[O-])CC1
ZINC000519527519,CN(C)C1CCN(CCNc2ncc([N+](=O)[O-])cc2F)CC1
ZINC000563206869,C[C@H]1CCCN(CCNc2nccc(C(=O)O)c2[N+](=O)[O-])C1
ZINC000563206870,C[C@@H]1CCCN(CCNc2nccc(C(=O)O)c2[N+](=O)[O-])C1
ZINC000563207601,Cc1cc(C(=O)O)c([N+](=O)[O-])c(NCCN2CCCC[C@H]2C)n1
ZINC000563207614,Cc1cc(C(=O)O)c([N+](=O)[O-])c(NCCN2CCCC[C@@H]2C)n1
ZINC000565483054,C[C@H]1CCCN(CCNc2ncc(C(=O)O)cc2[N+](=O)[O-])C1
ZINC000565483057,C[C@@H]1CCCN(CCNc2ncc(C(=O)O)cc2[N+](=O)[O-])C1
ZINC000566622180,Cc1cc(C(=O)O)c([N+](=O)[O-])c(NCCN2CCCCC2)n1
ZINC000567980296,C[C@H]1CCCCN1CCNc1nc(C(=O)O)ccc1[N+](=O)[O-]
ZINC000567980297,C[C@@H]1CCCCN1CCNc1nc(C(=O)O)ccc1[N+](=O)[O-]
ZINC000570970106,C[C@H]1CCCCN1CCNc1ncc(C(=O)O)cc1[N+](=O)[O-]
ZINC000570970107,C[C@@H]1CCCCN1CCNc1ncc(C(=O)O)cc1[N+](=O)[O-]
ZINC000577004126,CC(C)Oc1nc(NCCN2CCC(O)CC2)ccc1[N+](=O)[O-]
ZINC000577757424,Cc1cc(C(=O)O)c([N+](=O)[O-])c(NCCN2CCC(C)CC2)n1
ZINC000583087258,C[C@H]1CCCN(CCNc2nc(C(=O)O)ccc2[N+](=O)[O-])C1
ZINC000583087259,C[C@@H]1CCCN(CCNc2nc(C(=O)O)ccc2[N+](=O)[O-])C1
ZINC000584842937,CC1CCN(CCNc2nc(C(=O)O)ccc2[N+](=O)[O-])CC1
ZINC000590571437,COC(=O)c1ccnc(NCCN2CCC(C)CC2)c1[N+](=O)[O-]
ZINC000590573513,COC(=O)c1ccnc(NCCN2CCC[C@@H](C)C2)c1[N+](=O)[O-]
ZINC000590573514,COC(=O)c1ccnc(NCCN2CCC[C@H](C)C2)c1[N+](=O)[O-]
ZINC000592969474,CC1CCN(CCNc2ncc(C(=O)O)cc2[N+](=O)[O-])CC1
ZINC000592976953,COC1CCN(CCNc2nc(C(=O)O)ccc2[N+](=O)[O-])CC1
ZINC000592977062,COC1CCN(CCNc2ncc(C(=O)O)cc2[N+](=O)[O-])CC1
ZINC000593515283,COC(=O)c1cnc(N(C)CCN2CCCCC2)c([N+](=O)[O-])c1
ZINC000593516055,CN(CCN1CCCCC1)c1nccc(C(N)=O)c1[N+](=O)[O-]
ZINC000593516479,COC(=O)c1ccc([N+](=O)[O-])c(N(C)CCN2CCCCC2)n1
ZINC000596490025,CC1CCN(C[C@@H](C)Nc2nccc(C(N)=O)c2[N+](=O)[O-])CC1
ZINC000596490026,CC1CCN(C[C@H](C)Nc2nccc(C(N)=O)c2[N+](=O)[O-])CC1
ZINC000598590811,COC(=O)c1ccnc(NCCN2CCCCC2)c1[N+](=O)[O-]
ZINC000598630405,COC(=O)c1ccnc(N(C)CCN2CCCCC2)c1[N+](=O)[O-]
ZINC000892815572,COc1cc([N+](=O)[O-])cnc1NCCN1CCC(N(C)C)CC1
ZINC000892854657,COc1cc([N+](=O)[O-])cnc1NCCN1CCC(OC)CC1
ZINC000910357746,CN(CCN1CCCCC1)c1ncc(C(=O)O)cc1[N+](=O)[O-]
ZINC000910357829,CN(CCN1CCCCC1)c1nccc(C(=O)O)c1[N+](=O)[O-]
ZINC000910358085,Cc1cc(C(=O)O)c([N+](=O)[O-])c(N(C)CCN2CCCCC2)n1
ZINC000910358152,CN(CCN1CCCCC1)c1nc(C(=O)O)ccc1[N+](=O)[O-]
ZINC001160748898,Nc1nc(NCCN2CCC(F)(F)CC2)ccc1[N+](=O)[O-]
ZINC001160749042,Nc1cc(NCCN2CCC(F)(F)CC2)ncc1[N+](=O)[O-]
ZINC001160751894,Nc1cc([N+](=O)[O-])cnc1NCCN1CCC(F)(F)CC1
ZINC001161867393,Cc1cc(Cl)c([N+](=O)[O-])c(NCCN2CCC(N)CC2)n1
ZINC001161867529,COc1cc(C)nc(NCCN2CCC(N)CC2)c1[N+](=O)[O-]
ZINC001161867540,Cc1cc(Cl)nc(NCCN2CCC(N)CC2)c1[N+](=O)[O-]
ZINC001161867830,Cc1cc([N+](=O)[O-])c(NCCN2CCC(N)CC2)nc1Cl
ZINC001161870052,CCOc1nc(NCCN2CCC(N)CC2)ccc1[N+](=O)[O-]
ZINC001161870902,CC(C)Oc1nc(NCCN2CCC(N)CC2)ccc1[N+](=O)[O-]
ZINC001332520926,COC1CCN(CCNc2nccc(C(=O)O)c2[N+](=O)[O-])CC1
ZINC000080249941,CNS(=O)(=O)c1ccc(NCCN2CCC(OC)CC2)nc1
ZINC000080250722,COCCNC(=O)c1ccc(NCCN2CCC(OC)CC2)nc1
ZINC000176816163,COCCNC(=O)c1ccc(NCCN2CCC(N(C)C)CC2)nc1
ZINC000301511392,CNS(=O)(=O)c1ccc(NCCN2CCC(N(C)C)CC2)nc1
ZINC000301541947,CN(C)C1CCN(CCNc2ncccc2S(N)(=O)=O)CC1
ZINC000302730312,CN(C)C1CCN(CCNc2ncccc2S(C)(=O)=O)CC1
ZINC000443954890,CNS(=O)(=O)c1ccc(NCCN2CCCC(C)(C)C2)nc1
ZINC000582173127,CN(C)C1CCN(CCNc2ccc(S(C)(=O)=O)cn2)CC1
ZINC000647449707,C[C@H]1CCC[C@H](C)N1CCNc1ncccc1C(=O)O
ZINC000647449708,C[C@@H]1CCC[C@H](C)N1CCNc1ncccc1C(=O)O
ZINC000647449709,C[C@@H]1CCC[C@@H](C)N1CCNc1ncccc1C(=O)O
ZINC001776553366,CC1(C)CCCN(CCNc2cc(C(=O)O)ccn2)C1
ZINC001776595376,C[C@H]1C[C@H](C)CN(CCNc2cc(C(=O)O)ccn2)C1
ZINC001776595377,C[C@@H]1C[C@H](C)CN(CCNc2cc(C(=O)O)ccn2)C1
ZINC001776595378,C[C@@H]1C[C@@H](C)CN(CCNc2cc(C(=O)O)ccn2)C1
ZINC001776595414,C[C@H]1C[C@H](C)CN(CCNc2ccc(C(=O)O)cn2)C1
ZINC001776595415,C[C@@H]1C[C@H](C)CN(CCNc2ccc(C(=O)O)cn2)C1
ZINC001776595416,C[C@@H]1C[C@@H](C)CN(CCNc2ccc(C(=O)O)cn2)C1
ZINC001776595471,C[C@H]1C[C@H](C)CN(CCNc2ncccc2C(=O)O)C1
ZINC001776595472,C[C@@H]1C[C@H](C)CN(CCNc2ncccc2C(=O)O)C1
ZINC001776595473,C[C@@H]1C[C@@H](C)CN(CCNc2ncccc2C(=O)O)C1
ZINC001776632023,C[C@H]1CCC[C@H](C)N1CCNc1cc(C(=O)O)ccn1
ZINC001776632024,C[C@@H]1CCC[C@H](C)N1CCNc1cc(C(=O)O)ccn1
ZINC001776632025,C[C@@H]1CCC[C@@H](C)N1CCNc1cc(C(=O)O)ccn1
ZINC001776640577,C[C@@H]1CCCCN1[C@@H](C)CNc1cc(C(=O)O)ccn1
ZINC001776640578,C[C@H](CNc1cc(C(=O)O)ccn1)N1CCCC[C@@H]1C
ZINC001776640579,C[C@H]1CCCCN1[C@@H](C)CNc1cc(C(=O)O)ccn1
ZINC001776640580,C[C@@H]1CCCCN1[C@H](C)CNc1cc(C(=O)O)ccn1
ZINC001776641242,C[C@@H]1CCCN([C@@H](C)CNc2cc(C(=O)O)ccn2)C1
ZINC001776641243,C[C@H]1CCCN([C@H](C)CNc2cc(C(=O)O)ccn2)C1
ZINC001776641244,C[C@H]1CCCN([C@@H](C)CNc2cc(C(=O)O)ccn2)C1
ZINC001776641245,C[C@@H]1CCCN([C@H](C)CNc2cc(C(=O)O)ccn2)C1
ZINC001776641260,C[C@@H]1CCCN(C[C@H](C)Nc2cc(C(=O)O)ccn2)C1
ZINC001776641261,C[C@H]1CCCN(C[C@@H](C)Nc2cc(C(=O)O)ccn2)C1
ZINC001776641262,C[C@H]1CCCN(C[C@H](C)Nc2cc(C(=O)O)ccn2)C1
ZINC001776641263,C[C@@H]1CCCN(C[C@@H](C)Nc2cc(C(=O)O)ccn2)C1
ZINC001776642317,C[C@@H]1CCCN(C[C@H](C)Nc2ncccc2C(=O)O)C1
ZINC001776642318,C[C@H]1CCCN(C[C@@H](C)Nc2ncccc2C(=O)O)C1
ZINC001776642319,C[C@H]1CCCN(C[C@H](C)Nc2ncccc2C(=O)O)C1
ZINC001776642320,C[C@@H]1CCCN(C[C@@H](C)Nc2ncccc2C(=O)O)C1
ZINC001776643303,CC1CCN(C[C@@H](C)Nc2cc(C(=O)O)ccn2)CC1
ZINC001776643304,CC1CCN(C[C@H](C)Nc2cc(C(=O)O)ccn2)CC1
ZINC001776739934,CC[C@@H]1CCCCN1CCNc1cc(C(=O)O)ccn1
ZINC001776739936,CC[C@H]1CCCCN1CCNc1cc(C(=O)O)ccn1
ZINC001776810835,CCCN(CCN1CCCCC1)c1cc(C(=O)O)ccn1
ZINC000040444347,CCOC(=O)c1ccc(NCCN2CCC(C)CC2)nc1
ZINC000341535598,C[C@@H]1CCCN([C@@H](C)CNc2ccc(F)cn2)C1
ZINC000341535603,C[C@H]1CCCN([C@H](C)CNc2ccc(F)cn2)C1
ZINC000341535606,C[C@H]1CCCN([C@@H](C)CNc2ccc(F)cn2)C1
ZINC000341535610,C[C@@H]1CCCN([C@H](C)CNc2ccc(F)cn2)C1
ZINC000094195387,C[C@@H](CN1CCCCC1)Nc1ccc(C(=O)N(C)C)cn1
ZINC000094195388,C[C@H](CN1CCCCC1)Nc1ccc(C(=O)N(C)C)cn1
ZINC001777521692,Cc1nc(NCCN2C[C@@H](C)C[C@H](C)C2)ccc1C(=O)O
ZINC001777521693,Cc1nc(NCCN2C[C@H](C)C[C@H](C)C2)ccc1C(=O)O
ZINC001777521694,Cc1nc(NCCN2C[C@H](C)C[C@@H](C)C2)ccc1C(=O)O
ZINC000040772419,CCOC(=O)c1cccnc1NCCN1CCC(C)CC1
ZINC000342122447,CC[C@@H]1CCCCN1CCNc1ccc(F)cn1
ZINC000342122448,CC[C@H]1CCCCN1CCNc1ccc(F)cn1
ZINC000049575291,CCOC(=O)c1ccc(NCCN2CCCCC2)nc1
ZINC000049575303,CCOC(=O)c1cccnc1NCCN1CCCCC1
ZINC000342817586,Cc1ccnc(NCCN2CCC(N(C)C)CC2)c1Cl
ZINC000343094284,CC1(C)CCCN(CCNc2ccc(F)cn2)C1
ZINC000079914720,CCOC(=O)c1ccc(NCCN2CCC[C@H](C)C2)nc1
ZINC000079914723,CCOC(=O)c1ccc(NCCN2CCC[C@@H](C)C2)nc1
ZINC000080249739,COC1CCN(CCNc2ccc(Cl)cn2)CC1
ZINC000080250668,COC1CCN(CCNc2ncc(Cl)cc2F)CC1
ZINC000147613006,COC(=O)c1ccc(N[C@@H](C)CN2CCCCC2)nc1C
ZINC000147613224,COC(=O)c1ccc(N[C@H](C)CN2CCCCC2)nc1C
ZINC000147619918,COC(=O)c1ccc(NCCN2CCCCC2)nc1C
ZINC000650777298,CN(CCN1CCCCC1)c1ncc(C(=O)O)cc1Cl
ZINC000685267111,CC(=O)c1ccnc(NCCN2CCC[C@@H](C)C2)c1
ZINC000685267112,CC(=O)c1ccnc(NCCN2CCC[C@H](C)C2)c1
ZINC000088728103,COC1CCN(CCNc2ncccc2Cl)CC1
ZINC000647454410,CC1(C)CCCN(CCNc2ncccc2C(=O)O)C1
ZINC000641292803,C[C@H]1CCCN([C@@H](C)CNc2cc(CO)ccn2)C1
ZINC000613480467,C[C@@H]1CCCN([C@@H](C)CNc2ncccc2C(=O)O)C1
ZINC000613480487,C[C@H]1CCCN([C@H](C)CNc2ncccc2C(=O)O)C1
ZINC000613480488,C[C@H]1CCCN([C@@H](C)CNc2ncccc2C(=O)O)C1
ZINC000613480489,C[C@@H]1CCCN([C@H](C)CNc2ncccc2C(=O)O)C1
ZINC000221677803,COC(=O)c1ccnc(N[C@@H](C)CN2CCCCC2)c1
ZINC000221677871,COC(=O)c1ccnc(N[C@H](C)CN2CCCCC2)c1
ZINC000416414338,CC1(C)CCCN(CCNc2cccc(C(=O)O)n2)C1
ZINC000651477722,CC(=O)c1ccc(N(C)CCN2CCCCC2)nc1
ZINC000593516023,CCOC(=O)c1ccc(N(C)CCN2CCCCC2)nc1
ZINC000662886794,CC1CCN(C[C@@H](C)Nc2ncccc2C(=O)O)CC1
ZINC000662886795,CC1CCN(C[C@H](C)Nc2ncccc2C(=O)O)CC1
ZINC000662886816,CC1CCN(C[C@@H](C)Nc2ccc(C(=O)O)cn2)CC1
ZINC000662886817,CC1CCN(C[C@H](C)Nc2ccc(C(=O)O)cn2)CC1
ZINC000662886264,CC1CCN(C[C@@H](C)Nc2cccc(C(=O)O)n2)CC1
ZINC000662886267,CC1CCN(C[C@H](C)Nc2cccc(C(=O)O)n2)CC1
ZINC000049502562,C[C@@H](CN1CCCCC1)Nc1ccc(C(=O)O)cn1
ZINC000049502563,C[C@H](CN1CCCCC1)Nc1ccc(C(=O)O)cn1
ZINC000663388257,Cc1cc(CO)cc(N[C@H](C)CN2CCCCC2)n1
ZINC000663388258,Cc1cc(CO)cc(N[C@@H](C)CN2CCCCC2)n1
ZINC000663388806,Cc1cc(CO)cc(NC[C@@H](C)N2CCC[C@H](C)C2)n1
ZINC000663388807,Cc1cc(CO)cc(NC[C@H](C)N2CCC[C@H](C)C2)n1
ZINC000663388810,Cc1cc(CO)cc(NC[C@H](C)N2CCC[C@@H](C)C2)n1
ZINC000663388812,Cc1cc(CO)cc(NC[C@@H](C)N2CCC[C@@H](C)C2)n1
ZINC000663848099,Cc1cc(CO)cc(NCCN2CCCC(C)(C)C2)n1
ZINC000664071450,CC(=O)c1ccnc(N(C)CCN2CCCCC2)c1
ZINC000148629887,COC(=O)c1ccc(NCCN2CCC(C)CC2)nc1C
ZINC000664454509,Cc1cc(CO)cc(N[C@@H](C)CN2CCC(C)CC2)n1
ZINC000664454510,Cc1cc(CO)cc(N[C@H](C)CN2CCC(C)CC2)n1
ZINC000521742035,COc1ccc(F)c(NCCN2CCC[C@@H](C)C2)n1
ZINC000521742036,COc1ccc(F)c(NCCN2CCC[C@H](C)C2)n1
ZINC000443962103,CC(=O)c1ccc(NCCN2CCCC(C)(C)C2)nc1
ZINC000301873314,COC(=O)c1ccc(NCCN2CCC[C@@H](C)C2)nc1C
ZINC000301873315,COC(=O)c1ccc(NCCN2CCC[C@H](C)C2)nc1C
ZINC000302124633,CCOC(=O)c1cccnc1NCCN1CCC[C@@H](C)C1
ZINC000302124634,CCOC(=O)c1cccnc1NCCN1CCC[C@H](C)C1
ZINC000263405894,C[C@@H]1CCCCN1CCNc1cccc(C(=O)O)n1
ZINC000263405898,C[C@H]1CCCCN1CCNc1cccc(C(=O)O)n1
ZINC000263393195,CC[C@@H]1CCCCN1CCNc1cccc(C(=O)O)n1
ZINC000263393198,CC[C@H]1CCCCN1CCNc1cccc(C(=O)O)n1
ZINC000263522154,C[C@@H]1CCCN([C@@H](C)CNc2cccc(C(=O)O)n2)C1
ZINC000263522155,C[C@H]1CCCN([C@H](C)CNc2cccc(C(=O)O)n2)C1
ZINC000263522156,C[C@H]1CCCN([C@@H](C)CNc2cccc(C(=O)O)n2)C1
ZINC000263522157,C[C@@H]1CCCN([C@H](C)CNc2cccc(C(=O)O)n2)C1
ZINC000910287260,Cc1nc(NCCN2CCC(C)CC2)ccc1C(=O)O
ZINC000910287880,Cc1nc(NCCN2CCCC[C@H]2C)ccc1C(=O)O
ZINC000910287881,Cc1nc(NCCN2CCCC[C@@H]2C)ccc1C(=O)O
ZINC000910289149,Cc1nc(NCCN2CCC[C@@H](C)C2)ccc1C(=O)O
ZINC000910289151,Cc1nc(NCCN2CCC[C@H](C)C2)ccc1C(=O)O
ZINC000910343638,C[C@@H]1CCCN(C[C@H](C)Nc2ccc(C(=O)O)cn2)C1
ZINC000910343639,C[C@H]1CCCN(C[C@@H](C)Nc2ccc(C(=O)O)cn2)C1
ZINC000910343640,C[C@H]1CCCN(C[C@H](C)Nc2ccc(C(=O)O)cn2)C1
ZINC000910343641,C[C@@H]1CCCN(C[C@@H](C)Nc2ccc(C(=O)O)cn2)C1
ZINC000910356720,Cc1nc(N(C)CCN2CCCCC2)ccc1C(=O)O
ZINC000910364650,CCCN(CCN1CCCCC1)c1ccc(C(=O)O)cn1
ZINC000572818070,COc1ccc(F)c(NCCN2CCC(C)CC2)n1
ZINC000593516159,CCOC(=O)c1cccnc1N(C)CCN1CCCCC1
ZINC000593518400,COC(=O)c1ccc(N(C)CCN2CCCCC2)nc1C
ZINC000603857281,COC(=O)c1ccnc(NC[C@@H](C)N2CCC[C@@H](C)C2)c1
ZINC000603857284,COC(=O)c1ccnc(NC[C@H](C)N2CCC[C@@H](C)C2)c1
ZINC000603857285,COC(=O)c1ccnc(NC[C@@H](C)N2CCC[C@H](C)C2)c1
ZINC000603857287,COC(=O)c1ccnc(NC[C@H](C)N2CCC[C@H](C)C2)c1
ZINC000603858336,COC(=O)c1ccnc(NCCN2CCC[C@@H](C)C2)c1
ZINC000603858337,COC(=O)c1ccnc(NCCN2CCC[C@H](C)C2)c1
ZINC000917065424,C[C@@H]1CCCCN1[C@@H](C)CNc1ncccc1C(=O)O
ZINC000917065425,C[C@H](CNc1ncccc1C(=O)O)N1CCCC[C@@H]1C
ZINC000917065427,C[C@H]1CCCCN1[C@@H](C)CNc1ncccc1C(=O)O
ZINC000917065428,C[C@@H]1CCCCN1[C@H](C)CNc1ncccc1C(=O)O
ZINC000068665011,C[C@@H](CN1CCCCC1)Nc1ncc(C(N)=O)cc1Cl
ZINC000068665014,C[C@H](CN1CCCCC1)Nc1ncc(C(N)=O)cc1Cl
ZINC000225713649,COC(=O)c1ccnc(NCCN2CCC(C)CC2)c1
ZINC000674748776,CC(=O)c1ccnc(NCCN2CCC(C)CC2)c1
ZINC000813585137,COC(=O)c1ccc(N[C@H](C)CN2CCCCC2)nc1
ZINC000813585139,COC(=O)c1ccc(N[C@@H](C)CN2CCCCC2)nc1
ZINC000813585915,COC(=O)c1ccc(NC[C@@H](C)N2CCC[C@@H](C)C2)nc1
ZINC000813585916,COC(=O)c1ccc(NC[C@H](C)N2CCC[C@@H](C)C2)nc1
ZINC000813585917,COC(=O)c1ccc(NC[C@@H](C)N2CCC[C@H](C)C2)nc1
ZINC000813585918,COC(=O)c1ccc(NC[C@H](C)N2CCC[C@H](C)C2)nc1
ZINC000813585674,COC(=O)c1ccc(NCCN2CCC(C)CC2)nc1
ZINC000813588517,COC(=O)c1ccc(NCCN2CCC[C@@H](C)C2)nc1
ZINC000813588518,COC(=O)c1ccc(NCCN2CCC[C@H](C)C2)nc1
ZINC000813603520,COC(=O)c1ccc(NCCN2CCCC(C)(C)C2)nc1
ZINC001160746925,COc1ccnc(NCCN2CCC(F)(F)CC2)c1
ZINC001160746960,COc1cccnc1NCCN1CCC(F)(F)CC1
ZINC000853867522,COC(=O)c1ccc(N[C@H](C)CN2CCC(C)CC2)nc1
ZINC000853867523,COC(=O)c1ccc(N[C@@H](C)CN2CCC(C)CC2)nc1
ZINC000264839111,CCCNC(=O)c1ccc(NCCN2CCCCC2)nc1
ZINC000179062282,CC(=O)c1ccc(NCCN2CCC(C)CC2)nc1
ZINC000180978952,CC(=O)c1ccc(NCCN2CCC[C@@H](C)C2)nc1
ZINC000180978970,CC(=O)c1ccc(NCCN2CCC[C@H](C)C2)nc1
ZINC000267150292,CN(C)C1CCN(CCNc2ccc(Cl)cn2)CC1
ZINC000267267237,CCNC(=O)c1ccc(N[C@H](C)CN2CCCCC2)nc1
ZINC000267267238,CCNC(=O)c1ccc(N[C@@H](C)CN2CCCCC2)nc1
ZINC000268021268,CN(C)C1CCN(CCNc2ncccc2Cl)CC1
ZINC000049575631,O=C(O)c1cnc(NCCN2CCCCC2)c(Cl)c1
ZINC000568294886,COc1ccc(F)c(NCCN2CCCCC2)n1
ZINC000193464844,CN(C)C1CCN(CCNc2cccc(Cl)n2)CC1
ZINC000641292802,C[C@H]1CCCN([C@H](C)CNc2cc(CO)ccn2)C1
ZINC000641292800,C[C@@H]1CCCN([C@H](C)CNc2cc(CO)ccn2)C1
ZINC000641292801,C[C@@H]1CCCN([C@@H](C)CNc2cc(CO)ccn2)C1
ZINC000641306322,C[C@@H]1C[C@H](C)CN(C[C@@H](C)Nc2cc(CO)ccn2)C1
ZINC000641306323,C[C@@H]1C[C@@H](C)CN(C[C@H](C)Nc2cc(CO)ccn2)C1
ZINC000641306324,C[C@@H]1C[C@@H](C)CN(C[C@@H](C)Nc2cc(CO)ccn2)C1
ZINC000641306325,C[C@@H]1C[C@H](C)CN(C[C@H](C)Nc2cc(CO)ccn2)C1
ZINC000641374445,CC[C@H]1CCCCN1CCNc1cc(CO)ccn1
ZINC000641374446,CC[C@@H]1CCCCN1CCNc1cc(CO)ccn1
ZINC000641539236,CC1(C)CCCN(CCNc2cc(CO)ccn2)C1
ZINC000641660629,CC1CCN(C[C@@H](C)Nc2cc(CO)ccn2)CC1
ZINC000641660630,CC1CCN(C[C@H](C)Nc2cc(CO)ccn2)CC1
ZINC000647450463,CC[C@@H]1CCCCN1CCNc1ncccc1C(=O)O
ZINC000647450464,CC[C@H]1CCCCN1CCNc1ncccc1C(=O)O
ZINC000800857172,COC1CCN(CCNc2cccc(Cl)n2)CC1
ZINC000900985302,C[C@@H]1CCCCN1[C@@H](C)CNc1ccc(C(=O)O)cn1
ZINC000900985303,C[C@H](CNc1ccc(C(=O)O)cn1)N1CCCC[C@@H]1C
ZINC000900985304,C[C@H]1CCCCN1[C@@H](C)CNc1ccc(C(=O)O)cn1
ZINC000900985305,C[C@@H]1CCCCN1[C@H](C)CNc1ccc(C(=O)O)cn1
ZINC000900985635,C[C@@H]1CCCCN1[C@@H](C)CNc1cccc(C(=O)O)n1
ZINC000900985636,C[C@H](CNc1cccc(C(=O)O)n1)N1CCCC[C@@H]1C
ZINC000900985638,C[C@H]1CCCCN1[C@@H](C)CNc1cccc(C(=O)O)n1
ZINC000900985640,C[C@@H]1CCCCN1[C@H](C)CNc1cccc(C(=O)O)n1
ZINC000147499470,Cc1nc(N[C@@H](C)CN2CCCCC2)ccc1C(=O)O
ZINC000147499673,Cc1nc(N[C@H](C)CN2CCCCC2)ccc1C(=O)O
ZINC001160746759,Fc1cccnc1NCCN1CCC(F)(F)CC1
ZINC001160746971,COc1cccc(NCCN2CCC(F)(F)CC2)n1
ZINC001160747081,CN(C)c1cccc(NCCN2CCC(F)(F)CC2)n1
ZINC001160747342,COC(=O)c1ccnc(NCCN2CCC(F)(F)CC2)c1
ZINC001160747985,Fc1ccnc(NCCN2CCC(F)(F)CC2)c1
ZINC001160748208,COC(=O)c1cccc(NCCN2CCC(F)(F)CC2)n1
ZINC001160748860,CN(C)c1ccnc(NCCN2CCC(F)(F)CC2)c1
ZINC001160748996,Nc1cnc(NCCN2CCC(F)(F)CC2)c(Cl)c1
ZINC001160749312,Nc1cc(Cl)nc(NCCN2CCC(F)(F)CC2)c1
ZINC001160749341,CC(=O)Nc1cccc(NCCN2CCC(F)(F)CC2)n1
ZINC001160749390,COCc1ccnc(NCCN2CCC(F)(F)CC2)c1
ZINC001160751868,COCc1ccc(NCCN2CCC(F)(F)CC2)nc1
ZINC001160751855,CN(C)Cc1ccnc(NCCN2CCC(F)(F)CC2)c1
ZINC001160752076,Nc1cc(Cl)cnc1NCCN1CCC(F)(F)CC1
ZINC001160752664,Cc1cnc(NCCN2CCC(F)(F)CC2)cc1N
ZINC001160753731,Nc1nc(NCCN2CCC(F)(F)CC2)ccc1Cl
ZINC001161866893,NC1CCN(CCNc2cc(Cl)cc(Cl)n2)CC1
ZINC001161867942,NC1CCN(CCNc2nc(Cl)ccc2Cl)CC1
ZINC001161867751,Cc1cc(Cl)c(C)c(NCCN2CCC(N)CC2)n1
ZINC001161871144,Cc1cc(Cl)c(C)nc1NCCN1CCC(N)CC1
ZINC001161873127,CCSc1ccnc(NCCN2CCC(N)CC2)c1
ZINC001337797380,CCc1ccc(NCCN2CCC(OC)CC2)nc1
ZINC001339608501,COC1CCN(CCNc2cc(F)cc(C)n2)CC1
ZINC001346541286,COc1ccc(F)c(N(C)CCN2CCCCC2)n1
ZINC001348031269,COC1CCN(CCNc2cc(Cl)ccn2)CC1
ZINC001472657900,COC(=O)c1cnc(NCCN2CCCCC2)c(Cl)c1
ZINC001600432938,Cc1ccc(N(C)CCN2CCCCC2)nc1C(=O)O
ZINC001594375401,C[C@@H]1CCCCN1CCNc1cc(C(=O)O)ccn1
ZINC001594375402,C[C@H]1CCCCN1CCNc1cc(C(=O)O)ccn1
ZINC001595453867,CC[C@H]1CCCCN1CCNc1cc(CC(=O)O)ccn1
ZINC001595453868,CC[C@@H]1CCCCN1CCNc1cc(CC(=O)O)ccn1
ZINC001600459382,Cc1ccc(NCCN2CCC(C)CC2)nc1C(=O)O
ZINC000047873396,C[C@@H](CN1CCCCC1)Nc1ncccc1C(=O)O
ZINC000047873397,C[C@H](CN1CCCCC1)Nc1ncccc1C(=O)O
ZINC000049502558,C[C@@H](CN1CCCCC1)Nc1cc(C(=O)O)ccn1
ZINC000049502559,C[C@H](CN1CCCCC1)Nc1cc(C(=O)O)ccn1
ZINC000051043773,C[C@@H](CN1CCCCC1)Nc1cccc(C(=O)O)n1
ZINC000051043774,C[C@H](CN1CCCCC1)Nc1cccc(C(=O)O)n1
ZINC001170369656,Cn1cc(CCNC2CCC(C#N)(c3ccccc3)CC2)c2ccccc21
ZINC001246351048,N#CC1(c2ccc(F)cc2)CCC(NCCc2c[nH]c3ccccc23)CC1
ZINC001257010867,Cn1cc(CCNC2CCC(c3ccc(C#N)cc3)CC2)c2ccccc21
ZINC000080250541,C#CCNC(=O)c1ccc(NCCN2CCC(OC)CC2)nc1
ZINC001161871129,C=CCNC(=O)c1cccnc1NCCN1CCC(N)CC1
ZINC001161873047,COC(=O)c1cc(C#N)cnc1NCCN1CCC(N)CC1
ZINC001161870852,CCN(CC)S(=O)(=O)c1ccc(NCCN2CCC(N)CC2)nc1
ZINC001330964714,CN(C)C1CCN(CCNc2ccc(S(=O)(=O)N(C)C)cn2)CC1
ZINC000002572820,COc1ccc2c3c1OC1C(=O)CC[C@@]4(O)[C@@H](C2)NCC[C@]314
ZINC000003875483,CN1CC[C@]23c4c5ccc(O)c4OC2C(=O)CC[C@@]3(O)[C@H]1C5
ZINC000584898086,Cc1cc(C(N)=O)c(NCCN2CCC(CO)CC2)nc1C
ZINC000670462566,CN(C)C(=O)c1ccc(NCCN2CCC[C@@H](CO)C2)nc1
ZINC000670462567,CN(C)C(=O)c1ccc(NCCN2CCC[C@H](CO)C2)nc1
ZINC001529138914,CNC(=O)c1cccnc1NCCN1CCCC(C(N)=O)C1
ZINC001529138917,CNC(=O)c1cccnc1NCCN1CCCC(C(N)=O)C1
ZINC001223022395,COC(=O)CC(O[C@H]1c2ccccc2N(C)S(=O)(=O)c2cc(Cl)ccc21)C(=O)OC
ZINC001223022396,COC(=O)CC(O[C@@H]1c2ccccc2N(C)S(=O)(=O)c2cc(Cl)ccc21)C(=O)OC
ZINC000179624030,Cc1cccc(CN2CCC(n3c(=O)[nH]c4ccccc43)CC2)c1O
ZINC000179892483,O=c1[nH]c2ccccc2n1C1CCN(Cc2cc(F)ccc2O)CC1
ZINC001137832826,O=c1[nH]c2ccccc2n1C1CCN(Cc2c(O)cccc2F)CC1
ZINC000503317326,CN(C)C1CCN(CCNc2ncc(Br)cc2S(N)(=O)=O)CC1
ZINC001223015519,C=CCC(CC=C)O[C@H]1c2ccccc2N(C)S(=O)(=O)c2cc(Cl)ccc21
ZINC001223015520,C=CCC(CC=C)O[C@@H]1c2ccccc2N(C)S(=O)(=O)c2cc(Cl)ccc21
ZINC001143773474,CN(C)C(=O)Sc1cc(Br)ccc1CN1CCC(n2c(=O)[nH]c3ccccc32)CC1
ZINC001205122930,O=c1[nH]c2ccccc2n1C1CCN(Cc2ccc(Br)cc2C(F)(F)F)CC1
ZINC001223019778,CN1c2ccccc2[C@H](OC(C(F)(F)F)C(F)(F)F)c2ccc(Cl)cc2S1(=O)=O
ZINC001223019815,CN1c2ccccc2[C@@H](OC(C(F)(F)F)C(F)(F)F)c2ccc(Cl)cc2S1(=O)=O
ZINC001223024181,CCCCOC[C@H](C)OC[C@@H](C)O[C@@H]1c2ccccc2N(C)S(=O)(=O)c2cc(Cl)ccc21
ZINC001223024187,CCCCOC[C@H](C)OC[C@H](C)O[C@@H]1c2ccccc2N(C)S(=O)(=O)c2cc(Cl)ccc21
ZINC001223024191,CCCCOC[C@H](C)OC[C@@H](C)O[C@H]1c2ccccc2N(C)S(=O)(=O)c2cc(Cl)ccc21
ZINC001223024196,CCCCOC[C@H](C)OC[C@H](C)O[C@H]1c2ccccc2N(C)S(=O)(=O)c2cc(Cl)ccc21
ZINC001231724008,COc1c(Cl)cc(CN2CCC(n3c(=O)[nH]c4ccccc43)CC2)cc1Br
ZINC001237368274,CC(C)(C)OC(=O)Nc1ccc(Cl)cc1CN1CCC(n2c(=O)[nH]c3ccccc32)CC1
ZINC001237369248,Cn1c(=O)n(C2CCN(Cc3cc(Cl)ccc3NC(=O)OC(C)(C)C)CC2)c2ccccc21
ZINC001246346563,COCOC1(c2ccc(Br)cc2)CCC(NCCc2c[nH]c3ccccc23)CC1
ZINC001246351064,COC(=O)C1(c2ccc(Br)cc2)CCC(NCCc2c[nH]c3ccccc23)CC1
ZINC001657607185,O=c1[nH]c2ccccc2n1C1CCN(Cc2cc(C(F)(F)F)ccc2Br)CC1
ZINC001659280320,O=c1[nH]c2ccccc2n1C1CCN(Cc2cc(Br)cc(C(F)(F)F)c2)CC1
ZINC000047461603,NC(=O)c1cccc(CN2CCC(n3c(=O)[nH]c4ccccc43)CC2)c1
ZINC000054612894,NC(=O)C(c1ccccc1)N1CCC(n2c(=O)[nH]c3ccccc32)CC1
ZINC000054612897,NC(=O)C(c1ccccc1)N1CCC(n2c(=O)[nH]c3ccccc32)CC1
ZINC000074193936,NC(=O)C(c1ccc(F)cc1)N1CCC(n2c(=O)[nH]c3ccccc32)CC1
ZINC000074193939,NC(=O)C(c1ccc(F)cc1)N1CCC(n2c(=O)[nH]c3ccccc32)CC1
ZINC000190878176,NC(=O)c1ccccc1CC(=O)N[C@H](CN1CCCC1)c1ccccc1
ZINC000267230867,CN(C)C1CCN(CCNc2ncccc2I)CC1
ZINC000277306042,NC(=O)c1ccc(CC(=O)N[C@H](CN2CCCC2)c2ccccc2)cc1
ZINC000301246468,CNS(=O)(=O)c1ccc(NC[C@@H](C(C)C)N2CCC(C)CC2)nc1
ZINC000301246469,CNS(=O)(=O)c1ccc(NC[C@H](C(C)C)N2CCC(C)CC2)nc1
ZINC000432848277,CC(C)NS(=O)(=O)c1cccnc1NC[C@H](C)N1CCC[C@@H](C)C1
ZINC000432848278,CC(C)NS(=O)(=O)c1cccnc1NC[C@H](C)N1CCC[C@H](C)C1
ZINC000432848279,CC(C)NS(=O)(=O)c1cccnc1NC[C@@H](C)N1CCC[C@@H](C)C1
ZINC000432848280,CC(C)NS(=O)(=O)c1cccnc1NC[C@@H](C)N1CCC[C@H](C)C1
ZINC000432859304,CC[C@H]1CCCCN1CCNc1ncccc1S(=O)(=O)NC(C)C
ZINC000432859305,CC[C@@H]1CCCCN1CCNc1ncccc1S(=O)(=O)NC(C)C
ZINC000443963775,CC(C)NS(=O)(=O)c1cccnc1NCCN1CCCC(C)(C)C1
ZINC000480059232,CCOC(=O)c1cc(NCCN2CCC(N(C)C)CC2)ncc1Cl
ZINC000524490618,CCC[C@H](C)NS(=O)(=O)c1ccc(NCCN2CCCCC2)nc1
ZINC000524490619,CCC[C@@H](C)NS(=O)(=O)c1ccc(NCCN2CCCCC2)nc1
ZINC000596151122,COC(=O)c1ccc(C(F)(F)F)nc1NCCN1CCC(N(C)C)CC1
ZINC000596160421,COC(=O)c1ccc(C(F)(F)F)nc1NCCN1CCC(OC)CC1
ZINC000605568876,CC(C)CCNS(=O)(=O)c1ccc(NCCN2CCCCC2)nc1
ZINC000610573712,COC1CCN(CCNc2ncccc2I)CC1
ZINC000630887147,C[C@]1(NC(=O)COc2ccc(S(N)(=O)=O)cc2)CCCc2ccccc21
ZINC000630887151,C[C@@]1(NC(=O)COc2ccc(S(N)(=O)=O)cc2)CCCc2ccccc21
ZINC000804535774,COC(=O)c1cnc(NCCN2CCC(N(C)C)CC2)cc1C(F)(F)F
ZINC000804537794,COC(=O)c1cnc(NCCN2CCC(OC)CC2)cc1C(F)(F)F
ZINC000828166884,COC(=O)c1cnc(N[C@@H](CO)CN2CCCCC2)cc1C(F)(F)F
ZINC000828166885,COC(=O)c1cnc(N[C@H](CO)CN2CCCCC2)cc1C(F)(F)F
ZINC000910299910,CN(C)C1CCN(CCNc2nc(C(F)(F)F)ccc2C(=O)O)CC1
ZINC001160752776,CS(=O)(=O)c1ccc(Cl)nc1NCCN1CCC(F)(F)CC1
ZINC001161867194,CCN(CC)C(=O)c1cc(Cl)nc(NCCN2CCC(N)CC2)c1
ZINC001161867213,CC(C)(C)NC(=O)c1cc(Cl)nc(NCCN2CCC(N)CC2)c1
ZINC001161867778,CC(C)(C)NC(=O)c1ccc(Cl)nc1NCCN1CCC(N)CC1
ZINC001237694065,Cn1c(=O)n(C2CCN(Cc3cccc(C(N)=O)c3)CC2)c2ccccc21
ZINC001248724760,CCN(CC)S(=O)(=O)c1ccc(NCCN2CCC(C)CC2)nc1
ZINC001318950299,CCN(CC)S(=O)(=O)c1ccc(N[C@@H](C)CN2CCCCC2)nc1
ZINC001318950302,CCN(CC)S(=O)(=O)c1ccc(N[C@H](C)CN2CCCCC2)nc1
ZINC001326457069,CCN(CC)S(=O)(=O)c1ccc(N(C)CCN2CCCCC2)nc1
ZINC001337525865,CCN(CC)S(=O)(=O)c1ccc(NCCN2CCC[C@H](C)C2)nc1
ZINC001337525869,CCN(CC)S(=O)(=O)c1ccc(NCCN2CCC[C@@H](C)C2)nc1
ZINC001338930421,C[C@@H]1C[C@@H](C)CN(C[C@H](C)Nc2ccc(S(=O)(=O)N(C)C)cn2)C1
ZINC001338930423,C[C@@H]1C[C@H](C)CN(C[C@@H](C)Nc2ccc(S(=O)(=O)N(C)C)cn2)C1
ZINC001338930425,C[C@@H]1C[C@@H](C)CN(C[C@@H](C)Nc2ccc(S(=O)(=O)N(C)C)cn2)C1
ZINC001338930427,C[C@@H]1C[C@H](C)CN(C[C@H](C)Nc2ccc(S(=O)(=O)N(C)C)cn2)C1
ZINC001590146451,CC(C)(C)OC(=O)NC1CCN(CCNc2cc(C(=O)O)ccn2)CC1
ZINC000301262362,C[C@@H]1CCCN(C(C)(C)CNc2ncc([N+](=O)[O-])cc2Cl)C1
ZINC000301262363,C[C@H]1CCCN(C(C)(C)CNc2ncc([N+](=O)[O-])cc2Cl)C1
ZINC000425225032,Cc1cnc(NCCN2CCC(N(C)C)CC2)c(I)c1
ZINC000664458230,CC1CCN(C[C@@H](C)Nc2ncc(Br)cc2S(N)(=O)=O)CC1
ZINC000664458231,CC1CCN(C[C@H](C)Nc2ncc(Br)cc2S(N)(=O)=O)CC1
ZINC000443946979,CC1(C)CCCN(CCNc2ncc(Br)cc2S(N)(=O)=O)C1
ZINC000489952719,COc1ccc([C@@H](CN2CCCC2)NC(=O)Cc2ccccc2C(N)=O)cc1
ZINC000489952743,COc1ccc([C@@H](CN2CCCC2)NC(=O)Cc2ccc(C(N)=O)cc2)cc1
ZINC000674330620,CCC(CC)NS(=O)(=O)c1ccc(NCCN2CCC(OC)CC2)nc1
ZINC000674330531,CCC[C@H](C)NS(=O)(=O)c1ccc(NCCN2CCC(OC)CC2)nc1
ZINC000674330532,CCC[C@@H](C)NS(=O)(=O)c1ccc(NCCN2CCC(OC)CC2)nc1
ZINC000674332111,COC1CCN(CCNc2ccc(S(=O)(=O)N(C(C)C)C(C)C)cn2)CC1
ZINC001180453169,NS(=O)(=O)c1ccc(CN2CCC(n3c(=O)[nH]c4ccccc43)CC2)cc1
ZINC000267536026,CCCOCCOC(=O)c1ccnc(NCCN2CCC(N(C)C)CC2)c1
ZINC000679467246,C[C@@H]1CCCN([C@H](C)CNc2ncc(Br)cc2S(N)(=O)=O)C1
ZINC000679467247,C[C@@H]1CCCN([C@@H](C)CNc2ncc(Br)cc2S(N)(=O)=O)C1
ZINC000679467249,C[C@H]1CCCN([C@@H](C)CNc2ncc(Br)cc2S(N)(=O)=O)C1
ZINC000679467252,C[C@H]1CCCN([C@H](C)CNc2ncc(Br)cc2S(N)(=O)=O)C1
ZINC000679470956,CC[C@@H]1CCCCN1CCNc1ncc(Br)cc1S(N)(=O)=O
ZINC000679470957,CC[C@H]1CCCCN1CCNc1ncc(Br)cc1S(N)(=O)=O
ZINC000725795830,NC(=O)COc1ccc(CN2CCC(n3c(=O)[nH]c4ccccc43)CC2)cc1
ZINC001138870711,Cn1c(=O)n(C2CCN(Cc3ccc(OCC(N)=O)cc3)CC2)c2ccccc21
ZINC001160753077,CCN(CC)S(=O)(=O)c1ccc(NCCN2CCC(F)(F)CC2)nc1
ZINC001161870399,COC(OC)c1ccc(NC(=O)C(C)(C)C)c(NCCN2CCC(N)CC2)n1
ZINC001223024019,CC(O)C(=O)O[C@@H]1c2ccccc2N(C)S(=O)(=O)c2cc(Cl)ccc21
ZINC001223024020,CC(O)C(=O)O[C@H]1c2ccccc2N(C)S(=O)(=O)c2cc(Cl)ccc21
ZINC001594313001,C[C@@H]1CC[C@@](NC(=O)COc2ccc(C(N)=O)cc2)(C(=O)O)c2ccccc21
ZINC001594313002,C[C@@H]1CC[C@](NC(=O)COc2ccc(C(N)=O)cc2)(C(=O)O)c2ccccc21
ZINC001594313003,C[C@H]1CC[C@](NC(=O)COc2ccc(C(N)=O)cc2)(C(=O)O)c2ccccc21
ZINC001594313004,C[C@H]1CC[C@@](NC(=O)COc2ccc(C(N)=O)cc2)(C(=O)O)c2ccccc21
ZINC001607965700,Cc1nc(NCCN2CCC(N(C)C)CC2)c(Br)cc1C(=O)O
ZINC001664103239,NS(=O)(=O)c1cccc(CN2CCC(n3c(=O)[nH]c4ccccc43)CC2)c1
ZINC001223015562,C[C@H](CC(C)(C)S)O[C@@H]1c2ccccc2N(C)S(=O)(=O)c2cc(Cl)ccc21
ZINC001223015567,C[C@@H](CC(C)(C)S)O[C@H]1c2ccccc2N(C)S(=O)(=O)c2cc(Cl)ccc21
ZINC001223015568,C[C@@H](CC(C)(C)S)O[C@@H]1c2ccccc2N(C)S(=O)(=O)c2cc(Cl)ccc21
ZINC001223015569,C[C@H](CC(C)(C)S)O[C@H]1c2ccccc2N(C)S(=O)(=O)c2cc(Cl)ccc21
ZINC001246447375,CC(C)(C)OC(=O)C(Cc1c[nH]c2ccccc12)NC1CCC(C#N)(c2ccccc2)CC1
ZINC000068764486,OCC1CCN(CCNc2ncccc2C(F)(F)F)CC1
ZINC000534640911,OCC1CCN(CCNc2cc(C(F)(F)F)ccn2)CC1
ZINC000534646508,OCC1CCN(CCNc2cccc(C(F)(F)F)n2)CC1
ZINC000670436340,OC[C@@H]1CCCN(CCNc2ccc(C(F)(F)F)cn2)C1
ZINC000670436343,OC[C@H]1CCCN(CCNc2ccc(C(F)(F)F)cn2)C1
ZINC000670439859,OC[C@@H]1CCCN(CCNc2cccc(C(F)(F)F)n2)C1
ZINC000670439860,OC[C@H]1CCCN(CCNc2cccc(C(F)(F)F)n2)C1
ZINC000670442506,OC[C@@H]1CCCN(CCNc2cc(C(F)(F)F)ccn2)C1
ZINC000670442508,OC[C@H]1CCCN(CCNc2cc(C(F)(F)F)ccn2)C1
ZINC000670464102,OC[C@@H]1CCCN(CCNc2ncccc2C(F)(F)F)C1
ZINC000670464103,OC[C@H]1CCCN(CCNc2ncccc2C(F)(F)F)C1
ZINC000822724725,CCC1CCN(CCNc2ncccc2C(=O)N(C)C)CC1
ZINC001506397409,OC[C@H]1CCCCN1CCNc1ncccc1C(F)(F)F
ZINC001506397420,OC[C@@H]1CCCCN1CCNc1ncccc1C(F)(F)F
ZINC001506416735,OC[C@H]1CCCCN1CCNc1cc(C(F)(F)F)ccn1
ZINC001506416737,OC[C@@H]1CCCCN1CCNc1cc(C(F)(F)F)ccn1
ZINC001506422792,OC[C@H]1CCCCN1CCNc1cccc(C(F)(F)F)n1
ZINC001506422796,OC[C@@H]1CCCCN1CCNc1cccc(C(F)(F)F)n1
ZINC000464329011,CC(C(=O)N[C@@H](c1ccc(F)c(F)c1)C(C)(C)N1CCCC1)c1cccc(C#N)c1
ZINC000464329014,CC(C(=O)N[C@@H](c1ccc(F)c(F)c1)C(C)(C)N1CCCC1)c1cccc(C#N)c1
ZINC000506127215,C=C(C)COc1cc(CN2CCC(n3c(=O)[nH]c4ccccc43)CC2)ccc1OC
ZINC001223021224,CC#CC[C@H](CC)O[C@@H]1c2ccccc2N(C)S(=O)(=O)c2cc(Cl)ccc21
ZINC001223021229,CC#CC[C@@H](CC)O[C@H]1c2ccccc2N(C)S(=O)(=O)c2cc(Cl)ccc21
ZINC001223021234,CC#CC[C@@H](CC)O[C@@H]1c2ccccc2N(C)S(=O)(=O)c2cc(Cl)ccc21
ZINC001223021240,CC#CC[C@H](CC)O[C@H]1c2ccccc2N(C)S(=O)(=O)c2cc(Cl)ccc21
ZINC000518771089,COc1c(F)cc(CC(=O)N[C@H](CN2CCCC2)c2ccccc2)cc1S(N)(=O)=O
ZINC001223021468,CN1c2ccccc2[C@H](OC(=O)C(O)CC(=O)O)c2ccc(Cl)cc2S1(=O)=O
ZINC001223021472,CN1c2ccccc2[C@@H](OC(=O)C(O)CC(=O)O)c2ccc(Cl)cc2S1(=O)=O
ZINC001223021474,CN1c2ccccc2[C@@H](OC(=O)C(O)CC(=O)O)c2ccc(Cl)cc2S1(=O)=O
ZINC001223021476,CN1c2ccccc2[C@H](OC(=O)C(O)CC(=O)O)c2ccc(Cl)cc2S1(=O)=O
ZINC001233304031,COc1ccc(CN2CCC(n3c(=O)n(C)c4ccccc43)CC2)cc1S(N)(=O)=O
ZINC001337413172,COc1ccc([C@@H](CN2CCCC2)NC(=O)Cc2ccc(S(=O)(=O)CCO)cc2)cc1
ZINC001306929999,Cc1nc(NC[C@@H](C(C)C)N2CCC(C)CC2)c(Cl)cc1C#N
ZINC001306930000,Cc1nc(NC[C@H](C(C)C)N2CCC(C)CC2)c(Cl)cc1C#N
ZINC001472656299,Cc1c(Cl)cnc(NC[C@@H](C(C)C)N2CCC(C)CC2)c1C#N
ZINC001472656300,Cc1c(Cl)cnc(NC[C@H](C(C)C)N2CCC(C)CC2)c1C#N
ZINC001559078913,C[C@@H]1C[C@@H](C)CN(C[C@@H](C)Nc2nc(C(C)(C)C)ccc2C#N)C1
ZINC001559078914,C[C@@H]1C[C@@H](C)CN(C[C@H](C)Nc2nc(C(C)(C)C)ccc2C#N)C1
ZINC001559078915,C[C@@H]1C[C@H](C)CN(C[C@@H](C)Nc2nc(C(C)(C)C)ccc2C#N)C1
ZINC001559078916,C[C@@H]1C[C@H](C)CN(C[C@H](C)Nc2nc(C(C)(C)C)ccc2C#N)C1
ZINC001611909031,C[C@H]1CCCN(C(C)(C)CNc2nc(C(C)(C)C)ccc2C#N)C1
ZINC001611909034,C[C@@H]1CCCN(C(C)(C)CNc2nc(C(C)(C)C)ccc2C#N)C1
ZINC001651371562,CC1CCN([C@H](CNc2nc(C(C)(C)C)ccc2C#N)C(C)C)CC1
ZINC001651371563,CC1CCN([C@@H](CNc2nc(C(C)(C)C)ccc2C#N)C(C)C)CC1
ZINC000463470904,COc1cc(CN2CCC(n3c(=O)[nH]c4ccccc43)CC2)c([N+](=O)[O-])cc1F
ZINC000506136578,COc1cc(CN2CCC(n3c(=O)[nH]c4ccccc43)CC2)c([N+](=O)[O-])cc1OC
ZINC000539931960,COc1ccc([C@@H](CN2CCCC2)NC(=O)Cc2ccc([N+](=O)[O-])cc2Cl)cc1
ZINC000544538929,COc1ccc([C@@H](CN2CCCC2)NC(=O)C(C)c2ccc([N+](=O)[O-])cc2F)cc1
ZINC000544538931,COc1ccc([C@@H](CN2CCCC2)NC(=O)C(C)c2ccc([N+](=O)[O-])cc2F)cc1
ZINC000779542575,COc1ccc([C@@H](CN2CCCC2)NC(=O)C(F)(F)c2ccc([N+](=O)[O-])cc2)cc1
ZINC000790523463,O=C(Cc1cc(F)c(Cl)cc1[N+](=O)[O-])N[C@H](CN1CCCC1)c1ccccc1
ZINC001223022114,C[C@H](C[N+](C)(C)C)O[C@@H]1c2ccccc2N(C)S(=O)(=O)c2cc(Cl)ccc21
ZINC001223022115,C[C@@H](C[N+](C)(C)C)O[C@@H]1c2ccccc2N(C)S(=O)(=O)c2cc(Cl)ccc21
ZINC001223022119,C[C@H](C[N+](C)(C)C)O[C@H]1c2ccccc2N(C)S(=O)(=O)c2cc(Cl)ccc21
ZINC001223022122,C[C@@H](C[N+](C)(C)C)O[C@H]1c2ccccc2N(C)S(=O)(=O)c2cc(Cl)ccc21
ZINC000077928733,CCOC(=O)c1ccnc(NC[C@@H](C)N2CCC[C@H](C)C2)c1[N+](=O)[O-]
ZINC000077928735,CCOC(=O)c1ccnc(NC[C@H](C)N2CCC[C@H](C)C2)c1[N+](=O)[O-]
ZINC000077932960,CCOC(=O)c1ccnc(N[C@@H](C)CN2CCC[C@H](C)C2)c1[N+](=O)[O-]
ZINC000077932964,CCOC(=O)c1ccnc(N[C@H](C)CN2CCC[C@H](C)C2)c1[N+](=O)[O-]
ZINC000246598967,CCOC(=O)c1ccnc(NC[C@@H](C)N2CCC[C@@H](C)C2)c1[N+](=O)[O-]
ZINC000246598984,CCOC(=O)c1ccnc(NC[C@H](C)N2CCC[C@@H](C)C2)c1[N+](=O)[O-]
ZINC000246653359,CCOC(=O)c1ccnc(N[C@H](C)CN2CCC[C@@H](C)C2)c1[N+](=O)[O-]
ZINC000246653377,CCOC(=O)c1ccnc(N[C@@H](C)CN2CCC[C@@H](C)C2)c1[N+](=O)[O-]
ZINC000302749515,COC(=O)c1cnc(N[C@H](C)CN2C[C@H](C)C[C@H](C)C2)c([N+](=O)[O-])c1
ZINC000302749517,COC(=O)c1cnc(N[C@H](C)CN2C[C@H](C)C[C@@H](C)C2)c([N+](=O)[O-])c1
ZINC000302749518,COC(=O)c1cnc(N[C@H](C)CN2C[C@@H](C)C[C@H](C)C2)c([N+](=O)[O-])c1
ZINC000302749520,COC(=O)c1cnc(N[C@@H](C)CN2C[C@H](C)C[C@H](C)C2)c([N+](=O)[O-])c1
ZINC000302784771,COC(=O)c1cnc(NCC(C)(C)N2CCC[C@@H](C)C2)c([N+](=O)[O-])c1
ZINC000302784772,COC(=O)c1cnc(NCC(C)(C)N2CCC[C@H](C)C2)c([N+](=O)[O-])c1
ZINC000443950999,CCOC(=O)c1ccnc(NCCN2CCCC(C)(C)C2)c1[N+](=O)[O-]
ZINC000478252314,COC(=O)c1cnc(NC[C@@H](C(C)C)N2CCC(C)CC2)c([N+](=O)[O-])c1
ZINC000478252315,COC(=O)c1cnc(NC[C@H](C(C)C)N2CCC(C)CC2)c([N+](=O)[O-])c1
ZINC000541576983,Cc1c([N+](=O)[O-])cnc(NCCN2CCC[C@H](C)C2)c1Br
ZINC000541576984,Cc1c([N+](=O)[O-])cnc(NCCN2CCC[C@@H](C)C2)c1Br
ZINC000557495330,COC(=O)c1ccc([N+](=O)[O-])c(NC[C@@H](C(C)C)N2CCC(C)CC2)n1
ZINC000557495331,COC(=O)c1ccc([N+](=O)[O-])c(NC[C@H](C(C)C)N2CCC(C)CC2)n1
ZINC000561182965,COC(=O)c1ccc([N+](=O)[O-])c(NCC(C)(C)N2CCC[C@@H](C)C2)n1
ZINC000561182967,COC(=O)c1ccc([N+](=O)[O-])c(NCC(C)(C)N2CCC[C@H](C)C2)n1
ZINC000561379430,CCCN(CCN1CCCCC1)c1nccc(C(=O)OCC)c1[N+](=O)[O-]
ZINC000566294363,CC1CCN([C@@H](CNc2ncc(C(=O)O)cc2[N+](=O)[O-])C(C)C)CC1
ZINC000566294364,CC1CCN([C@H](CNc2ncc(C(=O)O)cc2[N+](=O)[O-])C(C)C)CC1
ZINC000568633807,Cc1cc(C(=O)O)c([N+](=O)[O-])c(NC[C@@H](C(C)C)N2CCC(C)CC2)n1
ZINC000568633808,Cc1cc(C(=O)O)c([N+](=O)[O-])c(NC[C@H](C(C)C)N2CCC(C)CC2)n1
ZINC000571565014,CC1CCN([C@@H](CNc2nccc(C(=O)O)c2[N+](=O)[O-])C(C)C)CC1
ZINC000571565016,CC1CCN([C@H](CNc2nccc(C(=O)O)c2[N+](=O)[O-])C(C)C)CC1
ZINC000581455829,CCOC(=O)c1ccnc(N[C@H](C)CN2C[C@H](C)C[C@H](C)C2)c1[N+](=O)[O-]
ZINC000581455830,CCOC(=O)c1ccnc(N[C@H](C)CN2C[C@@H](C)C[C@H](C)C2)c1[N+](=O)[O-]
ZINC000581455831,CCOC(=O)c1ccnc(N[C@H](C)CN2C[C@H](C)C[C@@H](C)C2)c1[N+](=O)[O-]
ZINC000581455832,CCOC(=O)c1ccnc(N[C@@H](C)CN2C[C@H](C)C[C@H](C)C2)c1[N+](=O)[O-]
ZINC000582853303,COC(=O)c1ccc([N+](=O)[O-])c(N[C@H](C)CN2C[C@H](C)C[C@H](C)C2)n1
ZINC000582853305,COC(=O)c1ccc([N+](=O)[O-])c(N[C@H](C)CN2C[C@H](C)C[C@@H](C)C2)n1
ZINC000582853306,COC(=O)c1ccc([N+](=O)[O-])c(N[C@H](C)CN2C[C@@H](C)C[C@H](C)C2)n1
ZINC000582853307,COC(=O)c1ccc([N+](=O)[O-])c(N[C@@H](C)CN2C[C@H](C)C[C@H](C)C2)n1
ZINC000584472456,Cc1cc(C(=O)O)c([N+](=O)[O-])c(N[C@H](C)CN2C[C@@H](C)C[C@H](C)C2)n1
ZINC000584472457,Cc1cc(C(=O)O)c([N+](=O)[O-])c(N[C@@H](C)CN2C[C@H](C)C[C@H](C)C2)n1
ZINC000584472458,Cc1cc(C(=O)O)c([N+](=O)[O-])c(N[C@H](C)CN2C[C@H](C)C[C@@H](C)C2)n1
ZINC000584472459,Cc1cc(C(=O)O)c([N+](=O)[O-])c(N[C@H](C)CN2C[C@H](C)C[C@H](C)C2)n1
ZINC000592968827,CC1CCN([C@@H](CNc2nc(C(=O)O)ccc2[N+](=O)[O-])C(C)C)CC1
ZINC000592968828,CC1CCN([C@H](CNc2nc(C(=O)O)ccc2[N+](=O)[O-])C(C)C)CC1
ZINC000596488195,COC(=O)c1cc(C)nc(N[C@H](C)CN2CCC(C)CC2)c1[N+](=O)[O-]
ZINC000596488197,COC(=O)c1cc(C)nc(N[C@@H](C)CN2CCC(C)CC2)c1[N+](=O)[O-]
ZINC000596488636,CCOC(=O)c1ccnc(N[C@H](C)CN2CCC(C)CC2)c1[N+](=O)[O-]
ZINC000596488637,CCOC(=O)c1ccnc(N[C@@H](C)CN2CCC(C)CC2)c1[N+](=O)[O-]
ZINC000598589920,COC(=O)c1ccnc(N[C@H](C)CN2C[C@H](C)C[C@H](C)C2)c1[N+](=O)[O-]
ZINC000598589923,COC(=O)c1ccnc(N[C@H](C)CN2C[C@H](C)C[C@@H](C)C2)c1[N+](=O)[O-]
ZINC000598589925,COC(=O)c1ccnc(N[C@H](C)CN2C[C@@H](C)C[C@H](C)C2)c1[N+](=O)[O-]
ZINC000598589926,COC(=O)c1ccnc(N[C@@H](C)CN2C[C@H](C)C[C@H](C)C2)c1[N+](=O)[O-]
ZINC000598591714,COC(=O)c1ccnc(NCC(C)(C)N2CCC[C@@H](C)C2)c1[N+](=O)[O-]
ZINC000598591715,COC(=O)c1ccnc(NCC(C)(C)N2CCC[C@H](C)C2)c1[N+](=O)[O-]
ZINC000609963710,CCOC(=O)c1ccnc(NCCN2CCCC[C@H]2CC)c1[N+](=O)[O-]
ZINC000609963711,CCOC(=O)c1ccnc(NCCN2CCCC[C@@H]2CC)c1[N+](=O)[O-]
ZINC000609963931,CCOC(=O)c1ccnc(NC[C@@H](C)N2CCCC[C@H]2C)c1[N+](=O)[O-]
ZINC000609963932,CCOC(=O)c1ccnc(NC[C@H](C)N2CCCC[C@H]2C)c1[N+](=O)[O-]
ZINC000609963933,CCOC(=O)c1ccnc(NC[C@@H](C)N2CCCC[C@@H]2C)c1[N+](=O)[O-]
ZINC000609963934,CCOC(=O)c1ccnc(NC[C@H](C)N2CCCC[C@@H]2C)c1[N+](=O)[O-]
ZINC000612446980,COC1CCN(CCNc2ncc([N+](=O)[O-])c(C)c2Br)CC1
ZINC000824616430,O=C(N[C@H](CN1CCCC1)c1ccccc1)C(O)c1cccc([N+](=O)[O-])c1
ZINC000824616433,O=C(N[C@H](CN1CCCC1)c1ccccc1)C(O)c1cccc([N+](=O)[O-])c1
ZINC000910363857,CCCN(CCN1CCCCC1)c1nc(C)cc(C(=O)O)c1[N+](=O)[O-]
ZINC001160752256,CN(C)/C=C/c1cc(NCCN2CCC(F)(F)CC2)ncc1[N+](=O)[O-]
ZINC000166641571,COc1ccc2c3c1O[C@H]1[C@@]4(OC)C=C[C@@]5(C[C@@H]4C(C)(C)O)[C@@H](C2)N(C)CC[C@]315
ZINC000253504633,COc1ccc2c3c1O[C@H]1[C@@]4(OC)C=C[C@@]5(C[C@H]4C(C)(C)O)[C@@H](C2)N(C)CC[C@]315
ZINC000321372837,N#Cc1ccc(NCCN2CCC(O)CC2)nc1
ZINC000321758528,N#Cc1cccnc1NCCN1CCC(O)CC1
ZINC000321775625,N#Cc1cccc(NCCN2CCC(O)CC2)n1
ZINC001138349105,C#CCOc1ccc(CN2CCC(n3c(=O)n(C)c4ccccc43)CC2)cc1OC
ZINC001161870006,CC(C)(C)C(=O)Nc1ccc(C#C[Si](C)(C)C)nc1NCCN1CCC(N)CC1
ZINC001223018010,C#CC(O[C@H]1c2ccccc2N(C)S(=O)(=O)c2cc(Cl)ccc21)C(=O)OCC
ZINC001223018015,C#CC(O[C@@H]1c2ccccc2N(C)S(=O)(=O)c2cc(Cl)ccc21)C(=O)OCC
ZINC001223018022,C#CC(O[C@H]1c2ccccc2N(C)S(=O)(=O)c2cc(Cl)ccc21)C(=O)OCC
ZINC001223018033,C#CC(O[C@@H]1c2ccccc2N(C)S(=O)(=O)c2cc(Cl)ccc21)C(=O)OCC
ZINC001223021087,C=CC(O[C@H]1c2ccccc2N(C)S(=O)(=O)c2cc(Cl)ccc21)C(=O)OC
ZINC001223021088,C=CC(O[C@@H]1c2ccccc2N(C)S(=O)(=O)c2cc(Cl)ccc21)C(=O)OC
ZINC001223021090,C=CC(O[C@@H]1c2ccccc2N(C)S(=O)(=O)c2cc(Cl)ccc21)C(=O)OC
ZINC001223021091,C=CC(O[C@H]1c2ccccc2N(C)S(=O)(=O)c2cc(Cl)ccc21)C(=O)OC
ZINC001233101327,CN(C)c1ccc(CN2CCC(n3c(=O)n(C)c4ccccc43)CC2)c(F)c1C#N
ZINC000179782221,CCOc1cccc(CN2CCC(n3c(=O)[nH]c4ccccc43)CC2)c1
ZINC000179783233,O=c1[nH]c2ccccc2n1C1CCN(Cc2cc(F)c(F)cc2F)CC1
ZINC001776595079,C[C@@H]1C[C@H](C)CN(C[C@@H](C)Nc2nc(C(F)(F)F)ccc2C(=O)O)C1
ZINC001776595081,C[C@@H]1C[C@@H](C)CN(C[C@@H](C)Nc2nc(C(F)(F)F)ccc2C(=O)O)C1
ZINC001776595084,C[C@@H]1C[C@H](C)CN(C[C@H](C)Nc2nc(C(F)(F)F)ccc2C(=O)O)C1
ZINC001776595086,C[C@@H]1C[C@@H](C)CN(C[C@H](C)Nc2nc(C(F)(F)F)ccc2C(=O)O)C1
ZINC001776641258,C[C@@H]1CCCN(C(C)(C)CNc2nc(C(F)(F)F)ccc2C(=O)O)C1
ZINC001776641259,C[C@H]1CCCN(C(C)(C)CNc2nc(C(F)(F)F)ccc2C(=O)O)C1
ZINC001776643763,CC1CCN([C@@H](CNc2nc(C(F)(F)F)ccc2C(=O)O)C(C)C)CC1
ZINC001776643764,CC1CCN([C@H](CNc2nc(C(F)(F)F)ccc2C(=O)O)C(C)C)CC1
ZINC001143382124,Cc1cc(CN2CCC(n3c(=O)n(C)c4ccccc43)CC2)cc(C)c1F
ZINC001143386627,COc1cc(F)c(F)cc1CN1CCC(n2c(=O)[nH]c3ccccc32)CC1
ZINC001143406324,COc1ccc(F)c(F)c1CN1CCC(n2c(=O)[nH]c3ccccc32)CC1
ZINC000071987476,CC(C)Oc1ccccc1CN1CCC(n2c(=O)[nH]c3ccccc32)CC1
ZINC000536096570,COc1ccc([C@@H](CN2CCCC2)NC(=O)Cc2ccc(Cl)cc2)cc1
ZINC000050959163,O=c1[nH]c2ccccc2n1C1CCN(Cc2cccc(OC(F)F)c2)CC1
ZINC000500408520,COc1ccc([C@@H](CN2CCCC2)NC(=O)C(C)c2cccc(F)c2)cc1
ZINC000500408523,COc1ccc([C@@H](CN2CCCC2)NC(=O)C(C)c2cccc(F)c2)cc1
ZINC000500408376,COc1ccc([C@@H](CN2CCCC2)NC(=O)Cc2c(C)cccc2C)cc1
ZINC000500430133,COc1ccc([C@@H](CN2CCCC2)NC(=O)C(C)c2ccccc2F)cc1
ZINC000500430137,COc1ccc([C@@H](CN2CCCC2)NC(=O)C(C)c2ccccc2F)cc1
ZINC001143523975,COc1c(F)cccc1CN1CCC(n2c(=O)[nH]c3ccccc32)CC1
ZINC001143552515,COc1c(F)cc(F)cc1CN1CCC(n2c(=O)[nH]c3ccccc32)CC1
ZINC000515606519,CC1CCN([C@@H](CNc2ncc(C(=O)N(C)C)cc2Cl)C(C)C)CC1
ZINC000515606520,CC1CCN([C@H](CNc2ncc(C(=O)N(C)C)cc2Cl)C(C)C)CC1
ZINC000506119040,CC(=O)CCc1ccc(OCC(=O)N[C@]2(C)CCCc3ccccc32)cc1
ZINC000506119041,CC(=O)CCc1ccc(OCC(=O)N[C@@]2(C)CCCc3ccccc32)cc1
ZINC000506129537,COc1ccc(CN2CCC(n3c(=O)[nH]c4ccccc43)CC2)cc1C
ZINC000507033556,O=c1[nH]c2ccccc2n1C1CCN(Cc2c(F)ccc(O)c2F)CC1
ZINC000443113323,CCc1ccccc1CC(=O)N[C@H](CN1CCCC1)c1ccc(OC)cc1
ZINC001143589477,Cc1cc(F)cc(CN2CCC(n3c(=O)n(C)c4ccccc43)CC2)c1
ZINC000013864303,COc1ccc(CN2CCC(n3c(=O)[nH]c4ccccc43)CC2)c(Cl)c1
ZINC000449009028,COc1cc(C)ccc1CN1CCC(n2c(=O)[nH]c3ccccc32)CC1
ZINC000449009003,COc1cc(F)cc(CN2CCC(n3c(=O)[nH]c4ccccc43)CC2)c1
ZINC000029177406,O=C(Cc1c(F)cccc1Cl)N[C@H](CN1CCCC1)c1ccccc1
ZINC000029178685,COc1ccc(Cl)cc1CC(=O)N[C@H](CN1CCCC1)c1ccccc1
ZINC000024911972,O=c1[nH]c2ccccc2n1C1CCN(Cc2ccccc2OC(F)F)CC1
ZINC000162331562,O=C(Cc1ccc(O)cc1Cl)N[C@H](CN1CCCC1)c1ccccc1
ZINC000121803536,O=c1[nH]c2ccccc2n1C1CCN(Cc2cc(F)c(F)c(F)c2)CC1
ZINC000477620948,COc1ccc([C@@H](CN2CCCC2)NC(=O)C(C)c2ccccc2)cc1
ZINC000477620950,COc1ccc([C@@H](CN2CCCC2)NC(=O)C(C)c2ccccc2)cc1
ZINC000537728635,COc1ccc([C@@H](CN2CCCC2)NC(=O)Cc2cccc(Cl)c2)cc1
ZINC000537730315,COc1ccc([C@@H](CN2CCCC2)NC(=O)Cc2ccccc2Cl)cc1
ZINC000537731513,COc1ccc([C@@H](CN2CCCC2)NC(=O)Cc2cc(C)ccc2C)cc1
ZINC000667490827,O=c1[nH]c2ccccc2n1C1CCN(Cc2ccc(F)c(F)c2F)CC1
ZINC001143607663,Cc1cc(CN2CCC(n3c(=O)n(C)c4ccccc43)CC2)cc(F)c1F
ZINC000487002737,O=C(Cc1ccc(F)cc1Cl)N[C@H](CN1CCCC1)c1ccccc1
ZINC000608491545,CN(C)c1cccc(CN2CCC(n3c(=O)[nH]c4ccccc43)CC2)c1
ZINC000540745788,CSc1ccccc1CC(=O)N[C@H](CN1CCCC1)c1ccccc1
ZINC000302805333,O=c1[nH]c2ccccc2n1C1CCN(Cc2c(F)cccc2Cl)CC1
ZINC000303036187,CC(C)Oc1cccc(CC(=O)N[C@H](CN2CCCC2)c2ccccc2)c1
ZINC000193174364,CCOc1ccc(CN2CCC(n3c(=O)[nH]c4ccccc43)CC2)cc1
ZINC000194407286,COc1cccc(C(C)C(=O)N[C@H](CN2CCCC2)c2ccccc2)c1
ZINC000194407303,COc1cccc(C(C)C(=O)N[C@H](CN2CCCC2)c2ccccc2)c1
ZINC000497723348,CC(C)Oc1ccccc1CC(=O)N[C@H](CN1CCCC1)c1ccccc1
ZINC000497724546,O=C(Cc1ccc(OC(F)F)cc1)N[C@H](CN1CCCC1)c1ccccc1
ZINC000134876338,O=C(Cc1cc(F)c(F)cc1F)N[C@H](CN1CCCC1)c1ccccc1
ZINC000179624116,O=c1[nH]c2ccccc2n1C1CCN(Cc2cccc(Cl)c2O)CC1
ZINC000152979818,CCOc1ccccc1CN1CCC(n2c(=O)[nH]c3ccccc32)CC1
ZINC000029177724,CCOc1ccc(CC(=O)N[C@H](CN2CCCC2)c2ccccc2)cc1
ZINC000045513286,COc1ccc(Cl)cc1CN1CCC(n2c(=O)[nH]c3ccccc32)CC1
ZINC000542784835,COc1ccc([C@@H](CN2CCCC2)NC(=O)Cc2ccc(C)c(C)c2)cc1
ZINC000118204542,O=C(Cc1ccccc1OC(F)F)N[C@H](CN1CCCC1)c1ccccc1
ZINC000499847528,O=C(Cc1cccc(OC(F)F)c1)N[C@H](CN1CCCC1)c1ccccc1
ZINC000625050337,O=c1[nH]c2ccccc2n1C1CCN(Cc2cc(O)ccc2Cl)CC1
ZINC000769617317,COc1ccc([C@@H](CN2CCCC2)NC(=O)C(F)c2ccccc2)cc1
ZINC000769617319,COc1ccc([C@@H](CN2CCCC2)NC(=O)C(F)c2ccccc2)cc1
ZINC001135444746,CCOC(C(=O)N[C@H](CN1CCCC1)c1ccccc1)c1ccccc1
ZINC001135444747,CCOC(C(=O)N[C@H](CN1CCCC1)c1ccccc1)c1ccccc1
ZINC001135612773,COc1cccc(CC(=O)N[C@H](CN2CCCC2)c2ccccc2)c1Cl
ZINC001143768052,Cc1c(F)cc(F)cc1CN1CCC(n2c(=O)n(C)c3ccccc32)CC1
ZINC001143905754,COc1ccc(CN2CCC(n3c(=O)[nH]c4ccccc43)CC2)c(F)c1F
ZINC001143967709,COc1ccc(F)c(CN2CCC(n3c(=O)[nH]c4ccccc43)CC2)c1F
ZINC001144544744,O=c1[nH]c2ccccc2n1C1CCN(Cc2c(F)cc(O)cc2F)CC1
ZINC001144647665,O=c1[nH]c2ccccc2n1C1CCN(Cc2cc(F)c(O)cc2F)CC1
ZINC001144750185,COc1c(F)ccc(F)c1CN1CCC(n2c(=O)[nH]c3ccccc32)CC1
ZINC001184829928,COC(=O)c1cnc(NC[C@@H](C(C)C)N2CCC(C)CC2)c(Cl)c1
ZINC001184829931,COC(=O)c1cnc(NC[C@H](C(C)C)N2CCC(C)CC2)c(Cl)c1
ZINC001186413005,CCCN(CCN1CCCCC1)c1cc(C(F)(F)F)c(C(=O)OC)cn1
ZINC000568030791,COc1ccc(CN2CCC(n3c(=O)[nH]c4ccccc43)CC2)c(F)c1
ZINC000578372746,O=C(Cc1cccc(Cl)c1F)N[C@H](CN1CCCC1)c1ccccc1
ZINC000779542775,COc1ccc([C@@H](CN2CCCC2)NC(=O)C(F)(F)c2ccccc2)cc1
ZINC000755453593,COc1ccc(C(F)(F)C(=O)N[C@H](CN2CCCC2)c2ccccc2)cc1
ZINC000757648338,COc1ccc(CN2CCC(n3c(=O)[nH]c4ccccc43)CC2)c(C)c1
ZINC001137627410,COc1ccc([C@@H](CN2CCCC2)NC(=O)Cc2cc(C)ccc2F)cc1
ZINC001137653369,Cn1c(=O)n(C2CCN(Cc3ccc(Cl)c(F)c3)CC2)c2ccccc21
ZINC001137660476,Cn1c(=O)n(C2CCN(Cc3ccc(Cl)cc3F)CC2)c2ccccc21
ZINC001137677588,Cc1cccc(CN2CCC(n3c(=O)n(C)c4ccccc43)CC2)c1F
ZINC001137868957,O=c1[nH]c2ccccc2n1C1CCN(Cc2cc(F)cc(F)c2F)CC1
ZINC001137927045,O=c1[nH]c2ccccc2n1C1CCN(Cc2c(F)ccc(F)c2F)CC1
ZINC001137961670,Cn1c(=O)n(C2CCN(Cc3cccc(Cl)c3F)CC2)c2ccccc21
ZINC001137969881,Cc1ccc(CN2CCC(n3c(=O)n(C)c4ccccc43)CC2)c(F)c1F
ZINC001138038391,CC(=O)Oc1cccc(CN2CCC(n3c(=O)[nH]c4ccccc43)CC2)c1
ZINC001138099926,CCOc1cccc(CN2CCC(n3c(=O)n(C)c4ccccc43)CC2)c1
ZINC001138119664,Cc1ccc(F)c(CN2CCC(n3c(=O)n(C)c4ccccc43)CC2)c1F
ZINC001138379980,COc1cccc(F)c1CN1CCC(n2c(=O)[nH]c3ccccc32)CC1
ZINC001138422613,COc1c(F)cc(CN2CCC(n3c(=O)[nH]c4ccccc43)CC2)cc1F
ZINC001138673699,Cn1c(=O)n(C2CCN(Cc3cc(F)ccc3Cl)CC2)c2ccccc21
ZINC001139710293,Cc1cc(O)cc(C)c1CN1CCC(n2c(=O)[nH]c3ccccc32)CC1
ZINC001140082006,O=c1[nH]c2ccccc2n1C1CCN(Cc2ccc(O)cc2Cl)CC1
ZINC001140085566,Cn1c(=O)n(C2CCN(Cc3ccc(O)cc3Cl)CC2)c2ccccc21
ZINC001140199687,Cc1cc(CN2CCC(n3c(=O)[nH]c4ccccc43)CC2)c(C)cc1O
ZINC001140531381,O=c1[nH]c2ccccc2n1C1CCN(Cc2c(F)cc(F)cc2F)CC1
ZINC001140538980,Cn1c(=O)n(C2CCN(Cc3cc(F)cc(Cl)c3)CC2)c2ccccc21
ZINC001140562608,Cn1c(=O)n(C2CCN(Cc3cccc(F)c3Cl)CC2)c2ccccc21
ZINC001140593070,Cc1ccc(F)cc1CN1CCC(n2c(=O)n(C)c3ccccc32)CC1
ZINC001140714009,Nc1ccc(Cl)cc1CN1CCC(n2c(=O)[nH]c3ccccc32)CC1
ZINC001140782049,Cc1cc(F)ccc1CN1CCC(n2c(=O)n(C)c3ccccc32)CC1
ZINC001140787369,O=c1[nH]c2ccccc2n1C1CCN(Cc2cc(O)cc(Cl)c2)CC1
ZINC001140794460,Cn1c(=O)n(C2CCN(Cc3cc(O)cc(Cl)c3)CC2)c2ccccc21
ZINC001140825658,COc1cc(F)c(CN2CCC(n3c(=O)[nH]c4ccccc43)CC2)c(F)c1
ZINC001140888676,O=c1[nH]c2ccccc2n1C1CCN(Cc2ccc(O)c(F)c2F)CC1
ZINC001140988660,O=c1[nH]c2ccccc2n1C1CCN(Cc2cc(F)c(O)c(F)c2)CC1
ZINC001141196939,Cc1ccc(CN2CCC(n3c(=O)n(C)c4ccccc43)CC2)c(F)c1
ZINC001143152414,COc1cc(C)cc(CN2CCC(n3c(=O)[nH]c4ccccc43)CC2)c1
ZINC001143314739,COc1c(F)ccc(CN2CCC(n3c(=O)[nH]c4ccccc43)CC2)c1F
ZINC001160753076,CC(C)(C)OC(=O)Nc1ccc(NCCN2CCC(F)(F)CC2)nc1
ZINC001203382865,Cn1c(=O)n(C2CCN(Cc3ccccc3Cl)CC2)c2ccccc21
ZINC001203406391,Cn1c(=O)n(C2CCN(Cc3c(F)cccc3Cl)CC2)c2ccccc21
ZINC001203543847,CCOc1ccccc1CN1CCC(n2c(=O)n(C)c3ccccc32)CC1
ZINC001203800594,Cn1c(=O)n(C2CCN(Cc3cccc(Cl)c3)CC2)c2ccccc21
ZINC001203921299,Cn1c(=O)n(C2CCN(Cc3ccc(Cl)cc3)CC2)c2ccccc21
ZINC001203968597,CCOc1ccc(CN2CCC(n3c(=O)n(C)c4ccccc43)CC2)cc1
ZINC001204141906,CSc1ccc(CN2CCC(n3c(=O)n(C)c4ccccc43)CC2)cc1
ZINC001204250864,COc1cccc(OC)c1CN1CCC(n2c(=O)[nH]c3ccccc32)CC1
ZINC001204284930,Cn1c(=O)n(C2CCN(Cc3ccc(F)c(Cl)c3)CC2)c2ccccc21
ZINC001204436221,Cn1c(=O)n(C2CCN(Cc3ccc(F)cc3Cl)CC2)c2ccccc21
ZINC001204513372,Cc1c(F)cccc1CN1CCC(n2c(=O)n(C)c3ccccc32)CC1
ZINC001204557568,COc1cc(CN2CCC(n3c(=O)[nH]c4ccccc43)CC2)ccc1F
ZINC001205124121,CNc1ccc(C)cc1CN1CCC(n2c(=O)[nH]c3ccccc32)CC1
ZINC001205186773,Cc1cc(CN2CCC(n3c(=O)n(C)c4ccccc43)CC2)ccc1F
ZINC001205236255,Cc1ccc(CN2CCC(n3c(=O)n(C)c4ccccc43)CC2)cc1F
ZINC001205649070,Cc1ccc(F)c(CN2CCC(n3c(=O)n(C)c4ccccc43)CC2)c1
ZINC001206020585,Cn1c(=O)n(C2CCN(Cc3cc(Cl)ccc3F)CC2)c2ccccc21
ZINC001223024200,CC(C)O[C@H]1c2ccccc2N(C)S(=O)(=O)c2cc(Cl)ccc21
ZINC001223024203,CC(C)O[C@@H]1c2ccccc2N(C)S(=O)(=O)c2cc(Cl)ccc21
ZINC001231477258,Cc1c(F)ccc(CN2CCC(n3c(=O)n(C)c4ccccc43)CC2)c1F
ZINC001231599972,COc1cc(F)ccc1CN1CCC(n2c(=O)[nH]c3ccccc32)CC1
ZINC001231730891,O=c1[nH]c2ccccc2n1C1CCN(Cc2ccc(Cl)c(O)c2)CC1
ZINC001231734188,Cn1c(=O)n(C2CCN(Cc3ccc(Cl)c(O)c3)CC2)c2ccccc21
ZINC001231785609,CSc1ccccc1CN1CCC(n2c(=O)n(C)c3ccccc32)CC1
ZINC001232424843,Cc1c(F)cc(CN2CCC(n3c(=O)n(C)c4ccccc43)CC2)cc1F
ZINC001232485317,Cc1cccc(F)c1CN1CCC(n2c(=O)n(C)c3ccccc32)CC1
ZINC001232619579,COc1cccc(C)c1CN1CCC(n2c(=O)[nH]c3ccccc32)CC1
ZINC001232783197,Cc1cc(CN2CCC(n3c(=O)n(C)c4ccccc43)CC2)c(F)cc1F
ZINC001232788449,Cn1c(=O)n(C2CCN(Cc3cccc(O)c3Cl)CC2)c2ccccc21
ZINC001232934967,O=c1[nH]c2ccccc2n1C1CCN(Cc2ccc(F)c(O)c2F)CC1
ZINC001232972054,O=c1[nH]c2ccccc2n1C1CCN(Cc2cc(O)c(F)c(F)c2)CC1
ZINC001233279639,COCOc1cccc(CN2CCC(n3c(=O)[nH]c4ccccc43)CC2)c1
ZINC001233341645,COc1cc(F)c(CN2CCC(n3c(=O)[nH]c4ccccc43)CC2)cc1F
ZINC001233373933,Nc1ccc(CN2CCC(n3c(=O)[nH]c4ccccc43)CC2)c(Cl)c1
ZINC001235202258,Cc1cc(F)c(CN2CCC(n3c(=O)n(C)c4ccccc43)CC2)c(F)c1
ZINC001235392894,CCOc1cc(O)cc(CN2CCC(n3c(=O)[nH]c4ccccc43)CC2)c1
ZINC001235439019,COc1cc(CN2CCC(n3c(=O)[nH]c4ccccc43)CC2)cc(F)c1F
ZINC001236823406,COc1cc(CN2CCC(n3c(=O)[nH]c4ccccc43)CC2)c(F)cc1F
ZINC001237160952,Cc1c(CN2CCC(n3c(=O)n(C)c4ccccc43)CC2)ccc(F)c1F
ZINC001237321054,Cc1cc(F)cc(C)c1CN1CCC(n2c(=O)n(C)c3ccccc32)CC1
ZINC001237503226,COc1c(C)cccc1CN1CCC(n2c(=O)[nH]c3ccccc32)CC1
ZINC001237707740,COc1ccc(C)c(CN2CCC(n3c(=O)[nH]c4ccccc43)CC2)c1
ZINC001238140065,Cc1cc(C(=O)O)ccc1CN1CCC(n2c(=O)[nH]c3ccccc32)CC1
ZINC001238469539,COc1c(CN2CCC(n3c(=O)[nH]c4ccccc43)CC2)ccc(F)c1F
ZINC001249950390,CN(C)c1cc(F)cc(CN2CCC(n3c(=O)[nH]c4ccccc43)CC2)c1
ZINC001306932734,COC(=O)c1cnc(NC[C@H](C)N2CCCC[C@H]2C)cc1C(F)(F)F
ZINC001306932736,COC(=O)c1cnc(NC[C@@H](C)N2CCCC[C@@H]2C)cc1C(F)(F)F
ZINC001306932738,COC(=O)c1cnc(NC[C@H](C)N2CCCC[C@@H]2C)cc1C(F)(F)F
ZINC001306932740,COC(=O)c1cnc(NC[C@@H](C)N2CCCC[C@H]2C)cc1C(F)(F)F
ZINC001308654415,CN(C)c1ccc(F)cc1CN1CCC(n2c(=O)[nH]c3ccccc32)CC1
ZINC001472685726,COC(=O)c1cnc(NCC(C)(C)N2CCC[C@@H](C)C2)cc1C(F)(F)F
ZINC001472685727,COC(=O)c1cnc(NCC(C)(C)N2CCC[C@H](C)C2)cc1C(F)(F)F
ZINC001538717479,O=C(Cc1ccc(O)c(Cl)c1)N[C@H](CN1CCCC1)c1ccccc1
ZINC001538718338,CCCOc1cccc(CC(=O)N[C@H](CN2CCCC2)c2ccccc2)c1
ZINC001540338195,Cc1cc(F)c(CC(=O)N[C@H](CN2CCCC2)c2ccccc2)cc1F
ZINC001559101811,CC[C@@H]1CCCCN1CCNc1cc(C(F)(F)F)c(C(=O)OC)cn1
ZINC001559101812,CC[C@H]1CCCCN1CCNc1cc(C(F)(F)F)c(C(=O)OC)cn1
ZINC001593621935,CC(Oc1ccc(F)cc1)C(=O)N[C@]1(C(=O)O)CC[C@H](C)c2ccccc21
ZINC001593621936,CC(Oc1ccc(F)cc1)C(=O)N[C@]1(C(=O)O)CC[C@@H](C)c2ccccc21
ZINC001593621937,CC(Oc1ccc(F)cc1)C(=O)N[C@@]1(C(=O)O)CC[C@H](C)c2ccccc21
ZINC001593621938,CC(Oc1ccc(F)cc1)C(=O)N[C@@]1(C(=O)O)CC[C@@H](C)c2ccccc21
ZINC001593651512,CC(Oc1ccccc1F)C(=O)N[C@]1(C(=O)O)CC[C@H](C)c2ccccc21
ZINC001593651515,CC(Oc1ccccc1F)C(=O)N[C@]1(C(=O)O)CC[C@@H](C)c2ccccc21
ZINC001593651517,CC(Oc1ccccc1F)C(=O)N[C@@]1(C(=O)O)CC[C@H](C)c2ccccc21
ZINC001593651519,CC(Oc1ccccc1F)C(=O)N[C@@]1(C(=O)O)CC[C@@H](C)c2ccccc21
ZINC001594227177,C[C@@H]1C[C@H](C)CN(C[C@@H](C)Nc2ncc(C(=O)O)cc2C(F)(F)F)C1
ZINC001594227178,C[C@@H]1C[C@@H](C)CN(C[C@@H](C)Nc2ncc(C(=O)O)cc2C(F)(F)F)C1
ZINC001594227179,C[C@@H]1C[C@H](C)CN(C[C@H](C)Nc2ncc(C(=O)O)cc2C(F)(F)F)C1
ZINC001594227180,C[C@@H]1C[C@@H](C)CN(C[C@H](C)Nc2ncc(C(=O)O)cc2C(F)(F)F)C1
ZINC001595878408,CCCN(CCN1CCCCC1)c1cc(C(F)(F)F)c(C(=O)O)cn1
ZINC001600192677,Cc1cc(CN2CCC(n3c(=O)[nH]c4ccccc43)CC2)ccc1C(=O)O
ZINC001600429926,Cc1ccc(F)c(OCC(=O)N[C@]2(C(=O)O)CC[C@H](C)c3ccccc32)c1
ZINC001600429927,Cc1ccc(F)c(OCC(=O)N[C@@]2(C(=O)O)CC[C@H](C)c3ccccc32)c1
ZINC001600429928,Cc1ccc(F)c(OCC(=O)N[C@]2(C(=O)O)CC[C@@H](C)c3ccccc32)c1
ZINC001600429929,Cc1ccc(F)c(OCC(=O)N[C@@]2(C(=O)O)CC[C@@H](C)c3ccccc32)c1
ZINC001600466185,Cc1ccc(OC(C)C(=O)N[C@@]2(C(=O)O)CC[C@H](C)c3ccccc32)cc1
ZINC001600466187,Cc1ccc(OC(C)C(=O)N[C@@]2(C(=O)O)CC[C@@H](C)c3ccccc32)cc1
ZINC001600466188,Cc1ccc(OC(C)C(=O)N[C@]2(C(=O)O)CC[C@H](C)c3ccccc32)cc1
ZINC001600466190,Cc1ccc(OC(C)C(=O)N[C@]2(C(=O)O)CC[C@@H](C)c3ccccc32)cc1
ZINC001600542834,Cc1cccc(OC(C)C(=O)N[C@@]2(C(=O)O)CC[C@H](C)c3ccccc32)c1
ZINC001600542835,Cc1cccc(OC(C)C(=O)N[C@@]2(C(=O)O)CC[C@@H](C)c3ccccc32)c1
ZINC001600542836,Cc1cccc(OC(C)C(=O)N[C@]2(C(=O)O)CC[C@H](C)c3ccccc32)c1
ZINC001600542837,Cc1cccc(OC(C)C(=O)N[C@]2(C(=O)O)CC[C@@H](C)c3ccccc32)c1
ZINC001604653802,C[C@@H]1C[C@H](C)CN(C[C@@H](C)Nc2cc(C(F)(F)F)c(C(=O)O)cn2)C1
ZINC001604653843,C[C@@H]1C[C@@H](C)CN(C[C@@H](C)Nc2cc(C(F)(F)F)c(C(=O)O)cn2)C1
ZINC001604653846,C[C@@H]1C[C@H](C)CN(C[C@H](C)Nc2cc(C(F)(F)F)c(C(=O)O)cn2)C1
ZINC001604653849,C[C@@H]1C[C@@H](C)CN(C[C@H](C)Nc2cc(C(F)(F)F)c(C(=O)O)cn2)C1
ZINC001604735264,C[C@@H]1CCCN(C(C)(C)CNc2ncc(C(=O)O)cc2C(F)(F)F)C1
ZINC001604735265,C[C@H]1CCCN(C(C)(C)CNc2ncc(C(=O)O)cc2C(F)(F)F)C1
ZINC001605831174,CCc1cccc(OCC(=O)N[C@]2(C(=O)O)CC[C@@H](C)c3ccccc32)c1
ZINC001605831175,CCc1cccc(OCC(=O)N[C@@]2(C(=O)O)CC[C@H](C)c3ccccc32)c1
ZINC001605831176,CCc1cccc(OCC(=O)N[C@]2(C(=O)O)CC[C@H](C)c3ccccc32)c1
ZINC001605831177,CCc1cccc(OCC(=O)N[C@@]2(C(=O)O)CC[C@@H](C)c3ccccc32)c1
ZINC001610529989,Cc1ccccc1C(C(=O)O)N1CCC(n2c(=O)[nH]c3ccccc32)CC1
ZINC001610529990,Cc1ccccc1C(C(=O)O)N1CCC(n2c(=O)[nH]c3ccccc32)CC1
ZINC001611853629,COC(=O)c1cnc(N[C@H](C)CN2C[C@H](C)C[C@H](C)C2)cc1C(F)(F)F
ZINC001611853630,COC(=O)c1cnc(N[C@H](C)CN2C[C@H](C)C[C@@H](C)C2)cc1C(F)(F)F
ZINC001611853631,COC(=O)c1cnc(N[C@H](C)CN2C[C@@H](C)C[C@H](C)C2)cc1C(F)(F)F
ZINC001611853632,COC(=O)c1cnc(N[C@@H](C)CN2C[C@H](C)C[C@H](C)C2)cc1C(F)(F)F
ZINC001618407172,O=C(Cc1ccc(F)c(Cl)c1)N[C@H](CN1CCCC1)c1ccccc1
ZINC001630884276,COc1ccc([C@@H](CN2CCCC2)NC(=O)Cc2cc(C)cc(C)c2)cc1
ZINC000060466166,O=c1[nH]c2ccccc2n1C1CCN(Cc2ccc(OC(F)F)cc2)CC1
ZINC001236772370,Cn1c(=O)n(C2CCN(Cc3cc(O)c(Br)cc3O)CC2)c2ccccc21
ZINC000135108729,CC(C)(C#N)c1ccccc1CN1CCC(n2c(=O)[nH]c3ccccc32)CC1
ZINC000186476667,N#Cc1cc(Cl)ccc1CN1CCC(n2c(=O)[nH]c3ccccc32)CC1
ZINC000611266389,N#Cc1cccc(CN2CCC(n3c(=O)[nH]c4ccccc43)CC2)c1F
ZINC001139877540,N#Cc1cc(F)cc(CN2CCC(n3c(=O)[nH]c4ccccc43)CC2)c1
ZINC001140753160,N#Cc1c(F)cc(CN2CCC(n3c(=O)[nH]c4ccccc43)CC2)cc1F
ZINC001143167497,N#Cc1ccc(F)c(CN2CCC(n3c(=O)[nH]c4ccccc43)CC2)c1F
ZINC001160752244,Cc1cnc(NCCN2CCC(F)(F)CC2)c(C#C[Si](C)(C)C)c1
ZINC001162140399,CC1CCN([C@@H](CNc2ncc(C#N)cc2Br)C(C)C)CC1
ZINC001162140443,CC1CCN([C@H](CNc2ncc(C#N)cc2Br)C(C)C)CC1
ZINC001223015296,C#C[C@H](C)O[C@@H]1c2ccccc2N(C)S(=O)(=O)c2cc(Cl)ccc21
ZINC001223015298,C#C[C@@H](C)O[C@@H]1c2ccccc2N(C)S(=O)(=O)c2cc(Cl)ccc21
ZINC001223015299,C#C[C@H](C)O[C@H]1c2ccccc2N(C)S(=O)(=O)c2cc(Cl)ccc21
ZINC001223015300,C#C[C@@H](C)O[C@H]1c2ccccc2N(C)S(=O)(=O)c2cc(Cl)ccc21
ZINC001237526531,N#Cc1cc(CN2CCC(n3c(=O)[nH]c4ccccc43)CC2)c(F)cc1F
ZINC001238779029,CCc1cc(CN2CCC(n3c(=O)n(C)c4ccccc43)CC2)ccc1C#N
ZINC001248751918,CCc1cc(C#N)ccc1CN1CCC(n2c(=O)n(C)c3ccccc32)CC1
ZINC001472685833,C[C@@H]1CCCN(C(C)(C)CNc2ncc(C#N)cc2Br)C1
ZINC001472685834,C[C@H]1CCCN(C(C)(C)CNc2ncc(C#N)cc2Br)C1
ZINC001472686094,C[C@@H]1CCCN(C(C)(C)CNc2ncc(Br)cc2C#N)C1
ZINC001472686095,C[C@H]1CCCN(C(C)(C)CNc2ncc(Br)cc2C#N)C1
ZINC000179554474,O=c1[nH]c2ccccc2n1C1CCN(Cc2ccccc2O)CC1
ZINC000237914158,Nc1ccc(CC(=O)N[C@H](CN2CCCC2)c2ccccc2)cc1
ZINC000357508290,CN(C)C1CCN(CCNc2nccc(C(N)=O)c2[N+](=O)[O-])CC1
ZINC000592976918,COC1CCN(CCNc2nc(C)cc(C(=O)O)c2[N+](=O)[O-])CC1
ZINC000301225507,C#CCNC(=O)c1ccc(NC[C@H](C(C)C)N2CCC(C)CC2)nc1
ZINC000301225508,C#CCNC(=O)c1ccc(NC[C@@H](C(C)C)N2CCC(C)CC2)nc1
ZINC000301984845,C=CCNC(=O)c1ccc(N[C@H](C)CN2C[C@H](C)C[C@@H](C)C2)nc1
ZINC000301984846,C=CCNC(=O)c1ccc(N[C@H](C)CN2C[C@@H](C)C[C@H](C)C2)nc1
ZINC000301984847,C=CCNC(=O)c1ccc(N[C@H](C)CN2C[C@H](C)C[C@H](C)C2)nc1
ZINC000301984848,C=CCNC(=O)c1ccc(N[C@@H](C)CN2C[C@H](C)C[C@H](C)C2)nc1
ZINC000443513185,C[C@@H]1CCCN([C@@H](C)CNc2ccc(C(F)(F)F)c(C#N)n2)C1
ZINC000443513188,C[C@H]1CCCN([C@H](C)CNc2ccc(C(F)(F)F)c(C#N)n2)C1
ZINC000443513190,C[C@H]1CCCN([C@@H](C)CNc2ccc(C(F)(F)F)c(C#N)n2)C1
ZINC000443513192,C[C@@H]1CCCN([C@H](C)CNc2ccc(C(F)(F)F)c(C#N)n2)C1
ZINC000443525274,C[C@@H]1CCCN(C[C@H](C)Nc2ccc(C(F)(F)F)c(C#N)n2)C1
ZINC000443525276,C[C@H]1CCCN(C[C@@H](C)Nc2ccc(C(F)(F)F)c(C#N)n2)C1
ZINC000443525278,C[C@H]1CCCN(C[C@H](C)Nc2ccc(C(F)(F)F)c(C#N)n2)C1
ZINC000443525280,C[C@@H]1CCCN(C[C@@H](C)Nc2ccc(C(F)(F)F)c(C#N)n2)C1
ZINC000450257748,C[C@@H]1CCCCN1[C@@H](C)CNc1ncc(Br)cc1C#N
ZINC000450257749,C[C@H](CNc1ncc(Br)cc1C#N)N1CCCC[C@@H]1C
ZINC000450257750,C[C@H]1CCCCN1[C@@H](C)CNc1ncc(Br)cc1C#N
ZINC000450257751,C[C@@H]1CCCCN1[C@H](C)CNc1ncc(Br)cc1C#N
ZINC000450257927,C[C@@H]1CCCN([C@@H](C)CNc2ncc(Br)cc2C#N)C1
ZINC000450257928,C[C@H]1CCCN([C@H](C)CNc2ncc(Br)cc2C#N)C1
ZINC000450257929,C[C@H]1CCCN([C@@H](C)CNc2ncc(Br)cc2C#N)C1
ZINC000450257930,C[C@@H]1CCCN([C@H](C)CNc2ncc(Br)cc2C#N)C1
ZINC000613426908,CN(C)C1CCN(CCNc2nc(C(C)(C)C)ccc2C#N)CC1
ZINC001160749320,N#Cc1cc(C#N)c(NCCN2CCC(F)(F)CC2)nc1Cl
ZINC001160749136,CCOC(=O)c1cc(C#N)c(Cl)nc1NCCN1CCC(F)(F)CC1
ZINC001160749458,CCOC(=O)c1cc(C)nc(NCCN2CCC(F)(F)CC2)c1C#N
ZINC001232679590,Cn1c(=O)n(C2CCN(Cc3cc(C#N)ccc3O)CC2)c2ccccc21
ZINC001233386468,Cn1c(=O)n(C2CCN(Cc3ccc(C#N)cc3O)CC2)c2ccccc21
ZINC001594312902,C[C@H]1CC[C@](NC(=O)COc2cccc(C#N)c2)(C(=O)O)c2ccccc21
ZINC001594312905,C[C@H]1CC[C@@](NC(=O)COc2cccc(C#N)c2)(C(=O)O)c2ccccc21
ZINC001594312907,C[C@@H]1CC[C@](NC(=O)COc2cccc(C#N)c2)(C(=O)O)c2ccccc21
ZINC001594312909,C[C@@H]1CC[C@@](NC(=O)COc2cccc(C#N)c2)(C(=O)O)c2ccccc21
ZINC001594313760,C[C@H]1CC[C@](NC(=O)COc2ccccc2C#N)(C(=O)O)c2ccccc21
ZINC001594313764,C[C@H]1CC[C@@](NC(=O)COc2ccccc2C#N)(C(=O)O)c2ccccc21
ZINC001594313767,C[C@@H]1CC[C@](NC(=O)COc2ccccc2C#N)(C(=O)O)c2ccccc21
ZINC001594313770,C[C@@H]1CC[C@@](NC(=O)COc2ccccc2C#N)(C(=O)O)c2ccccc21
ZINC000609784463,O=C(Cc1ccc([N+](=O)[O-])cc1Cl)N[C@H](CN1CCCC1)c1ccccc1
ZINC000177939477,O=c1[nH]c2ccccc2n1C1CCN(Cc2ccc(Cl)c([N+](=O)[O-])c2)CC1
ZINC000509845747,O=c1[nH]c2ccccc2n1C1CCN(Cc2c(F)cc([N+](=O)[O-])cc2F)CC1
ZINC000182601865,Cc1ccc([N+](=O)[O-])cc1[C@@H](C)N1CCC(n2c(=O)[nH]c3ccccc32)CC1
ZINC000182601886,Cc1ccc([N+](=O)[O-])cc1[C@H](C)N1CCC(n2c(=O)[nH]c3ccccc32)CC1
ZINC000515963296,COc1ccc([C@@H](CN2CCCC2)NC(=O)C(C)c2cccc([N+](=O)[O-])c2)cc1
ZINC000515963298,COc1ccc([C@@H](CN2CCCC2)NC(=O)C(C)c2cccc([N+](=O)[O-])c2)cc1
ZINC000163273090,O=c1[nH]c2ccccc2n1C1CCN(Cc2c(Cl)cccc2[N+](=O)[O-])CC1
ZINC000174812737,O=c1[nH]c2ccccc2n1C1CCN(Cc2cc(Cl)ccc2[N+](=O)[O-])CC1
ZINC000172174259,O=c1[nH]c2ccccc2n1C1CCN(Cc2cc([N+](=O)[O-])ccc2Cl)CC1
ZINC000492419474,CCOc1cc(CN2CCC(n3c(=O)[nH]c4ccccc43)CC2)ccc1[N+](=O)[O-]
ZINC000182011101,O=c1[nH]c2ccccc2n1C1CCN(Cc2ccc([N+](=O)[O-])cc2Cl)CC1
ZINC000182536071,CC(C(=O)N[C@H](CN1CCCC1)c1ccccc1)c1ccc([N+](=O)[O-])cc1F
ZINC000182536089,CC(C(=O)N[C@H](CN1CCCC1)c1ccccc1)c1ccc([N+](=O)[O-])cc1F
ZINC000116271155,O=c1[nH]c2ccccc2n1C1CCN(Cc2ccc(Cl)cc2[N+](=O)[O-])CC1
ZINC000777929834,O=C(N[C@H](CN1CCCC1)c1ccccc1)C(F)(F)c1ccc([N+](=O)[O-])cc1
ZINC000609671570,N#Cc1ccc(C(C(N)=O)N2CCC(n3c(=O)[nH]c4ccccc43)CC2)cc1
ZINC000609671573,N#Cc1ccc(C(C(N)=O)N2CCC(n3c(=O)[nH]c4ccccc43)CC2)cc1
ZINC000500387428,COc1ccc([C@@H](CN2CCCC2)NC(=O)Cc2ccc([N+](=O)[O-])cc2F)cc1
ZINC000541856507,COc1ccc([C@@H](CN2CCCC2)NC(=O)Cc2ccc(OC)c([N+](=O)[O-])c2)cc1
ZINC000589494588,COC(=O)c1ccc([N+](=O)[O-])c(CN2CCC(n3c(=O)[nH]c4ccccc43)CC2)c1
ZINC000121804722,COc1cccc(CN2CCC(n3c(=O)[nH]c4ccccc43)CC2)c1O
ZINC000179624077,COc1ccc(O)c(CN2CCC(n3c(=O)[nH]c4ccccc43)CC2)c1
ZINC000843495518,COc1ccc([C@@H](CN2CCCC2)NC(=O)Cc2ccc(N)cc2)cc1
ZINC001140749374,Cc1c(O)ccc(CN2CCC(n3c(=O)n(C)c4ccccc43)CC2)c1O
ZINC001141160247,Cn1c(=O)n(C2CCN(Cc3cc(O)ccc3O)CC2)c2ccccc21
ZINC001144504180,O=c1[nH]c2ccccc2n1C1CCN(Cc2c(O)cc(O)cc2O)CC1
ZINC001203595455,COc1cccc(CN2CCC(n3c(=O)n(C)c4ccccc43)CC2)c1O
ZINC001203627796,COc1ccc(CN2CCC(n3c(=O)n(C)c4ccccc43)CC2)c(O)c1
ZINC001203678380,COc1ccc(O)c(CN2CCC(n3c(=O)n(C)c4ccccc43)CC2)c1
ZINC001203882317,Cn1c(=O)n(C2CCN(Cc3ccc(O)c(O)c3)CC2)c2ccccc21
ZINC001204278305,Cn1c(=O)n(C2CCN(Cc3ccc(O)cc3O)CC2)c2ccccc21
ZINC001204347876,COc1cc(CN2CCC(n3c(=O)[nH]c4ccccc43)CC2)cc(O)c1O
ZINC001231449307,O=C(O)c1ccc(CN2CCC(n3c(=O)[nH]c4ccccc43)CC2)c(O)c1
ZINC001231563422,O=C(O)c1ccc(O)c(CN2CCC(n3c(=O)[nH]c4ccccc43)CC2)c1
ZINC001231633799,COc1cc(CN2CCC(n3c(=O)[nH]c4ccccc43)CC2)c(O)cc1O
ZINC001233014256,O=c1[nH]c2ccccc2n1C1CCN(Cc2cc(O)c(O)c(O)c2)CC1
ZINC001233484071,O=c1[nH]c2ccccc2n1C1CCN(Cc2cc(O)c(O)cc2O)CC1
ZINC000053897097,N#Cc1ccc(CN2CCC(n3c(=O)[nH]c4ccccc43)CC2)c(F)c1
ZINC000053944364,N#Cc1ccc(F)c(CN2CCC(n3c(=O)[nH]c4ccccc43)CC2)c1
ZINC000089695842,N#CCOc1cccc(CC(=O)N[C@H](CN2CCCC2)c2ccccc2)c1
ZINC000103139295,N#Cc1cc(F)ccc1CN1CCC(n2c(=O)[nH]c3ccccc32)CC1
ZINC000110197285,N#CCOc1ccc(CC(=O)N[C@H](CN2CCCC2)c2ccccc2)cc1
ZINC000134956774,COc1ccc(CN2CCC(n3c(=O)[nH]c4ccccc43)CC2)cc1C#N
ZINC000157404706,COc1ccc(C#N)cc1CN1CCC(n2c(=O)[nH]c3ccccc32)CC1
ZINC000160596152,N#Cc1cc(CN2CCC(n3c(=O)[nH]c4ccccc43)CC2)ccc1F
ZINC000177259445,N#Cc1ccc(F)cc1CN1CCC(n2c(=O)[nH]c3ccccc32)CC1
ZINC000179653510,COc1cc(C#N)ccc1CN1CCC(n2c(=O)[nH]c3ccccc32)CC1
ZINC000179782905,C#CCOc1ccc(CN2CCC(n3c(=O)[nH]c4ccccc43)CC2)cc1
ZINC000179782994,C#CCOc1ccccc1CN1CCC(n2c(=O)[nH]c3ccccc32)CC1
ZINC000191881120,N#Cc1ccc(CN2CCC(n3c(=O)[nH]c4ccccc43)CC2)cc1F
ZINC000264557870,N#CCOc1ccc(CN2CCC(n3c(=O)[nH]c4ccccc43)CC2)cc1
ZINC000272707097,COc1ccc([C@@H](CN2CCCC2)NC(=O)Cc2ccc(C#N)cc2)cc1
ZINC000442795957,COc1cc(CN2CCC(n3c(=O)[nH]c4ccccc43)CC2)ccc1C#N
ZINC000505235112,N#Cc1cccc(F)c1CC(=O)N[C@H](CN1CCCC1)c1ccccc1
ZINC000506104625,COc1cc(C#N)ccc1OCC(=O)N[C@@]1(C)CCCc2ccccc21
ZINC000506104636,COc1cc(C#N)ccc1OCC(=O)N[C@]1(C)CCCc2ccccc21
ZINC000813506334,C#Cc1ccccc1CC(=O)N[C@H](CN1CCCC1)c1ccc(OC)cc1
ZINC001137699489,COc1ccc(CN2CCC(n3c(=O)[nH]c4ccccc43)CC2)c(C#N)c1
ZINC001139529124,Cn1c(=O)n(C2CCN(Cc3ccc(C#N)c(F)c3)CC2)c2ccccc21
ZINC001139651843,Cn1c(=O)n(C2CCN(Cc3cc(C#N)ccc3F)CC2)c2ccccc21
ZINC001139726604,Cc1ccc(CN2CCC(n3c(=O)n(C)c4ccccc43)CC2)cc1C#N
ZINC001139875547,Cn1c(=O)n(C2CCN(Cc3cc(F)cc(C#N)c3)CC2)c2ccccc21
ZINC001140139296,Cn1c(=O)n(C2CCN(Cc3ccc(C#N)cc3F)CC2)c2ccccc21
ZINC001141166394,Cn1c(=O)n(C2CCN(Cc3ccc(F)cc3C#N)CC2)c2ccccc21
ZINC001205493779,Cn1c(=O)n(C2CCN(Cc3ccc(F)c(C#N)c3)CC2)c2ccccc21
ZINC001223023581,C#CC(C#C)O[C@H]1c2ccccc2N(C)S(=O)(=O)c2cc(Cl)ccc21
ZINC001223023583,C#CC(C#C)O[C@@H]1c2ccccc2N(C)S(=O)(=O)c2cc(Cl)ccc21
ZINC001232891779,Cn1c(=O)n(C2CCN(Cc3cc(F)ccc3C#N)CC2)c2ccccc21
ZINC001232965975,Cc1ccc(CN2CCC(n3c(=O)n(C)c4ccccc43)CC2)c(C#N)c1
ZINC001233082413,Cc1cc(C#N)ccc1CN1CCC(n2c(=O)n(C)c3ccccc32)CC1
ZINC001235522263,Cn1c(=O)n(C2CCN(Cc3ccccc3CC#N)CC2)c2ccccc21
ZINC001249686194,Cn1c(=O)n(C2CCN(Cc3cccc(C#N)c3F)CC2)c2ccccc21
ZINC001306941672,C[C@@H]1C[C@H](C)CN(C[C@@H](C)Nc2ncc(Br)cc2C#N)C1
ZINC001306941673,C[C@@H]1C[C@@H](C)CN(C[C@@H](C)Nc2ncc(Br)cc2C#N)C1
ZINC001306941674,C[C@@H]1C[C@@H](C)CN(C[C@H](C)Nc2ncc(Br)cc2C#N)C1
ZINC001306941675,C[C@@H]1C[C@H](C)CN(C[C@H](C)Nc2ncc(Br)cc2C#N)C1
ZINC001458119606,C[C@@H]1C[C@H](C)CN(C[C@@H](C)Nc2ncc(C#N)cc2Br)C1
ZINC001458119610,C[C@@H]1C[C@@H](C)CN(C[C@@H](C)Nc2ncc(C#N)cc2Br)C1
ZINC001458119612,C[C@@H]1C[C@@H](C)CN(C[C@H](C)Nc2ncc(C#N)cc2Br)C1
ZINC001458119613,C[C@@H]1C[C@H](C)CN(C[C@H](C)Nc2ncc(C#N)cc2Br)C1
ZINC001642680341,CCCN(CCN1CCCCC1)c1ncc(Br)cc1C#N
ZINC000476548621,COc1ccc([C@@H](CN2CCCC2)NC(=O)Cc2ccc(S(=O)(=O)N(C)C)cc2)cc1
ZINC000500411530,CNC(=O)COc1cccc(CC(=O)N[C@H](CN2CCCC2)c2ccc(OC)cc2)c1
ZINC000506147530,COc1cc(CN2CCC(n3c(=O)[nH]c4ccccc43)CC2)cc(OC)c1OCC(N)=O
ZINC000546117940,CCNS(=O)(=O)c1ccc(CC(=O)N[C@H](CN2CCCC2)c2ccc(OC)cc2)cc1
ZINC001116576532,CNS(=O)(=O)c1ccc(CC(=O)N[C@H](CN2CCCC2)c2ccc(OC)cc2)cc1
ZINC001223018232,CN1c2ccccc2[C@@H](OC(=O)C(O)CCC(=O)O)c2ccc(Cl)cc2S1(=O)=O
ZINC001223018240,CN1c2ccccc2[C@H](OC(=O)C(O)CCC(=O)O)c2ccc(Cl)cc2S1(=O)=O
ZINC000507594535,Cc1[nH]c2ccccc2c1CCNC1CCC(C#N)(c2ccccc2)CC1
ZINC000507609401,Cc1cccc2c(CCNC3CCC(C#N)(c4ccccc4)CC3)c[nH]c12
ZINC000507639636,Cc1cccc2[nH]cc(CCNC3CCC(C#N)(c4ccccc4)CC3)c12
ZINC000507659972,Cc1ccc2c(CCNC3CCC(C#N)(c4ccccc4)CC3)c[nH]c2c1
ZINC000012906048,O=C(Cc1ccc(Cl)cc1)N[C@H](CN1CCCC1)c1ccccc1
ZINC000029177801,O=C(Cc1ccccc1Cl)N[C@H](CN1CCCC1)c1ccccc1
ZINC000033997619,O=c1[nH]c2ccccc2n1C1CCN(Cc2ccc(Cl)cc2)CC1
ZINC000052712614,O=c1[nH]c2ccccc2n1C1CCN(Cc2ccccc2Cl)CC1
ZINC000056282094,C[C@@H](c1cccc(F)c1)N1CCC(n2c(=O)[nH]c3ccccc32)CC1
ZINC000056282095,C[C@H](c1cccc(F)c1)N1CCC(n2c(=O)[nH]c3ccccc32)CC1
ZINC000071949620,C[C@@H](c1ccccc1F)N1CCC(n2c(=O)[nH]c3ccccc32)CC1
ZINC000071949621,C[C@H](c1ccccc1F)N1CCC(n2c(=O)[nH]c3ccccc32)CC1
ZINC000078916407,CC(C(=O)N[C@H](CN1CCCC1)c1ccccc1)c1ccccc1F
ZINC000078916411,CC(C(=O)N[C@H](CN1CCCC1)c1ccccc1)c1ccccc1F
ZINC000302812665,Cc1ccc(C)c(CN2CCC(n3c(=O)[nH]c4ccccc43)CC2)c1
ZINC000302812736,Cc1cc(C)cc(CN2CCC(n3c(=O)[nH]c4ccccc43)CC2)c1
ZINC000302813247,C[C@@H](c1ccc(F)cc1)N1CCC(n2c(=O)[nH]c3ccccc32)CC1
ZINC000302813249,C[C@H](c1ccc(F)cc1)N1CCC(n2c(=O)[nH]c3ccccc32)CC1
ZINC000303763356,Cc1cccc(C)c1CN1CCC(n2c(=O)[nH]c3ccccc32)CC1
ZINC000303904772,CCc1ccc(CC(=O)N[C@H](CN2CCCC2)c2ccccc2)cc1
ZINC000303905531,CC(C(=O)N[C@H](CN1CCCC1)c1ccccc1)c1cccc(F)c1
ZINC000303905535,CC(C(=O)N[C@H](CN1CCCC1)c1ccccc1)c1cccc(F)c1
ZINC000338646572,C[C@@H]1CCCN([C@@H](C)CNc2cccc(C(=O)OC(C)(C)C)n2)C1
ZINC000338646573,C[C@H]1CCCN([C@@H](C)CNc2cccc(C(=O)OC(C)(C)C)n2)C1
ZINC000338646574,C[C@@H]1CCCN([C@H](C)CNc2cccc(C(=O)OC(C)(C)C)n2)C1
ZINC000338646575,C[C@H]1CCCN([C@H](C)CNc2cccc(C(=O)OC(C)(C)C)n2)C1
ZINC000506097727,COc1cc(C)ccc1OCC(=O)N[C@@]1(C)CCCc2ccccc21
ZINC000506097728,COc1cc(C)ccc1OCC(=O)N[C@]1(C)CCCc2ccccc21
ZINC000506105539,CC(=O)c1cccc(OCC(=O)N[C@@]2(C)CCCc3ccccc32)c1
ZINC000506105540,CC(=O)c1cccc(OCC(=O)N[C@]2(C)CCCc3ccccc32)c1
ZINC000506118577,CCOc1ccccc1OCC(=O)N[C@@]1(C)CCCc2ccccc21
ZINC000506118578,CCOc1ccccc1OCC(=O)N[C@]1(C)CCCc2ccccc21
ZINC000506132917,C[C@]1(NC(=O)COc2ccc(F)cc2F)CCCc2ccccc21
ZINC000506132918,C[C@@]1(NC(=O)COc2ccc(F)cc2F)CCCc2ccccc21
ZINC000524312688,O=C(Cc1cccc(Cl)c1)N[C@H](CN1CCCC1)c1ccccc1
ZINC000590138930,CC1(C)CCCN(CCNc2cccc(C(=O)OC(C)(C)C)n2)C1
ZINC000590216911,Cc1ccc(C)c(CC(=O)N[C@H](CN2CCCC2)c2ccccc2)c1
ZINC000641947718,Cc1ccc(CC(=O)N[C@H](CN2CCCC2)c2ccccc2)cc1C
ZINC000647448604,CC1CCN([C@@H](CNc2ncc(C(=O)O)cc2Cl)C(C)C)CC1
ZINC000647448605,CC1CCN([C@H](CNc2ncc(C(=O)O)cc2Cl)C(C)C)CC1
ZINC000681375740,C[C@@H]1CCCN([C@H](C)CNc2ncc(Br)cc2F)C1
ZINC000681375741,C[C@@H]1CCCN([C@@H](C)CNc2ncc(Br)cc2F)C1
ZINC000681375742,C[C@H]1CCCN([C@@H](C)CNc2ncc(Br)cc2F)C1
ZINC000681375743,C[C@H]1CCCN([C@H](C)CNc2ncc(Br)cc2F)C1
ZINC000769370382,O=C(N[C@H](CN1CCCC1)c1ccccc1)C(F)c1ccccc1
ZINC000769370393,O=C(N[C@H](CN1CCCC1)c1ccccc1)C(F)c1ccccc1
ZINC000795958779,CC(Oc1ccc(C=O)cc1)C(=O)N[C@@]1(C)CCCc2ccccc21
ZINC000795958780,CC(Oc1ccc(C=O)cc1)C(=O)N[C@]1(C)CCCc2ccccc21
ZINC000795958781,CC(Oc1ccc(C=O)cc1)C(=O)N[C@@]1(C)CCCc2ccccc21
ZINC000795958782,CC(Oc1ccc(C=O)cc1)C(=O)N[C@]1(C)CCCc2ccccc21
ZINC000916048395,O=C(N[C@H](CN1CCCC1)c1ccccc1)C(F)(F)c1ccccc1
ZINC001137851705,Cc1cccc(C)c1CN1CCC(n2c(=O)n(C)c3ccccc32)CC1
ZINC001140572848,Cc1cc(CN2CCC(n3c(=O)[nH]c4ccccc43)CC2)ccc1O
ZINC001141228043,CCc1ccccc1CN1CCC(n2c(=O)n(C)c3ccccc32)CC1
ZINC001144111855,Cc1c(O)cccc1CN1CCC(n2c(=O)[nH]c3ccccc32)CC1
ZINC001144323674,CCc1cccc(CN2CCC(n3c(=O)n(C)c4ccccc43)CC2)c1
ZINC001186267312,CC(=O)c1ccc(C(F)(F)F)nc1NCCN1CCCC(C)(C)C1
ZINC001203736172,Cc1ccc(CN2CCC(n3c(=O)n(C)c4ccccc43)CC2)c(C)c1
ZINC001203749644,Cc1ccc(C)c(CN2CCC(n3c(=O)n(C)c4ccccc43)CC2)c1
ZINC001204177255,CCc1ccc(CN2CCC(n3c(=O)n(C)c4ccccc43)CC2)cc1
ZINC001204354291,Cc1ccc(CN2CCC(n3c(=O)n(C)c4ccccc43)CC2)cc1C
ZINC001204526309,Cc1cc(C)cc(CN2CCC(n3c(=O)n(C)c4ccccc43)CC2)c1
ZINC001205089499,Cc1cccc(CN2CCC(n3c(=O)n(C)c4ccccc43)CC2)c1C
ZINC001232669589,CNc1ccccc1CN1CCC(n2c(=O)[nH]c3ccccc32)CC1
ZINC001232878729,Cc1cc(O)cc(CN2CCC(n3c(=O)[nH]c4ccccc43)CC2)c1
ZINC001233229705,Cc1ccc(CN2CCC(n3c(=O)[nH]c4ccccc43)CC2)cc1O
ZINC001233259046,O=c1[nH]c2ccccc2n1C1CCN(Cc2ccc(S)cc2)CC1
ZINC001238093329,Cc1ccc(O)cc1CN1CCC(n2c(=O)[nH]c3ccccc32)CC1
ZINC001266564653,Cc1ccc(F)c(OCC(=O)N[C@@]2(C)CCCc3ccccc32)c1
ZINC001266564654,Cc1ccc(F)c(OCC(=O)N[C@]2(C)CCCc3ccccc32)c1
ZINC001306930883,CC(=O)c1ccc(C(F)(F)F)nc1NC[C@H](C)N1CCCC[C@H]1C
ZINC001306930884,CC(=O)c1ccc(C(F)(F)F)nc1NC[C@@H](C)N1CCCC[C@@H]1C
ZINC001306930885,CC(=O)c1ccc(C(F)(F)F)nc1NC[C@H](C)N1CCCC[C@@H]1C
ZINC001306930886,CC(=O)c1ccc(C(F)(F)F)nc1NC[C@@H](C)N1CCCC[C@H]1C
ZINC001307165110,CC(=O)c1ccc(C(F)(F)F)nc1N[C@H](C)CN1CCC(C)CC1
ZINC001307165111,CC(=O)c1ccc(C(F)(F)F)nc1N[C@@H](C)CN1CCC(C)CC1
ZINC001435659482,CCOc1ccc(OCC(=O)N[C@@]2(C)CCCc3ccccc32)cc1
ZINC001435659484,CCOc1ccc(OCC(=O)N[C@]2(C)CCCc3ccccc32)cc1
ZINC001440534553,Cc1cc(C)cc(CC(=O)N[C@H](CN2CCCC2)c2ccccc2)c1
ZINC001458244587,COc1ccc(OCC(=O)N[C@@]2(C)CCCc3ccccc32)cc1C
ZINC001458244588,COc1ccc(OCC(=O)N[C@]2(C)CCCc3ccccc32)cc1C
ZINC001458247018,C[C@]1(NC(=O)COc2cc(F)cc(F)c2)CCCc2ccccc21
ZINC001458247019,C[C@@]1(NC(=O)COc2cc(F)cc(F)c2)CCCc2ccccc21
ZINC001520402927,CC(Oc1ccccc1F)C(=O)N[C@]1(C)CCCc2ccccc21
ZINC001520402928,CC(Oc1ccccc1F)C(=O)N[C@]1(C)CCCc2ccccc21
ZINC001520402929,CC(Oc1ccccc1F)C(=O)N[C@@]1(C)CCCc2ccccc21
ZINC001520402930,CC(Oc1ccccc1F)C(=O)N[C@@]1(C)CCCc2ccccc21
ZINC001534735725,C[C@]1(NC(=O)COc2ccc(F)c(F)c2)CCCc2ccccc21
ZINC001534735727,C[C@@]1(NC(=O)COc2ccc(F)c(F)c2)CCCc2ccccc21
ZINC001534737331,CC(Oc1ccc(F)cc1)C(=O)N[C@]1(C)CCCc2ccccc21
ZINC001534737332,CC(Oc1ccc(F)cc1)C(=O)N[C@]1(C)CCCc2ccccc21
ZINC001534737333,CC(Oc1ccc(F)cc1)C(=O)N[C@@]1(C)CCCc2ccccc21
ZINC001534737334,CC(Oc1ccc(F)cc1)C(=O)N[C@@]1(C)CCCc2ccccc21
ZINC001540412045,CCc1ccccc1CC(=O)N[C@H](CN1CCCC1)c1ccccc1
ZINC001559189294,CCCN(CCN1CCCCC1)c1ncccc1Br
ZINC001583360975,CC(Oc1cccc(F)c1)C(=O)N[C@]1(C)CCCc2ccccc21
ZINC001583360977,CC(Oc1cccc(F)c1)C(=O)N[C@]1(C)CCCc2ccccc21
ZINC001583360978,CC(Oc1cccc(F)c1)C(=O)N[C@@]1(C)CCCc2ccccc21
ZINC001583360981,CC(Oc1cccc(F)c1)C(=O)N[C@@]1(C)CCCc2ccccc21
ZINC001587056553,Cc1ccc(F)c(CC(=O)N[C@H](CN2CCCC2)c2ccccc2)c1
ZINC001650711304,C[C@@H]1CCCN(C(C)(C)CNc2ncccc2Br)C1
ZINC001650711305,C[C@H]1CCCN(C(C)(C)CNc2ncccc2Br)C1
ZINC001651362559,CC(=O)c1ccc(C(F)(F)F)nc1N[C@H](C)CN1CCCCC1
ZINC001651362560,CC(=O)c1ccc(C(F)(F)F)nc1N[C@@H](C)CN1CCCCC1
ZINC001651373403,CC(=O)c1ccc(C(F)(F)F)nc1NC[C@H](C)N1CCC[C@@H](C)C1
ZINC001651373404,CC(=O)c1ccc(C(F)(F)F)nc1NC[C@@H](C)N1CCC[C@H](C)C1
ZINC001651373405,CC(=O)c1ccc(C(F)(F)F)nc1NC[C@H](C)N1CCC[C@H](C)C1
ZINC001651373406,CC(=O)c1ccc(C(F)(F)F)nc1NC[C@@H](C)N1CCC[C@@H](C)C1
ZINC001651419412,C[C@@H]1C[C@H](C)CN(C[C@@H](C)Nc2ncccc2Br)C1
ZINC001651419413,C[C@@H]1C[C@@H](C)CN(C[C@@H](C)Nc2ncccc2Br)C1
ZINC001651419414,C[C@@H]1C[C@@H](C)CN(C[C@H](C)Nc2ncccc2Br)C1
ZINC001651419415,C[C@@H]1C[C@H](C)CN(C[C@H](C)Nc2ncccc2Br)C1
ZINC001655024735,CC(=O)c1ccc(C(F)(F)F)nc1N[C@@H](C)CN1CCC[C@@H](C)C1
ZINC001655024736,CC(=O)c1ccc(C(F)(F)F)nc1N[C@H](C)CN1CCC[C@H](C)C1
ZINC001655024737,CC(=O)c1ccc(C(F)(F)F)nc1N[C@@H](C)CN1CCC[C@H](C)C1
ZINC001655024738,CC(=O)c1ccc(C(F)(F)F)nc1N[C@H](C)CN1CCC[C@@H](C)C1
ZINC001655119781,CC[C@@H]1CCCCN1CCNc1nc(C(F)(F)F)ccc1C(C)=O
ZINC001655119782,CC[C@H]1CCCCN1CCNc1nc(C(F)(F)F)ccc1C(C)=O
ZINC001138662419,C=C(C)COc1ccccc1CN1CCC(n2c(=O)[nH]c3ccccc32)CC1
ZINC001223015301,C=CC[C@@H](C=C)O[C@@H]1c2ccccc2N(C)S(=O)(=O)c2cc(Cl)ccc21
ZINC001223015304,C=CC[C@H](C=C)O[C@@H]1c2ccccc2N(C)S(=O)(=O)c2cc(Cl)ccc21
ZINC001223015305,C=CC[C@@H](C=C)O[C@H]1c2ccccc2N(C)S(=O)(=O)c2cc(Cl)ccc21
ZINC001223015306,C=CC[C@H](C=C)O[C@H]1c2ccccc2N(C)S(=O)(=O)c2cc(Cl)ccc21
ZINC001223016630,C=C[C@H](CCC)O[C@@H]1c2ccccc2N(C)S(=O)(=O)c2cc(Cl)ccc21
ZINC001223016634,C=C[C@@H](CCC)O[C@@H]1c2ccccc2N(C)S(=O)(=O)c2cc(Cl)ccc21
ZINC001223016637,C=C[C@H](CCC)O[C@H]1c2ccccc2N(C)S(=O)(=O)c2cc(Cl)ccc21
ZINC001223016641,C=C[C@@H](CCC)O[C@H]1c2ccccc2N(C)S(=O)(=O)c2cc(Cl)ccc21
ZINC001223021302,C=C[C@H](CC)O[C@@H]1c2ccccc2N(C)S(=O)(=O)c2cc(Cl)ccc21
ZINC001223021306,C=C[C@@H](CC)O[C@@H]1c2ccccc2N(C)S(=O)(=O)c2cc(Cl)ccc21
ZINC001223021308,C=C[C@H](CC)O[C@H]1c2ccccc2N(C)S(=O)(=O)c2cc(Cl)ccc21
ZINC001223021312,C=C[C@@H](CC)O[C@H]1c2ccccc2N(C)S(=O)(=O)c2cc(Cl)ccc21
ZINC001223022423,C=CC[C@@H](C)O[C@@H]1c2ccccc2N(C)S(=O)(=O)c2cc(Cl)ccc21
ZINC001223022424,C=CC[C@@H](C)O[C@H]1c2ccccc2N(C)S(=O)(=O)c2cc(Cl)ccc21
ZINC001254347998,Cn1cc(CCNC2CCC(C#N)(c3ccc(F)cc3)CC2)c2ccccc21
ZINC001141367510,O=c1[nH]c2ccccc2n1C1CCN(Cc2cc(Cl)cc(Br)c2O)CC1
ZINC000584898461,NC(=O)c1ccc(NCCN2CCC(CO)CC2)nc1
ZINC000322289530,O=[N+]([O-])c1ccc(NCCN2CCC(O)CC2)nc1
ZINC000290606804,NC(=O)c1ccnc(NCCN2CCCCC2)c1[N+](=O)[O-]
ZINC000413329605,O=[N+]([O-])c1cnc(NCCN2CCC(O)CC2)c(F)c1
ZINC000296160900,O=[N+]([O-])c1cccnc1NCCN1CCC(O)CC1
ZINC000905704477,NC1CCN(CCNc2ncc([N+](=O)[O-])cc2F)CC1
ZINC000596158240,COC1CCN(CCNc2ccc(N)c([N+](=O)[O-])n2)CC1
ZINC001161867648,NC1CCN(CCNc2cccc([N+](=O)[O-])n2)CC1
ZINC001161867767,COc1cc(NCCN2CCC(N)CC2)ncc1[N+](=O)[O-]
ZINC001161867788,COc1nc(NCCN2CCC(N)CC2)ccc1[N+](=O)[O-]
ZINC001161867870,COc1cnc(NCCN2CCC(N)CC2)c([N+](=O)[O-])c1
ZINC001161867958,Nc1cc(NCCN2CCC(N)CC2)ncc1[N+](=O)[O-]
ZINC001161870083,Nc1cc([N+](=O)[O-])cnc1NCCN1CCC(N)CC1
ZINC000721859064,NC1CCN(CCNc2ncc(F)cc2[N+](=O)[O-])CC1
ZINC000721964516,NC1CCN(CCNc2cc([N+](=O)[O-])ccn2)CC1
ZINC000721985316,Nc1nc(NCCN2CCC(N)CC2)ccc1[N+](=O)[O-]
ZINC000342817483,CN(C)C1CCN(CCNc2ccc(S(N)(=O)=O)cn2)CC1
ZINC000186521495,C[C@@H](c1cccc(C#N)c1)N1CCC(n2c(=O)[nH]c3ccccc32)CC1
ZINC000186521516,C[C@H](c1cccc(C#N)c1)N1CCC(n2c(=O)[nH]c3ccccc32)CC1
ZINC000049538510,CN1c2ccccc2[C@H](NCCCCCCC(=O)O)c2ccccc2S1(=O)=O
ZINC000049538511,CN1c2ccccc2[C@@H](NCCCCCCC(=O)O)c2ccccc2S1(=O)=O
ZINC000052723800,COC(=O)c1cccc(CN2CCC(n3c(=O)[nH]c4ccccc43)CC2)c1
ZINC000066870782,CNC(=O)c1ccc(CN2CCC(n3c(=O)[nH]c4ccccc43)CC2)cc1
ZINC000076921405,CC(C)N(C(C)C)S(=O)(=O)c1ccc(NCCN2CCCCC2)nc1
ZINC000108930528,CCC[C@@H](C)NS(=O)(=O)c1ccc(NCCN2CCC(C)CC2)nc1
ZINC000108930529,CCC[C@H](C)NS(=O)(=O)c1ccc(NCCN2CCC(C)CC2)nc1
ZINC000121793384,COC(=O)c1ccccc1CN1CCC(n2c(=O)[nH]c3ccccc32)CC1
ZINC000121801639,COc1ccc(CN2CCC(n3c(=O)[nH]c4ccccc43)CC2)cc1O
ZINC000129735285,COC(=O)c1cccc(CC(=O)N[C@H](CN2CCCC2)c2ccccc2)c1
ZINC000158128398,COc1cccc(C(O)C(=O)N[C@H](CN2CCCC2)c2ccccc2)c1
ZINC000158128550,COc1cccc(C(O)C(=O)N[C@H](CN2CCCC2)c2ccccc2)c1
ZINC000263477528,O=C(O)c1cccc(CN2CCC(n3c(=O)[nH]c4ccccc43)CC2)c1
ZINC000271405992,COc1ccc([C@@H](CN2CCCC2)NC(=O)Cc2ccc(O)cc2)cc1
ZINC000272311735,COc1c(O)cccc1CN1CCC(n2c(=O)[nH]c3ccccc32)CC1
ZINC000276922049,CN(C)C1CCN(CCNc2ncc(Br)cc2Cl)CC1
ZINC000278699049,CN(C)C1CCN(CCNc2ncc(Cl)cc2Br)CC1
ZINC000294575844,COc1cc(CC(=O)N[C@H](CN2CCCC2)c2ccccc2)ccc1O
ZINC000302810769,COC(=O)c1ccc(CN2CCC(n3c(=O)[nH]c4ccccc43)CC2)cc1
ZINC000303535393,COCCNC(=O)c1ccc(NC[C@H](C(C)C)N2CCC(C)CC2)nc1
ZINC000303535396,COCCNC(=O)c1ccc(NC[C@@H](C(C)C)N2CCC(C)CC2)nc1
ZINC000423892873,COc1ccc([C@@H](CN2CCCC2)NC(=O)Cc2cccc(N)c2)cc1
ZINC000436074593,C[S@@+]([O-])c1ccc(CC(=O)N[C@H](CN2CCCC2)c2ccccc2)cc1
ZINC000436074594,C[S@+]([O-])c1ccc(CC(=O)N[C@H](CN2CCCC2)c2ccccc2)cc1
ZINC000448647272,COC(=O)c1ccc(CC(=O)N[C@H](CN2CCCC2)c2ccccc2)cc1
ZINC000507097452,CCC(CC)NS(=O)(=O)c1ccc(NCCN2CCC(C)CC2)nc1
ZINC000507116793,CCC(CC)NS(=O)(=O)c1ccc(NCCN2CCC[C@H](C)C2)nc1
ZINC000507116794,CCC(CC)NS(=O)(=O)c1ccc(NCCN2CCC[C@@H](C)C2)nc1
ZINC000511741204,CCC[C@H](C)NS(=O)(=O)c1ccc(NCCN2CCC[C@@H](C)C2)nc1
ZINC000511741209,CCC[C@H](C)NS(=O)(=O)c1ccc(NCCN2CCC[C@H](C)C2)nc1
ZINC000511741210,CCC[C@@H](C)NS(=O)(=O)c1ccc(NCCN2CCC[C@@H](C)C2)nc1
ZINC000511741211,CCC[C@@H](C)NS(=O)(=O)c1ccc(NCCN2CCC[C@H](C)C2)nc1
ZINC000538829044,COC(=O)c1ccccc1CC(=O)N[C@H](CN1CCCC1)c1ccccc1
ZINC000562922225,COc1ccc([C@@H](CN2CCCC2)NC(=O)Cc2ccccc2N)cc1
ZINC000630681073,COc1ccc(CC(=O)N[C@H](CN2CCCC2)c2ccccc2)cc1O
ZINC000663693055,CC(=O)c1ccc(C(F)(F)F)nc1NCCN1CCC(N(C)C)CC1
ZINC000779542219,COc1ccc([C@@H](CN2CCCC2)NC(=O)C(O)c2ccccc2)cc1
ZINC000779542221,COc1ccc([C@@H](CN2CCCC2)NC(=O)C(O)c2ccccc2)cc1
ZINC000779826568,COc1ccc([C@@H](CN2CCCC2)NC(=O)Cc2ccccc2CO)cc1
ZINC000901967710,O=C(Cc1ccccc1C(=O)O)N[C@H](CN1CCCC1)c1ccccc1
ZINC000911197404,O=C(Cc1cccc(C(=O)O)c1)N[C@H](CN1CCCC1)c1ccccc1
ZINC000911199002,O=C(Cc1ccc(C(=O)O)cc1)N[C@H](CN1CCCC1)c1ccccc1
ZINC001118541646,CCN(CC)S(=O)(=O)c1ccc(N[C@@H](C)CN2CCC(C)CC2)nc1
ZINC001118541649,CCN(CC)S(=O)(=O)c1ccc(N[C@H](C)CN2CCC(C)CC2)nc1
ZINC001138329997,Cn1c(=O)n(C2CCN(Cc3cc(O)cc(O)c3)CC2)c2ccccc21
ZINC001138795633,O=c1[nH]c2ccccc2n1C1CCN(Cc2ccc(OCCO)cc2)CC1
ZINC001139142894,COc1cc(O)ccc1CN1CCC(n2c(=O)n(C)c3ccccc32)CC1
ZINC001140504224,Cn1c(=O)n(C2CCN(Cc3ccccc3C(=O)O)CC2)c2ccccc21
ZINC001140875734,Cn1c(=O)n(C2CCN(Cc3c(N)cccc3F)CC2)c2ccccc21
ZINC001140899761,COc1ccc(CN2CCC(n3c(=O)n(C)c4ccccc43)CC2)cc1N
ZINC001160749373,CON(C)C(=O)c1cc(Cl)nc(NCCN2CCC(F)(F)CC2)c1
ZINC001160749379,CCOC(=O)c1cnc(NCCN2CCC(F)(F)CC2)cc1OCC
ZINC001160752334,CC(C)(C)C(=O)Nc1ccc(CO)nc1NCCN1CCC(F)(F)CC1
ZINC001160753082,COC(=O)c1c(Cl)cnc(NCCN2CCC(F)(F)CC2)c1OC
ZINC001161873095,CC(C)(C)OC(=O)c1cnc(NCCN2CCC(N)CC2)c(Cl)c1
ZINC001203189337,Cn1c(=O)n(C2CCN(Cc3ccc(CO)cc3)CC2)c2ccccc21
ZINC001203869760,COc1ccc(CN2CCC(n3c(=O)n(C)c4ccccc43)CC2)cc1O
ZINC001204114999,COc1cc(CN2CCC(n3c(=O)n(C)c4ccccc43)CC2)ccc1O
ZINC001204155731,Cn1c(=O)n(C2CCN(Cc3ccc(C(=O)O)cc3)CC2)c2ccccc21
ZINC001232510755,Cn1c(=O)n(C2CCN(Cc3cc(F)ccc3N)CC2)c2ccccc21
ZINC001232775845,Cn1c(=O)n(C2CCN(Cc3ccc(CCO)cc3)CC2)c2ccccc21
ZINC001232805010,COc1cc(O)cc(CN2CCC(n3c(=O)n(C)c4ccccc43)CC2)c1
ZINC001233257240,COc1c(O)cccc1CN1CCC(n2c(=O)n(C)c3ccccc32)CC1
ZINC001237193694,O=c1[nH]c2ccccc2n1C1CCN(Cc2ccccc2OCCO)CC1
ZINC001317902469,CCN(CC)S(=O)(=O)c1ccc(NC[C@H](C)N2CCC[C@@H](C)C2)nc1
ZINC001317902470,CCN(CC)S(=O)(=O)c1ccc(NC[C@H](C)N2CCC[C@H](C)C2)nc1
ZINC001317902472,CCN(CC)S(=O)(=O)c1ccc(NC[C@@H](C)N2CCC[C@@H](C)C2)nc1
ZINC001317902473,CCN(CC)S(=O)(=O)c1ccc(NC[C@@H](C)N2CCC[C@H](C)C2)nc1
ZINC001317935143,CC1CCN([C@@H](CNc2ccc(S(=O)(=O)N(C)C)cn2)C(C)C)CC1
ZINC001317935144,CC1CCN([C@H](CNc2ccc(S(=O)(=O)N(C)C)cn2)C(C)C)CC1
ZINC001320932043,CCN(CC)S(=O)(=O)c1ccc(NCCN2CCCC(C)(C)C2)nc1
ZINC001321800546,CC[C@H]1CCCCN1CCNc1ccc(S(=O)(=O)N(CC)CC)cn1
ZINC001321800548,CC[C@@H]1CCCCN1CCNc1ccc(S(=O)(=O)N(CC)CC)cn1
ZINC001594315337,C[C@H]1CC[C@](NC(=O)COc2ccc(CO)cc2)(C(=O)O)c2ccccc21
ZINC001594315338,C[C@H]1CC[C@@](NC(=O)COc2ccc(CO)cc2)(C(=O)O)c2ccccc21
ZINC001594315408,C[C@@H]1CC[C@](NC(=O)COc2ccc(CO)cc2)(C(=O)O)c2ccccc21
ZINC001594315411,C[C@@H]1CC[C@@](NC(=O)COc2ccc(CO)cc2)(C(=O)O)c2ccccc21
ZINC001604703679,C[C@H]1CC[C@@](NC(=O)COc2ccc(O)cc2)(C(=O)O)c2ccccc21
ZINC001604703683,C[C@H]1CC[C@](NC(=O)COc2ccc(O)cc2)(C(=O)O)c2ccccc21
ZINC001604703687,C[C@@H]1CC[C@@](NC(=O)COc2ccc(O)cc2)(C(=O)O)c2ccccc21
ZINC001604703690,C[C@@H]1CC[C@](NC(=O)COc2ccc(O)cc2)(C(=O)O)c2ccccc21
ZINC000002522694,O=C1CC[C@@]2(O)[C@H]3Cc4ccc(O)c5c4[C@@]2(CCN3)C1O5
ZINC000584902840,CNC(=O)c1cccnc1NCCN1CCC(CO)CC1
ZINC000534577411,Cc1ccc(C(N)=O)c(NCCN2CCC(CO)CC2)n1
ZINC000534660423,NC(=O)c1cccnc1NCCN1CCC(CO)CC1
ZINC000670440177,NC(=O)c1cccnc1NCCN1CCC[C@@H](CO)C1
ZINC000670440178,NC(=O)c1cccnc1NCCN1CCC[C@H](CO)C1
ZINC000828711072,CNC(=O)c1ccnc(NCCN2CCC[C@@H](CO)C2)c1
ZINC000828711073,CNC(=O)c1ccnc(NCCN2CCC[C@H](CO)C2)c1
ZINC000828711136,NC(=O)c1ccc(NCCN2CCC[C@@H](CO)C2)nc1
ZINC000828711137,NC(=O)c1ccc(NCCN2CCC[C@H](CO)C2)nc1
ZINC000952863032,NC(=O)c1cccnc1NCCN1CCCC[C@@H]1CO
ZINC000952863034,NC(=O)c1cccnc1NCCN1CCCC[C@H]1CO
ZINC000952871966,NC(=O)c1ccnc(NCCN2CCC[C@@H](CO)C2)c1
ZINC000952871967,NC(=O)c1ccnc(NCCN2CCC[C@H](CO)C2)c1
ZINC001506396619,O=C(O)c1cccnc1NCCN1CCC[C@@H](CO)C1
ZINC001506396625,O=C(O)c1cccnc1NCCN1CCC[C@H](CO)C1
ZINC000029177436,COc1ccc(CC(=O)N[C@H](CN2CCCC2)c2ccccc2)cc1OC
ZINC000029178413,CC(=O)Nc1ccc(CC(=O)N[C@H](CN2CCCC2)c2ccccc2)cc1
ZINC000029178489,COc1ccc(C)cc1CC(=O)N[C@H](CN1CCCC1)c1ccccc1
ZINC000029178509,COc1ccc(CC(=O)N[C@H](CN2CCCC2)c2ccccc2)cc1F
ZINC000029179028,COc1cc(CC(=O)N[C@H](CN2CCCC2)c2ccccc2)ccc1C
ZINC000052723721,COc1ccc(C)cc1CN1CCC(n2c(=O)[nH]c3ccccc32)CC1
ZINC000052723827,COc1ccc(F)cc1CN1CCC(n2c(=O)[nH]c3ccccc32)CC1
ZINC000052724375,COc1ccc(CN2CCC(n3c(=O)[nH]c4ccccc43)CC2)cc1F
ZINC000097121373,COc1ccc(OC)c(CC(=O)N[C@H](CN2CCCC2)c2ccccc2)c1
ZINC000121799933,COCc1ccc(CN2CCC(n3c(=O)[nH]c4ccccc43)CC2)cc1
ZINC000121801487,CC(=O)Nc1ccc(CN2CCC(n3c(=O)[nH]c4ccccc43)CC2)cc1
ZINC000121810083,CC(=O)Nc1ccccc1CN1CCC(n2c(=O)[nH]c3ccccc32)CC1
ZINC000122160153,CN(C)c1ccccc1CN1CCC(n2c(=O)[nH]c3ccccc32)CC1
ZINC000155482096,COc1cccc(OC)c1CC(=O)N[C@H](CN1CCCC1)c1ccccc1
ZINC000170643154,CC(=O)Nc1cccc(CN2CCC(n3c(=O)[nH]c4ccccc43)CC2)c1
ZINC000177774865,CC(=O)Oc1ccc(CN2CCC(n3c(=O)[nH]c4ccccc43)CC2)cc1
ZINC000179186327,COCc1cccc(CN2CCC(n3c(=O)[nH]c4ccccc43)CC2)c1
ZINC000179782201,COc1ccc(CN2CCC(n3c(=O)[nH]c4ccccc43)CC2)c(OC)c1
ZINC000179782651,COc1cc(CN2CCC(n3c(=O)[nH]c4ccccc43)CC2)cc(OC)c1
ZINC000179782812,COc1cccc(CN2CCC(n3c(=O)[nH]c4ccccc43)CC2)c1OC
ZINC000179783015,COc1ccc(CN2CCC(n3c(=O)[nH]c4ccccc43)CC2)cc1OC
ZINC000185542049,COc1ccc(F)cc1CC(=O)N[C@H](CN1CCCC1)c1ccccc1
ZINC000186471240,COCc1cccc(CC(=O)N[C@H](CN2CCCC2)c2ccccc2)c1
ZINC000192937515,COc1cccc(CN2CCC(n3c(=O)[nH]c4ccccc43)CC2)c1F
ZINC000193643373,COc1cc(CN2CCC(n3c(=O)[nH]c4ccccc43)CC2)ccc1C
ZINC000267144127,CN(C)C1CCN(CCNc2ncc(C(F)(F)F)cc2Cl)CC1
ZINC000267199153,CN(C)C1CCN(CCNc2ccc(C(F)(F)F)c(Cl)n2)CC1
ZINC000413672238,COc1ccc([C@@H](CN2CCCC2)NC(=O)C(OC)c2ccccc2)cc1
ZINC000424561246,CC(=O)Nc1cccc(CC(=O)N[C@H](CN2CCCC2)c2ccccc2)c1
ZINC000435449433,CC(=O)Nc1ccccc1CC(=O)N[C@H](CN1CCCC1)c1ccccc1
ZINC000435880319,COc1ccc(CC(=O)N[C@H](CN2CCCC2)c2ccccc2)c(F)c1
ZINC000450522780,COc1ccc([C@@H](CN2CCCC2)NC(=O)Cc2ccc(O)c(F)c2)cc1
ZINC000480414003,C[C@@H]1C[C@H](C)CN(C[C@@H](C)Nc2ncc(C(=O)N(C)C)cc2Cl)C1
ZINC000480414008,C[C@@H]1C[C@@H](C)CN(C[C@H](C)Nc2ncc(C(=O)N(C)C)cc2Cl)C1
ZINC000480414010,C[C@@H]1C[C@@H](C)CN(C[C@@H](C)Nc2ncc(C(=O)N(C)C)cc2Cl)C1
ZINC000480414013,C[C@@H]1C[C@H](C)CN(C[C@H](C)Nc2ncc(C(=O)N(C)C)cc2Cl)C1
ZINC000500389778,COc1ccc([C@@H](CN2CCCC2)NC(=O)Cc2ccc(F)cc2F)cc1
ZINC000500409588,COc1ccc([C@@H](CN2CCCC2)NC(=O)Cc2c(F)cccc2F)cc1
ZINC000500410466,COc1ccc([C@@H](CN2CCCC2)NC(=O)Cc2ccc(F)c(F)c2)cc1
ZINC000500410949,COc1ccc([C@@H](CN2CCCC2)NC(=O)Cc2cccc(F)c2F)cc1
ZINC000500413049,COc1ccc([C@@H](CN2CCCC2)NC(=O)Cc2ccc(C)c(O)c2)cc1
ZINC000505228539,O=C(N[C@H](CN1CCCC1)c1ccccc1)C(CO)c1ccc(Cl)cc1
ZINC000505228540,O=C(N[C@H](CN1CCCC1)c1ccccc1)C(CO)c1ccc(Cl)cc1
ZINC000506159421,C[S@@+]([O-])c1ccc(CN2CCC(n3c(=O)[nH]c4ccccc43)CC2)cc1
ZINC000506159422,C[S@+]([O-])c1ccc(CN2CCC(n3c(=O)[nH]c4ccccc43)CC2)cc1
ZINC000508830032,COc1ccc([C@@H](CN2CCCC2)NC(=O)C(OC)c2ccccc2)cc1
ZINC000536096668,COc1ccc([C@@H](CN2CCCC2)NC(=O)Cc2ccccc2C)cc1
ZINC000536096977,COc1ccc([C@@H](CN2CCCC2)NC(=O)Cc2ccccc2OC)cc1
ZINC000537728731,COc1ccc([C@@H](CN2CCCC2)NC(=O)Cc2cccc(F)c2)cc1
ZINC000537728794,COc1ccc([C@@H](CN2CCCC2)NC(=O)Cc2ccc(C)cc2)cc1
ZINC000537729242,COc1ccc([C@@H](CN2CCCC2)NC(=O)Cc2ccccc2F)cc1
ZINC000537731159,COc1ccc([C@@H](CN2CCCC2)NC(=O)Cc2cc(F)ccc2F)cc1
ZINC000539930458,COc1ccc(CC(=O)N[C@H](CN2CCCC2)c2ccc(OC)cc2)cc1
ZINC000539932661,COc1ccc([C@@H](CN2CCCC2)NC(=O)Cc2cccc(C)c2)cc1
ZINC000539932845,COc1ccc([C@@H](CN2CCCC2)NC(=O)Cc2cccc(OC)c2)cc1
ZINC000575855615,COc1ccc([C@@H](CN2CCCC2)NC(=O)Cc2ccc(F)cc2)cc1
ZINC000591920347,COC1CCN(CCNc2ncc(C(=O)OC(C)(C)C)cc2Cl)CC1
ZINC000610129342,C[C@@H]1CCCN([C@@H](C)CNc2ncccc2I)C1
ZINC000610129345,C[C@H]1CCCN([C@H](C)CNc2ncccc2I)C1
ZINC000610129347,C[C@H]1CCCN([C@@H](C)CNc2ncccc2I)C1
ZINC000610129348,C[C@@H]1CCCN([C@H](C)CNc2ncccc2I)C1
ZINC000610130893,CC[C@@H]1CCCCN1CCNc1ncccc1I
ZINC000610130894,CC[C@H]1CCCCN1CCNc1ncccc1I
ZINC000610556909,COC(=O)C(c1ccccc1)N1CCC(n2c(=O)[nH]c3ccccc32)CC1
ZINC000610556911,COC(=O)C(c1ccccc1)N1CCC(n2c(=O)[nH]c3ccccc32)CC1
ZINC000623786304,COC(C(=O)N[C@H](CN1CCCC1)c1ccccc1)c1ccc(F)cc1
ZINC000623786306,COC(C(=O)N[C@H](CN1CCCC1)c1ccccc1)c1ccc(F)cc1
ZINC000643141454,CC(=O)c1ccc(CC(=O)N[C@H](CN2CCCC2)c2ccccc2)cc1
ZINC000665989795,COc1cccc(C(OC)C(=O)N[C@H](CN2CCCC2)c2ccccc2)c1
ZINC000665989796,COc1cccc(C(OC)C(=O)N[C@H](CN2CCCC2)c2ccccc2)c1
ZINC000731625219,COc1cc(C=O)ccc1OCC(=O)N[C@@]1(C)CCCc2ccccc21
ZINC000731625220,COc1cc(C=O)ccc1OCC(=O)N[C@]1(C)CCCc2ccccc21
ZINC000734430606,COc1ccc(C=O)c(OCC(=O)N[C@@]2(C)CCCc3ccccc32)c1
ZINC000734430607,COc1ccc(C=O)c(OCC(=O)N[C@]2(C)CCCc3ccccc32)c1
ZINC000739514803,O=C(O)C(c1ccc(F)cc1)N1CCC(n2c(=O)[nH]c3ccccc32)CC1
ZINC000739514807,O=C(O)C(c1ccc(F)cc1)N1CCC(n2c(=O)[nH]c3ccccc32)CC1
ZINC000740079703,O=C(O)c1cc(F)ccc1CN1CCC(n2c(=O)[nH]c3ccccc32)CC1
ZINC000764754386,O=C(N[C@H](CN1CCCC1)c1ccccc1)C(O)c1ccccc1Cl
ZINC000813405399,O=C(N[C@H](CN1CCCC1)c1ccccc1)C(O)c1ccc(Cl)cc1
ZINC000813405404,O=C(N[C@H](CN1CCCC1)c1ccccc1)C(O)c1ccc(Cl)cc1
ZINC000833173642,O=C(O)C(c1ccccc1F)N1CCC(n2c(=O)[nH]c3ccccc32)CC1
ZINC000833173643,O=C(O)C(c1ccccc1F)N1CCC(n2c(=O)[nH]c3ccccc32)CC1
ZINC000833173888,O=C(O)C(c1ccccc1)N1CCC(n2c(=O)[nH]c3ccccc32)CC1
ZINC000833173889,O=C(O)C(c1ccccc1)N1CCC(n2c(=O)[nH]c3ccccc32)CC1
ZINC000833313594,O=C(O)c1ccc(CN2CCC(n3c(=O)[nH]c4ccccc43)CC2)cc1F
ZINC000860517256,COc1ccc([C@@H](CN2CCCC2)NC(=O)Cc2ccc(C=O)cc2)cc1
ZINC001137627595,COc1ccc([C@@H](CN2CCCC2)NC(=O)C(C)c2cccc(O)c2)cc1
ZINC001137627597,COc1ccc([C@@H](CN2CCCC2)NC(=O)C(C)c2cccc(O)c2)cc1
ZINC001137996211,COc1ccc(F)c(CN2CCC(n3c(=O)n(C)c4ccccc43)CC2)c1
ZINC001138373678,COc1ccc(F)cc1CN1CCC(n2c(=O)n(C)c3ccccc32)CC1
ZINC001138385524,COc1cccc(F)c1CN1CCC(n2c(=O)n(C)c3ccccc32)CC1
ZINC001138487104,COc1ccc(C)cc1CN1CCC(n2c(=O)n(C)c3ccccc32)CC1
ZINC001139141608,COc1cc(O)ccc1CN1CCC(n2c(=O)[nH]c3ccccc32)CC1
ZINC001139714840,Cc1cc(O)cc(C)c1CN1CCC(n2c(=O)n(C)c3ccccc32)CC1
ZINC001140048237,Cn1c(=O)n(C2CCN(Cc3cc(O)ccc3F)CC2)c2ccccc21
ZINC001140129195,Cn1c(=O)n(C2CCN(Cc3ccc(O)cc3F)CC2)c2ccccc21
ZINC001140159540,COc1cc(CN2CCC(n3c(=O)n(C)c4ccccc43)CC2)ccc1C
ZINC001140201469,Cc1cc(CN2CCC(n3c(=O)n(C)c4ccccc43)CC2)c(C)cc1O
ZINC001140482804,COc1cc(F)cc(CN2CCC(n3c(=O)n(C)c4ccccc43)CC2)c1
ZINC001140500297,O=C(O)c1ccccc1CN1CCC(n2c(=O)[nH]c3ccccc32)CC1
ZINC001140579520,Cc1cc(CN2CCC(n3c(=O)n(C)c4ccccc43)CC2)ccc1O
ZINC001140658693,Cc1cc(CN2CCC(n3c(=O)n(C)c4ccccc43)CC2)cc(C)c1O
ZINC001140678337,COc1ccc(CN2CCC(n3c(=O)n(C)c4ccccc43)CC2)c(C)c1
ZINC001140717363,Cn1c(=O)n(C2CCN(Cc3cc(Cl)ccc3N)CC2)c2ccccc21
ZINC001140893051,Cn1c(=O)n(C2CCN(Cc3ccc(O)c(F)c3F)CC2)c2ccccc21
ZINC001140897934,COc1ccc(CN2CCC(n3c(=O)[nH]c4ccccc43)CC2)cc1N
ZINC001140991740,Cn1c(=O)n(C2CCN(Cc3cc(F)c(O)c(F)c3)CC2)c2ccccc21
ZINC001141223323,COc1cccc(CN2CCC(n3c(=O)n(C)c4ccccc43)CC2)c1F
ZINC001141266196,CN(C)c1cccc(CN2CCC(n3c(=O)n(C)c4ccccc43)CC2)c1
ZINC001143155914,COc1cc(C)cc(CN2CCC(n3c(=O)n(C)c4ccccc43)CC2)c1
ZINC001143529729,COc1c(F)cccc1CN1CCC(n2c(=O)n(C)c3ccccc32)CC1
ZINC001144119122,Cc1c(O)cccc1CN1CCC(n2c(=O)n(C)c3ccccc32)CC1
ZINC001144555146,Cn1c(=O)n(C2CCN(Cc3c(F)cc(O)cc3F)CC2)c2ccccc21
ZINC001144657991,Cn1c(=O)n(C2CCN(Cc3cc(F)c(O)cc3F)CC2)c2ccccc21
ZINC001160748149,CCOC(=O)c1c(Cl)cc(C)nc1NCCN1CCC(F)(F)CC1
ZINC001160748974,CC(C)(C)NC(=O)c1ccc(Cl)nc1NCCN1CCC(F)(F)CC1
ZINC001160749176,CC(C)(C)NC(=O)c1cc(Cl)nc(NCCN2CCC(F)(F)CC2)c1
ZINC001160749221,CCOC(=O)c1c(C)cc(Cl)nc1NCCN1CCC(F)(F)CC1
ZINC001160749223,CCOC(=O)c1cc(Cl)nc(NCCN2CCC(F)(F)CC2)c1C
ZINC001160749328,CCN(CC)C(=O)c1cc(Cl)nc(NCCN2CCC(F)(F)CC2)c1
ZINC001185016443,COC(=O)c1cnc(N[C@@H](C)CN2CCC[C@@H](C)C2)cc1C(F)(F)F
ZINC001185016445,COC(=O)c1cnc(N[C@H](C)CN2CCC[C@H](C)C2)cc1C(F)(F)F
ZINC001185016447,COC(=O)c1cnc(N[C@@H](C)CN2CCC[C@H](C)C2)cc1C(F)(F)F
ZINC001185016449,COC(=O)c1cnc(N[C@H](C)CN2CCC[C@@H](C)C2)cc1C(F)(F)F
ZINC001203433843,COc1ccccc1CN1CCC(n2c(=O)n(C)c3ccccc32)CC1
ZINC001203794176,COc1ccc(CN2CCC(n3c(=O)n(C)c4ccccc43)CC2)cc1F
ZINC001203822292,COc1cccc(CN2CCC(n3c(=O)n(C)c4ccccc43)CC2)c1
ZINC001203898320,COc1ccc(CN2CCC(n3c(=O)n(C)c4ccccc43)CC2)cc1C
ZINC001203956336,COc1ccc(CN2CCC(n3c(=O)n(C)c4ccccc43)CC2)cc1
ZINC001204198045,Cn1c(=O)n(C2CCN(Cc3cccc(F)c3F)CC2)c2ccccc21
ZINC001204205473,Cn1c(=O)n(C2CCN(Cc3c(F)cccc3F)CC2)c2ccccc21
ZINC001204211134,Cn1c(=O)n(C2CCN(Cc3ccc(F)cc3F)CC2)c2ccccc21
ZINC001204219684,Cn1c(=O)n(C2CCN(Cc3cc(F)ccc3F)CC2)c2ccccc21
ZINC001204222419,Cn1c(=O)n(C2CCN(Cc3ccc(F)c(F)c3)CC2)c2ccccc21
ZINC001204234819,Cn1c(=O)n(C2CCN(Cc3cc(F)cc(F)c3)CC2)c2ccccc21
ZINC001204558296,COc1cc(CN2CCC(n3c(=O)n(C)c4ccccc43)CC2)ccc1F
ZINC001204928013,COc1ccc(CN2CCC(n3c(=O)n(C)c4ccccc43)CC2)c(F)c1
ZINC001206771144,COc1cc(C)ccc1CN1CCC(n2c(=O)n(C)c3ccccc32)CC1
ZINC001209527454,COc1cc(CN2CCC(n3c(=O)[nH]c4ccccc43)CC2)cc(F)c1O
ZINC001209778267,CN(C)c1ccccc1CN1CCC(n2c(=O)n(C)c3ccccc32)CC1
ZINC001231459278,O=C(O)c1ccc(F)c(CN2CCC(n3c(=O)[nH]c4ccccc43)CC2)c1
ZINC001231604035,COc1cc(F)ccc1CN1CCC(n2c(=O)n(C)c3ccccc32)CC1
ZINC001232301991,COCc1ccc(CN2CCC(n3c(=O)n(C)c4ccccc43)CC2)cc1
ZINC001232628501,COc1cccc(C)c1CN1CCC(n2c(=O)n(C)c3ccccc32)CC1
ZINC001232670428,CNc1ccccc1CN1CCC(n2c(=O)n(C)c3ccccc32)CC1
ZINC001232776267,O=c1[nH]c2ccccc2n1C1CCN(Cc2ccc(CCO)cc2)CC1
ZINC001232805579,COc1cc(O)cc(CN2CCC(n3c(=O)[nH]c4ccccc43)CC2)c1
ZINC001232885214,Cc1cc(O)cc(CN2CCC(n3c(=O)n(C)c4ccccc43)CC2)c1
ZINC001232935924,Cn1c(=O)n(C2CCN(Cc3ccc(F)c(O)c3F)CC2)c2ccccc21
ZINC001232973105,Cn1c(=O)n(C2CCN(Cc3cc(O)c(F)c(F)c3)CC2)c2ccccc21
ZINC001233053476,Cn1c(=O)n(C2CCN(Cc3cccc(O)c3F)CC2)c2ccccc21
ZINC001233234023,Cc1ccc(CN2CCC(n3c(=O)n(C)c4ccccc43)CC2)cc1O
ZINC001233261675,Cn1c(=O)n(C2CCN(Cc3ccc(S)cc3)CC2)c2ccccc21
ZINC001233376384,Cn1c(=O)n(C2CCN(Cc3ccc(N)cc3Cl)CC2)c2ccccc21
ZINC001233378886,Nc1cc(F)c(F)cc1CN1CCC(n2c(=O)[nH]c3ccccc32)CC1
ZINC001233381017,Cn1c(=O)n(C2CCN(Cc3cc(F)c(F)cc3N)CC2)c2ccccc21
ZINC001233395531,Cn1c(=O)n(C2CCN(Cc3c(F)ccc(O)c3F)CC2)c2ccccc21
ZINC001235431190,Nc1ccc(F)c(CN2CCC(n3c(=O)[nH]c4ccccc43)CC2)c1F
ZINC001235819174,Cn1c(=O)n(C2CCN(Cc3c(F)ccc(N)c3F)CC2)c2ccccc21
ZINC001236706144,Cn1c(=O)n(C2CCN(Cc3ccc(F)c(O)c3)CC2)c2ccccc21
ZINC001237279490,Cn1c(=O)n(C2CCN(Cc3cc(O)cc(F)c3)CC2)c2ccccc21
ZINC001237512632,COc1c(C)cccc1CN1CCC(n2c(=O)n(C)c3ccccc32)CC1
ZINC001237712558,COc1ccc(C)c(CN2CCC(n3c(=O)n(C)c4ccccc43)CC2)c1
ZINC001238104917,Cc1ccc(O)cc1CN1CCC(n2c(=O)n(C)c3ccccc32)CC1
ZINC001238362921,COc1ccc(CN2CCC(n3c(=O)[nH]c4ccccc43)CC2)c(F)c1O
ZINC001295212840,COc1ccc([C@@H](CN2CCCC2)NC(=O)Cc2cc(F)ccc2O)cc1
ZINC001463640500,COc1ccc(CC(=O)N[C@H](CN2CCCC2)c2ccccc2)c(C)c1
ZINC001559236395,COC(=O)c1cnc(N[C@H](C)CN2CCC(C)CC2)cc1C(F)(F)F
ZINC001559236396,COC(=O)c1cnc(N[C@@H](C)CN2CCC(C)CC2)cc1C(F)(F)F
ZINC001594312486,C[C@H]1CC[C@@](NC(=O)COc2ccc(F)cc2)(C(=O)O)c2ccccc21
ZINC001594312488,C[C@H]1CC[C@](NC(=O)COc2ccc(F)cc2)(C(=O)O)c2ccccc21
ZINC001594312490,C[C@@H]1CC[C@@](NC(=O)COc2ccc(F)cc2)(C(=O)O)c2ccccc21
ZINC001594312492,C[C@@H]1CC[C@](NC(=O)COc2ccc(F)cc2)(C(=O)O)c2ccccc21
ZINC001600467965,Cc1ccc(OCC(=O)N[C@@]2(C(=O)O)CC[C@H](C)c3ccccc32)cc1
ZINC001600467966,Cc1ccc(OCC(=O)N[C@]2(C(=O)O)CC[C@@H](C)c3ccccc32)cc1
ZINC001600467967,Cc1ccc(OCC(=O)N[C@@]2(C(=O)O)CC[C@@H](C)c3ccccc32)cc1
ZINC001600467968,Cc1ccc(OCC(=O)N[C@]2(C(=O)O)CC[C@H](C)c3ccccc32)cc1
ZINC001600584783,Cc1ccccc1OCC(=O)N[C@]1(C(=O)O)CC[C@H](C)c2ccccc21
ZINC001600584784,Cc1ccccc1OCC(=O)N[C@@]1(C(=O)O)CC[C@H](C)c2ccccc21
ZINC001600584785,Cc1ccccc1OCC(=O)N[C@]1(C(=O)O)CC[C@@H](C)c2ccccc21
ZINC001600584786,Cc1ccccc1OCC(=O)N[C@@]1(C(=O)O)CC[C@@H](C)c2ccccc21
ZINC001604439519,CC(Oc1ccccc1)C(=O)N[C@@]1(C(=O)O)CC[C@H](C)c2ccccc21
ZINC001604439521,CC(Oc1ccccc1)C(=O)N[C@]1(C(=O)O)CC[C@@H](C)c2ccccc21
ZINC001604439523,CC(Oc1ccccc1)C(=O)N[C@]1(C(=O)O)CC[C@H](C)c2ccccc21
ZINC001604439525,CC(Oc1ccccc1)C(=O)N[C@@]1(C(=O)O)CC[C@@H](C)c2ccccc21
ZINC001610826518,O=C(O)c1ccc(CN2CCC(n3c(=O)[nH]c4ccccc43)CC2)c(F)c1
ZINC001650627836,COC(=O)c1cnc(NC[C@H](C)N2CCC[C@@H](C)C2)cc1C(F)(F)F
ZINC001650627837,COC(=O)c1cnc(NC[C@@H](C)N2CCC[C@H](C)C2)cc1C(F)(F)F
ZINC001650627938,COC(=O)c1cnc(NC[C@H](C)N2CCC[C@H](C)C2)cc1C(F)(F)F
ZINC001650627939,COC(=O)c1cnc(NC[C@@H](C)N2CCC[C@@H](C)C2)cc1C(F)(F)F
ZINC001651012633,COC(=O)c1cnc(NCCN2CCCC(C)(C)C2)cc1C(F)(F)F
ZINC000040444306,CC1CCN(CCNc2ncc(Cl)cc2Cl)CC1
ZINC000049502195,C[C@@H](CN1CCCCC1)Nc1ncc(Cl)cc1Cl
ZINC000049502197,C[C@H](CN1CCCCC1)Nc1ncc(Cl)cc1Cl
ZINC000301571833,CC[C@@H]1CCCCN1CCNc1ncc(Cl)cc1F
ZINC000301571835,CC[C@H]1CCCCN1CCNc1ncc(Cl)cc1F
ZINC000613491168,C[C@H]1CCCN(CCNc2ncc(Cl)cc2Cl)C1
ZINC000613491170,C[C@@H]1CCCN(CCNc2ncc(Cl)cc2Cl)C1
ZINC001160753718,CC(C)(C)c1ccc(NCCN2CCC(F)(F)CC2)nc1
ZINC000040444302,CC1CCN(CCNc2ncc(C(F)(F)F)cc2Cl)CC1
ZINC000048065700,FC(F)(F)c1cnc(NCCN2CCCCC2)c(Cl)c1
ZINC000095958478,C[C@]1(NC(=O)COc2ccccc2F)CCCc2ccccc21
ZINC000095958479,C[C@@]1(NC(=O)COc2ccccc2F)CCCc2ccccc21
ZINC000107681105,C[C@@H]1CCCN(CCNc2ncc(C(F)(F)F)cc2Cl)C1
ZINC000107681108,C[C@H]1CCCN(CCNc2ncc(C(F)(F)F)cc2Cl)C1
ZINC000119305197,CC(C(=O)N[C@H](CN1CCCC1)c1ccccc1)c1ccccc1
ZINC000119305329,CC(C(=O)N[C@H](CN1CCCC1)c1ccccc1)c1ccccc1
ZINC000146360296,C[C@@H](c1ccccc1)N1CCC(n2c(=O)[nH]c3ccccc32)CC1
ZINC000146360485,C[C@H](c1ccccc1)N1CCC(n2c(=O)[nH]c3ccccc32)CC1
ZINC000301073461,C[C@@H]1CCCN([C@@H](C)CNc2ccc(C(F)(F)F)cn2)C1
ZINC000301075446,C[C@H]1CCCN([C@H](C)CNc2ccc(C(F)(F)F)cn2)C1
ZINC000301075448,C[C@H]1CCCN([C@@H](C)CNc2ccc(C(F)(F)F)cn2)C1
ZINC000301075450,C[C@@H]1CCCN([C@H](C)CNc2ccc(C(F)(F)F)cn2)C1
ZINC000301108133,C[C@@H]1CCCN(C[C@H](C)Nc2ccc(C(F)(F)F)cn2)C1
ZINC000301108135,C[C@H]1CCCN(C[C@@H](C)Nc2ccc(C(F)(F)F)cn2)C1
ZINC000301108136,C[C@H]1CCCN(C[C@H](C)Nc2ccc(C(F)(F)F)cn2)C1
ZINC000301108137,C[C@@H]1CCCN(C[C@@H](C)Nc2ccc(C(F)(F)F)cn2)C1
ZINC000301114446,C[C@@H]1CCCN([C@@H](C)CNc2ncccc2C(F)(F)F)C1
ZINC000301114447,C[C@H]1CCCN([C@H](C)CNc2ncccc2C(F)(F)F)C1
ZINC000301114448,C[C@H]1CCCN([C@@H](C)CNc2ncccc2C(F)(F)F)C1
ZINC000301114449,C[C@@H]1CCCN([C@H](C)CNc2ncccc2C(F)(F)F)C1
ZINC000301125239,C[C@@H]1CCCN([C@@H](C)CNc2cccc(C(F)(F)F)n2)C1
ZINC000301125240,C[C@H]1CCCN([C@H](C)CNc2cccc(C(F)(F)F)n2)C1
ZINC000301125241,C[C@H]1CCCN([C@@H](C)CNc2cccc(C(F)(F)F)n2)C1
ZINC000301125242,C[C@@H]1CCCN([C@H](C)CNc2cccc(C(F)(F)F)n2)C1
ZINC000301346419,CC[C@@H]1CCCCN1CCNc1ccc(Br)cn1
ZINC000301346421,CC[C@H]1CCCCN1CCNc1ccc(Br)cn1
ZINC000301546571,C[C@@H]1CCCN([C@@H](C)CNc2cc(C(F)(F)F)ccn2)C1
ZINC000301546572,C[C@H]1CCCN([C@H](C)CNc2cc(C(F)(F)F)ccn2)C1
ZINC000301546573,C[C@H]1CCCN([C@@H](C)CNc2cc(C(F)(F)F)ccn2)C1
ZINC000301546574,C[C@@H]1CCCN([C@H](C)CNc2cc(C(F)(F)F)ccn2)C1
ZINC000303052057,C[C@@H]1C[C@H](C)CN(C[C@@H](C)Nc2ccc(C(F)(F)F)cn2)C1
ZINC000303052060,C[C@@H]1C[C@@H](C)CN(C[C@@H](C)Nc2ccc(C(F)(F)F)cn2)C1
ZINC000303052061,C[C@@H]1C[C@@H](C)CN(C[C@H](C)Nc2ccc(C(F)(F)F)cn2)C1
ZINC000303052064,C[C@@H]1C[C@H](C)CN(C[C@H](C)Nc2ccc(C(F)(F)F)cn2)C1
ZINC000303451865,C[C@@H]1C[C@H](C)CN(C[C@@H](C)Nc2ncccc2C(F)(F)F)C1
ZINC000303451866,C[C@@H]1C[C@@H](C)CN(C[C@@H](C)Nc2ncccc2C(F)(F)F)C1
ZINC000303451867,C[C@@H]1C[C@@H](C)CN(C[C@H](C)Nc2ncccc2C(F)(F)F)C1
ZINC000303451868,C[C@@H]1C[C@H](C)CN(C[C@H](C)Nc2ncccc2C(F)(F)F)C1
ZINC000303503070,C[C@@H]1C[C@H](C)CN(C[C@@H](C)Nc2cccc(C(F)(F)F)n2)C1
ZINC000303503076,C[C@@H]1C[C@@H](C)CN(C[C@@H](C)Nc2cccc(C(F)(F)F)n2)C1
ZINC000303503083,C[C@@H]1C[C@@H](C)CN(C[C@H](C)Nc2cccc(C(F)(F)F)n2)C1
ZINC000303503089,C[C@@H]1C[C@H](C)CN(C[C@H](C)Nc2cccc(C(F)(F)F)n2)C1
ZINC000303510100,CC[C@@H]1CCCCN1CCNc1ccc(C(F)(F)F)cn1
ZINC000303510102,CC[C@H]1CCCCN1CCNc1ccc(C(F)(F)F)cn1
ZINC000303529665,CC[C@@H]1CCCCN1CCNc1ncccc1C(F)(F)F
ZINC000303529667,CC[C@H]1CCCCN1CCNc1ncccc1C(F)(F)F
ZINC000342119414,CC[C@@H]1CCCCN1CCNc1ncccc1Br
ZINC000342119415,CC[C@H]1CCCCN1CCNc1ncccc1Br
ZINC000359600781,CC[C@@H]1CCCCN1CCNc1cc(Br)ccn1
ZINC000359600782,CC[C@H]1CCCCN1CCNc1cc(Br)ccn1
ZINC000500410046,CC[C@@H]1CCCCN1CCNc1cccc(C(F)(F)F)n1
ZINC000500410049,CC[C@H]1CCCCN1CCNc1cccc(C(F)(F)F)n1
ZINC000506081773,C[C@]1(NC(=O)COc2ccc(F)cc2)CCCc2ccccc21
ZINC000506081774,C[C@@]1(NC(=O)COc2ccc(F)cc2)CCCc2ccccc21
ZINC000506117057,C[C@]1(NC(=O)COc2cccc(F)c2)CCCc2ccccc21
ZINC000506117058,C[C@@]1(NC(=O)COc2cccc(F)c2)CCCc2ccccc21
ZINC000510095666,C[C@@H]1CCCN([C@H](C)CNc2ncc(Cl)cc2Cl)C1
ZINC000510095667,C[C@@H]1CCCN([C@@H](C)CNc2ncc(Cl)cc2Cl)C1
ZINC000510095668,C[C@H]1CCCN([C@@H](C)CNc2ncc(Cl)cc2Cl)C1
ZINC000510095669,C[C@H]1CCCN([C@H](C)CNc2ncc(Cl)cc2Cl)C1
ZINC000728199682,FC(F)(F)c1ccc(NCCN2CCCCC2)nc1Cl
ZINC000917068318,CC1CCN(CCNc2ccc(C(F)(F)F)c(Cl)n2)CC1
ZINC000917068978,C[C@H]1CCCN(CCNc2ccc(C(F)(F)F)c(Cl)n2)C1
ZINC000917068979,C[C@@H]1CCCN(CCNc2ccc(C(F)(F)F)c(Cl)n2)C1
ZINC001127490407,CCc1ccccc1OCC(=O)N[C@@]1(C)CCCc2ccccc21
ZINC001127490409,CCc1ccccc1OCC(=O)N[C@]1(C)CCCc2ccccc21
ZINC001160747608,FC1(F)CCN(CCNc2cc(Cl)cc(Cl)n2)CC1
ZINC001160748187,FC1(F)CCN(CCNc2ncc(Cl)cc2Cl)CC1
ZINC001160749202,FC1(F)CCN(CCNc2nc(Cl)ccc2Cl)CC1
ZINC001160751874,CSc1cc(Cl)cnc1NCCN1CCC(F)(F)CC1
ZINC001160752065,Cc1nc(NCCN2CCC(F)(F)CC2)c(Cl)cc1Cl
ZINC001357510244,Cc1ccccc1OCC(=O)N[C@@]1(C)CCCc2ccccc21
ZINC001357510245,Cc1ccccc1OCC(=O)N[C@]1(C)CCCc2ccccc21
ZINC001357510865,Cc1cccc(OCC(=O)N[C@@]2(C)CCCc3ccccc32)c1
ZINC001357510866,Cc1cccc(OCC(=O)N[C@]2(C)CCCc3ccccc32)c1
ZINC001472831359,CC1CCN(C[C@@H](C)Nc2ccc(C(F)(F)F)cn2)CC1
ZINC001472831361,CC1CCN(C[C@H](C)Nc2ccc(C(F)(F)F)cn2)CC1
ZINC001520402843,CC(Oc1ccccc1)C(=O)N[C@]1(C)CCCc2ccccc21
ZINC001520402844,CC(Oc1ccccc1)C(=O)N[C@]1(C)CCCc2ccccc21
ZINC001520402845,CC(Oc1ccccc1)C(=O)N[C@@]1(C)CCCc2ccccc21
ZINC001520402846,CC(Oc1ccccc1)C(=O)N[C@@]1(C)CCCc2ccccc21
ZINC001534736208,Cc1ccc(OCC(=O)N[C@@]2(C)CCCc3ccccc32)cc1
ZINC001534736209,Cc1ccc(OCC(=O)N[C@]2(C)CCCc3ccccc32)cc1
ZINC001536643170,CCc1cccc(OCC(=O)N[C@@]2(C)CCCc3ccccc32)c1
ZINC001536643172,CCc1cccc(OCC(=O)N[C@]2(C)CCCc3ccccc32)c1
ZINC001559176572,CC1(C)CCCN(CCNc2ccc(C(F)(F)F)cn2)C1
ZINC001559219664,CN(CCN1CCCCC1)c1ncc(C(F)(F)F)cc1Cl
ZINC001583361421,CCc1ccc(OCC(=O)N[C@@]2(C)CCCc3ccccc32)cc1
ZINC001583361422,CCc1ccc(OCC(=O)N[C@]2(C)CCCc3ccccc32)cc1
ZINC001639901537,CCCN(CCN1CCCCC1)c1ccc(C(F)(F)F)cn1
ZINC001650629659,C[C@@H]1CCCCN1[C@@H](C)CNc1ncccc1Br
ZINC001650629660,C[C@H](CNc1ncccc1Br)N1CCCC[C@@H]1C
ZINC001650629661,C[C@H]1CCCCN1[C@@H](C)CNc1ncccc1Br
ZINC001650629662,C[C@@H]1CCCCN1[C@H](C)CNc1ncccc1Br
ZINC000297519526,CN(C)C1CCN(CCNc2ncc(Br)cc2C#N)CC1
ZINC000882056034,CN(C)C1CCN(CCNc2ncc(C#N)cc2Br)CC1
ZINC001120820681,CN(C)C1CCN(CCNc2nc(Br)ccc2C#N)CC1
ZINC000500413021,COc1ccc([C@@H](CN2CCCC2)NC(=O)Cc2cccc(OCC(F)(F)F)c2)cc1
ZINC000432937142,COC(=O)c1cccc(Br)c1CN1CCC(n2c(=O)[nH]c3ccccc32)CC1
ZINC000501266796,COC(=O)C(c1cccc(Br)c1)N1CCC(n2c(=O)[nH]c3ccccc32)CC1
ZINC000501266798,COC(=O)C(c1cccc(Br)c1)N1CCC(n2c(=O)[nH]c3ccccc32)CC1
ZINC000506126024,COc1cc(Br)c(CN2CCC(n3c(=O)[nH]c4ccccc43)CC2)c(OC)c1
ZINC000441250276,O=c1[nH]c2ccccc2n1C1CCN(Cc2ccc(I)cc2)CC1
ZINC001141915623,Cn1c(=O)n(C2CCN(Cc3cc(F)c(Br)cc3F)CC2)c2ccccc21
ZINC000615089965,COc1ccc(CN2CCC(n3c(=O)[nH]c4ccccc43)CC2)c(Br)c1OC
ZINC000481900868,CCS(=O)(=O)c1c(Cl)cccc1CN1CCC(n2c(=O)[nH]c3ccccc32)CC1
ZINC000491090076,COc1cc(Br)c(CN2CCC(n3c(=O)[nH]c4ccccc43)CC2)cc1O
ZINC000506136567,COc1cc(Br)c(CN2CCC(n3c(=O)[nH]c4ccccc43)CC2)cc1OC
ZINC000556601698,COC(=O)c1ccc(CN2CCC(n3c(=O)[nH]c4ccccc43)CC2)c(Br)c1
ZINC000543020045,COC(=O)C(c1ccccc1C(F)(F)F)N1CCC(n2c(=O)[nH]c3ccccc32)CC1
ZINC000543020046,COC(=O)C(c1ccccc1C(F)(F)F)N1CCC(n2c(=O)[nH]c3ccccc32)CC1
ZINC000768217112,O=c1[nH]c2ccccc2n1C1CCN(Cc2ccccc2I)CC1
ZINC000769023074,CNC(=O)C(Cc1c[nH]c2ccccc12)NC1CCC(O)(c2ccc(C(C)C)cc2)CC1
ZINC001136854284,Cn1c(=O)n(C2CCN(Cc3cc(Br)c(F)cc3F)CC2)c2ccccc21
ZINC001143820083,Cn1c(=O)n(C2CCN(Cc3c(F)ccc(F)c3Br)CC2)c2ccccc21
ZINC001143879059,COc1ccc(CN2CCC(n3c(=O)n(C)c4ccccc43)CC2)cc1OC(F)(F)F
ZINC001144005460,COc1ccc(OC(F)(F)F)cc1CN1CCC(n2c(=O)n(C)c3ccccc32)CC1
ZINC001144057006,COc1ccc(CN2CCC(n3c(=O)n(C)c4ccccc43)CC2)c(OC(F)(F)F)c1
ZINC001144589024,Cc1cc(CN2CCC(n3c(=O)n(C)c4ccccc43)CC2)c(F)cc1Br
ZINC000546961736,COc1ccc(CN2CCC(n3c(=O)[nH]c4ccccc43)CC2)c(Br)c1O
ZINC000579407113,COc1cc(CN2CCC(n3c(=O)[nH]c4ccccc43)CC2)cc(OC)c1OCC(F)F
ZINC001137627266,COc1ccc([C@@H](CN2CCCC2)NC(=O)Cc2ccc(F)c(Br)c2)cc1
ZINC001138200318,CCOc1cc(CN2CCC(n3c(=O)[nH]c4ccccc43)CC2)cc(Br)c1O
ZINC001138849165,COc1cc(OC(F)(F)F)ccc1CN1CCC(n2c(=O)n(C)c3ccccc32)CC1
ZINC001138914102,COc1cc(CN2CCC(n3c(=O)[nH]c4ccccc43)CC2)c(OC)cc1Br
ZINC001138994442,CCOc1ccc(Br)cc1CN1CCC(n2c(=O)n(C)c3ccccc32)CC1
ZINC001139859586,COc1cc(OC)c(CN2CCC(n3c(=O)[nH]c4ccccc43)CC2)cc1Br
ZINC001140554626,Cc1c(F)cc(CN2CCC(n3c(=O)n(C)c4ccccc43)CC2)cc1Br
ZINC001140697846,Cc1cc(F)c(CN2CCC(n3c(=O)n(C)c4ccccc43)CC2)cc1Br
ZINC001140794989,Cc1cc(Br)c(F)cc1CN1CCC(n2c(=O)n(C)c3ccccc32)CC1
ZINC001140881033,Cn1c(=O)n(C2CCN(Cc3cc(F)c(C(F)(F)F)c(F)c3)CC2)c2ccccc21
ZINC001141561831,Cn1c(=O)n(C2CCN(Cc3c(F)cc(Br)cc3F)CC2)c2ccccc21
ZINC001141749640,Cn1c(=O)n(C2CCN(Cc3ccc(Br)c(F)c3F)CC2)c2ccccc21
ZINC001141776106,Cn1c(=O)n(C2CCN(Cc3c(F)ccc(Br)c3F)CC2)c2ccccc21
ZINC001141802989,Cn1c(=O)n(C2CCN(Cc3cc(Br)cc(F)c3F)CC2)c2ccccc21
ZINC001142013309,Cn1c(=O)n(C2CCN(Cc3cc(F)c(F)cc3Br)CC2)c2ccccc21
ZINC001142888281,COc1c(Br)ccc(F)c1CN1CCC(n2c(=O)[nH]c3ccccc32)CC1
ZINC001142892496,COc1c(Br)ccc(F)c1CN1CCC(n2c(=O)n(C)c3ccccc32)CC1
ZINC001143310946,COc1ccc(F)c(C(F)(F)F)c1CN1CCC(n2c(=O)n(C)c3ccccc32)CC1
ZINC001143336091,Cn1c(=O)n(C2CCN(Cc3c(Br)ccc(F)c3F)CC2)c2ccccc21
ZINC001204101452,COc1cc(CN2CCC(n3c(=O)[nH]c4ccccc43)CC2)cc(Br)c1O
ZINC001205123809,COc1cc(CN2CCC(n3c(=O)[nH]c4ccccc43)CC2)c(F)cc1Br
ZINC001223016699,CCC[C@@H](CC(=O)OC)O[C@H]1c2ccccc2N(C)S(=O)(=O)c2cc(Cl)ccc21
ZINC001223016702,CCC[C@H](CC(=O)OC)O[C@@H]1c2ccccc2N(C)S(=O)(=O)c2cc(Cl)ccc21
ZINC001223016703,CCC[C@H](CC(=O)OC)O[C@H]1c2ccccc2N(C)S(=O)(=O)c2cc(Cl)ccc21
ZINC001223016704,CCC[C@@H](CC(=O)OC)O[C@@H]1c2ccccc2N(C)S(=O)(=O)c2cc(Cl)ccc21
ZINC001223017575,CCOCC(COCC)O[C@H]1c2ccccc2N(C)S(=O)(=O)c2cc(Cl)ccc21
ZINC001223017578,CCOCC(COCC)O[C@@H]1c2ccccc2N(C)S(=O)(=O)c2cc(Cl)ccc21
ZINC001223017917,CCCC(O[C@@H]1c2ccccc2N(C)S(=O)(=O)c2cc(Cl)ccc21)C(=O)OCC
ZINC001223017919,CCCC(O[C@H]1c2ccccc2N(C)S(=O)(=O)c2cc(Cl)ccc21)C(=O)OCC
ZINC001223017920,CCCC(O[C@H]1c2ccccc2N(C)S(=O)(=O)c2cc(Cl)ccc21)C(=O)OCC
ZINC001223017922,CCCC(O[C@@H]1c2ccccc2N(C)S(=O)(=O)c2cc(Cl)ccc21)C(=O)OCC
ZINC001223017925,CCCCOC(=O)C(C)O[C@@H]1c2ccccc2N(C)S(=O)(=O)c2cc(Cl)ccc21
ZINC001223017926,CCCCOC(=O)C(C)O[C@@H]1c2ccccc2N(C)S(=O)(=O)c2cc(Cl)ccc21
ZINC001223017928,CCCCOC(=O)C(C)O[C@H]1c2ccccc2N(C)S(=O)(=O)c2cc(Cl)ccc21
ZINC001223017929,CCCCOC(=O)C(C)O[C@H]1c2ccccc2N(C)S(=O)(=O)c2cc(Cl)ccc21
ZINC001223019910,COC[C@H](C)OC[C@H](C)O[C@H]1c2ccccc2N(C)S(=O)(=O)c2cc(Cl)ccc21
ZINC001223019911,COC[C@H](C)OC[C@@H](C)O[C@@H]1c2ccccc2N(C)S(=O)(=O)c2cc(Cl)ccc21
ZINC001223019912,COC[C@H](C)OC[C@H](C)O[C@@H]1c2ccccc2N(C)S(=O)(=O)c2cc(Cl)ccc21
ZINC001223019913,COC[C@H](C)OC[C@@H](C)O[C@H]1c2ccccc2N(C)S(=O)(=O)c2cc(Cl)ccc21
ZINC001223020787,CC(O[C@@H]1c2ccccc2N(C)S(=O)(=O)c2cc(Cl)ccc21)C(=O)OC(C)(C)C
ZINC001223021074,CC(O[C@H]1c2ccccc2N(C)S(=O)(=O)c2cc(Cl)ccc21)C(=O)OC(C)(C)C
ZINC001223024088,CO[C@H](C)CO[C@@H](C)CO[C@@H]1c2ccccc2N(C)S(=O)(=O)c2cc(Cl)ccc21
ZINC001223024094,CO[C@H](C)CO[C@H](C)CO[C@H]1c2ccccc2N(C)S(=O)(=O)c2cc(Cl)ccc21
ZINC001223024098,CO[C@H](C)CO[C@H](C)CO[C@@H]1c2ccccc2N(C)S(=O)(=O)c2cc(Cl)ccc21
ZINC001223024102,CO[C@H](C)CO[C@@H](C)CO[C@H]1c2ccccc2N(C)S(=O)(=O)c2cc(Cl)ccc21
ZINC001231470882,COc1cc(CN2CCC(n3c(=O)[nH]c4ccccc43)CC2)c(Br)cc1O
ZINC001231539844,COCCCOc1ccc(CN2CCC(n3c(=O)[nH]c4ccccc43)CC2)cc1OC
ZINC001231550496,CCOc1cc(CN2CCC(n3c(=O)[nH]c4ccccc43)CC2)ccc1OCCCOC
ZINC001231607224,COCCCOc1cc(CN2CCC(n3c(=O)[nH]c4ccccc43)CC2)ccc1OC
ZINC001231857368,Cn1c(=O)n(C2CCN(Cc3ccc(C(F)(F)F)c(F)c3F)CC2)c2ccccc21
ZINC001232404897,COC(=O)c1cc(Br)ccc1CN1CCC(n2c(=O)[nH]c3ccccc32)CC1
ZINC001232470177,Cc1cc(Br)c(CN2CCC(n3c(=O)n(C)c4ccccc43)CC2)cc1F
ZINC001232568062,COc1cc(CN2CCC(n3c(=O)[nH]c4ccccc43)CC2)cc(OC)c1Br
ZINC001232593527,CCOC(=O)c1ccc(CN2CCC(n3c(=O)n(C)c4ccccc43)CC2)c(Cl)c1
ZINC001232694985,COc1cc(Br)cc(OC)c1CN1CCC(n2c(=O)[nH]c3ccccc32)CC1
ZINC001233062520,COc1cc(Br)cc(F)c1CN1CCC(n2c(=O)[nH]c3ccccc32)CC1
ZINC001233066562,COc1cc(Br)cc(F)c1CN1CCC(n2c(=O)n(C)c3ccccc32)CC1
ZINC001234760882,Cn1c(=O)n(C2CCN(Cc3c(F)cc(F)cc3Br)CC2)c2ccccc21
ZINC001234821653,COC(=O)/C=C/c1cc(F)c(CN2CCC(n3c(=O)[nH]c4ccccc43)CC2)c(F)c1
ZINC001235279765,COC(=O)c1cc(Br)cc(CN2CCC(n3c(=O)[nH]c4ccccc43)CC2)c1
ZINC001235450072,CCOc1cc(CN2CCC(n3c(=O)n(C)c4ccccc43)CC2)ccc1Br
ZINC001235463651,Cc1cc(F)c(CN2CCC(n3c(=O)n(C)c4ccccc43)CC2)c(Br)c1
ZINC001235477721,COc1ccc(Br)c(F)c1CN1CCC(n2c(=O)[nH]c3ccccc32)CC1
ZINC001235482166,COc1ccc(Br)c(F)c1CN1CCC(n2c(=O)n(C)c3ccccc32)CC1
ZINC001235729391,Cc1cc(Br)cc(CN2CCC(n3c(=O)n(C)c4ccccc43)CC2)c1F
ZINC001235749579,Cc1ccc(Br)c(CN2CCC(n3c(=O)n(C)c4ccccc43)CC2)c1F
ZINC001235764227,Cc1ccc(F)c(CN2CCC(n3c(=O)n(C)c4ccccc43)CC2)c1Br
ZINC001235820702,Cn1c(=O)n(C2CCN(Cc3cc(Br)c(Cl)cc3N)CC2)c2ccccc21
ZINC001236670223,CCOc1ccc(CN2CCC(n3c(=O)n(C)c4ccccc43)CC2)cc1Br
ZINC001236695225,CN(C)c1ccc(Br)cc1CN1CCC(n2c(=O)[nH]c3ccccc32)CC1
ZINC001236705202,CN(C)c1ccc(Br)cc1CN1CCC(n2c(=O)n(C)c3ccccc32)CC1
ZINC001236861566,Cn1c(=O)n(C2CCN(Cc3cc(F)c(F)c(Br)c3)CC2)c2ccccc21
ZINC001237507386,Cc1cc(CN2CCC(n3c(=O)n(C)c4ccccc43)CC2)c(Br)cc1F
ZINC001237535245,COC(=O)c1ccc(Br)c(CN2CCC(n3c(=O)[nH]c4ccccc43)CC2)c1
ZINC001237707445,Cn1c(=O)n(C2CCN(Cc3c(F)cc(C(F)(F)F)cc3F)CC2)c2ccccc21
ZINC001237764344,COc1ccc(CN2CCC(n3c(=O)n(C)c4ccccc43)CC2)c(C(F)(F)F)c1OC
ZINC001237922036,COc1ccc(Br)c(CN2CCC(n3c(=O)[nH]c4ccccc43)CC2)c1F
ZINC001237937504,COc1ccc(Br)c(CN2CCC(n3c(=O)n(C)c4ccccc43)CC2)c1F
ZINC001238042686,CCOC(=O)c1c(Cl)cccc1CN1CCC(n2c(=O)n(C)c3ccccc32)CC1
ZINC001238078612,Cn1c(=O)n(C2CCN(Cc3cc(F)cc(Br)c3F)CC2)c2ccccc21
ZINC001238250024,CCOc1cc(Br)cc(CN2CCC(n3c(=O)n(C)c4ccccc43)CC2)c1
ZINC001238251518,Cn1c(=O)n(C2CCN(Cc3ccc(F)c(C(F)(F)F)c3F)CC2)c2ccccc21
ZINC001238314483,COc1ccc(F)c(CN2CCC(n3c(=O)[nH]c4ccccc43)CC2)c1Br
ZINC001238316860,COc1ccc(F)c(CN2CCC(n3c(=O)n(C)c4ccccc43)CC2)c1Br
ZINC001238322647,COc1c(Br)cc(C)cc1CN1CCC(n2c(=O)n(C)c3ccccc32)CC1
ZINC001238325997,COc1c(Br)cc(F)cc1CN1CCC(n2c(=O)[nH]c3ccccc32)CC1
ZINC001238328808,COc1c(Br)cc(F)cc1CN1CCC(n2c(=O)n(C)c3ccccc32)CC1
ZINC001238566348,Cc1cc(F)cc(Br)c1CN1CCC(n2c(=O)n(C)c3ccccc32)CC1
ZINC001238687206,CCOc1cccc(CN2CCC(n3c(=O)n(C)c4ccccc43)CC2)c1Br
ZINC001238769105,Cn1c(=O)n(C2CCN(Cc3ccc(F)c(F)c3Br)CC2)c2ccccc21
ZINC001249461639,Cc1ccc(CN2CCC(n3c(=O)n(C)c4ccccc43)CC2)c(F)c1Br
ZINC001249748346,COc1ccc(Br)c(OC)c1CN1CCC(n2c(=O)[nH]c3ccccc32)CC1
ZINC001249990914,COc1cc(CN2CCC(n3c(=O)n(C)c4ccccc43)CC2)ccc1OC(F)(F)F
ZINC001250083587,COc1cc(C)c(Br)cc1CN1CCC(n2c(=O)n(C)c3ccccc32)CC1
ZINC001250223703,COc1c(C)cc(Br)cc1CN1CCC(n2c(=O)n(C)c3ccccc32)CC1
ZINC001250571364,COC(=O)c1cc(CN2CCC(n3c(=O)[nH]c4ccccc43)CC2)ccc1Br
ZINC001545890559,COc1ccc([C@@H](CN2CCCC2)NC(=O)Cc2ccc(C)c(Br)c2)cc1
ZINC001545890825,COc1ccc([C@@H](CN2CCCC2)NC(=O)Cc2ccc(Br)c(F)c2)cc1
ZINC001446347294,COc1ccc([C@@H](CN2CCCC2)NC(=O)Cc2cccc(C)c2Br)cc1
ZINC001466170346,COc1ccc([C@@H](CN2CCCC2)NC(=O)Cc2ccc(F)cc2Br)cc1
ZINC001466170765,COc1ccc([C@@H](CN2CCCC2)NC(=O)Cc2ccc(Br)cc2C)cc1
ZINC001466170821,COc1ccc([C@@H](CN2CCCC2)NC(=O)Cc2cc(F)ccc2Br)cc1
ZINC001466171197,COc1ccc([C@@H](CN2CCCC2)NC(=O)Cc2cc(Br)ccc2C)cc1
ZINC001566502065,COc1ccc([C@@H](CN2CCCC2)NC(=O)Cc2ccc(Br)cc2F)cc1
ZINC001596564530,COc1ccc([C@@H](CN2CCCC2)NC(=O)C(OC)c2ccccc2Br)cc1
ZINC001596564532,COc1ccc([C@@H](CN2CCCC2)NC(=O)C(OC)c2ccccc2Br)cc1
ZINC001623325838,COc1ccc([C@@H](CN2CCCC2)NC(=O)Cc2cc(Br)ccc2F)cc1
ZINC001623326338,COc1ccc([C@@H](CN2CCCC2)NC(=O)Cc2cccc(Br)c2C)cc1
ZINC001630884337,COc1ccc([C@@H](CN2CCCC2)NC(=O)C(F)(F)c2cc(Cl)ccc2OC)cc1
ZINC000001757905,C=CCN1CC[C@]23c4c5ccc(OC(=O)CCCCCCCC)c4OC2C(=O)CC[C@@]3(O)[C@H]1C5
ZINC000437419763,N#Cc1ccc(CN2CCC(n3c(=O)[nH]c4ccccc43)CC2)c(OC(F)F)c1
ZINC001138665463,C=C(C)COc1ccccc1CN1CCC(n2c(=O)n(C)c3ccccc32)CC1
ZINC001223015499,C#CC[C@@H](CC)O[C@@H]1c2ccccc2N(C)S(=O)(=O)c2cc(Cl)ccc21
ZINC001223015500,C#CC[C@H](CC)O[C@@H]1c2ccccc2N(C)S(=O)(=O)c2cc(Cl)ccc21
ZINC001223015501,C#CC[C@@H](CC)O[C@H]1c2ccccc2N(C)S(=O)(=O)c2cc(Cl)ccc21
ZINC001223015502,C#CC[C@H](CC)O[C@H]1c2ccccc2N(C)S(=O)(=O)c2cc(Cl)ccc21
ZINC001223018914,C=CC(C=C)O[C@H]1c2ccccc2N(C)S(=O)(=O)c2cc(Cl)ccc21
ZINC001223018918,C=CC(C=C)O[C@@H]1c2ccccc2N(C)S(=O)(=O)c2cc(Cl)ccc21
ZINC001223018959,CC#C[C@@H](CC)O[C@@H]1c2ccccc2N(C)S(=O)(=O)c2cc(Cl)ccc21
ZINC001223018962,CC#C[C@H](CC)O[C@@H]1c2ccccc2N(C)S(=O)(=O)c2cc(Cl)ccc21
ZINC001223018968,CC#C[C@@H](CC)O[C@H]1c2ccccc2N(C)S(=O)(=O)c2cc(Cl)ccc21
ZINC001223018973,CC#C[C@H](CC)O[C@H]1c2ccccc2N(C)S(=O)(=O)c2cc(Cl)ccc21
ZINC001223019062,C[C@H](S)[C@@H](C)O[C@@H]1c2ccccc2N(C)S(=O)(=O)c2cc(Cl)ccc21
ZINC001223019069,C[C@H](S)[C@@H](C)O[C@H]1c2ccccc2N(C)S(=O)(=O)c2cc(Cl)ccc21
ZINC001223019914,CCC#C[C@@H](C)O[C@@H]1c2ccccc2N(C)S(=O)(=O)c2cc(Cl)ccc21
ZINC001223019915,CCC#C[C@H](C)O[C@@H]1c2ccccc2N(C)S(=O)(=O)c2cc(Cl)ccc21
ZINC001223019916,CCC#C[C@@H](C)O[C@H]1c2ccccc2N(C)S(=O)(=O)c2cc(Cl)ccc21
ZINC001223019917,CCC#C[C@H](C)O[C@H]1c2ccccc2N(C)S(=O)(=O)c2cc(Cl)ccc21
ZINC001223021415,C#C[C@H](CCC)O[C@@H]1c2ccccc2N(C)S(=O)(=O)c2cc(Cl)ccc21
ZINC001223021419,C#C[C@@H](CCC)O[C@@H]1c2ccccc2N(C)S(=O)(=O)c2cc(Cl)ccc21
ZINC001223021424,C#C[C@H](CCC)O[C@H]1c2ccccc2N(C)S(=O)(=O)c2cc(Cl)ccc21
ZINC001223021429,C#C[C@@H](CCC)O[C@H]1c2ccccc2N(C)S(=O)(=O)c2cc(Cl)ccc21
ZINC001223023552,C#C[C@H](O[C@@H]1c2ccccc2N(C)S(=O)(=O)c2cc(Cl)ccc21)C(C)C
ZINC001223023554,C#C[C@H](O[C@H]1c2ccccc2N(C)S(=O)(=O)c2cc(Cl)ccc21)C(C)C
ZINC001223023556,C#C[C@@H](O[C@H]1c2ccccc2N(C)S(=O)(=O)c2cc(Cl)ccc21)C(C)C
ZINC001223023558,C#C[C@@H](O[C@@H]1c2ccccc2N(C)S(=O)(=O)c2cc(Cl)ccc21)C(C)C
ZINC001534736024,C[C@]1(NC(=O)COc2cccc(Br)c2C#N)CCCc2ccccc21
ZINC001534736025,C[C@@]1(NC(=O)COc2cccc(Br)c2C#N)CCCc2ccccc21
ZINC001536655714,C[C@]1(NC(=O)COc2ccc(C#N)c(Br)c2)CCCc2ccccc21
ZINC001536655715,C[C@@]1(NC(=O)COc2ccc(C#N)c(Br)c2)CCCc2ccccc21
ZINC001138204284,CCOc1cc(CN2CCC(n3c(=O)n(C)c4ccccc43)CC2)cc(Br)c1O
ZINC001140090546,O=c1[nH]c2ccccc2n1C1CCN(Cc2c(F)cccc2I)CC1
ZINC001140596544,Cn1c(=O)n(C2CCN(Cc3ccc(CNC(=O)OC(C)(C)C)cc3)CC2)c2ccccc21
ZINC001140984006,O=c1[nH]c2ccccc2n1C1CCN(Cc2cc(F)ccc2I)CC1
ZINC001141509273,Cn1c(=O)n(C2CCN(Cc3ccc(I)c(F)c3F)CC2)c2ccccc21
ZINC001142818340,Cn1c(=O)n(C2CCN(Cc3ccc(OC(F)F)c(OC(F)F)c3)CC2)c2ccccc21
ZINC001223015570,COC[C@H](C)OC[C@H](C)OC[C@@H](C)O[C@H]1c2ccccc2N(C)S(=O)(=O)c2cc(Cl)ccc21
ZINC001223015572,COC[C@H](C)OC[C@H](C)OC[C@H](C)O[C@H]1c2ccccc2N(C)S(=O)(=O)c2cc(Cl)ccc21
ZINC001223015573,COC[C@H](C)OC[C@H](C)OC[C@H](C)O[C@@H]1c2ccccc2N(C)S(=O)(=O)c2cc(Cl)ccc21
ZINC001223015574,COC[C@H](C)OC[C@H](C)OC[C@@H](C)O[C@@H]1c2ccccc2N(C)S(=O)(=O)c2cc(Cl)ccc21
ZINC001223016071,CC(C)OCCOCCOCCO[C@@H]1c2ccccc2N(C)S(=O)(=O)c2cc(Cl)ccc21
ZINC001223016080,CC(C)OCCOCCOCCO[C@H]1c2ccccc2N(C)S(=O)(=O)c2cc(Cl)ccc21
ZINC001223017547,CCOC(=O)C(O[C@H]1c2ccccc2N(C)S(=O)(=O)c2cc(Cl)ccc21)C(F)(F)F
ZINC001223017549,CCOC(=O)C(O[C@@H]1c2ccccc2N(C)S(=O)(=O)c2cc(Cl)ccc21)C(F)(F)F
ZINC001223017551,CCOC(=O)C(O[C@H]1c2ccccc2N(C)S(=O)(=O)c2cc(Cl)ccc21)C(F)(F)F
ZINC001223017553,CCOC(=O)C(O[C@@H]1c2ccccc2N(C)S(=O)(=O)c2cc(Cl)ccc21)C(F)(F)F
ZINC001223023053,CCOC(=O)C[C@H](O[C@H]1c2ccccc2N(C)S(=O)(=O)c2cc(Cl)ccc21)C(F)(F)F
ZINC001223023054,CCOC(=O)C[C@@H](O[C@@H]1c2ccccc2N(C)S(=O)(=O)c2cc(Cl)ccc21)C(F)(F)F
ZINC001223023055,CCOC(=O)C[C@@H](O[C@H]1c2ccccc2N(C)S(=O)(=O)c2cc(Cl)ccc21)C(F)(F)F
ZINC001223023056,CCOC(=O)C[C@H](O[C@@H]1c2ccccc2N(C)S(=O)(=O)c2cc(Cl)ccc21)C(F)(F)F
ZINC001231559075,CCOc1cc(CN2CCC(n3c(=O)n(C)c4ccccc43)CC2)ccc1OC(=O)C(C)C
ZINC001231688350,COc1cc(CN2CCC(n3c(=O)[nH]c4ccccc43)CC2)c(Br)cc1OC(C)=O
ZINC001231748382,Cn1c(=O)n(C2CCN(Cc3cc(Cl)c(O)c(Br)c3)CC2)c2ccccc21
ZINC001231802438,COc1cc(CN2CCC(n3c(=O)[nH]c4ccccc43)CC2)cc(I)c1OC
ZINC001233065979,Cn1c(=O)n(C2CCN(Cc3c(F)cc(Br)c(F)c3F)CC2)c2ccccc21
ZINC001235154235,O=c1[nH]c2ccccc2n1C1CCN(Cc2cccc(F)c2I)CC1
ZINC001235573173,Cn1c(=O)n(C2CCN(Cc3c(Cl)cccc3I)CC2)c2ccccc21
ZINC001235610592,Cn1c(=O)n(C2CCN(Cc3c(F)cc(I)cc3F)CC2)c2ccccc21
ZINC001235785133,Cc1ccc(I)cc1CN1CCC(n2c(=O)n(C)c3ccccc32)CC1
ZINC001235847686,Cn1c(=O)n(C2CCN(Cc3cccc(CNC(=O)OC(C)(C)C)c3)CC2)c2ccccc21
ZINC001236595534,COc1cccc(I)c1CN1CCC(n2c(=O)[nH]c3ccccc32)CC1
ZINC001236638978,COc1ccc(CN2CCC(n3c(=O)[nH]c4ccccc43)CC2)cc1I
ZINC001237071827,COc1cc(CN2CCC(n3c(=O)[nH]c4ccccc43)CC2)ccc1I
ZINC001237867760,Cn1c(=O)n(C2CCN(Cc3c(F)cc(C(=O)OC(C)(C)C)cc3F)CC2)c2ccccc21
ZINC001237953387,COc1cc(CN2CCC(n3c(=O)[nH]c4ccccc43)CC2)c(Br)c(OC)c1OC
ZINC001238123312,CS(=O)(=O)c1ccc(CN2CCC(n3c(=O)[nH]c4ccccc43)CC2)c(C(F)(F)F)c1
ZINC001238239333,Cn1c(=O)n(C2CCN(Cc3c(F)ccc(I)c3F)CC2)c2ccccc21
ZINC001238285014,CCOc1ccc(Br)c(CN2CCC(n3c(=O)n(C)c4ccccc43)CC2)c1F
ZINC001238574147,Cn1c(=O)n(C2CCN(Cc3cc(F)c(I)c(F)c3)CC2)c2ccccc21
ZINC001238580351,COc1c(I)ccc(F)c1CN1CCC(n2c(=O)[nH]c3ccccc32)CC1
ZINC001238726900,Cc1cc(CN2CCC(n3c(=O)n(C)c4ccccc43)CC2)cc(C)c1I
ZINC001238814697,Cc1ccc(I)c(CN2CCC(n3c(=O)n(C)c4ccccc43)CC2)c1
ZINC001248762349,Cc1ccc(CN2CCC(n3c(=O)n(C)c4ccccc43)CC2)cc1I
ZINC001249858369,Cc1c(I)cccc1CN1CCC(n2c(=O)n(C)c3ccccc32)CC1
ZINC000054059295,C[C@@H]1CCCN([C@@H](C)CNc2ncc(C(N)=O)cc2Cl)C1
ZINC000054059296,C[C@H]1CCCN([C@@H](C)CNc2ncc(C(N)=O)cc2Cl)C1
ZINC000068670120,C[C@@H]1CCCN(C[C@@H](C)Nc2ncc(C(N)=O)cc2Cl)C1
ZINC000068670121,C[C@H]1CCCN(C[C@@H](C)Nc2ncc(C(N)=O)cc2Cl)C1
ZINC000079302315,CN(C)C1CCN(CCNc2ncc(Cl)cc2F)CC1
ZINC000080249725,COC1CCN(CCNc2ccc(Br)cn2)CC1
ZINC000091733197,CN(C)C1CCN(CCNc2ccc(OC(F)F)cn2)CC1
ZINC000091735007,COC1CCN(CCNc2ccc(OC(F)F)cn2)CC1
ZINC000263987664,CN(C)C(=O)c1cnc(NCCN2CCCCC2)c(Cl)c1
ZINC000264881593,C[C@H]1CCCN([C@@H](C)CNc2ccc(C(=O)N(C)C)cn2)C1
ZINC000264881597,C[C@@H]1CCCN([C@@H](C)CNc2ccc(C(=O)N(C)C)cn2)C1
ZINC000264881601,C[C@H]1CCCN([C@H](C)CNc2ccc(C(=O)N(C)C)cn2)C1
ZINC000264881606,C[C@@H]1CCCN([C@H](C)CNc2ccc(C(=O)N(C)C)cn2)C1
ZINC000264889474,CCNC(=O)c1ccc(NC[C@H](C)N2CCC[C@H](C)C2)nc1
ZINC000264889475,CCNC(=O)c1ccc(NC[C@H](C)N2CCC[C@@H](C)C2)nc1
ZINC000264889476,CCNC(=O)c1ccc(NC[C@@H](C)N2CCC[C@H](C)C2)nc1
ZINC000264889477,CCNC(=O)c1ccc(NC[C@@H](C)N2CCC[C@@H](C)C2)nc1
ZINC000264950569,CC[C@H]1CCCCN1CCNc1ccc(C(=O)N(C)C)cn1
ZINC000264950570,CC[C@@H]1CCCCN1CCNc1ccc(C(=O)N(C)C)cn1
ZINC000289235125,OC[C@@H](CN1CCCCC1)Nc1ccc(C(F)(F)F)cn1
ZINC000289235127,OC[C@H](CN1CCCCC1)Nc1ccc(C(F)(F)F)cn1
ZINC000301116280,C[C@@H]1CCCN([C@H](C)CNc2ncc(C(N)=O)cc2Cl)C1
ZINC000301116282,C[C@H]1CCCN([C@H](C)CNc2ncc(C(N)=O)cc2Cl)C1
ZINC000301157135,C[C@@H]1CCCN(C[C@H](C)Nc2ncc(C(N)=O)cc2Cl)C1
ZINC000301157137,C[C@H]1CCCN(C[C@H](C)Nc2ncc(C(N)=O)cc2Cl)C1
ZINC000301252521,CCCNC(=O)c1ccc(NCCN2CCC(C)CC2)nc1
ZINC000301539283,CCCNC(=O)c1ccc(NCCN2CCC[C@H](C)C2)nc1
ZINC000301539284,CCCNC(=O)c1ccc(NCCN2CCC[C@@H](C)C2)nc1
ZINC000302697237,CC[C@@H]1CCCCN1CCNc1ncccc1S(C)(=O)=O
ZINC000302697241,CC[C@H]1CCCCN1CCNc1ncccc1S(C)(=O)=O
ZINC000302737454,C[C@@H]1CCCN([C@H](C)CNc2ncccc2S(C)(=O)=O)C1
ZINC000302737456,C[C@@H]1CCCN([C@@H](C)CNc2ncccc2S(C)(=O)=O)C1
ZINC000302737457,C[C@H]1CCCN([C@H](C)CNc2ncccc2S(C)(=O)=O)C1
ZINC000302737459,C[C@H]1CCCN([C@@H](C)CNc2ncccc2S(C)(=O)=O)C1
ZINC000341841173,C[C@@H]1CCCN(C[C@@H](C)Nc2ccc(S(C)(=O)=O)cn2)C1
ZINC000341841174,C[C@@H]1CCCN(C[C@H](C)Nc2ccc(S(C)(=O)=O)cn2)C1
ZINC000341841175,C[C@H]1CCCN(C[C@@H](C)Nc2ccc(S(C)(=O)=O)cn2)C1
ZINC000341841176,C[C@H]1CCCN(C[C@H](C)Nc2ccc(S(C)(=O)=O)cn2)C1
ZINC000354653657,CCCNC(=O)c1ccc(NCCN2CCCC[C@@H]2CC)nc1
ZINC000354653659,CCCNC(=O)c1ccc(NCCN2CCCC[C@H]2CC)nc1
ZINC000354663057,CCOC(=O)c1ccc(NCCN2CCCC[C@@H]2CC)nc1
ZINC000354663059,CCOC(=O)c1ccc(NCCN2CCCC[C@H]2CC)nc1
ZINC000358933572,CCOC(=O)c1cc(NCCN2CCCCC2)ncc1Cl
ZINC000443956265,CCOC(=O)c1ccc(NCCN2CCCC(C)(C)C2)nc1
ZINC000443956577,CC1(C)CCCN(CCNc2ncccc2S(C)(=O)=O)C1
ZINC000443959717,CCCNC(=O)c1ccc(NCCN2CCCC(C)(C)C2)nc1
ZINC000443963838,CC1(C)CCCN(CCNc2ncc(C(N)=O)cc2Cl)C1
ZINC000520447806,CC1CCN([C@@H](CNc2ccc(C(N)=O)cn2)C(C)C)CC1
ZINC000520447809,CC1CCN([C@H](CNc2ccc(C(N)=O)cn2)C(C)C)CC1
ZINC000568244067,CC(C)Oc1nc(NCCN2CCCCC2)ccc1[N+](=O)[O-]
ZINC000572291282,CC[C@@H]1CCCCN1CCNc1ncc(C(=O)O)cc1[N+](=O)[O-]
ZINC000572291283,CC[C@H]1CCCCN1CCNc1ncc(C(=O)O)cc1[N+](=O)[O-]
ZINC000613046688,COC1CCN(CCNc2ncccc2C(=O)OC(C)C)CC1
ZINC000621313882,OC[C@@H](CN1CCCCC1)Nc1ncccc1Br
ZINC000621313883,OC[C@H](CN1CCCCC1)Nc1ncccc1Br
ZINC000651476897,CCCNC(=O)c1ccc(N(C)CCN2CCCCC2)nc1
ZINC000651477372,CN(C)C(=O)c1cnc(N(C)CCN2CCCCC2)c(Cl)c1
ZINC000664455410,CC1CCN(C[C@H](C)Nc2ccc(C(=O)N(C)C)cn2)CC1
ZINC000664455411,CC1CCN(C[C@@H](C)Nc2ccc(C(=O)N(C)C)cn2)CC1
ZINC000664456374,CC1CCN(C[C@@H](C)Nc2ncc(C(N)=O)cc2Cl)CC1
ZINC000664456375,CC1CCN(C[C@H](C)Nc2ncc(C(N)=O)cc2Cl)CC1
ZINC000664457543,CCNC(=O)c1ccc(N[C@@H](C)CN2CCC(C)CC2)nc1
ZINC000664457544,CCNC(=O)c1ccc(N[C@H](C)CN2CCC(C)CC2)nc1
ZINC000664458255,CC1CCN(C[C@@H](C)Nc2ncccc2S(C)(=O)=O)CC1
ZINC000664458256,CC1CCN(C[C@H](C)Nc2ncccc2S(C)(=O)=O)CC1
ZINC000672164162,C[C@@H]1CCCN([C@H](C)CNc2ccc(S(C)(=O)=O)cn2)C1
ZINC000672164163,C[C@@H]1CCCN([C@@H](C)CNc2ccc(S(C)(=O)=O)cn2)C1
ZINC000672164164,C[C@H]1CCCN([C@H](C)CNc2ccc(S(C)(=O)=O)cn2)C1
ZINC000672164165,C[C@H]1CCCN([C@@H](C)CNc2ccc(S(C)(=O)=O)cn2)C1
ZINC000672232357,COC1CCN(CCNc2ncccc2Br)CC1
ZINC000681391037,COC1CCN(CCNc2cc(Br)ccn2)CC1
ZINC000865594779,COC1CCN(CCNc2cccc(Br)n2)CC1
ZINC000865791440,OC[C@@H](CN1CCCCC1)Nc1cccc(Br)n1
ZINC000865791441,OC[C@H](CN1CCCCC1)Nc1cccc(Br)n1
ZINC001160746734,COC(=O)c1cc(C)nc(NCCN2CCC(F)(F)CC2)c1
ZINC001160746787,COC(=O)c1cc(F)cnc1NCCN1CCC(F)(F)CC1
ZINC001160747355,CCOC(=O)c1ccc(NCCN2CCC(F)(F)CC2)nc1
ZINC001160748285,COC(=O)c1ccnc(NCCN2CCC(F)(F)CC2)c1C
ZINC001160748310,COC(=O)c1ccc(C)nc1NCCN1CCC(F)(F)CC1
ZINC001160748472,CCOC(=O)c1cccnc1NCCN1CCC(F)(F)CC1
ZINC001160748811,COC(=O)c1cnc(NCCN2CCC(F)(F)CC2)c(F)c1
ZINC001160749038,CCOC(=O)c1cccc(NCCN2CCC(F)(F)CC2)n1
ZINC001160749068,COC(=O)c1cnc(NCCN2CCC(F)(F)CC2)c(C)c1
ZINC001160749156,COC(=O)c1cc(NCCN2CCC(F)(F)CC2)ncc1C
ZINC001160749184,COCOc1ccc(NCCN2CCC(F)(F)CC2)nc1
ZINC001160749188,COc1cc(NCCN2CCC(F)(F)CC2)nc(OC)c1
ZINC001160749284,COC(=O)c1cc(C)cc(NCCN2CCC(F)(F)CC2)n1
ZINC001160749451,COC(=O)c1ccc(NCCN2CCC(F)(F)CC2)nc1C
ZINC001160749502,COC(=O)c1cc(NCCN2CCC(F)(F)CC2)ncc1F
ZINC001160752099,CC(=O)Nc1c(C)ccnc1NCCN1CCC(F)(F)CC1
ZINC001413896179,COC(=O)c1cnc(N(C)CCN2CCCCC2)c(Cl)c1
ZINC001649890077,CC1CCN(C[C@@H](C)Nc2ccc(S(C)(=O)=O)cn2)CC1
ZINC001649890078,CC1CCN(C[C@H](C)Nc2ccc(S(C)(=O)=O)cn2)CC1
ZINC000193643162,O=c1[nH]c2ccccc2n1C1CCN(Cc2ccc([N+](=O)[O-])cc2[N+](=O)[O-])CC1
ZINC000828178674,COc1ccc([C@@H](CN2CCCC2)NC(=O)C(O)c2cccc([N+](=O)[O-])c2)cc1
ZINC000828178678,COc1ccc([C@@H](CN2CCCC2)NC(=O)C(O)c2cccc([N+](=O)[O-])c2)cc1
ZINC000004215661,Cc1ccc2c(c1)[C@]13CCCC[C@@H]1[C@H](C2)N(C)CC3
ZINC001506424998,Cc1ccc(C(=O)O)c(N(C)CCN2CCCCC2)n1
ZINC001529133661,Cc1nc(NCCN2CCCC[C@@H]2CO)ccc1Cl
ZINC001529133663,Cc1nc(NCCN2CCCC[C@H]2CO)ccc1Cl
ZINC001529153889,OC[C@H]1CCCCN1CCNc1ncc(Cl)cc1F
ZINC001529153890,OC[C@@H]1CCCCN1CCNc1ncc(Cl)cc1F
ZINC001704343310,Cc1cc(C(N)=O)c(NC[C@@H](C)N2CCCCC2)nc1C
ZINC001704343312,Cc1cc(C(N)=O)c(NC[C@H](C)N2CCCCC2)nc1C
ZINC000487734907,C[C@@H](c1ccccc1[N+](=O)[O-])N1CCC(n2c(=O)[nH]c3ccccc32)CC1
ZINC000487734910,C[C@H](c1ccccc1[N+](=O)[O-])N1CCC(n2c(=O)[nH]c3ccccc32)CC1
ZINC001161866843,Nc1ccnc(NCCN2CCC(N)CC2)c1
ZINC001161866913,Nc1cccnc1NCCN1CCC(N)CC1
ZINC001161867006,Nc1cccc(NCCN2CCC(N)CC2)n1
ZINC001161867312,Nc1ccc(NCCN2CCC(N)CC2)nc1
ZINC001161870915,Cc1cnc(NCCN2CCC(N)CC2)cc1N
ZINC001161871189,Cc1cnc(NCCN2CCC(N)CC2)c(N)c1
ZINC000080250162,COC1CCN(CCNc2nc(C(F)(F)F)ccc2C#N)CC1
ZINC000091458777,C#CCNC(=O)c1ccc(N[C@H](C)CN2C[C@H](C)C[C@H](C)C2)nc1
ZINC000091458778,C#CCNC(=O)c1ccc(N[C@H](C)CN2C[C@@H](C)C[C@H](C)C2)nc1
ZINC000091458780,C#CCNC(=O)c1ccc(N[C@H](C)CN2C[C@H](C)C[C@@H](C)C2)nc1
ZINC000267203691,CN(C)C1CCN(CCNc2nc(C(F)(F)F)ccc2C#N)CC1
ZINC000289105908,N#Cc1ccc(C(F)(F)F)nc1N[C@@H](CO)CN1CCCCC1
ZINC000289105910,N#Cc1ccc(C(F)(F)F)nc1N[C@H](CO)CN1CCCCC1
ZINC000301988650,C#CCNC(=O)c1ccc(N[C@@H](C)CN2C[C@H](C)C[C@H](C)C2)nc1
ZINC000853407118,C#CCCCOc1cccnc1NCCN1CCC(N(C)C)CC1
ZINC000882065081,COC1CCN(CCNc2ncc(C#N)cc2Br)CC1
ZINC001161867265,Cc1c(Cl)c(Cl)nc(NCCN2CCC(N)CC2)c1C#N
ZINC001161870126,Cc1cnc(NCCN2CCC(N)CC2)c(C#C[Si](C)(C)C)c1
ZINC001337066476,COC1CCN(CCNc2nc(Br)ccc2C#N)CC1
ZINC000080250248,COC1CCN(CCNc2ncc([N+](=O)[O-])cc2Br)CC1
ZINC000267229143,CN(C)C1CCN(CCNc2ncc([N+](=O)[O-])cc2Br)CC1
ZINC000268483140,CN(C)C1CCN(CCNc2ncc(Br)cc2[N+](=O)[O-])CC1
ZINC000301673435,COC1CCN(CCNc2ncc(Br)cc2[N+](=O)[O-])CC1
ZINC000413176760,CN(C)C1CCN(CCNc2ncc([N+](=O)[O-])cc2C(F)(F)F)CC1
ZINC000450522598,Cc1c([N+](=O)[O-])cnc(N[C@@H](CO)CN2CCCCC2)c1Br
ZINC000450522599,Cc1c([N+](=O)[O-])cnc(N[C@H](CO)CN2CCCCC2)c1Br
ZINC000516892356,O=[N+]([O-])c1cnc(N[C@H](CO)CN2CCCCC2)c(Br)c1
ZINC000516892357,O=[N+]([O-])c1cnc(N[C@@H](CO)CN2CCCCC2)c(Br)c1
ZINC000519559501,CC(C)Oc1nc(NCCN2CCC(N(C)C)CC2)ccc1[N+](=O)[O-]
ZINC001160752348,CCOC(=O)c1cc([N+](=O)[O-])cnc1NCCN1CCC(F)(F)CC1
ZINC001160753388,CCOC(=O)c1ccnc(NCCN2CCC(F)(F)CC2)c1[N+](=O)[O-]
ZINC000085221179,O=c1[nH]c2cc(Cl)ccc2n1C1CCN(Cc2ccccc2)CC1
ZINC000100058213,C[C@H]1[C@@H]2Cc3ccc(O)cc3[C@]1(C)CCN2CC1CC1
ZINC000100218256,C[C@@H]1[C@@H]2Cc3ccc(O)cc3[C@]1(C)CCN2CC1CC1
ZINC000001602383,CCCN(CCN1CCCCC1)c1cc(C)ccn1
ZINC000095887560,C[C@H]1C2CCN(CC3CC3)[C@H]1Cc1ccc(O)cc12
ZINC000302979731,O=c1[nH]c2ccccc2n1C1CCN(Cc2cc(Br)ccc2OC(F)F)CC1
ZINC001137626875,COc1ccc([C@@H](CN2CCCC2)NC(=O)Cc2ccccc2NC(=O)OC(C)(C)C)cc1
ZINC001142088998,Cn1c(=O)n(C2CCN(Cc3c(F)ccc(Br)c3Cl)CC2)c2ccccc21
ZINC001144212380,Cn1c(=O)n(C2CCN(Cc3ccc(Br)c(Br)c3)CC2)c2ccccc21
ZINC001180453017,O=c1[nH]c2ccccc2n1C1CCN(Cc2cc(OC(F)F)ccc2Br)CC1
ZINC001223016129,CCC[C@@H](CC(=O)OCC)O[C@H]1c2ccccc2N(C)S(=O)(=O)c2cc(Cl)ccc21
ZINC001223016131,CCC[C@@H](CC(=O)OCC)O[C@@H]1c2ccccc2N(C)S(=O)(=O)c2cc(Cl)ccc21
ZINC001223016133,CCC[C@H](CC(=O)OCC)O[C@@H]1c2ccccc2N(C)S(=O)(=O)c2cc(Cl)ccc21
ZINC001223016135,CCC[C@H](CC(=O)OCC)O[C@H]1c2ccccc2N(C)S(=O)(=O)c2cc(Cl)ccc21
ZINC001223021096,C[C@@H](CC(=O)OC(C)(C)C)O[C@@H]1c2ccccc2N(C)S(=O)(=O)c2cc(Cl)ccc21
ZINC001223021097,C[C@@H](CC(=O)OC(C)(C)C)O[C@H]1c2ccccc2N(C)S(=O)(=O)c2cc(Cl)ccc21
ZINC001223021340,CCOC(=O)C(C)[C@H](O[C@@H]1c2ccccc2N(C)S(=O)(=O)c2cc(Cl)ccc21)C(F)(F)F
ZINC001223021346,CCOC(=O)C(C)[C@H](O[C@H]1c2ccccc2N(C)S(=O)(=O)c2cc(Cl)ccc21)C(F)(F)F
ZINC001223021351,CCOC(=O)C(C)[C@@H](O[C@@H]1c2ccccc2N(C)S(=O)(=O)c2cc(Cl)ccc21)C(F)(F)F
ZINC001223021359,CCOC(=O)C(C)[C@@H](O[C@H]1c2ccccc2N(C)S(=O)(=O)c2cc(Cl)ccc21)C(F)(F)F
ZINC001231725122,CC(C)Oc1ccc(CN2CCC(n3c(=O)n(C)c4ccccc43)CC2)cc1Br
ZINC001231726040,COc1c(Cl)cc(CN2CCC(n3c(=O)n(C)c4ccccc43)CC2)cc1Br
ZINC001232695519,Cn1c(=O)n(C2CCN(Cc3c(F)ccc(Cl)c3Br)CC2)c2ccccc21
ZINC001232763887,Cn1c(=O)n(C2CCN(Cc3cccc(Br)c3Br)CC2)c2ccccc21
ZINC001233127257,COc1cccc(CN2CCC(n3c(=O)[nH]c4ccccc43)CC2)c1NC(=O)OC(C)(C)C
ZINC001233130097,COc1cccc(CN2CCC(n3c(=O)n(C)c4ccccc43)CC2)c1NC(=O)OC(C)(C)C
ZINC001233440741,Cn1c(=O)n(C2CCN(Cc3cc(Br)c(Cl)cc3F)CC2)c2ccccc21
ZINC001237036929,Cn1c(=O)n(C2CCN(Cc3ccc(NC(=O)OC(C)(C)C)c(F)c3)CC2)c2ccccc21
ZINC001237236632,Cn1c(=O)n(C2CCN(Cc3cc(OC(F)F)ccc3Br)CC2)c2ccccc21
ZINC001237253755,Cn1c(=O)n(C2CCN(Cc3c(Br)cccc3OC(F)F)CC2)c2ccccc21
ZINC001237372107,Cn1c(=O)n(C2CCN(Cc3cccc(F)c3NC(=O)OC(C)(C)C)CC2)c2ccccc21
ZINC001237424434,Cn1c(=O)n(C2CCN(Cc3cc(Br)ccc3OC(F)F)CC2)c2ccccc21
ZINC001237898050,Cn1c(=O)n(C2CCN(Cc3ccc(Br)c(Cl)c3F)CC2)c2ccccc21
ZINC001238129923,CN(C(=O)OC(C)(C)C)c1ccc(CN2CCC(n3c(=O)n(C)c4ccccc43)CC2)cc1
ZINC001238292895,Cn1c(=O)n(C2CCN(Cc3c(F)ccc(Br)c3Br)CC2)c2ccccc21
ZINC001238678049,Cn1c(=O)n(C2CCN(Cc3cc(Cl)ccc3NC(=O)C(C)(C)C)CC2)c2ccccc21
ZINC001249384961,Cn1c(=O)n(C2CCN(Cc3c(F)cccc3NC(=O)OC(C)(C)C)CC2)c2ccccc21
ZINC001249876244,Cc1c(F)cc(Br)c(CN2CCC(n3c(=O)n(C)c4ccccc43)CC2)c1F
ZINC001249886648,CSc1ccc(F)c(CN2CCC(n3c(=O)n(C)c4ccccc43)CC2)c1Br
ZINC001308655138,O=c1[nH]c2ccccc2n1C1CCN(Cc2cccc(Br)c2OC(F)F)CC1
ZINC001446348612,COc1ccc([C@@H](CN2CCCC2)NC(=O)Cc2cc(Cl)ccc2Br)cc1
ZINC001446349645,COc1ccc([C@@H](CN2CCCC2)NC(=O)C(F)(F)c2ccccc2Br)cc1
ZINC001466173135,COc1ccc([C@@H](CN2CCCC2)NC(=O)Cc2cc(Br)ccc2Cl)cc1
ZINC001623324363,COc1ccc([C@@H](CN2CCCC2)NC(=O)Cc2cccc(NC(=O)OC(C)(C)C)c2)cc1
ZINC001623325826,COc1ccc([C@@H](CN2CCCC2)NC(=O)Cc2ccc(Br)c(Cl)c2)cc1
ZINC001632045850,COc1ccc([C@@H](CN2CCCC2)NC(=O)Cc2ccc(NC(=O)OC(C)(C)C)cc2)cc1
ZINC001632046008,COc1ccc([C@@H](CN2CCCC2)NC(=O)C(F)(F)c2ccc(Br)cc2)cc1
ZINC001632046616,COc1ccc([C@@H](CN2CCCC2)NC(=O)Cc2c(Cl)cccc2Br)cc1
ZINC001632046912,COc1ccc([C@@H](CN2CCCC2)NC(=O)Cc2ccc(Br)cc2Cl)cc1
ZINC001636587627,COc1ccc([C@@H](CN2CCCC2)NC(=O)Cc2ccc(Cl)cc2Br)cc1
ZINC000085893471,C=CCN1CC[C@]23c4c5ccc(OC(=O)CCCCCCCCCCCCCC)c4OC2C(=O)CC[C@@]3(O)[C@H]1C5
ZINC000085893475,C=CCN1CC[C@]23c4c5ccc(OC(=O)CCCCCCCCCCCCCC)c4OC2C(=O)CC[C@@]3(O)[C@H]1C5
ZINC000085893479,C=CCN1CC[C@]23c4c5ccc(OC(=O)CCCCCCCCCCCCCCC)c4OC2C(=O)CC[C@@]3(O)[C@H]1C5
ZINC000085893482,C=CCN1CC[C@]23c4c5ccc(OC(=O)CCCCCCCCCCCCCCC)c4OC2C(=O)CC[C@@]3(O)[C@H]1C5
ZINC000085893497,C=CCN1CC[C@]23c4c5ccc(OC(=O)CCCCCCCCCCCCC)c4OC2C(=O)CC[C@@]3(O)[C@H]1C5
ZINC000085893502,C=CCN1CC[C@]23c4c5ccc(OC(=O)CCCCCCCCCCCCC)c4OC2C(=O)CC[C@@]3(O)[C@H]1C5
ZINC000085893506,C=CCN1CC[C@]23c4c5ccc(OC(=O)CCCCCCCCCCC)c4OC2C(=O)CC[C@@]3(O)[C@H]1C5
ZINC000085893509,C=CCN1CC[C@]23c4c5ccc(OC(=O)CCCCCCCCCCC)c4OC2C(=O)CC[C@@]3(O)[C@H]1C5
ZINC000085893517,C=CCN1CC[C@]23c4c5ccc(OC(=O)CCCCCCCCCCCC)c4OC2C(=O)CC[C@@]3(O)[C@H]1C5
ZINC000085893521,C=CCN1CC[C@]23c4c5ccc(OC(=O)CCCCCCCCCCCC)c4OC2C(=O)CC[C@@]3(O)[C@H]1C5
ZINC001141814868,Cn1c(=O)n(C2CCN(Cc3ccc(Br)cc3C#N)CC2)c2ccccc21
ZINC001141903118,Cn1c(=O)n(C2CCN(Cc3cc(Br)ccc3C#N)CC2)c2ccccc21
ZINC001137637929,Cn1c(=O)n(C2CCN(Cc3ccc(C#N)cc3Br)CC2)c2ccccc21
ZINC001141660699,Cn1c(=O)n(C2CCN(Cc3cc(C#N)ccc3Br)CC2)c2ccccc21
ZINC001223017618,CCOC(=O)C[C@@H](CC#N)O[C@@H]1c2ccccc2N(C)S(=O)(=O)c2cc(Cl)ccc21
ZINC001223017619,CCOC(=O)C[C@@H](CC#N)O[C@H]1c2ccccc2N(C)S(=O)(=O)c2cc(Cl)ccc21
ZINC001223018922,CN1c2ccccc2[C@H](O[C@H](CC#N)C[N+](C)(C)C)c2ccc(Cl)cc2S1(=O)=O
ZINC001223018927,CN1c2ccccc2[C@@H](O[C@H](CC#N)C[N+](C)(C)C)c2ccc(Cl)cc2S1(=O)=O
ZINC001223023029,CC[C@@H](C#CC(=O)OC)O[C@H]1c2ccccc2N(C)S(=O)(=O)c2cc(Cl)ccc21
ZINC001223023030,CC[C@H](C#CC(=O)OC)O[C@@H]1c2ccccc2N(C)S(=O)(=O)c2cc(Cl)ccc21
ZINC001223023031,CC[C@H](C#CC(=O)OC)O[C@H]1c2ccccc2N(C)S(=O)(=O)c2cc(Cl)ccc21
ZINC001223023032,CC[C@@H](C#CC(=O)OC)O[C@@H]1c2ccccc2N(C)S(=O)(=O)c2cc(Cl)ccc21
ZINC001232895736,Cn1c(=O)n(C2CCN(Cc3ccc(Br)c(C#N)c3)CC2)c2ccccc21
ZINC001236863881,Cn1c(=O)n(C2CCN(Cc3ccc(C#N)c(Br)c3)CC2)c2ccccc21
ZINC000952963353,Cc1nc(NCCN2CCCC[C@@H]2CO)c(C#N)cc1C(=O)O
ZINC000952963356,Cc1nc(NCCN2CCCC[C@H]2CO)c(C#N)cc1C(=O)O
ZINC000049575632,O=C(O)c1ccc(NCCN2CCCCC2)nc1
ZINC000049575633,O=C(O)c1cccnc1NCCN1CCCCC1
ZINC000051043882,O=C(O)c1cccc(NCCN2CCCCC2)n1
ZINC000112590180,NC(=O)c1ccc(NCCN2CCCCC2)nc1
ZINC000127943786,COc1cccnc1NCCN1CCCCC1
ZINC000267146723,CN(C)C1CCN(CCNc2ccccn2)CC1
ZINC000301574727,COC1CCN(CCNc2ccccn2)CC1
ZINC000301617315,COC1CCN(CCNc2cc(C)ccn2)CC1
ZINC000641291704,C[C@H](CN1CCCCC1)Nc1cc(CO)ccn1
ZINC000641291706,C[C@@H](CN1CCCCC1)Nc1cc(CO)ccn1
ZINC000641292479,CC1CCN(CCNc2cc(CO)ccn2)CC1
ZINC000641293469,C[C@@H]1CCCN(CCNc2cc(CO)ccn2)C1
ZINC000641293470,C[C@H]1CCCN(CCNc2cc(CO)ccn2)C1
ZINC000641293684,OCc1ccnc(NCCN2CCCCC2)c1
ZINC000641652528,CN(CCN1CCCCC1)c1cc(CO)ccn1
ZINC000663390842,Cc1cc(CO)cc(NCCN2CCCCC2)n1
ZINC000681208353,COC1CCN(CCNc2cccc(C)n2)CC1
ZINC001161867011,Cc1ccc(NCCN2CCC(N)CC2)nc1C
ZINC001161867034,NC1CCN(CCNc2cc(F)ccn2)CC1
ZINC001161870455,C=Cc1ccc(NCCN2CCC(N)CC2)nc1
ZINC001161870466,Cc1cnc(NCCN2CCC(N)CC2)cc1C
ZINC000267241540,C=CCNC(=O)c1ccc(NCCN2CCC(N(C)C)CC2)nc1
ZINC000295722809,N#Cc1cc(Br)cnc1N[C@@H](CO)CN1CCCCC1
ZINC000295722813,N#Cc1cc(Br)cnc1N[C@H](CO)CN1CCCCC1
ZINC000296007502,N#Cc1cc(Br)cnc1NCCN1CCC(O)CC1
ZINC000572565608,CN(C)C1CCN(CCNc2ccc(C(F)(F)F)c(C#N)n2)CC1
ZINC000590702008,N#Cc1nc(N[C@@H](CO)CN2CCCCC2)ccc1C(F)(F)F
ZINC000590702012,N#Cc1nc(N[C@H](CO)CN2CCCCC2)ccc1C(F)(F)F
ZINC000882429761,N#Cc1cnc(NCCN2CCC(O)CC2)c(Br)c1
ZINC001161867476,CCOC(=O)c1cc(C)nc(NCCN2CCC(N)CC2)c1C#N
ZINC001161871288,CC(C)(C)C(=O)Nc1ccc(C#N)nc1NCCN1CCC(N)CC1
ZINC000301259392,C[C@@H]1C[C@H](C)CN(C[C@@H](C)Nc2nc(C(F)(F)F)ccc2C#N)C1
ZINC000301259395,C[C@@H]1C[C@@H](C)CN(C[C@@H](C)Nc2nc(C(F)(F)F)ccc2C#N)C1
ZINC000301259397,C[C@@H]1C[C@@H](C)CN(C[C@H](C)Nc2nc(C(F)(F)F)ccc2C#N)C1
ZINC000301259401,C[C@@H]1C[C@H](C)CN(C[C@H](C)Nc2nc(C(F)(F)F)ccc2C#N)C1
ZINC000301279599,CC[C@@H]1CCCCN1CCNc1nc(C(F)(F)F)ccc1C#N
ZINC000301279600,CC[C@H]1CCCCN1CCNc1nc(C(F)(F)F)ccc1C#N
ZINC000301279667,C[C@@H]1CCCN([C@@H](C)CNc2nc(C(F)(F)F)ccc2C#N)C1
ZINC000301279668,C[C@H]1CCCN([C@H](C)CNc2nc(C(F)(F)F)ccc2C#N)C1
ZINC000301279669,C[C@H]1CCCN([C@@H](C)CNc2nc(C(F)(F)F)ccc2C#N)C1
ZINC000301279670,C[C@@H]1CCCN([C@H](C)CNc2nc(C(F)(F)F)ccc2C#N)C1
ZINC000301285399,C[C@@H]1CCCN(C(C)(C)CNc2nc(C(F)(F)F)ccc2C#N)C1
ZINC000301285401,C[C@H]1CCCN(C(C)(C)CNc2nc(C(F)(F)F)ccc2C#N)C1
ZINC000342766517,N#CCc1ccc(CN2CCC(n3c(=O)[nH]c4ccccc43)CC2)cc1
ZINC000362965570,Cc1cc(CN2CCC(n3c(=O)[nH]c4ccccc43)CC2)ccc1C#N
ZINC000461889643,CC(C(=O)N[C@H](CN1CCCC1)c1ccccc1)c1cccc(C#N)c1
ZINC000461889644,CC(C(=O)N[C@H](CN1CCCC1)c1ccccc1)c1cccc(C#N)c1
ZINC000506062597,CC(Oc1ccc(C#N)cc1)C(=O)N[C@@]1(C)CCCc2ccccc21
ZINC000506062598,CC(Oc1ccc(C#N)cc1)C(=O)N[C@]1(C)CCCc2ccccc21
ZINC000506062599,CC(Oc1ccc(C#N)cc1)C(=O)N[C@@]1(C)CCCc2ccccc21
ZINC000506062600,CC(Oc1ccc(C#N)cc1)C(=O)N[C@]1(C)CCCc2ccccc21
ZINC000571663163,CCCN(CCN1CCCCC1)c1nc(C(F)(F)F)ccc1C#N
ZINC000595287199,N#C[C@@H](c1ccccc1)N1CCC(n2c(=O)[nH]c3ccccc32)CC1
ZINC000595287200,N#C[C@H](c1ccccc1)N1CCC(n2c(=O)[nH]c3ccccc32)CC1
ZINC000596488192,CC1CCN(C[C@@H](C)Nc2nc(C(F)(F)F)ccc2C#N)CC1
ZINC000596488193,CC1CCN(C[C@H](C)Nc2nc(C(F)(F)F)ccc2C#N)CC1
ZINC000809540398,C#Cc1ccc(CN2CCC(n3c(=O)[nH]c4ccccc43)CC2)cc1
ZINC001160747613,Cc1c(Cl)c(Cl)nc(NCCN2CCC(F)(F)CC2)c1C#N
ZINC001160749046,CCCc1cc(C#N)c(NCCN2CCC(F)(F)CC2)nc1Cl
ZINC001231654957,C#Cc1cccc(CN2CCC(n3c(=O)[nH]c4ccccc43)CC2)c1
ZINC001232963887,Cc1ccc(CN2CCC(n3c(=O)[nH]c4ccccc43)CC2)c(C#N)c1
ZINC001235516286,N#CCc1ccccc1CN1CCC(n2c(=O)[nH]c3ccccc32)CC1
ZINC001612370635,CCCN(CCN1CCCCC1)c1nc(C(C)(C)C)ccc1C#N
ZINC001141373333,Cn1c(=O)n(C2CCN(Cc3cc(Cl)cc(Br)c3O)CC2)c2ccccc21
ZINC001203567080,Cn1c(=O)n(C2CCN(Cc3cc(Br)cc(Br)c3O)CC2)c2ccccc21
ZINC001249730024,CCOC(=O)CCCOc1ccc(CN2CCC(n3c(=O)[nH]c4ccccc43)CC2)c(O)c1
ZINC000413055065,O=[N+]([O-])c1cnc(NCCN2CCCCC2)c(C(F)(F)F)c1
ZINC000413280380,CCCN(CCN1CCCCC1)c1ncc([N+](=O)[O-])cc1F
ZINC000577362009,C[C@@H]1C[C@H](C)CN(C[C@@H](C)Nc2ncc([N+](=O)[O-])cc2F)C1
ZINC000577362010,C[C@@H]1C[C@@H](C)CN(C[C@@H](C)Nc2ncc([N+](=O)[O-])cc2F)C1
ZINC000577362011,C[C@@H]1C[C@H](C)CN(C[C@H](C)Nc2ncc([N+](=O)[O-])cc2F)C1
ZINC000577362012,C[C@@H]1C[C@@H](C)CN(C[C@H](C)Nc2ncc([N+](=O)[O-])cc2F)C1
ZINC001160747922,O=[N+]([O-])c1cnc(NCCN2CCC(F)(F)CC2)c(Cl)c1
ZINC001160747924,O=[N+]([O-])c1cc(Cl)cnc1NCCN1CCC(F)(F)CC1
ZINC001160748480,O=[N+]([O-])c1c(Cl)ccnc1NCCN1CCC(F)(F)CC1
ZINC001160748661,O=[N+]([O-])c1cc(Cl)nc(NCCN2CCC(F)(F)CC2)c1
ZINC001160749084,O=[N+]([O-])c1cc(Cl)cc(NCCN2CCC(F)(F)CC2)n1
ZINC001160749099,Cc1c([N+](=O)[O-])cnc(NCCN2CCC(F)(F)CC2)c1C
ZINC001160749368,Cc1cc(C)c([N+](=O)[O-])c(NCCN2CCC(F)(F)CC2)n1
ZINC000091458935,C[C@@H]1C[C@H](C)CN(C[C@@H](C)Nc2ncccc2S(N)(=O)=O)C1
ZINC000091458938,C[C@@H]1C[C@@H](C)CN(C[C@@H](C)Nc2ncccc2S(N)(=O)=O)C1
ZINC000264846027,COCCNC(=O)c1ccc(NC[C@H](C)N2CCC[C@@H](C)C2)nc1
ZINC000264846029,COCCNC(=O)c1ccc(NC[C@H](C)N2CCC[C@H](C)C2)nc1
ZINC000264846031,COCCNC(=O)c1ccc(NC[C@@H](C)N2CCC[C@@H](C)C2)nc1
ZINC000264846033,COCCNC(=O)c1ccc(NC[C@@H](C)N2CCC[C@H](C)C2)nc1
ZINC000267186120,CCCNC(=O)c1ccc(NCCN2CCC(N(C)C)CC2)nc1
ZINC000278010883,CC(C)NS(=O)(=O)c1cccnc1NCCN1CCCCC1
ZINC000301222578,CNS(=O)(=O)c1ccc(NC[C@@H](C)N2CCC[C@@H](C)C2)nc1
ZINC000301222579,CNS(=O)(=O)c1ccc(NC[C@H](C)N2CCC[C@@H](C)C2)nc1
ZINC000301222580,CNS(=O)(=O)c1ccc(NC[C@@H](C)N2CCC[C@H](C)C2)nc1
ZINC000301222581,CNS(=O)(=O)c1ccc(NC[C@H](C)N2CCC[C@H](C)C2)nc1
ZINC000301237354,CNS(=O)(=O)c1ccc(N[C@H](C)CN2C[C@H](C)C[C@H](C)C2)nc1
ZINC000301237355,CNS(=O)(=O)c1ccc(N[C@H](C)CN2C[C@@H](C)C[C@H](C)C2)nc1
ZINC000301237357,CNS(=O)(=O)c1ccc(N[C@H](C)CN2C[C@H](C)C[C@@H](C)C2)nc1
ZINC000301237359,CNS(=O)(=O)c1ccc(N[C@@H](C)CN2C[C@H](C)C[C@H](C)C2)nc1
ZINC000301275082,CC[C@@H]1CCCCN1CCNc1ccc(S(=O)(=O)NC)cn1
ZINC000301275085,CC[C@H]1CCCCN1CCNc1ccc(S(=O)(=O)NC)cn1
ZINC000301300932,CC1CCN([C@@H](CNc2ncccc2S(N)(=O)=O)C(C)C)CC1
ZINC000301300933,CC1CCN([C@H](CNc2ncccc2S(N)(=O)=O)C(C)C)CC1
ZINC000301512055,CN(C)C1CCN(CCNc2ncc(C(N)=O)cc2Cl)CC1
ZINC000302004458,C[C@@H]1C[C@@H](C)CN(C[C@H](C)Nc2ncccc2S(N)(=O)=O)C1
ZINC000302004460,C[C@@H]1C[C@H](C)CN(C[C@H](C)Nc2ncccc2S(N)(=O)=O)C1
ZINC000318243873,C[C@H](CN1CCCCC1)Nc1ccc(S(=O)(=O)N(C)C)cn1
ZINC000318243874,C[C@@H](CN1CCCCC1)Nc1ccc(S(=O)(=O)N(C)C)cn1
ZINC000321249059,O=C(O)c1ccc(C(F)(F)F)nc1NCCN1CCC(O)CC1
ZINC000341523679,CC1CCN([C@@H](CNc2ccc(S(N)(=O)=O)cn2)C(C)C)CC1
ZINC000341523680,CC1CCN([C@H](CNc2ccc(S(N)(=O)=O)cn2)C(C)C)CC1
ZINC000341826409,C[C@@H]1C[C@H](C)CN(C[C@@H](C)Nc2ccc(S(N)(=O)=O)cn2)C1
ZINC000341826410,C[C@@H]1C[C@@H](C)CN(C[C@@H](C)Nc2ccc(S(N)(=O)=O)cn2)C1
ZINC000341826411,C[C@@H]1C[C@@H](C)CN(C[C@H](C)Nc2ccc(S(N)(=O)=O)cn2)C1
ZINC000341826412,C[C@@H]1C[C@H](C)CN(C[C@H](C)Nc2ccc(S(N)(=O)=O)cn2)C1
ZINC000443957684,COCCNC(=O)c1ccc(NCCN2CCCC(C)(C)C2)nc1
ZINC000574894784,CC1CCN(CCNc2ncccc2S(=O)(=O)NC(C)C)CC1
ZINC000647451022,CN(C)C1CCN(CCNc2ncc(C(=O)O)cc2Cl)CC1
ZINC000651477993,CC(C)NS(=O)(=O)c1cccnc1N(C)CCN1CCCCC1
ZINC000664457042,COCCNC(=O)c1ccc(N[C@@H](C)CN2CCC(C)CC2)nc1
ZINC000664457043,COCCNC(=O)c1ccc(N[C@H](C)CN2CCC(C)CC2)nc1
ZINC000664457517,CNS(=O)(=O)c1ccc(N[C@H](C)CN2CCC(C)CC2)nc1
ZINC000664457518,CNS(=O)(=O)c1ccc(N[C@@H](C)CN2CCC(C)CC2)nc1
ZINC000674330653,COC1CCN(CCNc2ncc(C(=O)N(C)C)cc2Cl)CC1
ZINC000683352184,CC(C)NS(=O)(=O)c1cccnc1NCCN1CCC[C@H](C)C1
ZINC000683352185,CC(C)NS(=O)(=O)c1cccnc1NCCN1CCC[C@@H](C)C1
ZINC000829283938,COC(=O)c1cnc(NCCN2CCC(O)CC2)cc1C(F)(F)F
ZINC000882054857,COC(=O)c1cnc(NCCN2CCC(N(C)C)CC2)c(Cl)c1
ZINC000882347675,COC(=O)c1cnc(N[C@@H](CO)CN2CCCCC2)c(Cl)c1
ZINC000882347676,COC(=O)c1cnc(N[C@H](CO)CN2CCCCC2)c(Cl)c1
ZINC000543714818,COc1ccc([C@@H](CN2CCCC2)NC(=O)Cc2ccc(S(N)(=O)=O)cc2)cc1
ZINC001235819141,Cn1c(=O)n(C2CCN(Cc3cccc(C(=O)NCCN)c3)CC2)c2ccccc21
ZINC001341404241,O=C(Cc1ccc(S(=O)(=O)CCO)cc1)N[C@H](CN1CCCC1)c1ccccc1
ZINC000504039737,C[C@@H](CN1CCCCC1)Nc1ncc(Br)cc1S(N)(=O)=O
ZINC000504039738,C[C@H](CN1CCCCC1)Nc1ncc(Br)cc1S(N)(=O)=O
ZINC000591427293,NS(=O)(=O)c1ccc(CC(=O)N[C@H](CN2CCCC2)c2ccccc2)cc1
ZINC000176816288,CCC(CC)NS(=O)(=O)c1ccc(NCCN2CCC(N(C)C)CC2)nc1
ZINC000674330228,COC1CCN(CCNc2ccc(S(=O)(=O)NCCC(C)C)cn2)CC1
ZINC000676496941,CC1CCN(CCNc2ncc(Br)cc2S(N)(=O)=O)CC1
ZINC000484810088,CC(C)CCNS(=O)(=O)c1ccc(NCCN2CCC(N(C)C)CC2)nc1
ZINC000484831471,CCC[C@@H](C)NS(=O)(=O)c1ccc(NCCN2CCC(N(C)C)CC2)nc1
ZINC000484831469,CCC[C@H](C)NS(=O)(=O)c1ccc(NCCN2CCC(N(C)C)CC2)nc1
ZINC000651478294,CN(CCN1CCCCC1)c1ncc(Br)cc1S(N)(=O)=O
ZINC000679465881,C[C@H]1CCCN(CCNc2ncc(Br)cc2S(N)(=O)=O)C1
ZINC000679465882,C[C@@H]1CCCN(CCNc2ncc(Br)cc2S(N)(=O)=O)C1
ZINC000679470775,COC1CCN(CCNc2ncc(Br)cc2S(N)(=O)=O)CC1
ZINC001161871365,COC(=O)c1ccc(NC(=O)C(C)(C)C)c(NCCN2CCC(N)CC2)n1
ZINC001330962479,CCN(CC)S(=O)(=O)c1ccc(NCCN2CCC(N(C)C)CC2)nc1
ZINC001139257829,COc1cc(CN2CCC(n3c(=O)n(C)c4ccccc43)CC2)cc(CN(C)C)c1O
ZINC001249201256,COC(=O)Cc1ccc(CN2CCC(n3c(=O)n(C)c4ccccc43)CC2)c(O)c1
ZINC001139672700,Cc1cc(CN2CCC(n3c(=O)n(C)c4ccccc43)CC2)ccc1N(C)C
ZINC001140924049,CN(C)c1ccc(CN2CCC(n3c(=O)n(C)c4ccccc43)CC2)c(Cl)c1
ZINC001231852181,COc1cc(N(C)C)ccc1CN1CCC(n2c(=O)[nH]c3ccccc32)CC1
ZINC001231870869,Cc1cc(O)c(CN2CCC(n3c(=O)n(C)c4ccccc43)CC2)cc1Cl
ZINC001232268875,COc1cc(O)c(CN2CCC(n3c(=O)[nH]c4ccccc43)CC2)cc1Cl
ZINC001236795118,COc1cc(O)c(CN2CCC(n3c(=O)[nH]c4ccccc43)CC2)c(Cl)c1
ZINC001236802828,COc1ccc(CN2CCC(n3c(=O)[nH]c4ccccc43)CC2)c(O)c1Cl
ZINC001237123087,Cn1c(=O)n(C2CCN(Cc3c(O)ccc(F)c3Cl)CC2)c2ccccc21
ZINC001237619952,Cn1c(=O)n(C2CCN(Cc3cc(Cl)cc(F)c3O)CC2)c2ccccc21
ZINC001237686084,Cc1cc(Cl)cc(CN2CCC(n3c(=O)n(C)c4ccccc43)CC2)c1O
ZINC001237800443,Cn1c(=O)n(C2CCN(Cc3cc(F)cc(Cl)c3O)CC2)c2ccccc21
ZINC001237938087,Cn1c(=O)n(C2CCN(Cc3cc(F)c(Cl)cc3O)CC2)c2ccccc21
ZINC000267158069,C#CCNC(=O)c1ccc(NCCN2CCC(N(C)C)CC2)nc1
ZINC000044136635,COC(=O)CCCCN[C@H]1c2ccccc2N(C)S(=O)(=O)c2cc(Cl)ccc21
ZINC000044136637,COC(=O)CCCCN[C@@H]1c2ccccc2N(C)S(=O)(=O)c2cc(Cl)ccc21
ZINC000480654765,N#Cc1ccc(CN2CCC(n3c(=O)[nH]c4ccccc43)CC2)c(Br)c1
ZINC000492418125,N#Cc1ccc(Br)c(CN2CCC(n3c(=O)[nH]c4ccccc43)CC2)c1
ZINC000506152993,COc1ccc(CN2CCC(n3c(=O)[nH]c4ccccc43)CC2)cc1OCCCC#N
ZINC000553871571,N#Cc1cc(Br)ccc1CN1CCC(n2c(=O)[nH]c3ccccc32)CC1
ZINC000567415720,CC(C)([C@@H](NC(=O)Cc1c(F)cccc1C#N)c1ccc(F)c(F)c1)N1CCCC1
ZINC001141897161,N#Cc1ccc(Br)cc1CN1CCC(n2c(=O)[nH]c3ccccc32)CC1
ZINC001232896203,N#Cc1cc(CN2CCC(n3c(=O)[nH]c4ccccc43)CC2)ccc1Br
ZINC001236858839,N#Cc1ccc(CN2CCC(n3c(=O)[nH]c4ccccc43)CC2)cc1Br
ZINC001223020471,C=C(C)C(=O)OC[C@@H](C)O[C@@H]1c2ccccc2N(C)S(=O)(=O)c2cc(Cl)ccc21
ZINC001223020473,C=C(C)C(=O)OC[C@H](C)O[C@@H]1c2ccccc2N(C)S(=O)(=O)c2cc(Cl)ccc21
ZINC001223020474,C=C(C)C(=O)OC[C@@H](C)O[C@H]1c2ccccc2N(C)S(=O)(=O)c2cc(Cl)ccc21
ZINC001223020476,C=C(C)C(=O)OC[C@H](C)O[C@H]1c2ccccc2N(C)S(=O)(=O)c2cc(Cl)ccc21
ZINC001357506491,CCOc1cc(C#N)cc(Br)c1OCC(=O)N[C@]1(C)CCCc2ccccc21
ZINC001357506496,CCOc1cc(C#N)cc(Br)c1OCC(=O)N[C@@]1(C)CCCc2ccccc21
ZINC000341532705,NS(=O)(=O)c1ccc(NCCN2CCCCC2)nc1
ZINC000647450998,CN(C)C1CCN(CCNc2ccc(C(=O)O)cn2)CC1
ZINC000613491424,C[C@@H]1CCCN(CCNc2ccc(C(N)=O)cn2)C1
ZINC000613491428,C[C@H]1CCCN(CCNc2ccc(C(N)=O)cn2)C1
ZINC000651476509,CN(CCN1CCCCC1)c1ncccc1S(N)(=O)=O
ZINC000301232866,NS(=O)(=O)c1cccnc1NCCN1CCCCC1
ZINC000301234397,CNS(=O)(=O)c1ccc(NCCN2CCCCC2)nc1
ZINC000301241266,CC1CCN(CCNc2ncccc2S(N)(=O)=O)CC1
ZINC000905704563,CCNC(=O)c1ccc(NCCN2CCC(N)CC2)nc1
ZINC000905706321,CNC(=O)c1cccnc1NCCN1CCC(N)CC1
ZINC000388872912,Nc1ccc(NCCN2CCCCC2)nc1[N+](=O)[O-]
ZINC001161867275,NC(=O)c1cc(Cl)nc(NCCN2CCC(N)CC2)c1
ZINC001161867782,CN(C)c1ccnc(NCCN2CCC(N)CC2)c1
ZINC000381924573,CS(=O)(=O)c1ccc(NCCN2CCCCC2)nc1
ZINC000338987759,C[C@@H]1CCCCN1CCNc1ccc(S(N)(=O)=O)cn1
ZINC000338987760,C[C@H]1CCCCN1CCNc1ccc(S(N)(=O)=O)cn1
ZINC000338992018,C[C@@H]1CCCN(CCNc2ccc(S(N)(=O)=O)cn2)C1
ZINC000338992019,C[C@H]1CCCN(CCNc2ccc(S(N)(=O)=O)cn2)C1
ZINC000339002930,CC1CCN(CCNc2ccc(S(N)(=O)=O)cn2)CC1
ZINC000267217798,CN(C)C1CCN(CCNc2ccc(C(N)=O)cn2)CC1
ZINC001161866926,COc1ccnc(NCCN2CCC(N)CC2)c1
ZINC001161866969,COC(=O)c1cc(F)cnc1NCCN1CCC(N)CC1
ZINC001161867036,COC(=O)c1cnc(NCCN2CCC(N)CC2)c(F)c1
ZINC001161867059,COC(=O)Cc1cccc(NCCN2CCC(N)CC2)n1
ZINC001161867116,CC(=O)Nc1cccc(NCCN2CCC(N)CC2)n1
ZINC001161867269,CN(C)c1cccc(NCCN2CCC(N)CC2)n1
ZINC001161867277,COC(=O)c1cccc(NCCN2CCC(N)CC2)n1
ZINC001161867358,COC(=O)c1cc(NCCN2CCC(N)CC2)ncc1N
ZINC001161867509,NC(=O)c1cc(Cl)cnc1NCCN1CCC(N)CC1
ZINC001161867731,COc1cc(NCCN2CCC(N)CC2)nc(OC)c1
ZINC001161867672,NC(=O)c1cc(NCCN2CCC(N)CC2)ncc1Cl
ZINC001161867746,COCOc1ccc(NCCN2CCC(N)CC2)nc1
ZINC001161867912,COC(=O)c1cc(NCCN2CCC(N)CC2)ncc1F
ZINC001161867920,NC(=O)c1ccc(Cl)nc1NCCN1CCC(N)CC1
ZINC001161867935,CCNC(=O)c1cccnc1NCCN1CCC(N)CC1
ZINC001161870033,Cc1cnc(NCCN2CCC(N)CC2)c(CN)c1
ZINC001161870510,NC(=O)c1cc(F)cnc1NCCN1CCC(N)CC1
ZINC001161871388,CNC(=O)c1ccnc(NCCN2CCC(N)CC2)c1
ZINC001161872484,NC(=S)Nc1ccc(NCCN2CCC(N)CC2)nc1
ZINC001161873122,CN(C)Cc1ccnc(NCCN2CCC(N)CC2)c1
ZINC000721959954,NC(=O)c1ccnc(NCCN2CCC(N)CC2)c1
ZINC000721960973,NC(=O)c1cccc(NCCN2CCC(N)CC2)n1
ZINC000721981004,COC(=O)c1cccnc1NCCN1CCC(N)CC1
ZINC000721981508,Cc1ccnc(NCCN2CCC(N)CC2)c1C(N)=O
ZINC000721982000,Cc1cc(C(N)=O)cc(NCCN2CCC(N)CC2)n1
ZINC000721983952,COC(=O)c1ccnc(NCCN2CCC(N)CC2)c1
ZINC000721984011,Cc1ccc(C(N)=O)c(NCCN2CCC(N)CC2)n1
ZINC000905707100,NC(=O)c1cnc(NCCN2CCC(N)CC2)c(Cl)c1
ZINC001458386395,NC(=O)c1cnc(NCCN2CCC(O)CC2)c(Cl)c1
ZINC000321274591,O=C(O)c1ccc(NCCN2CCC(O)CC2)nc1
ZINC000321393214,Cc1nc(NCCN2CCC(O)CC2)ccc1C(=O)O
ZINC000321763563,CS(=O)(=O)c1ccc(NCCN2CCC(O)CC2)nc1
ZINC000089929804,C[C@@H]1CCCN(CCNc2ncccc2S(N)(=O)=O)C1
ZINC000089929805,C[C@H]1CCCN(CCNc2ncccc2S(N)(=O)=O)C1
ZINC000486569392,CC(C)([C@@H](NC(=O)Cc1ccc([N+](=O)[O-])cc1F)c1ccc(F)c(F)c1)N1CCCC1
ZINC000768216943,O=c1[nH]c2ccccc2n1C1CCN(Cc2ccc(Br)c([N+](=O)[O-])c2)CC1
ZINC000768219326,O=c1[nH]c2ccccc2n1C1CCN(Cc2c(Br)cccc2[N+](=O)[O-])CC1
ZINC001255176602,O=c1[nH]c2ccccc2n1C1CCN(Cc2ccc([N+](=O)[O-])cc2Br)CC1
ZINC000176816249,CCOC(=O)c1ccnc(NCCN2CCC(N(C)C)CC2)c1[N+](=O)[O-]
ZINC000189339436,COC(=O)c1cnc(NCCN2CCC(N(C)C)CC2)c([N+](=O)[O-])c1
ZINC000288582913,COC(=O)c1ccc([N+](=O)[O-])c(NCCN2CCC(N(C)C)CC2)n1
ZINC000289160718,CCOC(=O)c1ccnc(N[C@@H](CO)CN2CCCCC2)c1[N+](=O)[O-]
ZINC000289160722,CCOC(=O)c1ccnc(N[C@H](CO)CN2CCCCC2)c1[N+](=O)[O-]
ZINC000321782514,Cc1c([N+](=O)[O-])cnc(NCCN2CCC(O)CC2)c1Br
ZINC000610573669,CCOC(=O)c1ccnc(NCCN2CCC(OC)CC2)c1[N+](=O)[O-]
ZINC000044317970,N#Cc1cccnc1NCCN1CCCCC1
ZINC000049575292,N#Cc1ccc(NCCN2CCCCC2)nc1
ZINC000049575304,N#Cc1ccnc(NCCN2CCCCC2)c1
ZINC000080117830,N#Cc1cccc(NCCN2CCCCC2)n1
ZINC000413054624,N#Cc1cnc(NCCN2CCCCC2)c(F)c1
ZINC000593516171,CN(CCN1CCCCC1)c1ncccc1C#N
ZINC000593517395,CN(CCN1CCCCC1)c1ccc(C#N)cn1
ZINC000853164203,C#Cc1cccnc1NCCN1CCCCC1
ZINC000853717145,C#Cc1cccnc1N(C)CCN1CCCCC1
ZINC001262678675,C#Cc1ccc(NCCN2CCCCC2)nc1
ZINC001338029681,C#Cc1ccc(N(C)CCN2CCCCC2)nc1
ZINC001248511711,O=c1[nH]c2cc(Cl)c(Cl)cc2n1C1CCN(Cc2ccc(Cl)cc2)CC1
ZINC000084486368,OCC1CCN(CCNc2ncccc2F)CC1
ZINC000584891891,Cc1ccc(C(=O)O)c(NCCN2CCC(CO)CC2)n1
ZINC000341111506,C[C@@H]1CCC[C@H](C)N1CCNc1ccc(C(N)=O)cn1
ZINC000032576279,O[C@@H]1CCCN(CCNc2ncc(Cl)cc2F)C1
ZINC000032576280,O[C@H]1CCCN(CCNc2ncc(Cl)cc2F)C1
ZINC000670462296,CCC1CCN(CCNc2ccc(C(N)=O)cn2)CC1
ZINC000088721902,OCC1CCN(CCNc2ncccc2Cl)CC1
ZINC000823737619,Cc1cc(C(N)=O)c(N(C)CCN2CCCCC2)nc1C
ZINC000952870174,OC[C@@H]1CCCN(CCNc2ncccc2F)C1
ZINC000952870176,OC[C@H]1CCCN(CCNc2ncccc2F)C1
ZINC000952962389,OC[C@@H]1CCCN(CCNc2ccc(Cl)cn2)C1
ZINC000952962391,OC[C@H]1CCCN(CCNc2ccc(Cl)cn2)C1
ZINC000952984431,CC(=O)c1ccc(NCCN2CCC[C@@H](CO)C2)nc1
ZINC000952984432,CC(=O)c1ccc(NCCN2CCC[C@H](CO)C2)nc1
ZINC001506397436,CC(=O)c1ccc(NCCN2CCCC[C@H]2CO)nc1
ZINC001506397438,CC(=O)c1ccc(NCCN2CCCC[C@@H]2CO)nc1
ZINC001506413820,Cc1ccc(C(=O)O)c(NCCN2CCC[C@@H](CO)C2)n1
ZINC001506413825,Cc1ccc(C(=O)O)c(NCCN2CCC[C@H](CO)C2)n1
ZINC001506427121,OC[C@H]1CCCCN1CCNc1ncccc1Cl
ZINC001506427126,OC[C@@H]1CCCCN1CCNc1ncccc1Cl
ZINC001529168203,C=Cc1ccc(NCCN2CCCC[C@H]2CO)nc1
ZINC001529168204,C=Cc1ccc(NCCN2CCCC[C@@H]2CO)nc1
ZINC001529179629,Cc1ccc(C(=O)O)c(NCCN2CCCC[C@H]2CO)n1
ZINC001529179628,Cc1ccc(C(=O)O)c(NCCN2CCCC[C@@H]2CO)n1
ZINC000301382349,CNC(=O)c1cccnc1NCCN1CCCCC1
ZINC000891532407,COc1ccc(CN2CCC(n3c(=O)[nH]c4ccccc43)CC2)c(O)c1OC
ZINC000177238721,CC(=O)c1cc(F)cc(CN2CCC(n3c(=O)[nH]c4ccccc43)CC2)c1O
ZINC000373924227,COc1c([N+](=O)[O-])ccc(CN2CCC(n3c(=O)[nH]c4ccccc43)CC2)c1O
ZINC001141026169,COc1cc(O)c(CN2CCC(n3c(=O)[nH]c4ccccc43)CC2)c(OC)c1
ZINC001203608908,CCOc1cccc(CN2CCC(n3c(=O)n(C)c4ccccc43)CC2)c1O
ZINC001231854052,COc1cc(N(C)C)ccc1CN1CCC(n2c(=O)n(C)c3ccccc32)CC1
ZINC001232264332,Cn1c(=O)n(C2CCN(Cc3cc(Cl)c(O)cc3O)CC2)c2ccccc21
ZINC001236810042,COc1cc(C)c(CN2CCC(n3c(=O)n(C)c4ccccc43)CC2)c(O)c1
ZINC001237045203,CCOc1ccc(CN2CCC(n3c(=O)n(C)c4ccccc43)CC2)c(O)c1
ZINC001237669829,COc1cc(CN2CCC(n3c(=O)[nH]c4ccccc43)CC2)c(O)c(OC)c1
ZINC001249177669,COC(=O)Cc1ccc(CN2CCC(n3c(=O)[nH]c4ccccc43)CC2)c(O)c1
ZINC000060876292,CC[C@H](c1ccccc1)N1CCC(n2c(=O)[nH]c3ccccc32)CC1
ZINC000064950682,Cc1cc(C)c(CN2CCC(n3c(=O)[nH]c4ccccc43)CC2)c(C)c1
ZINC000445800722,CCc1ccccc1CN1CCC(n2c(=O)[nH]c3ccccc32)CC1
ZINC000463381909,CCC(C(=O)N[C@H](CN1CCCC1)c1ccccc1)c1ccccc1
ZINC000463381910,CCC(C(=O)N[C@H](CN1CCCC1)c1ccccc1)c1ccccc1
ZINC000468837512,CCc1cccc(CN2CCC(n3c(=O)[nH]c4ccccc43)CC2)c1
ZINC000483408078,Cc1ccccc1[C@H](C)N1CCC(n2c(=O)[nH]c3ccccc32)CC1
ZINC000483408079,Cc1ccccc1[C@@H](C)N1CCC(n2c(=O)[nH]c3ccccc32)CC1
ZINC000487724099,Cc1cccc([C@H](C)N2CCC(n3c(=O)[nH]c4ccccc43)CC2)c1
ZINC000487724102,Cc1cccc([C@@H](C)N2CCC(n3c(=O)[nH]c4ccccc43)CC2)c1
ZINC000491089293,Cc1ccc(F)cc1CN1CCC(n2c(=O)[nH]c3ccccc32)CC1
ZINC000506134834,Cc1cc(CN2CCC(n3c(=O)[nH]c4ccccc43)CC2)ccc1F
ZINC000506135298,Cc1cccc(CN2CCC(n3c(=O)[nH]c4ccccc43)CC2)c1C
ZINC000506135838,Cc1ccc(CN2CCC(n3c(=O)[nH]c4ccccc43)CC2)c(C)c1
ZINC000506140953,Cc1cc(F)ccc1CN1CCC(n2c(=O)[nH]c3ccccc32)CC1
ZINC000506147132,Cc1ccc(CN2CCC(n3c(=O)[nH]c4ccccc43)CC2)cc1C
ZINC000506152708,Cc1ccc(F)c(CN2CCC(n3c(=O)[nH]c4ccccc43)CC2)c1
ZINC000506160853,Cc1ccc(CN2CCC(n3c(=O)[nH]c4ccccc43)CC2)cc1F
ZINC000506161500,CCc1ccc(CN2CCC(n3c(=O)[nH]c4ccccc43)CC2)cc1
ZINC000531966784,OC[C@@H](Cc1c[nH]c2ccccc12)NC1CCC(c2ccccc2)CC1
ZINC000531966785,OC[C@H](Cc1c[nH]c2ccccc12)NC1CCC(c2ccccc2)CC1
ZINC000606765638,Cc1cccc(C(C)C(=O)N[C@H](CN2CCCC2)c2ccccc2)c1
ZINC000606765641,Cc1cccc(C(C)C(=O)N[C@H](CN2CCCC2)c2ccccc2)c1
ZINC000777538742,O=c1[nH]c2ccccc2n1C1CCN(Cc2ccc(CF)cc2)CC1
ZINC000917065339,C[C@@H]1CCCCN1[C@H](C)CNc1ccc(C(F)(F)F)c(Cl)n1
ZINC000917065340,C[C@@H]1CCCCN1[C@@H](C)CNc1ccc(C(F)(F)F)c(Cl)n1
ZINC000917065341,C[C@H]1CCCCN1[C@@H](C)CNc1ccc(C(F)(F)F)c(Cl)n1
ZINC000917065342,C[C@H](CNc1ccc(C(F)(F)F)c(Cl)n1)N1CCCC[C@@H]1C
ZINC000917068366,C[C@@H]1CCCN([C@H](C)CNc2ccc(C(F)(F)F)c(Cl)n2)C1
ZINC000917068367,C[C@@H]1CCCN([C@@H](C)CNc2ccc(C(F)(F)F)c(Cl)n2)C1
ZINC000917068368,C[C@H]1CCCN([C@@H](C)CNc2ccc(C(F)(F)F)c(Cl)n2)C1
ZINC000917068369,C[C@H]1CCCN([C@H](C)CNc2ccc(C(F)(F)F)c(Cl)n2)C1
ZINC000919802638,C[C@@H]1CCCN(C[C@@H](C)Nc2ccc(C(F)(F)F)c(Cl)n2)C1
ZINC000919802639,C[C@@H]1CCCN(C[C@H](C)Nc2ccc(C(F)(F)F)c(Cl)n2)C1
ZINC000919802640,C[C@H]1CCCN(C[C@H](C)Nc2ccc(C(F)(F)F)c(Cl)n2)C1
ZINC000919802641,C[C@H]1CCCN(C[C@@H](C)Nc2ccc(C(F)(F)F)c(Cl)n2)C1
ZINC001127404463,CC(Oc1ccccc1Cl)C(=O)N[C@]1(C)CCCc2ccccc21
ZINC001127404464,CC(Oc1ccccc1Cl)C(=O)N[C@]1(C)CCCc2ccccc21
ZINC001127404465,CC(Oc1ccccc1Cl)C(=O)N[C@@]1(C)CCCc2ccccc21
ZINC001127404466,CC(Oc1ccccc1Cl)C(=O)N[C@@]1(C)CCCc2ccccc21
ZINC001137673831,Cc1cccc(CN2CCC(n3c(=O)[nH]c4ccccc43)CC2)c1F
ZINC001141192849,Cc1ccc(CN2CCC(n3c(=O)[nH]c4ccccc43)CC2)c(F)c1
ZINC001143586371,Cc1cc(F)cc(CN2CCC(n3c(=O)[nH]c4ccccc43)CC2)c1
ZINC001160752719,CCCCOc1cnc(NCCN2CCC(F)(F)CC2)c(Cl)c1
ZINC001162257740,C[C@@H]1CCCN(C[C@@H](C)Nc2ncc(C(F)(F)F)cc2Cl)C1
ZINC001162257742,C[C@@H]1CCCN(C[C@H](C)Nc2ncc(C(F)(F)F)cc2Cl)C1
ZINC001162257744,C[C@H]1CCCN(C[C@H](C)Nc2ncc(C(F)(F)F)cc2Cl)C1
ZINC001162257746,C[C@H]1CCCN(C[C@@H](C)Nc2ncc(C(F)(F)F)cc2Cl)C1
ZINC001163278206,CCCN(CCN1CCCCC1)c1ncc(C(F)(F)F)cc1Cl
ZINC001184830826,CC1CCN([C@@H](CNc2ccc(C(F)(F)F)cn2)C(C)C)CC1
ZINC001184830827,CC1CCN([C@H](CNc2ccc(C(F)(F)F)cn2)C(C)C)CC1
ZINC001204509262,Cc1c(F)cccc1CN1CCC(n2c(=O)[nH]c3ccccc32)CC1
ZINC001232490836,Cc1cccc(F)c1CN1CCC(n2c(=O)[nH]c3ccccc32)CC1
ZINC001306930298,CC1CCN([C@@H](CNc2ncccc2Br)C(C)C)CC1
ZINC001306930299,CC1CCN([C@H](CNc2ncccc2Br)C(C)C)CC1
ZINC001435658082,Cc1c(Cl)cccc1OCC(=O)N[C@@]1(C)CCCc2ccccc21
ZINC001435658083,Cc1c(Cl)cccc1OCC(=O)N[C@]1(C)CCCc2ccccc21
ZINC001435658539,CC(Oc1cccc(Cl)c1)C(=O)N[C@]1(C)CCCc2ccccc21
ZINC001435658541,CC(Oc1cccc(Cl)c1)C(=O)N[C@]1(C)CCCc2ccccc21
ZINC001435658543,CC(Oc1cccc(Cl)c1)C(=O)N[C@@]1(C)CCCc2ccccc21
ZINC001435658545,CC(Oc1cccc(Cl)c1)C(=O)N[C@@]1(C)CCCc2ccccc21
ZINC001458174074,CC[C@@H]1CCCCN1CCNc1ncc(C(F)(F)F)cc1Cl
ZINC001458174076,CC[C@H]1CCCCN1CCNc1ncc(C(F)(F)F)cc1Cl
ZINC001472770206,CC1(C)CCCN(CCNc2ncc(C(F)(F)F)cc2Cl)C1
ZINC001519901264,C[C@]1(NC(=O)COc2ccc(F)c(Cl)c2)CCCc2ccccc21
ZINC001519901265,C[C@@]1(NC(=O)COc2ccc(F)c(Cl)c2)CCCc2ccccc21
ZINC001519901462,Cc1ccc(Cl)c(OCC(=O)N[C@@]2(C)CCCc3ccccc32)c1
ZINC001519901463,Cc1ccc(Cl)c(OCC(=O)N[C@]2(C)CCCc3ccccc32)c1
ZINC001520402847,C[C@]1(NC(=O)COc2cccc(Cl)c2)CCCc2ccccc21
ZINC001520402848,C[C@@]1(NC(=O)COc2cccc(Cl)c2)CCCc2ccccc21
ZINC001520403244,C[C@]1(NC(=O)COc2ccc(F)cc2Cl)CCCc2ccccc21
ZINC001520403245,C[C@@]1(NC(=O)COc2ccc(F)cc2Cl)CCCc2ccccc21
ZINC001520403302,Cc1cc(Cl)ccc1OCC(=O)N[C@@]1(C)CCCc2ccccc21
ZINC001520403303,Cc1cc(Cl)ccc1OCC(=O)N[C@]1(C)CCCc2ccccc21
ZINC001520404047,Cc1cc(OCC(=O)N[C@@]2(C)CCCc3ccccc32)ccc1Cl
ZINC001520404048,Cc1cc(OCC(=O)N[C@]2(C)CCCc3ccccc32)ccc1Cl
ZINC001526801723,C[C@]1(NC(=O)COc2ccc(Cl)cc2)CCCc2ccccc21
ZINC001526801724,C[C@@]1(NC(=O)COc2ccc(Cl)cc2)CCCc2ccccc21
ZINC001526808522,CC(Oc1ccc(F)c(F)c1)C(=O)N[C@@]1(C)CCCc2ccccc21
ZINC001526808526,CC(Oc1ccc(F)c(F)c1)C(=O)N[C@]1(C)CCCc2ccccc21
ZINC001526808527,CC(Oc1ccc(F)c(F)c1)C(=O)N[C@@]1(C)CCCc2ccccc21
ZINC001526808528,CC(Oc1ccc(F)c(F)c1)C(=O)N[C@]1(C)CCCc2ccccc21
ZINC001526810552,CCC(Oc1ccccc1F)C(=O)N[C@]1(C)CCCc2ccccc21
ZINC001526810553,CCC(Oc1ccccc1F)C(=O)N[C@@]1(C)CCCc2ccccc21
ZINC001526810554,CCC(Oc1ccccc1F)C(=O)N[C@@]1(C)CCCc2ccccc21
ZINC001526810555,CCC(Oc1ccccc1F)C(=O)N[C@]1(C)CCCc2ccccc21
ZINC001534727284,Cc1cc(C)c(OCC(=O)N[C@]2(C)CCCc3ccccc32)c(C)c1
ZINC001534727285,Cc1cc(C)c(OCC(=O)N[C@@]2(C)CCCc3ccccc32)c(C)c1
ZINC001534727487,C[C@]1(NC(=O)COc2ccccc2Cl)CCCc2ccccc21
ZINC001534727488,C[C@@]1(NC(=O)COc2ccccc2Cl)CCCc2ccccc21
ZINC001534735981,CC(Oc1ccc(Cl)cc1)C(=O)N[C@]1(C)CCCc2ccccc21
ZINC001534735982,CC(Oc1ccc(Cl)cc1)C(=O)N[C@@]1(C)CCCc2ccccc21
ZINC001536655802,C[C@]1(NC(=O)COc2ccc(Cl)c(F)c2)CCCc2ccccc21
ZINC001536655803,C[C@@]1(NC(=O)COc2ccc(Cl)c(F)c2)CCCc2ccccc21
ZINC001536656197,Cc1ccc(Cl)cc1OCC(=O)N[C@@]1(C)CCCc2ccccc21
ZINC001536656198,Cc1ccc(Cl)cc1OCC(=O)N[C@]1(C)CCCc2ccccc21
ZINC001540337856,Cc1ccccc1C(C)C(=O)N[C@H](CN1CCCC1)c1ccccc1
ZINC001540337859,Cc1ccccc1C(C)C(=O)N[C@H](CN1CCCC1)c1ccccc1
ZINC001559070282,C[C@@H]1CCCCN1[C@H](C)CNc1ncc(C(F)(F)F)cc1Cl
ZINC001559070283,C[C@@H]1CCCCN1[C@@H](C)CNc1ncc(C(F)(F)F)cc1Cl
ZINC001559070284,C[C@H]1CCCCN1[C@@H](C)CNc1ncc(C(F)(F)F)cc1Cl
ZINC001559070285,C[C@H](CNc1ncc(C(F)(F)F)cc1Cl)N1CCCC[C@@H]1C
ZINC001559236341,CC1CCN(C[C@@H](C)Nc2ncc(C(F)(F)F)cc2Cl)CC1
ZINC001559236342,CC1CCN(C[C@H](C)Nc2ncc(C(F)(F)F)cc2Cl)CC1
ZINC001583361201,CC(C)(Oc1ccc(F)cc1)C(=O)N[C@@]1(C)CCCc2ccccc21
ZINC001583361202,CC(C)(Oc1ccc(F)cc1)C(=O)N[C@]1(C)CCCc2ccccc21
ZINC001651373937,C[C@@H]1CCCN([C@H](C)CNc2ncc(C(F)(F)F)cc2Cl)C1
ZINC001651373938,C[C@@H]1CCCN([C@@H](C)CNc2ncc(C(F)(F)F)cc2Cl)C1
ZINC001651373939,C[C@H]1CCCN([C@@H](C)CNc2ncc(C(F)(F)F)cc2Cl)C1
ZINC001651373940,C[C@H]1CCCN([C@H](C)CNc2ncc(C(F)(F)F)cc2Cl)C1
ZINC000773732489,CCN(C)c1ccc(CN2CCC(n3c(=O)[nH]c4ccccc43)CC2)cc1
ZINC000775645208,Cc1cc(Cl)cc(CN2CCC(n3c(=O)[nH]c4ccccc43)CC2)c1O
ZINC001231867590,Cc1cc(O)c(CN2CCC(n3c(=O)[nH]c4ccccc43)CC2)cc1Cl
ZINC001237051875,CC(C)c1ccc(CN2CCC(n3c(=O)[nH]c4ccccc43)CC2)c(O)c1
ZINC000047873380,C[C@@H](CN1CCCCC1)Nc1ncc(C(F)(F)F)cc1Cl
ZINC000047873381,C[C@H](CN1CCCCC1)Nc1ncc(C(F)(F)F)cc1Cl
ZINC000915211897,C[C@@H](CN1CCCCC1)Nc1ccc(C(F)(F)F)c(Cl)n1
ZINC000915211898,C[C@H](CN1CCCCC1)Nc1ccc(C(F)(F)F)c(Cl)n1
ZINC001127405260,Cc1cccc(OC(C)C(=O)N[C@]2(C)CCCc3ccccc32)c1
ZINC001127405261,Cc1cccc(OC(C)C(=O)N[C@@]2(C)CCCc3ccccc32)c1
ZINC001127405262,Cc1cccc(OC(C)C(=O)N[C@]2(C)CCCc3ccccc32)c1
ZINC001127405263,Cc1cccc(OC(C)C(=O)N[C@@]2(C)CCCc3ccccc32)c1
ZINC001127489632,Cc1ccc(OCC(=O)N[C@@]2(C)CCCc3ccccc32)c(C)c1
ZINC001127489633,Cc1ccc(OCC(=O)N[C@]2(C)CCCc3ccccc32)c(C)c1
ZINC001266563494,Cc1ccc(OC(C)C(=O)N[C@]2(C)CCCc3ccccc32)cc1
ZINC001266563495,Cc1ccc(OC(C)C(=O)N[C@@]2(C)CCCc3ccccc32)cc1
ZINC001266563496,Cc1ccc(OC(C)C(=O)N[C@]2(C)CCCc3ccccc32)cc1
ZINC001266563497,Cc1ccc(OC(C)C(=O)N[C@@]2(C)CCCc3ccccc32)cc1
ZINC001458248297,Cc1ccc(C)c(OCC(=O)N[C@@]2(C)CCCc3ccccc32)c1
ZINC001458248301,Cc1ccc(C)c(OCC(=O)N[C@]2(C)CCCc3ccccc32)c1
ZINC001520402888,Cc1ccc(OCC(=O)N[C@@]2(C)CCCc3ccccc32)cc1C
ZINC001520402889,Cc1ccc(OCC(=O)N[C@]2(C)CCCc3ccccc32)cc1C
ZINC001526803553,Cc1cc(C)cc(OCC(=O)N[C@@]2(C)CCCc3ccccc32)c1
ZINC001526803556,Cc1cc(C)cc(OCC(=O)N[C@]2(C)CCCc3ccccc32)c1
ZINC001534726352,Cc1cccc(C)c1OCC(=O)N[C@@]1(C)CCCc2ccccc21
ZINC001534726354,Cc1cccc(C)c1OCC(=O)N[C@]1(C)CCCc2ccccc21
ZINC001639393676,C[C@@H]1CCCN(C(C)(C)CNc2ccc(C(F)(F)F)cn2)C1
ZINC001639393751,C[C@H]1CCCN(C(C)(C)CNc2ccc(C(F)(F)F)cn2)C1
ZINC001137461035,COc1cc(Br)c(CN2CCC(n3c(=O)n(C)c4ccccc43)CC2)c(OC)c1
ZINC001138366698,CS(=O)(=O)c1cc(Br)ccc1CN1CCC(n2c(=O)[nH]c3ccccc32)CC1
ZINC001138913294,COc1cc(CN2CCC(n3c(=O)n(C)c4ccccc43)CC2)c(OC)cc1Br
ZINC001139238976,O=C(O)COc1ccc(Br)cc1CN1CCC(n2c(=O)[nH]c3ccccc32)CC1
ZINC001139511757,Cn1c(=O)n(C2CCN(Cc3ccc(F)c(I)c3)CC2)c2ccccc21
ZINC001139859886,COc1cc(OC)c(CN2CCC(n3c(=O)n(C)c4ccccc43)CC2)cc1Br
ZINC001140091557,Cn1c(=O)n(C2CCN(Cc3c(F)cccc3I)CC2)c2ccccc21
ZINC001140736152,Cn1c(=O)n(C2CCN(Cc3ccc(I)cc3F)CC2)c2ccccc21
ZINC001140985990,Cn1c(=O)n(C2CCN(Cc3cc(F)ccc3I)CC2)c2ccccc21
ZINC001141449121,Cn1c(=O)n(C2CCN(Cc3cc(I)ccc3F)CC2)c2ccccc21
ZINC001203338862,COc1cc(Br)c(CN2CCC(n3c(=O)n(C)c4ccccc43)CC2)cc1OC
ZINC001203776877,COc1cc(CN2CCC(n3c(=O)n(C)c4ccccc43)CC2)cc(Br)c1OC
ZINC001204104498,COc1cc(CN2CCC(n3c(=O)[nH]c4ccccc43)CC2)cc(I)c1O
ZINC001223019930,CCOC(=O)CCC(O[C@@H]1c2ccccc2N(C)S(=O)(=O)c2cc(Cl)ccc21)C(=O)OCC
ZINC001223019931,CCOC(=O)CCC(O[C@H]1c2ccccc2N(C)S(=O)(=O)c2cc(Cl)ccc21)C(=O)OCC
ZINC001223019932,CCOC(=O)CCC(O[C@@H]1c2ccccc2N(C)S(=O)(=O)c2cc(Cl)ccc21)C(=O)OCC
ZINC001223019933,CCOC(=O)CCC(O[C@H]1c2ccccc2N(C)S(=O)(=O)c2cc(Cl)ccc21)C(=O)OCC
ZINC001223021364,CCOC(=O)CC(CC(=O)OCC)O[C@@H]1c2ccccc2N(C)S(=O)(=O)c2cc(Cl)ccc21
ZINC001223021370,CCOC(=O)CC(CC(=O)OCC)O[C@H]1c2ccccc2N(C)S(=O)(=O)c2cc(Cl)ccc21
ZINC001231547463,CCOc1cc(CN2CCC(n3c(=O)n(C)c4ccccc43)CC2)ccc1OCCCOC
ZINC001231689207,COc1cc(CN2CCC(n3c(=O)n(C)c4ccccc43)CC2)c(Br)cc1OC(C)=O
ZINC001232407240,COC(=O)c1cc(Br)ccc1CN1CCC(n2c(=O)n(C)c3ccccc32)CC1
ZINC001232492263,Cn1c(=O)n(C2CCN(Cc3ccc(I)c(F)c3)CC2)c2ccccc21
ZINC001232567061,COc1cc(CN2CCC(n3c(=O)n(C)c4ccccc43)CC2)cc(OC)c1Br
ZINC001232697723,COc1cc(Br)cc(OC)c1CN1CCC(n2c(=O)n(C)c3ccccc32)CC1
ZINC001232725548,COC(=O)c1ccc(CN2CCC(n3c(=O)n(C)c4ccccc43)CC2)c(Br)c1
ZINC001233085675,COCCOc1ccc(CN2CCC(n3c(=O)[nH]c4ccccc43)CC2)cc1OCCOC
ZINC001233202378,COc1ccc(CN2CCC(n3c(=O)n(C)c4ccccc43)CC2)c(Br)c1OC
ZINC001233476935,CC(C)(C)OC(=O)NCCNC(=O)c1cccc(CN2CCC(n3c(=O)[nH]c4ccccc43)CC2)c1
ZINC001235163473,Cn1c(=O)n(C2CCN(Cc3cccc(F)c3I)CC2)c2ccccc21
ZINC001235283647,COC(=O)c1cc(Br)cc(CN2CCC(n3c(=O)n(C)c4ccccc43)CC2)c1
ZINC001235476723,Cn1c(=O)n(C2CCN(Cc3cccc(I)c3F)CC2)c2ccccc21
ZINC001236599533,COc1cccc(I)c1CN1CCC(n2c(=O)n(C)c3ccccc32)CC1
ZINC001236646600,COc1ccc(CN2CCC(n3c(=O)n(C)c4ccccc43)CC2)cc1I
ZINC001236942564,CS(=O)(=O)c1ccc(CN2CCC(n3c(=O)[nH]c4ccccc43)CC2)cc1Br
ZINC001237074435,COc1cc(CN2CCC(n3c(=O)n(C)c4ccccc43)CC2)ccc1I
ZINC001237377924,Cn1c(=O)n(C2CCN(Cc3cc(F)cc(I)c3)CC2)c2ccccc21
ZINC001237532134,COC(=O)c1ccc(Br)c(CN2CCC(n3c(=O)n(C)c4ccccc43)CC2)c1
ZINC001237962216,COc1cc(CN2CCC(n3c(=O)n(C)c4ccccc43)CC2)c(Br)c(OC)c1OC
ZINC001238124228,Cn1c(=O)n(C2CCN(Cc3ccc(S(C)(=O)=O)cc3C(F)(F)F)CC2)c2ccccc21
ZINC001238575854,COc1c(I)ccc(F)c1CN1CCC(n2c(=O)n(C)c3ccccc32)CC1
ZINC001249755071,COc1ccc(Br)c(OC)c1CN1CCC(n2c(=O)n(C)c3ccccc32)CC1
ZINC001250577187,COC(=O)c1cc(CN2CCC(n3c(=O)n(C)c4ccccc43)CC2)ccc1Br
ZINC001440539251,O=C(Cc1ccc(S(=O)(=O)CC(F)(F)F)cc1)N[C@H](CN1CCCC1)c1ccccc1
ZINC000052723782,CN(C)S(=O)(=O)c1cccc(CN2CCC(n3c(=O)[nH]c4ccccc43)CC2)c1
ZINC000474698580,CN(C)S(=O)(=O)c1ccc(CC(=O)N[C@H](CN2CCCC2)c2ccccc2)cc1
ZINC000484828680,CC(C)N(C(C)C)S(=O)(=O)c1ccc(NCCN2CCC(N(C)C)CC2)nc1
ZINC000504055134,C[C@@H]1C[C@H](C)CN(C[C@@H](C)Nc2ncc(Br)cc2S(N)(=O)=O)C1
ZINC000504055135,C[C@@H]1C[C@@H](C)CN(C[C@@H](C)Nc2ncc(Br)cc2S(N)(=O)=O)C1
ZINC000504055136,C[C@@H]1C[C@H](C)CN(C[C@H](C)Nc2ncc(Br)cc2S(N)(=O)=O)C1
ZINC000504055137,C[C@@H]1C[C@@H](C)CN(C[C@H](C)Nc2ncc(Br)cc2S(N)(=O)=O)C1
ZINC000544723229,CCNS(=O)(=O)c1ccc(CC(=O)N[C@H](CN2CCCC2)c2ccccc2)cc1
ZINC001138595502,COc1cc(CN2CCC(n3c(=O)[nH]c4ccccc43)CC2)ccc1OCC(N)=O
ZINC001138597335,COc1cc(CN2CCC(n3c(=O)n(C)c4ccccc43)CC2)ccc1OCC(N)=O
ZINC001161871197,COC(=O)C=Cc1ccc(NC(=O)C(C)(C)C)c(NCCN2CCC(N)CC2)n1
ZINC001233301477,COc1ccc(CN2CCC(n3c(=O)[nH]c4ccccc43)CC2)cc1S(N)(=O)=O
ZINC001320277274,CNS(=O)(=O)c1ccc(CC(=O)N[C@H](CN2CCCC2)c2ccccc2)cc1
ZINC001320474899,COc1ccc(CN2CCC(n3c(=O)[nH]c4ccccc43)CC2)cc1OCC(N)=O
ZINC001203565240,O=c1[nH]c2ccccc2n1C1CCN(Cc2cc(Br)cc(Br)c2O)CC1
ZINC001237792613,Cn1c(=O)n(C2CCN(Cc3cc(Br)cc(C(F)(F)F)c3O)CC2)c2ccccc21
ZINC000001602368,CCN(CCN1CCCCC1)c1ccccn1
ZINC000001602384,Cc1ccnc(N(C)CCN2CCCCC2)c1
ZINC000054700836,Fc1cccnc1NCCN1CCCCC1
ZINC001223015503,C=CCOC[C@H](CS(=O)(=O)O)O[C@@H]1c2ccccc2N(C)S(=O)(=O)c2cc(Cl)ccc21
ZINC001223015504,C=CCOC[C@@H](CS(=O)(=O)O)O[C@@H]1c2ccccc2N(C)S(=O)(=O)c2cc(Cl)ccc21
ZINC001223015505,C=CCOC[C@H](CS(=O)(=O)O)O[C@H]1c2ccccc2N(C)S(=O)(=O)c2cc(Cl)ccc21
ZINC001223015506,C=CCOC[C@@H](CS(=O)(=O)O)O[C@H]1c2ccccc2N(C)S(=O)(=O)c2cc(Cl)ccc21
ZINC000549747265,O=c1[nH]c2ccccc2n1C1CCN(Cc2cc([N+](=O)[O-])ccc2C(F)(F)F)CC1
ZINC000809931137,O=c1[nH]c2ccccc2n1C1CCN(Cc2cc(Cl)cc(Cl)c2[N+](=O)[O-])CC1
ZINC000199719651,Cc1ccnc(N(CCN2CCCCC2)C(=O)OC(C)(C)C)c1
ZINC000336809169,Cc1nc(N[C@@H](C)CN2CCCCC2)ccc1C#N
ZINC000582252064,C[C@@H]1CCCN([C@@H](C)CNc2ccc(C#N)c(N)n2)C1
ZINC000563418336,C[C@@H]1C[C@H](C)CN(C[C@H](C)Nc2ccc(C#N)c(N)n2)C1
ZINC000563418319,C[C@@H]1C[C@H](C)CN(C[C@@H](C)Nc2ccc(C#N)c(N)n2)C1
ZINC000563418332,C[C@@H]1C[C@@H](C)CN(C[C@@H](C)Nc2ccc(C#N)c(N)n2)C1
ZINC000563418334,C[C@@H]1C[C@@H](C)CN(C[C@H](C)Nc2ccc(C#N)c(N)n2)C1
ZINC000161718144,Cc1ccc(C#N)c(NCCN2CCC(N(C)C)CC2)n1
ZINC000161755482,COC1CCN(CCNc2nc(C)ccc2C#N)CC1
ZINC000612085097,COC1CCN(CCNc2nccc(C)c2C#N)CC1
ZINC000167496387,N#Cc1ccnc(NCCN2CCCCC2)c1[N+](=O)[O-]
ZINC000582252065,C[C@H]1CCCN([C@H](C)CNc2ccc(C#N)c(N)n2)C1
ZINC000582252066,C[C@H]1CCCN([C@@H](C)CNc2ccc(C#N)c(N)n2)C1
ZINC000582252067,C[C@@H]1CCCN([C@H](C)CNc2ccc(C#N)c(N)n2)C1
ZINC000892815724,Cc1cc(C#N)nc(NCCN2CCC(N(C)C)CC2)c1
ZINC000892854519,COC1CCN(CCNc2cc(C)cc(C#N)n2)CC1
ZINC000574824189,C[C@@H]1CCCN(CCNc2ccc(C#N)c(N)n2)C1
ZINC000574824190,C[C@H]1CCCN(CCNc2ccc(C#N)c(N)n2)C1
ZINC000450516676,N#Cc1ccnc(N[C@@H](CO)CN2CCCCC2)c1Cl
ZINC000450516677,N#Cc1ccnc(N[C@H](CO)CN2CCCCC2)c1Cl
ZINC000050442501,N#Cc1cc([N+](=O)[O-])cnc1NCCN1CCCCC1
ZINC000321500847,N#Cc1ccnc(NCCN2CCC(O)CC2)c1Cl
ZINC001649755760,COC1CCN(CCNc2cccc(CC#N)n2)CC1
ZINC000295924398,Cc1nc(NCCN2CCC(O)CC2)c(Cl)cc1C#N
ZINC000296020575,Cc1ccnc(NCCN2CCC(O)CC2)c1C#N
ZINC000296042025,Cc1ccc(C#N)c(NCCN2CCC(O)CC2)n1
ZINC000296129717,Cc1nc(NCCN2CCC(O)CC2)ccc1C#N
ZINC000336809168,Cc1nc(N[C@H](C)CN2CCCCC2)ccc1C#N
ZINC000080250028,COC1CCN(CCNc2ncccc2C#N)CC1
ZINC000080250422,COC1CCN(CCNc2ccc(C#N)cn2)CC1
ZINC000905705599,N#Cc1nc(NCCN2CCC(N)CC2)ccc1Cl
ZINC000905707084,N#Cc1cnc(NCCN2CCC(N)CC2)c(Cl)c1
ZINC000905707841,Cc1ccc(NCCN2CCC(N)CC2)nc1C#N
ZINC000587993776,COC1CCN(CCNc2cc(C#N)ccn2)CC1
ZINC000589863969,COC1CCN(CCNc2ccc(C#N)c(C)n2)CC1
ZINC000591149343,COC1CCN(CCNc2ncc(C#N)cc2F)CC1
ZINC000596152435,Cc1ccc(C#N)nc1NCCN1CCC(N(C)C)CC1
ZINC000596160632,COC1CCN(CCNc2nc(C#N)ccc2C)CC1
ZINC000596487262,CC1CCN(C[C@@H](C)Nc2ccc(C#N)cn2)CC1
ZINC000596487263,CC1CCN(C[C@H](C)Nc2ccc(C#N)cn2)CC1
ZINC000596489974,CC1CCN(C[C@@H](C)Nc2ccc(C#N)c(N)n2)CC1
ZINC000596489975,CC1CCN(C[C@H](C)Nc2ccc(C#N)c(N)n2)CC1
ZINC000593514882,CN(CCN1CCCCC1)c1nccc(C#N)c1[N+](=O)[O-]
ZINC000593516221,CN(CCN1CCCCC1)c1ncc([N+](=O)[O-])cc1C#N
ZINC000443956426,CC1(C)CCCN(CCNc2ccc(C#N)cn2)C1
ZINC000273275489,Cc1ccnc(NCCN2CCC(N(C)C)CC2)c1C#N
ZINC000301509933,COC1CCN(CCNc2cccc(C#N)n2)CC1
ZINC000413283232,N#Cc1cnc(N[C@@H](CO)CN2CCCCC2)c(F)c1
ZINC000413283233,N#Cc1cnc(N[C@H](CO)CN2CCCCC2)c(F)c1
ZINC001161867449,N#Cc1c(Cl)ccnc1NCCN1CCC(N)CC1
ZINC001160749441,N#Cc1cnc(NCCN2CCC(F)(F)CC2)c(C#N)c1
ZINC000853408173,C#Cc1cccnc1NCCN1CCC(N(C)C)CC1
ZINC000853423935,C#Cc1cccnc1NCCN1CCC(OC)CC1
ZINC000264820619,C=CCNC(=O)c1ccc(NCCN2CCCCC2)nc1
ZINC000264839123,C#CCNC(=O)c1ccc(NCCN2CCCCC2)nc1
ZINC000267163376,CN(C)C1CCN(CCNc2ccc(C#N)cn2)CC1
ZINC000267193691,CN(C)C1CCN(CCNc2cccc(C#N)n2)CC1
ZINC000267196572,CN(C)C1CCN(CCNc2ncccc2C#N)CC1
ZINC000288216849,CN(C)C1CCN(CCNc2cc(C#N)ccn2)CC1
ZINC000289192944,N#Cc1cccnc1N[C@@H](CO)CN1CCCCC1
ZINC000289192947,N#Cc1cccnc1N[C@H](CO)CN1CCCCC1
ZINC000291966547,Cc1nc(NCCN2CCC(N(C)C)CC2)ccc1C#N
ZINC000294829092,Cc1ccnc(N[C@@H](CO)CN2CCCCC2)c1C#N
ZINC000294829094,Cc1ccnc(N[C@H](CO)CN2CCCCC2)c1C#N
ZINC000295700850,N#Cc1cnc(N[C@@H](CO)CN2CCCCC2)c(Cl)c1
ZINC000295700853,N#Cc1cnc(N[C@H](CO)CN2CCCCC2)c(Cl)c1
ZINC000295700976,Cc1nc(N[C@H](CO)CN2CCCCC2)ccc1C#N
ZINC000295700978,Cc1nc(N[C@@H](CO)CN2CCCCC2)ccc1C#N
ZINC000295722529,N#Cc1cccc(N[C@@H](CO)CN2CCCCC2)n1
ZINC000295722533,N#Cc1cccc(N[C@H](CO)CN2CCCCC2)n1
ZINC000295730636,N#Cc1nc(N[C@@H](CO)CN2CCCCC2)ccc1Cl
ZINC000295730640,N#Cc1nc(N[C@H](CO)CN2CCCCC2)ccc1Cl
ZINC000295860942,Cc1c(Cl)cnc(NCCN2CCC(O)CC2)c1C#N
ZINC000295955132,N#Cc1cnc(NCCN2CCC(O)CC2)c(Cl)c1
ZINC000413171685,CN(C)C1CCN(CCNc2ncc(C#N)cc2F)CC1
ZINC000564740897,CC1CCN(CCNc2ccc(C#N)c(N)n2)CC1
ZINC000567521274,C[C@H](CN1CCCCC1)Nc1ccc(C#N)c(N)n1
ZINC000567521275,C[C@@H](CN1CCCCC1)Nc1ccc(C#N)c(N)n1
ZINC000573220998,CC1(C)CCCN(CCNc2ccc(C#N)c(N)n2)C1
ZINC000601164826,Cc1cc(C#N)cc(N[C@@H](CO)CN2CCCCC2)n1
ZINC000601164825,Cc1cc(C#N)cc(N[C@H](CO)CN2CCCCC2)n1
ZINC001161866816,Cc1cc(Cl)nc(NCCN2CCC(N)CC2)c1C#N
ZINC001161867521,N#Cc1cc(F)c(Cl)nc1NCCN1CCC(N)CC1
ZINC001161867609,N#Cc1cc(Cl)nc(NCCN2CCC(N)CC2)c1
ZINC001161867630,Cc1cnc(NCCN2CCC(N)CC2)c(C#N)c1
ZINC001161867694,CC(C)c1ccc(C#N)c(NCCN2CCC(N)CC2)n1
ZINC001161867763,Cc1cc(C#N)c(NCCN2CCC(N)CC2)nc1C
ZINC001161867873,N#Cc1cc(Cl)cc(NCCN2CCC(N)CC2)n1
ZINC001161867895,Cc1cc(NCCN2CCC(N)CC2)ncc1C#N
ZINC001161870861,N#Cc1cc(Cl)cnc1NCCN1CCC(N)CC1
ZINC001161870463,Cc1ccc(CC#N)c(NCCN2CCC(N)CC2)n1
ZINC001161871148,Cc1cnc(NCCN2CCC(N)CC2)c(C=NO)c1
ZINC001161871394,Cc1nc(NCCN2CCC(N)CC2)ccc1CC#N
ZINC001161872991,N#CCc1cnc(NCCN2CCC(N)CC2)c(Cl)c1
ZINC001262685993,C#Cc1ccc(NCCN2CCC(N(C)C)CC2)nc1
ZINC001337885646,C#Cc1ccc(NCCN2CCC(OC)CC2)nc1
ZINC001649755725,CN(C)C1CCN(CCNc2cccc(CC#N)n2)CC1
ZINC000040444319,CC1CCN(CCNc2ncccc2C#N)CC1
ZINC000040444340,CC1CCN(CCNc2ccc(C#N)cn2)CC1
ZINC000040772422,CC1CCN(CCNc2cc(C#N)ccn2)CC1
ZINC000044317501,C[C@@H](CN1CCCCC1)Nc1ccc(C#N)cn1
ZINC000044317502,C[C@H](CN1CCCCC1)Nc1ccc(C#N)cn1
ZINC000044419640,Cc1ccc(C#N)c(NCCN2CCCCC2)n1
ZINC000047873406,C[C@@H](CN1CCCCC1)Nc1ncccc1C#N
ZINC000047873407,C[C@H](CN1CCCCC1)Nc1ncccc1C#N
ZINC000049502216,C[C@@H](CN1CCCCC1)Nc1cc(C#N)ccn1
ZINC000049502218,C[C@H](CN1CCCCC1)Nc1cc(C#N)ccn1
ZINC000076776256,C[C@@H]1CCCN(CCNc2ccc(C#N)cn2)C1
ZINC000076776259,C[C@H]1CCCN(CCNc2ccc(C#N)cn2)C1
ZINC000077656693,C[C@@H]1CCCN(CCNc2ncccc2C#N)C1
ZINC000077656695,C[C@H]1CCCN(CCNc2ncccc2C#N)C1
ZINC000080117827,CC1CCN(CCNc2cccc(C#N)n2)CC1
ZINC000081595867,C[C@@H](CN1CCCCC1)Nc1cccc(C#N)n1
ZINC000081595868,C[C@H](CN1CCCCC1)Nc1cccc(C#N)n1
ZINC000124886900,Cc1ccnc(NCCN2CCCCC2)c1C#N
ZINC000267165414,C[C@@H]1CCCN(CCNc2cccc(C#N)n2)C1
ZINC000267165416,C[C@H]1CCCN(CCNc2cccc(C#N)n2)C1
ZINC000283533083,C[C@@H]1CCCN(CCNc2cc(C#N)ccn2)C1
ZINC000283533085,C[C@H]1CCCN(CCNc2cc(C#N)ccn2)C1
ZINC000291675467,Cc1nc(NCCN2CCCCC2)ccc1C#N
ZINC000596077959,Cc1ccc(C#N)nc1NCCN1CCCCC1
ZINC000853157373,C#Cc1cccnc1N[C@H](C)CN1CCCCC1
ZINC000853157374,C#Cc1cccnc1N[C@@H](C)CN1CCCCC1
ZINC000853160482,C#Cc1cccnc1NCCN1CCC(C)CC1
ZINC000853162027,C#Cc1cccnc1NCCN1CCC[C@@H](C)C1
ZINC000853162028,C#Cc1cccnc1NCCN1CCC[C@H](C)C1
ZINC000891837106,Cc1cc(C#N)nc(NCCN2CCCCC2)c1
ZINC001116662042,N#CCc1cccc(NCCN2CCCCC2)n1
ZINC001336471676,C#Cc1ccc(N[C@H](C)CN2CCCCC2)nc1
ZINC001336471678,C#Cc1ccc(N[C@@H](C)CN2CCCCC2)nc1
ZINC001347916914,C#Cc1ccc(NCCN2CCC[C@@H](C)C2)nc1
ZINC001347916915,C#Cc1ccc(NCCN2CCC[C@H](C)C2)nc1
ZINC001354079457,C#Cc1ccc(NCCN2CCC(C)CC2)nc1
ZINC001223022218,C=C[C@@H](CC(=O)OC(C)(C)C)O[C@H]1c2ccccc2N(C)S(=O)(=O)c2cc(Cl)ccc21
ZINC001223022224,C=C[C@@H](CC(=O)OC(C)(C)C)O[C@@H]1c2ccccc2N(C)S(=O)(=O)c2cc(Cl)ccc21
ZINC001223022233,C=C[C@H](CC(=O)OC(C)(C)C)O[C@@H]1c2ccccc2N(C)S(=O)(=O)c2cc(Cl)ccc21
ZINC001223022241,C=C[C@H](CC(=O)OC(C)(C)C)O[C@H]1c2ccccc2N(C)S(=O)(=O)c2cc(Cl)ccc21
ZINC000003787591,CN(C(=O)Cc1ccc(Cl)c(Cl)c1)[C@H](CN1CCCC1)c1cccc(OCC(=O)O)c1
ZINC000001229371,c1ccc(C2CCC(NCCc3c[nH]c4ccccc34)CC2)cc1
ZINC000450861900,N#Cc1nc(NCCN2CCC(O)CC2)ccc1Cl
ZINC000589101206,N#Cc1ccc(N[C@@H](CO)CN2CCCCC2)nc1
ZINC000589101207,N#Cc1ccc(N[C@H](CO)CN2CCCCC2)nc1
ZINC000594555442,CN(C)C1CCN(CCNc2ccc(C#N)c(N)n2)CC1
ZINC000594557773,COC1CCN(CCNc2ccc(C#N)c(N)n2)CC1
ZINC001161867246,N#Cc1cc([N+](=O)[O-])cnc1NCCN1CCC(N)CC1
ZINC001161866855,N#Cc1cnc(NCCN2CCC(N)CC2)c(C#N)c1
ZINC001161867435,COc1ccnc(NCCN2CCC(N)CC2)c1C#N
ZINC001161867526,COc1cc(C#N)nc(NCCN2CCC(N)CC2)c1
ZINC001161867559,N#Cc1ccnc(NCCN2CCC(N)CC2)c1F
ZINC001161867668,N#Cc1cc(F)cnc1NCCN1CCC(N)CC1
ZINC001161867743,N#Cc1c(F)ccnc1NCCN1CCC(N)CC1
ZINC001161870496,N#Cc1cnc(NCCN2CCC(N)CC2)c(F)c1
ZINC001161871328,N#CCc1ccnc(NCCN2CCC(N)CC2)c1
ZINC001161871367,COc1nc(NCCN2CCC(N)CC2)c(F)cc1C#N
ZINC001639919280,N#Cc1cnc(NCCN2CCC(O)CC2)c(F)c1
ZINC000076744794,C[C@@H]1CCCCN1[C@@H](C)CNc1ncc([N+](=O)[O-])cc1C#N
ZINC000076744798,C[C@H]1CCCCN1[C@@H](C)CNc1ncc([N+](=O)[O-])cc1C#N
ZINC000264472837,C[C@@H]1C[C@H](C)CN(C[C@@H](C)Nc2ncc([N+](=O)[O-])cc2C#N)C1
ZINC000264472839,C[C@@H]1C[C@@H](C)CN(C[C@@H](C)Nc2ncc([N+](=O)[O-])cc2C#N)C1
ZINC000264472841,C[C@@H]1C[C@@H](C)CN(C[C@H](C)Nc2ncc([N+](=O)[O-])cc2C#N)C1
ZINC000264472844,C[C@@H]1C[C@H](C)CN(C[C@H](C)Nc2ncc([N+](=O)[O-])cc2C#N)C1
ZINC000265010548,CC[C@@H]1CCCCN1CCNc1ncc([N+](=O)[O-])cc1C#N
ZINC000265010550,CC[C@H]1CCCCN1CCNc1ncc([N+](=O)[O-])cc1C#N
ZINC000268468860,C[C@@H]1CCCN(C(C)(C)CNc2nccc(C#N)c2[N+](=O)[O-])C1
ZINC000268468863,C[C@H]1CCCN(C(C)(C)CNc2nccc(C#N)c2[N+](=O)[O-])C1
ZINC000268518480,CC[C@@H]1CCCCN1CCNc1nccc(C#N)c1[N+](=O)[O-]
ZINC000268518482,CC[C@H]1CCCCN1CCNc1nccc(C#N)c1[N+](=O)[O-]
ZINC000268523323,C[C@@H]1C[C@H](C)CN(C[C@@H](C)Nc2nccc(C#N)c2[N+](=O)[O-])C1
ZINC000268523326,C[C@@H]1C[C@@H](C)CN(C[C@@H](C)Nc2nccc(C#N)c2[N+](=O)[O-])C1
ZINC000268523328,C[C@@H]1C[C@@H](C)CN(C[C@H](C)Nc2nccc(C#N)c2[N+](=O)[O-])C1
ZINC000268523331,C[C@@H]1C[C@H](C)CN(C[C@H](C)Nc2nccc(C#N)c2[N+](=O)[O-])C1
ZINC000296607272,N#Cc1cc(Br)cnc1NCCN1CCCCC1
ZINC000301220223,C=CCNC(=O)c1ccc(NC[C@H](C)N2CCC[C@@H](C)C2)nc1
ZINC000301220224,C=CCNC(=O)c1ccc(NC[C@H](C)N2CCC[C@H](C)C2)nc1
ZINC000301220225,C=CCNC(=O)c1ccc(NC[C@@H](C)N2CCC[C@@H](C)C2)nc1
ZINC000301220226,C=CCNC(=O)c1ccc(NC[C@@H](C)N2CCC[C@H](C)C2)nc1
ZINC000341837015,C[C@@H]1C[C@H](C)CN(C[C@@H](C)Nc2nccc(C#N)c2Cl)C1
ZINC000341837016,C[C@@H]1C[C@@H](C)CN(C[C@@H](C)Nc2nccc(C#N)c2Cl)C1
ZINC000341837018,C[C@@H]1C[C@@H](C)CN(C[C@H](C)Nc2nccc(C#N)c2Cl)C1
ZINC000341837019,C[C@@H]1C[C@H](C)CN(C[C@H](C)Nc2nccc(C#N)c2Cl)C1
ZINC000341923489,C[C@@H]1CCCN(C(C)(C)CNc2ncc([N+](=O)[O-])cc2C#N)C1
ZINC000341923504,C[C@H]1CCCN(C(C)(C)CNc2ncc([N+](=O)[O-])cc2C#N)C1
ZINC000342114760,C[C@@H]1CCCN(C(C)(C)CNc2nccc(C#N)c2Cl)C1
ZINC000342114770,C[C@H]1CCCN(C(C)(C)CNc2nccc(C#N)c2Cl)C1
ZINC000343481122,Cc1c(Cl)cnc(NC[C@H](C)N2CCC[C@@H](C)C2)c1C#N
ZINC000343481124,Cc1c(Cl)cnc(NC[C@@H](C)N2CCC[C@H](C)C2)c1C#N
ZINC000343481127,Cc1c(Cl)cnc(NC[C@H](C)N2CCC[C@H](C)C2)c1C#N
ZINC000343481131,Cc1c(Cl)cnc(NC[C@@H](C)N2CCC[C@@H](C)C2)c1C#N
ZINC000443509444,C[C@H](CN1CCCCC1)Nc1ccc(C(F)(F)F)c(C#N)n1
ZINC000443509445,C[C@@H](CN1CCCCC1)Nc1ccc(C(F)(F)F)c(C#N)n1
ZINC000443509582,C[C@@H]1CCCCN1CCNc1ccc(C(F)(F)F)c(C#N)n1
ZINC000443509585,C[C@H]1CCCCN1CCNc1ccc(C(F)(F)F)c(C#N)n1
ZINC000576660134,C[C@@H]1CCCN(CCNc2ccc(C(F)(F)F)c(C#N)n2)C1
ZINC000576660135,C[C@H]1CCCN(CCNc2ccc(C(F)(F)F)c(C#N)n2)C1
ZINC000590702043,CC(C)(C)c1ccc(C#N)c(N[C@H](CO)CN2CCCCC2)n1
ZINC000590702045,CC(C)(C)c1ccc(C#N)c(N[C@@H](CO)CN2CCCCC2)n1
ZINC000593516076,CN(CCN1CCCCC1)c1ncc(Br)cc1C#N
ZINC000593517359,CN(CCN1CCCCC1)c1nc(C(F)(F)F)ccc1C#N
ZINC000613427229,COC1CCN(CCNc2nc(C(C)(C)C)ccc2C#N)CC1
ZINC000664456644,C=CCNC(=O)c1ccc(N[C@@H](C)CN2CCC(C)CC2)nc1
ZINC000664456645,C=CCNC(=O)c1ccc(N[C@H](C)CN2CCC(C)CC2)nc1
ZINC000881809036,N#Cc1cnc(NCCN2CCCCC2)c(Br)c1
ZINC000882516670,CN(CCN1CCCCC1)c1ncc(C#N)cc1Br
ZINC001160746750,N#Cc1cc(F)c(Cl)nc1NCCN1CCC(F)(F)CC1
ZINC001160747088,N#Cc1c(Cl)ccnc1NCCN1CCC(F)(F)CC1
ZINC001160747279,N#Cc1nc(NCCN2CCC(F)(F)CC2)ccc1Cl
ZINC001160747899,N#Cc1cc(Cl)nc(NCCN2CCC(F)(F)CC2)c1
ZINC001160747971,N#Cc1cnc(NCCN2CCC(F)(F)CC2)c(Cl)c1
ZINC001160749500,N#Cc1cc(Cl)cc(NCCN2CCC(F)(F)CC2)n1
ZINC001160752622,N#Cc1cc(Cl)cnc1NCCN1CCC(F)(F)CC1
ZINC001160753721,N#CCc1cnc(NCCN2CCC(F)(F)CC2)c(Cl)c1
ZINC001336461521,N#Cc1ccc(Br)nc1NCCN1CCCCC1
ZINC001339759510,CN(CCN1CCCCC1)c1nc(Br)ccc1C#N
ZINC001412870029,C[C@@H]1CCCN(CCNc2ncc(C#N)cc2Br)C1
ZINC001412870032,C[C@H]1CCCN(CCNc2ncc(C#N)cc2Br)C1
ZINC001421044514,CC1CCN(CCNc2ncc(C#N)cc2Br)CC1
ZINC000021985496,CN1c2ccccc2[C@@H](N)c2ccc(Cl)cc2S1(=O)=O
ZINC000021985498,CN1c2ccccc2[C@H](N)c2ccc(Cl)cc2S1(=O)=O
ZINC000092026888,Cc1cc(NCCN2CCC(C)CC2)ncc1[N+](=O)[O-]
ZINC000891792461,COc1cc([N+](=O)[O-])cnc1N[C@H](C)CN1CCCCC1
ZINC000891792462,COc1cc([N+](=O)[O-])cnc1N[C@@H](C)CN1CCCCC1
ZINC000891830094,COc1cc([N+](=O)[O-])cnc1NCCN1CCC(C)CC1
ZINC000341931414,Cc1cc([N+](=O)[O-])cnc1NC[C@@H](C)N1CCCC[C@H]1C
ZINC000341931417,Cc1cc([N+](=O)[O-])cnc1NC[C@H](C)N1CCCC[C@H]1C
ZINC000341931420,Cc1cc([N+](=O)[O-])cnc1NC[C@@H](C)N1CCCC[C@@H]1C
ZINC000341931424,Cc1cc([N+](=O)[O-])cnc1NC[C@H](C)N1CCCC[C@@H]1C
ZINC000074740798,Cc1cc(NCCN2CCC[C@H](C)C2)ncc1[N+](=O)[O-]
ZINC000077656688,C[C@@H]1CCCN(CCNc2ccc([N+](=O)[O-])cn2)C1
ZINC000077656691,C[C@H]1CCCN(CCNc2ccc([N+](=O)[O-])cn2)C1
ZINC000584159363,C[C@H]1CCCN(CCNc2ncc([N+](=O)[O-])cc2F)C1
ZINC000584159364,C[C@@H]1CCCN(CCNc2ncc([N+](=O)[O-])cc2F)C1
ZINC000074740800,Cc1cc(NCCN2CCC[C@@H](C)C2)ncc1[N+](=O)[O-]
ZINC000161522307,Cc1nc(NCCN2CCCCC2)ccc1[N+](=O)[O-]
ZINC000161521936,Cc1nc(NCCN2CCC(C)CC2)ccc1[N+](=O)[O-]
ZINC000047873388,C[C@@H](CN1CCCCC1)Nc1ncccc1[N+](=O)[O-]
ZINC000047873389,C[C@H](CN1CCCCC1)Nc1ncccc1[N+](=O)[O-]
ZINC000047873394,C[C@@H](CN1CCCCC1)Nc1ccc([N+](=O)[O-])cn1
ZINC000047873395,C[C@H](CN1CCCCC1)Nc1ccc([N+](=O)[O-])cn1
ZINC000078630935,Cc1cnc(NCCN2CCC[C@@H](C)C2)c([N+](=O)[O-])c1
ZINC000078630929,Cc1cnc(NCCN2CCC[C@H](C)C2)c([N+](=O)[O-])c1
ZINC000128912397,Cc1ccc([N+](=O)[O-])c(NCCN2CCCCC2)n1
ZINC000413090459,C[C@H](CN1CCCCC1)Nc1ncc([N+](=O)[O-])cc1F
ZINC000052812761,Cc1cc([N+](=O)[O-])cnc1NCCN1CCCCC1
ZINC000052812573,Cc1cc([N+](=O)[O-])cnc1NCCN1CCC(C)CC1
ZINC000443963836,Cc1cc([N+](=O)[O-])cnc1NCCN1CCCC(C)(C)C1
ZINC000121382479,Cc1ccc([N+](=O)[O-])c(NCCN2CCC[C@H](C)C2)n1
ZINC000121382657,Cc1ccc([N+](=O)[O-])c(NCCN2CCC[C@@H](C)C2)n1
ZINC000573573452,O=[N+]([O-])c1cnc(NCCN2CCCCC2)c(F)c1
ZINC000573812017,CC1CCN(CCNc2ncc([N+](=O)[O-])cc2F)CC1
ZINC000596489529,Cc1nc(N[C@H](C)CN2CCC(C)CC2)ccc1[N+](=O)[O-]
ZINC000593515342,Cc1ccnc(N(C)CCN2CCCCC2)c1[N+](=O)[O-]
ZINC000593514434,CN(CCN1CCCCC1)c1ncc([N+](=O)[O-])cc1F
ZINC000593515786,Cc1cnc(N(C)CCN2CCCCC2)c([N+](=O)[O-])c1
ZINC000593516108,Cc1cc([N+](=O)[O-])cnc1N(C)CCN1CCCCC1
ZINC000593516678,Cc1cc(N(C)CCN2CCCCC2)ncc1[N+](=O)[O-]
ZINC000593517929,Cc1nc(N(C)CCN2CCCCC2)ccc1[N+](=O)[O-]
ZINC000596489534,Cc1nc(N[C@@H](C)CN2CCC(C)CC2)ccc1[N+](=O)[O-]
ZINC000443959562,Cc1nc(NCCN2CCCC(C)(C)C2)ccc1[N+](=O)[O-]
ZINC000443970980,Cc1cc(NCCN2CCCC(C)(C)C2)ncc1[N+](=O)[O-]
ZINC000090692220,Cc1cnc(NCCN2CCCCC2)c([N+](=O)[O-])c1
ZINC000090692121,Cc1cnc(NCCN2CCC(C)CC2)c([N+](=O)[O-])c1
ZINC000301310210,Cc1ccnc(NCCN2CCC[C@@H](C)C2)c1[N+](=O)[O-]
ZINC000301310211,Cc1ccnc(NCCN2CCC[C@H](C)C2)c1[N+](=O)[O-]
ZINC000349414229,Cc1nc(NC[C@H](C)N2CCCC[C@H]2C)ccc1[N+](=O)[O-]
ZINC000349414230,Cc1nc(NC[C@@H](C)N2CCCC[C@@H]2C)ccc1[N+](=O)[O-]
ZINC000349414231,Cc1nc(NC[C@H](C)N2CCCC[C@@H]2C)ccc1[N+](=O)[O-]
ZINC000349414232,Cc1nc(NC[C@@H](C)N2CCCC[C@H]2C)ccc1[N+](=O)[O-]
ZINC000081275252,Cc1cc(NCCN2CCCCC2)ncc1[N+](=O)[O-]
ZINC000070496035,Cc1ccnc(NCCN2CCC(C)CC2)c1[N+](=O)[O-]
ZINC000070496170,Cc1ccnc(NCCN2CCCCC2)c1[N+](=O)[O-]
ZINC000162722503,Cc1ccc([N+](=O)[O-])c(NCCN2CCC(C)CC2)n1
ZINC000040444326,CC1CCN(CCNc2ccc([N+](=O)[O-])cn2)CC1
ZINC000040444316,CC1CCN(CCNc2ncccc2[N+](=O)[O-])CC1
ZINC000824614965,COc1cc([N+](=O)[O-])cnc1NCCN1CCC[C@@H](C)C1
ZINC000824614967,COc1cc([N+](=O)[O-])cnc1NCCN1CCC[C@H](C)C1
ZINC000845768984,Cc1ccc([N+](=O)[O-])c(N(C)CCN2CCCCC2)n1
ZINC000348177083,Cc1cc(NC[C@@H](C)N2CCCC[C@H]2C)ncc1[N+](=O)[O-]
ZINC000348177088,Cc1cc(NC[C@H](C)N2CCCC[C@H]2C)ncc1[N+](=O)[O-]
ZINC000348177091,Cc1cc(NC[C@@H](C)N2CCCC[C@@H]2C)ncc1[N+](=O)[O-]
ZINC000348177094,Cc1cc(NC[C@H](C)N2CCCC[C@@H]2C)ncc1[N+](=O)[O-]
ZINC000267221060,Cc1cc([N+](=O)[O-])cnc1NCCN1CCC[C@@H](C)C1
ZINC000267221062,Cc1cc([N+](=O)[O-])cnc1NCCN1CCC[C@H](C)C1
ZINC000268512310,Cc1nc(NCCN2CCC[C@@H](C)C2)ccc1[N+](=O)[O-]
ZINC000268512313,Cc1nc(NCCN2CCC[C@H](C)C2)ccc1[N+](=O)[O-]
ZINC000352987256,C[C@H](CNc1ccc([N+](=O)[O-])cn1)N1CCCC[C@@H]1C
ZINC000352987257,C[C@@H]1CCCCN1[C@H](C)CNc1ccc([N+](=O)[O-])cn1
ZINC000298491127,C[C@@H]1CCCN(CCNc2ncccc2[N+](=O)[O-])C1
ZINC000298491134,C[C@H]1CCCN(CCNc2ncccc2[N+](=O)[O-])C1
ZINC000413090458,C[C@@H](CN1CCCCC1)Nc1ncc([N+](=O)[O-])cc1F
ZINC001160746754,O=[N+]([O-])c1cccc(NCCN2CCC(F)(F)CC2)n1
ZINC001160747614,O=[N+]([O-])c1ccnc(NCCN2CCC(F)(F)CC2)c1
ZINC000054059135,C[C@@H]1CCCCN1[C@@H](C)CNc1ncc(C(N)=O)cc1Cl
ZINC000054059136,C[C@H]1CCCCN1[C@@H](C)CNc1ncc(C(N)=O)cc1Cl
ZINC000068691420,C[C@@H]1C[C@H](C)CN(C[C@@H](C)Nc2ncc(C(N)=O)cc2Cl)C1
ZINC000068691422,C[C@@H]1C[C@@H](C)CN(C[C@@H](C)Nc2ncc(C(N)=O)cc2Cl)C1
ZINC000068698653,C[C@@H]1CCCN(C(C)(C)CNc2ncc(C(N)=O)cc2Cl)C1
ZINC000068698656,C[C@H]1CCCN(C(C)(C)CNc2ncc(C(N)=O)cc2Cl)C1
ZINC000080249706,COC1CCN(CCNc2cccc(C(F)(F)F)n2)CC1
ZINC000080250385,COC1CCN(CCNc2ccc(C(F)(F)F)cn2)CC1
ZINC000080250391,COC1CCN(CCNc2ncccc2C(F)(F)F)CC1
ZINC000080267737,COC1CCN(CCNc2cc(C(F)(F)F)ccn2)CC1
ZINC000091458858,C[C@@H]1C[C@H](C)CN(C[C@@H](C)Nc2ccc(C(=O)N(C)C)cn2)C1
ZINC000091458862,C[C@@H]1C[C@@H](C)CN(C[C@@H](C)Nc2ccc(C(=O)N(C)C)cn2)C1
ZINC000091458900,CCNC(=O)c1ccc(N[C@@H](C)CN2C[C@H](C)C[C@H](C)C2)nc1
ZINC000091458901,CCNC(=O)c1ccc(N[C@H](C)CN2C[C@H](C)C[C@H](C)C2)nc1
ZINC000091458905,CCNC(=O)c1ccc(N[C@H](C)CN2C[C@@H](C)C[C@H](C)C2)nc1
ZINC000101636643,O=C(Cc1ccccc1O)N[C@H](CN1CCCC1)c1ccccc1
ZINC000121807319,O=c1[nH]c2ccccc2n1C1CCN(Cc2cccc(O)c2)CC1
ZINC000132649728,O=C(Cc1ccc(O)cc1)N[C@H](CN1CCCC1)c1ccccc1
ZINC000155638622,Nc1ccccc1CC(=O)N[C@H](CN1CCCC1)c1ccccc1
ZINC000179683451,O=C(N[C@H](CN1CCCC1)c1ccccc1)C(O)c1ccccc1
ZINC000179683481,O=C(N[C@H](CN1CCCC1)c1ccccc1)C(O)c1ccccc1
ZINC000229529763,Fc1cc(Br)cnc1NCCN1CCCCC1
ZINC000261750075,Nc1cccc(CN2CCC(n3c(=O)[nH]c4ccccc43)CC2)c1
ZINC000262968222,CC1CCN([C@@H](CNc2cccc(C(=O)O)n2)C(C)C)CC1
ZINC000262968224,CC1CCN([C@H](CNc2cccc(C(=O)O)n2)C(C)C)CC1
ZINC000267166341,CN(C)C1CCN(CCNc2ncccc2C(F)(F)F)CC1
ZINC000267201803,C[C@H](CN1CCCCC1)Nc1ncc(C(=O)N(C)C)cc1Cl
ZINC000267201808,C[C@@H](CN1CCCCC1)Nc1ncc(C(=O)N(C)C)cc1Cl
ZINC000267206663,CN(C)C1CCN(CCNc2ccc(C(F)(F)F)cn2)CC1
ZINC000267206696,CN(C)C1CCN(CCNc2cccc(C(F)(F)F)n2)CC1
ZINC000267218741,CCCNC(=O)c1ccc(N[C@@H](C)CN2CCCCC2)nc1
ZINC000267218742,CCCNC(=O)c1ccc(N[C@H](C)CN2CCCCC2)nc1
ZINC000267391797,CN(C)C1CCN(CCNc2cc(C(F)(F)F)ccn2)CC1
ZINC000271660387,C[C@@H]1C[C@@H](C)CN(C[C@H](C)Nc2ccc(C(=O)N(C)C)cn2)C1
ZINC000271660391,C[C@@H]1C[C@H](C)CN(C[C@H](C)Nc2ccc(C(=O)N(C)C)cn2)C1
ZINC000288205037,CN(C)C1CCN(CCNc2ncc(Cl)cc2Cl)CC1
ZINC000295924537,OC1CCN(CCNc2ncc(C(F)(F)F)cc2Cl)CC1
ZINC000295932563,OC1CCN(CCNc2ccc(C(F)(F)F)c(Cl)n2)CC1
ZINC000298759227,C[C@@H]1CCCN(CCNc2ncc(C(=O)N(C)C)cc2Cl)C1
ZINC000298759231,C[C@H]1CCCN(CCNc2ncc(C(=O)N(C)C)cc2Cl)C1
ZINC000298764190,CC1CCN(CCNc2ncc(C(=O)N(C)C)cc2Cl)CC1
ZINC000301063294,CCOC(=O)c1ccc(NC[C@H](C)N2CCC[C@H](C)C2)nc1
ZINC000301063298,CCOC(=O)c1ccc(NC[C@H](C)N2CCC[C@@H](C)C2)nc1
ZINC000301063302,CCOC(=O)c1ccc(NC[C@@H](C)N2CCC[C@H](C)C2)nc1
ZINC000301063303,CCOC(=O)c1ccc(NC[C@@H](C)N2CCC[C@@H](C)C2)nc1
ZINC000301164885,C[C@@H]1C[C@H](C)CN(C[C@H](C)Nc2ncc(C(N)=O)cc2Cl)C1
ZINC000301164887,C[C@@H]1C[C@@H](C)CN(C[C@H](C)Nc2ncc(C(N)=O)cc2Cl)C1
ZINC000301223542,CCCNC(=O)c1ccc(NC[C@H](C)N2CCC[C@@H](C)C2)nc1
ZINC000301223543,CCCNC(=O)c1ccc(NC[C@H](C)N2CCC[C@H](C)C2)nc1
ZINC000301223544,CCCNC(=O)c1ccc(NC[C@@H](C)N2CCC[C@@H](C)C2)nc1
ZINC000301223545,CCCNC(=O)c1ccc(NC[C@@H](C)N2CCC[C@H](C)C2)nc1
ZINC000301242517,CC[C@@H]1CCCCN1CCNc1ncc(C(N)=O)cc1Cl
ZINC000301242518,CC[C@H]1CCCCN1CCNc1ncc(C(N)=O)cc1Cl
ZINC000301250143,CCNC(=O)c1ccc(NCCN2CCCC[C@@H]2CC)nc1
ZINC000301250144,CCNC(=O)c1ccc(NCCN2CCCC[C@H]2CC)nc1
ZINC000301909210,COC(=O)c1ccc(NC[C@@H](C)N2CCC[C@@H](C)C2)nc1C
ZINC000301909211,COC(=O)c1ccc(NC[C@H](C)N2CCC[C@@H](C)C2)nc1C
ZINC000301909213,COC(=O)c1ccc(NC[C@@H](C)N2CCC[C@H](C)C2)nc1C
ZINC000301909214,COC(=O)c1ccc(NC[C@H](C)N2CCC[C@H](C)C2)nc1C
ZINC000301962550,CC[C@H]1CCCCN1CCNc1ccc(C(=O)OC)c(C)n1
ZINC000301962552,CC[C@@H]1CCCCN1CCNc1ccc(C(=O)OC)c(C)n1
ZINC000302004914,CCNC(=O)c1ccc(N[C@H](C)CN2C[C@H](C)C[C@@H](C)C2)nc1
ZINC000302229066,CC(C)OC(=O)c1cccnc1N[C@@H](C)CN1CCCCC1
ZINC000302229068,CC(C)OC(=O)c1cccnc1N[C@H](C)CN1CCCCC1
ZINC000302233305,CC(C)OC(=O)c1cccnc1NCCN1CCC[C@H](C)C1
ZINC000302233307,CC(C)OC(=O)c1cccnc1NCCN1CCC[C@@H](C)C1
ZINC000302237395,CC1CCN(CCNc2ncccc2C(=O)OC(C)C)CC1
ZINC000338646810,CC(C)(C)OC(=O)c1cccc(NCCN2CCCCC2)n1
ZINC000339951554,C[C@@H]1CCCCN1[C@H](C)CNc1ncc(C(N)=O)cc1Cl
ZINC000339951555,C[C@H](CNc1ncc(C(N)=O)cc1Cl)N1CCCC[C@@H]1C
ZINC000343343216,CCCN(CCN1CCCCC1)c1ncc(C(N)=O)cc1Cl
ZINC000388231461,O=C(O)c1ccc(C(F)(F)F)nc1NCCN1CCCCC1
ZINC000423318655,Nc1cccc(CC(=O)N[C@H](CN2CCCC2)c2ccccc2)c1
ZINC000443954286,CC1(C)CCCN(CCNc2ccc(Br)cn2)C1
ZINC000518299965,COC(=O)c1ccc(NCCN2CCCC(C)(C)C2)nc1C
ZINC000593515646,CN(CCN1CCCCC1)c1cccc(C(=O)OC(C)(C)C)n1
ZINC000593516633,CC(C)OC(=O)c1cccnc1N(C)CCN1CCCCC1
ZINC000604379734,COC(=O)c1ccnc(N[C@H](C)CN2C[C@H](C)C[C@H](C)C2)c1
ZINC000604379735,COC(=O)c1ccnc(N[C@H](C)CN2C[C@@H](C)C[C@H](C)C2)c1
ZINC000604379736,COC(=O)c1ccnc(N[C@H](C)CN2C[C@H](C)C[C@@H](C)C2)c1
ZINC000604379737,COC(=O)c1ccnc(N[C@@H](C)CN2C[C@H](C)C[C@H](C)C2)c1
ZINC000624354772,CN(CCN1CCCCC1)c1ncc(Br)cc1F
ZINC000641446002,CN(C)C1CCN(CCNc2cc(C(C)(C)C)ccn2)CC1
ZINC000642326864,CC1CCN([C@@H](CNc2ncccc2C(=O)O)C(C)C)CC1
ZINC000642326865,CC1CCN([C@H](CNc2ncccc2C(=O)O)C(C)C)CC1
ZINC000647445904,C[C@@H]1CCCN([C@H](C)CNc2ncc(C(=O)O)cc2Cl)C1
ZINC000647445905,C[C@@H]1CCCN([C@@H](C)CNc2ncc(C(=O)O)cc2Cl)C1
ZINC000647445906,C[C@H]1CCCN([C@@H](C)CNc2ncc(C(=O)O)cc2Cl)C1
ZINC000647445907,C[C@H]1CCCN([C@H](C)CNc2ncc(C(=O)O)cc2Cl)C1
ZINC000647448652,CC1CCN([C@@H](CNc2ccc(C(=O)O)cn2)C(C)C)CC1
ZINC000647448653,CC1CCN([C@H](CNc2ccc(C(=O)O)cn2)C(C)C)CC1
ZINC000647454590,CC1(C)CCCN(CCNc2ncc(C(=O)O)cc2Cl)C1
ZINC000662886646,CC1CCN(C[C@@H](C)Nc2ncc(C(=O)O)cc2Cl)CC1
ZINC000662886647,CC1CCN(C[C@H](C)Nc2ncc(C(=O)O)cc2Cl)CC1
ZINC000664457280,CCCNC(=O)c1ccc(N[C@@H](C)CN2CCC(C)CC2)nc1
ZINC000664457281,CCCNC(=O)c1ccc(N[C@H](C)CN2CCC(C)CC2)nc1
ZINC000672232368,COC1CCN(CCNc2ncc(Cl)cc2Cl)CC1
ZINC000681390473,COC1CCN(CCNc2ccc(OC(F)(F)F)cn2)CC1
ZINC000813587927,COC(=O)c1ccc(N[C@H](C)CN2C[C@H](C)C[C@H](C)C2)nc1
ZINC000813587928,COC(=O)c1ccc(N[C@H](C)CN2C[C@@H](C)C[C@H](C)C2)nc1
ZINC000813587929,COC(=O)c1ccc(N[C@H](C)CN2C[C@H](C)C[C@@H](C)C2)nc1
ZINC000813587930,COC(=O)c1ccc(N[C@@H](C)CN2C[C@H](C)C[C@H](C)C2)nc1
ZINC000910290900,Cc1nc(N[C@H](C)CN2C[C@H](C)C[C@H](C)C2)ccc1C(=O)O
ZINC000910290901,Cc1nc(N[C@H](C)CN2C[C@H](C)C[C@@H](C)C2)ccc1C(=O)O
ZINC000910290902,Cc1nc(N[C@H](C)CN2C[C@@H](C)C[C@H](C)C2)ccc1C(=O)O
ZINC000910290903,Cc1nc(N[C@@H](C)CN2C[C@H](C)C[C@H](C)C2)ccc1C(=O)O
ZINC000910361905,CCCN(CCN1CCCCC1)c1ccc(C(=O)O)c(C)n1
ZINC001160748484,COc1cc(Cl)cnc1NCCN1CCC(F)(F)CC1
ZINC001160748773,COc1ccc(Cl)c(NCCN2CCC(F)(F)CC2)n1
ZINC001160749071,COc1ccc(Cl)nc1NCCN1CCC(F)(F)CC1
ZINC001160749290,COc1cc(Cl)nc(NCCN2CCC(F)(F)CC2)c1
ZINC001160749326,COc1cc(Cl)cc(NCCN2CCC(F)(F)CC2)n1
ZINC001160752044,Nc1cc(F)c(Cl)nc1NCCN1CCC(F)(F)CC1
ZINC001160752735,COc1nc(NCCN2CCC(F)(F)CC2)ccc1Cl
ZINC001161871401,Cc1nc(NCCN2CCC(N)CC2)c(Cl)cc1Cl
ZINC001413881415,COC(=O)c1cnc(NCCN2CCC[C@@H](C)C2)c(Cl)c1
ZINC001413881425,COC(=O)c1cnc(NCCN2CCC[C@H](C)C2)c(Cl)c1
ZINC001434440633,COC(=O)c1cnc(NCCN2CCC(C)CC2)c(Cl)c1
ZINC001458097758,COC(=O)c1cnc(N[C@H](C)CN2CCCCC2)c(Cl)c1
ZINC001458097762,COC(=O)c1cnc(N[C@@H](C)CN2CCCCC2)c(Cl)c1
ZINC001608977470,O=C(O)c1cnc(NCCN2CCCCC2)c(C(F)(F)F)c1
ZINC001610863512,O=C(O)c1cnc(NCCN2CCCCC2)cc1C(F)(F)F
ZINC001776643781,CC1CCN([C@@H](CNc2cc(C(=O)O)ccn2)C(C)C)CC1
ZINC001776643782,CC1CCN([C@H](CNc2cc(C(=O)O)ccn2)C(C)C)CC1
ZINC001776811034,CCCN(CCN1CCCCC1)c1nc(C)ccc1C(=O)O
ZINC000828445616,CC(Oc1ccccc1CN1CCC(n2c(=O)[nH]c3ccccc32)CC1)C(=O)O
ZINC000828445624,CC(Oc1ccccc1CN1CCC(n2c(=O)[nH]c3ccccc32)CC1)C(=O)O
ZINC000063871875,COc1ccc(C)cc1C(C(=O)O)N1CCC(n2c(=O)[nH]c3ccccc32)CC1
ZINC000063871877,COc1ccc(C)cc1C(C(=O)O)N1CCC(n2c(=O)[nH]c3ccccc32)CC1
ZINC000079905900,C[C@@H]1CCCN([C@@H](C)CNc2ncc([N+](=O)[O-])cc2C#N)C1
ZINC000079905902,C[C@H]1CCCN([C@@H](C)CNc2ncc([N+](=O)[O-])cc2C#N)C1
ZINC000264485959,C[C@@H]1CCCN(C[C@H](C)Nc2ncc([N+](=O)[O-])cc2C#N)C1
ZINC000264485962,C[C@H]1CCCN(C[C@@H](C)Nc2ncc([N+](=O)[O-])cc2C#N)C1
ZINC000264485966,C[C@H]1CCCN(C[C@H](C)Nc2ncc([N+](=O)[O-])cc2C#N)C1
ZINC000264485969,C[C@@H]1CCCN(C[C@@H](C)Nc2ncc([N+](=O)[O-])cc2C#N)C1
ZINC000264895041,C=CCNC(=O)c1ccc(NCCN2CCC(C)CC2)nc1
ZINC000267158101,CN(C)C1CCN(CCNc2ncc(C#N)cc2Cl)CC1
ZINC000267187849,CN(C)C1CCN(CCNc2ccc(Cl)c(C#N)n2)CC1
ZINC000267239782,C=CCNC(=O)c1ccc(N[C@@H](C)CN2CCCCC2)nc1
ZINC000267239784,C=CCNC(=O)c1ccc(N[C@H](C)CN2CCCCC2)nc1
ZINC000267248005,Cc1cc(C)c(C#N)c(NCCN2CCC(N(C)C)CC2)n1
ZINC000267258204,C=CCNC(=O)c1ccc(NCCN2CCC[C@H](C)C2)nc1
ZINC000267258206,C=CCNC(=O)c1ccc(NCCN2CCC[C@@H](C)C2)nc1
ZINC000268533777,C[C@@H]1CCCN(C[C@H](C)Nc2nccc(C#N)c2[N+](=O)[O-])C1
ZINC000268533782,C[C@H]1CCCN(C[C@@H](C)Nc2nccc(C#N)c2[N+](=O)[O-])C1
ZINC000268533788,C[C@H]1CCCN(C[C@H](C)Nc2nccc(C#N)c2[N+](=O)[O-])C1
ZINC000268533793,C[C@@H]1CCCN(C[C@@H](C)Nc2nccc(C#N)c2[N+](=O)[O-])C1
ZINC000268539927,C[C@@H]1CCCN([C@@H](C)CNc2nccc(C#N)c2[N+](=O)[O-])C1
ZINC000268539930,C[C@H]1CCCN([C@H](C)CNc2nccc(C#N)c2[N+](=O)[O-])C1
ZINC000268539933,C[C@H]1CCCN([C@@H](C)CNc2nccc(C#N)c2[N+](=O)[O-])C1
ZINC000268539935,C[C@@H]1CCCN([C@H](C)CNc2nccc(C#N)c2[N+](=O)[O-])C1
ZINC000273391565,Cc1c(Cl)cnc(NCCN2CCC(N(C)C)CC2)c1C#N
ZINC000292356862,Cc1nc(NCCN2CCC(N(C)C)CC2)c(Cl)cc1C#N
ZINC000295637096,Cc1c(Cl)cnc(N[C@@H](CO)CN2CCCCC2)c1C#N
ZINC000295637098,Cc1c(Cl)cnc(N[C@H](CO)CN2CCCCC2)c1C#N
ZINC000295676412,Cc1nc(N[C@@H](CO)CN2CCCCC2)c(Cl)cc1C#N
ZINC000295676415,Cc1nc(N[C@H](CO)CN2CCCCC2)c(Cl)cc1C#N
ZINC000298735529,C[C@H]1CCCN([C@H](C)CNc2ncc([N+](=O)[O-])cc2C#N)C1
ZINC000298735533,C[C@@H]1CCCN([C@H](C)CNc2ncc([N+](=O)[O-])cc2C#N)C1
ZINC000301260551,C#CCNC(=O)c1ccc(NCCN2CCCC[C@@H]2CC)nc1
ZINC000301260554,C#CCNC(=O)c1ccc(NCCN2CCCC[C@H]2CC)nc1
ZINC000354636775,C=CCNC(=O)c1ccc(NCCN2CCCC[C@@H]2CC)nc1
ZINC000354636776,C=CCNC(=O)c1ccc(NCCN2CCCC[C@H]2CC)nc1
ZINC000450260080,C[C@@H]1CCCN(CCNc2ncc(Br)cc2C#N)C1
ZINC000450260081,C[C@H]1CCCN(CCNc2ncc(Br)cc2C#N)C1
ZINC000572179203,CC1CCN([C@@H](CNc2ccc(C#N)c(N)n2)C(C)C)CC1
ZINC000572179204,CC1CCN([C@H](CNc2ccc(C#N)c(N)n2)C(C)C)CC1
ZINC000589688840,COC1CCN(CCNc2nc(C)c(C#N)cc2Cl)CC1
ZINC000590728473,CC(C)(C)c1ccc(C#N)c(NCCN2CCC(O)CC2)n1
ZINC000596486769,CC1CCN(C[C@@H](C)Nc2ncc([N+](=O)[O-])cc2C#N)CC1
ZINC000596486770,CC1CCN(C[C@H](C)Nc2ncc([N+](=O)[O-])cc2C#N)CC1
ZINC000612084740,COC1CCN(CCNc2ncc(Cl)c(C)c2C#N)CC1
ZINC000853424231,C#CCCCOc1cccnc1NCCN1CCC(OC)CC1
ZINC001160748842,N#Cc1ccc([N+](=O)[O-])c(NCCN2CCC(F)(F)CC2)n1
ZINC001160749055,N#Cc1cc([N+](=O)[O-])cnc1NCCN1CCC(F)(F)CC1
ZINC001160753043,C=CCNC(=O)c1cccnc1NCCN1CCC(F)(F)CC1
ZINC001160753159,COc1nc(NCCN2CCC(F)(F)CC2)c(F)cc1C#N
ZINC001161866939,Cc1nc(NCCN2CCC(N)CC2)c(C#N)c(C)c1Cl
ZINC001161867737,CCCc1cc(C#N)c(NCCN2CCC(N)CC2)nc1Cl
ZINC001161867796,N#Cc1cc(Cl)c(Cl)nc1NCCN1CCC(N)CC1
ZINC001161870442,C[Si](C)(C)C#Cc1cccnc1NCCN1CCC(N)CC1
ZINC001161872482,N#Cc1c(Cl)cc(Cl)nc1NCCN1CCC(N)CC1
ZINC001161872495,C[Si](C)(C)C#Cc1ccnc(NCCN2CCC(N)CC2)c1
ZINC001161872618,N#Cc1nc(NCCN2CCC(N)CC2)c(Cl)cc1Cl
ZINC001337794077,CN(C)C1CCN(CCNc2cc(C#N)cc(Cl)n2)CC1
ZINC000748051474,CC(=O)c1cc(Cl)cc(CN2CCC(n3c(=O)[nH]c4ccccc43)CC2)c1O
ZINC000816482611,O=c1[nH]c2ccccc2n1C1CCN(Cc2cc(Cl)c(F)cc2O)CC1
ZINC000775645193,O=c1[nH]c2ccccc2n1C1CCN(Cc2cc(Cl)cc(F)c2O)CC1
ZINC001140853499,CCN(CC)c1ccc(CN2CCC(n3c(=O)[nH]c4ccccc43)CC2)c(O)c1
ZINC001140922383,CN(C)c1ccc(CN2CCC(n3c(=O)[nH]c4ccccc43)CC2)c(Cl)c1
ZINC001143111078,Cn1c(=O)n(C2CCN(Cc3cccc(C(C)(C)C)c3O)CC2)c2ccccc21
ZINC001203938733,CCN(CC)c1ccc(CN2CCC(n3c(=O)n(C)c4ccccc43)CC2)cc1
ZINC001203940306,CCN(CC)c1ccc(CN2CCC(n3c(=O)[nH]c4ccccc43)CC2)cc1
ZINC001233286370,Cn1c(=O)n(C2CCN(Cc3cc(C(C)(C)C)ccc3O)CC2)c2ccccc21
ZINC001233416643,O=c1[nH]c2ccccc2n1C1CCN(Cc2cccc(C(F)(F)F)c2O)CC1
ZINC001233452071,O=c1[nH]c2ccccc2n1C1CCN(Cc2ccc(C(F)(F)F)cc2O)CC1
ZINC001235683465,Cn1c(=O)n(C2CCN(Cc3ccc(C(C)(C)C)cc3O)CC2)c2ccccc21
ZINC001237050047,CC(C)c1ccc(CN2CCC(n3c(=O)n(C)c4ccccc43)CC2)c(O)c1
ZINC001237124967,O=c1[nH]c2ccccc2n1C1CCN(Cc2c(O)ccc(F)c2Cl)CC1
ZINC001237136263,O=c1[nH]c2ccccc2n1C1CCN(Cc2cc(C(F)(F)F)ccc2O)CC1
ZINC001237799456,O=c1[nH]c2ccccc2n1C1CCN(Cc2cc(F)cc(Cl)c2O)CC1
ZINC001237935226,O=c1[nH]c2ccccc2n1C1CCN(Cc2cc(F)c(Cl)cc2O)CC1
ZINC000472767367,COCCOCCOc1ccc(CN2CCC(n3c(=O)[nH]c4ccccc43)CC2)cc1
ZINC000500391461,COc1ccc([C@@H](CN2CCCC2)NC(=O)Cc2cc(OC)ccc2Br)cc1
ZINC000500429956,CCCNC(=O)Nc1ccc(CC(=O)N[C@H](CN2CCCC2)c2ccc(OC)cc2)cc1
ZINC000433715260,O=C(Cc1ccccc1I)N[C@H](CN1CCCC1)c1ccccc1
ZINC001135444574,CC(=O)NC(C(=O)N[C@H](CN1CCCC1)c1ccccc1)c1cccc(Br)c1
ZINC001135444575,CC(=O)NC(C(=O)N[C@H](CN1CCCC1)c1ccccc1)c1cccc(Br)c1
ZINC001144231983,COc1cc(CN2CCC(n3c(=O)n(C)c4ccccc43)CC2)ccc1Br
ZINC001137909255,COc1ccc(Br)c(CN2CCC(n3c(=O)n(C)c4ccccc43)CC2)c1
ZINC001138211818,Cn1c(=O)n(C2CCN(Cc3ccccc3I)CC2)c2ccccc21
ZINC001138226706,Cn1c(=O)n(C2CCN(Cc3cccc(I)c3)CC2)c2ccccc21
ZINC001138295212,COc1ccc(CN2CCC(n3c(=O)n(C)c4ccccc43)CC2)cc1Br
ZINC001140123013,COc1cc(Br)c(CN2CCC(n3c(=O)n(C)c4ccccc43)CC2)cc1O
ZINC001140155356,COc1c(Br)cccc1CN1CCC(n2c(=O)n(C)c3ccccc32)CC1
ZINC001140761567,COc1ccc(CN2CCC(n3c(=O)n(C)c4ccccc43)CC2)c(Br)c1
ZINC001203779002,COc1ccc(Br)cc1CN1CCC(n2c(=O)n(C)c3ccccc32)CC1
ZINC001204105564,COc1cc(CN2CCC(n3c(=O)n(C)c4ccccc43)CC2)cc(Br)c1O
ZINC001204402557,Cn1c(=O)n(C2CCN(Cc3ccc(I)cc3)CC2)c2ccccc21
ZINC001223016573,COC(C[C@H](C)O[C@H]1c2ccccc2N(C)S(=O)(=O)c2cc(Cl)ccc21)OC
ZINC001223016574,COC(C[C@H](C)O[C@@H]1c2ccccc2N(C)S(=O)(=O)c2cc(Cl)ccc21)OC
ZINC001223016576,COC(C[C@@H](C)O[C@H]1c2ccccc2N(C)S(=O)(=O)c2cc(Cl)ccc21)OC
ZINC001223016578,COC(C[C@@H](C)O[C@@H]1c2ccccc2N(C)S(=O)(=O)c2cc(Cl)ccc21)OC
ZINC001223023039,COC(=O)C(O[C@@H]1c2ccccc2N(C)S(=O)(=O)c2cc(Cl)ccc21)C(F)(F)F
ZINC001223023040,COC(=O)C(O[C@H]1c2ccccc2N(C)S(=O)(=O)c2cc(Cl)ccc21)C(F)(F)F
ZINC001223023041,COC(=O)C(O[C@@H]1c2ccccc2N(C)S(=O)(=O)c2cc(Cl)ccc21)C(F)(F)F
ZINC001223023042,COC(=O)C(O[C@H]1c2ccccc2N(C)S(=O)(=O)c2cc(Cl)ccc21)C(F)(F)F
ZINC001231474823,COc1cc(CN2CCC(n3c(=O)n(C)c4ccccc43)CC2)c(Br)cc1O
ZINC001231515564,COc1cc(Br)ccc1CN1CCC(n2c(=O)n(C)c3ccccc32)CC1
ZINC001231531680,COc1cc(CN2CCC(n3c(=O)n(C)c4ccccc43)CC2)ccc1OC(=O)C(C)C
ZINC001231542802,COCCCOc1ccc(CN2CCC(n3c(=O)n(C)c4ccccc43)CC2)cc1OC
ZINC001231611906,COCCCOc1cc(CN2CCC(n3c(=O)n(C)c4ccccc43)CC2)ccc1OC
ZINC001231715492,CCOC(=O)COc1ccc(CN2CCC(n3c(=O)[nH]c4ccccc43)CC2)cc1OC
ZINC001232633280,Cn1c(=O)n(C2CCN(Cc3cc(F)c(O)c(Br)c3)CC2)c2ccccc21
ZINC001232714568,O=c1[nH]c2ccccc2n1C1CCN(Cc2ccc(O)cc2I)CC1
ZINC001232872474,O=c1[nH]c2ccccc2n1C1CCN(Cc2ccc(O)c(I)c2)CC1
ZINC001233205133,COc1ccc(CN2CCC(n3c(=O)n(C)c4ccccc43)CC2)c(Br)c1O
ZINC001233215182,COc1cc(Br)cc(CN2CCC(n3c(=O)n(C)c4ccccc43)CC2)c1
ZINC001234845024,COC(=O)/C=C/c1cc(F)c(CN2CCC(n3c(=O)n(C)c4ccccc43)CC2)c(F)c1
ZINC001236674652,COc1cccc(Br)c1CN1CCC(n2c(=O)n(C)c3ccccc32)CC1
ZINC001237303651,Cc1cc(Br)c(CN2CCC(n3c(=O)n(C)c4ccccc43)CC2)cc1O
ZINC001237861731,COc1cccc(CN2CCC(n3c(=O)n(C)c4ccccc43)CC2)c1Br
ZINC001237964918,O=c1[nH]c2ccccc2n1C1CCN(Cc2cc(O)ccc2I)CC1
ZINC001238309543,Cn1c(=O)n(C2CCN(Cc3c(Br)ccc(O)c3F)CC2)c2ccccc21
ZINC001596564128,COc1ccc([C@@H](CN2CCCC2)NC(=O)Cc2ccc(OC)c(OC)c2Cl)cc1
ZINC001632045859,COc1ccc([C@@H](CN2CCCC2)NC(=O)Cc2ccc(NC(=O)C(F)(F)F)cc2)cc1
ZINC001632047541,COc1ccc([C@@H](CN2CCCC2)NC(=O)C(F)(F)c2ccccc2NC(C)=O)cc1
ZINC000063285847,COc1cc(CN2CCC(n3c(=O)[nH]c4ccccc43)CC2)cc(Br)c1OC
ZINC000202729395,O=c1[nH]c2ccccc2n1C1CCN(Cc2cccc(I)c2)CC1
ZINC000565036496,Cc1cc(C(=O)O)c([N+](=O)[O-])c(NCCN2CCC(N(C)C)CC2)n1
ZINC000768217912,COc1cc(Br)cc(CN2CCC(n3c(=O)[nH]c4ccccc43)CC2)c1O
ZINC001231551424,COc1ccc(Br)c(CN2CCC(n3c(=O)[nH]c4ccccc43)CC2)c1O
ZINC001233138008,COc1cc(O)c(CN2CCC(n3c(=O)[nH]c4ccccc43)CC2)cc1Br
ZINC001236749108,COc1cc(CN2CCC(n3c(=O)[nH]c4ccccc43)CC2)c(O)cc1Br
ZINC001237065447,COc1cc(O)c(CN2CCC(n3c(=O)[nH]c4ccccc43)CC2)c(Br)c1
ZINC001141157262,O=c1[nH]c2ccccc2n1C1CCN(Cc2cc(O)ccc2O)CC1
ZINC001203555701,Cn1c(=O)n(C2CCN(Cc3ccccc3O)CC2)c2ccccc21
ZINC001203878153,O=c1[nH]c2ccccc2n1C1CCN(Cc2ccc(O)c(O)c2)CC1
ZINC001204276972,O=c1[nH]c2ccccc2n1C1CCN(Cc2ccc(O)cc2O)CC1
ZINC000001718862,O=c1[nH]c2ccccc2n1C1CCN(Cc2ccccc2)CC1
ZINC001161867739,CNS(=O)(=O)c1cccnc1NCCN1CCC(N)CC1
ZINC001161870830,CNS(=O)(=O)c1ccc(NCCN2CCC(N)CC2)nc1
ZINC001161873147,NC1CCN(CCNc2ncc(S(N)(=O)=O)cc2F)CC1
ZINC000000403533,COc1ccc2c3c1OC1C(=O)CC[C@@]4(O)[C@@H](C2)N(C)CC[C@]314
ZINC001704280615,O=C(O)c1cnc(NCCN2CCCC[C@@H]2CO)c(Cl)c1
ZINC001704280616,O=C(O)c1cnc(NCCN2CCCC[C@H]2CO)c(Cl)c1
ZINC000430193469,COc1cc([N+](=O)[O-])ccc1CN1CCC(n2c(=O)[nH]c3ccccc32)CC1
ZINC000070794267,COc1ccc([N+](=O)[O-])cc1CN1CCC(n2c(=O)[nH]c3ccccc32)CC1
ZINC000051286116,COc1ccc(CN2CCC(n3c(=O)[nH]c4ccccc43)CC2)cc1[N+](=O)[O-]
ZINC000500411133,COc1ccc([C@@H](CN2CCCC2)NC(=O)Cc2cccc([N+](=O)[O-])c2C)cc1
ZINC000500410721,COc1ccc([C@@H](CN2CCCC2)NC(=O)Cc2cccc([N+](=O)[O-])c2)cc1
ZINC000537728403,COc1ccc([C@@H](CN2CCCC2)NC(=O)Cc2ccc([N+](=O)[O-])cc2)cc1
ZINC000609010351,COc1ccc(CC(=O)N[C@H](CN2CCCC2)c2ccccc2)cc1[N+](=O)[O-]
ZINC000539932496,COc1ccc([C@@H](CN2CCCC2)NC(=O)Cc2ccccc2[N+](=O)[O-])cc1
ZINC000609963853,CCOC(=O)c1ccnc(NC[C@H](C(C)C)N2CCC(C)CC2)c1[N+](=O)[O-]
ZINC000609963852,CCOC(=O)c1ccnc(NC[C@@H](C(C)C)N2CCC(C)CC2)c1[N+](=O)[O-]
ZINC000175035690,CCOc1ccc([N+](=O)[O-])cc1CN1CCC(n2c(=O)[nH]c3ccccc32)CC1
ZINC000731625849,COc1cc(C=O)c([N+](=O)[O-])cc1OCC(=O)N[C@@]1(C)CCCc2ccccc21
ZINC000731625850,COc1cc(C=O)c([N+](=O)[O-])cc1OCC(=O)N[C@]1(C)CCCc2ccccc21
ZINC001608914308,O=C(O)c1ccc([N+](=O)[O-])c(CN2CCC(n3c(=O)[nH]c4ccccc43)CC2)c1
ZINC000176993685,COC(=O)C(c1cccc(C#N)c1)N1CCC(n2c(=O)[nH]c3ccccc32)CC1
ZINC000176993700,COC(=O)C(c1cccc(C#N)c1)N1CCC(n2c(=O)[nH]c3ccccc32)CC1
ZINC000001482126,Oc1ccc2c(c1)[C@]13CCCC[C@@H]1[C@H](C2)NCC3
ZINC000534653803,N#Cc1ccnc(NCCN2CCC(CO)CC2)c1
ZINC000534668524,Cc1cc(C)c(C#N)c(NCCN2CCC(CO)CC2)n1
ZINC000670428819,N#Cc1cccc(NCCN2CCC[C@@H](CO)C2)n1
ZINC000670428820,N#Cc1cccc(NCCN2CCC[C@H](CO)C2)n1
ZINC000670433904,Cc1cc(C)c(C#N)c(NCCN2CCC[C@H](CO)C2)n1
ZINC000670433905,Cc1cc(C)c(C#N)c(NCCN2CCC[C@@H](CO)C2)n1
ZINC000670470243,N#Cc1ccnc(NCCN2CCC[C@@H](CO)C2)c1
ZINC000670473411,Cc1cc(C#N)c(NCCN2CCC[C@H](CO)C2)nc1C
ZINC000670473412,Cc1cc(C#N)c(NCCN2CCC[C@@H](CO)C2)nc1C
ZINC000670470244,N#Cc1ccnc(NCCN2CCC[C@H](CO)C2)c1
ZINC000952860198,N#Cc1ccnc(NCCN2CCCC[C@@H]2CO)c1
ZINC000952860199,N#Cc1ccnc(NCCN2CCCC[C@H]2CO)c1
ZINC000952983465,Cc1cc(C)c(C#N)c(NCCN2CCCC[C@H]2CO)n1
ZINC000952983466,Cc1cc(C)c(C#N)c(NCCN2CCCC[C@@H]2CO)n1
ZINC001232979377,Cn1c(=O)n(C2CCN(Cc3ccc(I)cc3O)CC2)c2ccccc21
ZINC001233308175,COC(=O)c1cc(Br)c(O)c(CN2CCC(n3c(=O)n(C)c4ccccc43)CC2)c1
ZINC001237780502,Cn1c(=O)n(C2CCN(Cc3cccc(I)c3O)CC2)c2ccccc21
ZINC001248401102,COc1cc(I)cc(CN2CCC(n3c(=O)n(C)c4ccccc43)CC2)c1O
ZINC001248469699,COc1cc(O)c(CN2CCC(n3c(=O)n(C)c4ccccc43)CC2)cc1I
ZINC001248489488,COc1ccc(CN2CCC(n3c(=O)n(C)c4ccccc43)CC2)c(O)c1I
ZINC000021301610,CN1c2ccccc2[C@@H](O)c2ccc(Cl)cc2S1(=O)=O
ZINC000021301615,CN1c2ccccc2[C@H](O)c2ccc(Cl)cc2S1(=O)=O
ZINC000952860056,OC[C@H]1CCCN(CCNc2ncc(Cl)cc2Cl)C1
ZINC000952860057,OC[C@@H]1CCCN(CCNc2ncc(Cl)cc2Cl)C1
ZINC001704350669,CCNC(=O)c1ccnc(NCC(C)(C)N2CCC(C)CC2)c1
ZINC000000389747,C=CCN1CC[C@]23c4c5ccc(O)c4OC2C(=O)CC[C@@]3(O)[C@H]1C5
ZINC000044389424,O=[N+]([O-])c1cc(Br)cnc1NCCN1CCCCC1
ZINC000048589439,CC1CCN(CCNc2ncc(Br)cc2[N+](=O)[O-])CC1
ZINC000081941362,O=[N+]([O-])c1cnc(NCCN2CCCCC2)c(Br)c1
ZINC000093433939,CC1CCN(CCNc2ncc([N+](=O)[O-])cc2Br)CC1
ZINC000165748368,Cc1c([N+](=O)[O-])cnc(NCCN2CCCCC2)c1Br
ZINC000301521530,C[C@H]1CCCN(CCNc2ncc([N+](=O)[O-])cc2Br)C1
ZINC000301521531,C[C@@H]1CCCN(CCNc2ncc([N+](=O)[O-])cc2Br)C1
ZINC000301714238,C[C@H]1CCCN(CCNc2ncc(Br)cc2[N+](=O)[O-])C1
ZINC000301714239,C[C@@H]1CCCN(CCNc2ncc(Br)cc2[N+](=O)[O-])C1
ZINC000591149342,COC1CCN(CCNc2ncc([N+](=O)[O-])cc2C(F)(F)F)CC1
ZINC000593515272,CN(CCN1CCCCC1)c1ncc([N+](=O)[O-])cc1C(F)(F)F
ZINC000593516062,CN(CCN1CCCCC1)c1ncc([N+](=O)[O-])cc1Br
ZINC000593516466,CN(CCN1CCCCC1)c1ncc(Br)cc1[N+](=O)[O-]
ZINC000737747313,C[C@@H]1CCCN(C(C)(C)CNc2nccc(C(=O)O)c2[N+](=O)[O-])C1
ZINC000737747314,C[C@H]1CCCN(C(C)(C)CNc2nccc(C(=O)O)c2[N+](=O)[O-])C1
ZINC001160752101,CCOc1nc(NCCN2CCC(F)(F)CC2)ccc1[N+](=O)[O-]
ZINC001160752790,CC(C)Oc1nc(NCCN2CCC(F)(F)CC2)ccc1[N+](=O)[O-]
ZINC001600104757,Cc1cc(C(=O)O)c([N+](=O)[O-])c(N[C@H](C)CN2CCC(C)CC2)n1
ZINC001600104758,Cc1cc(C(=O)O)c([N+](=O)[O-])c(N[C@@H](C)CN2CCC(C)CC2)n1
ZINC001600107632,Cc1cc(C(=O)O)c([N+](=O)[O-])c(NC[C@H](C)N2CCCC[C@H]2C)n1
ZINC001600107633,Cc1cc(C(=O)O)c([N+](=O)[O-])c(NC[C@@H](C)N2CCCC[C@@H]2C)n1
ZINC001600107634,Cc1cc(C(=O)O)c([N+](=O)[O-])c(NC[C@H](C)N2CCCC[C@@H]2C)n1
ZINC001600107635,Cc1cc(C(=O)O)c([N+](=O)[O-])c(NC[C@@H](C)N2CCCC[C@H]2C)n1
ZINC001604736760,C[C@@H]1CCCN(C(C)(C)CNc2nc(C(=O)O)ccc2[N+](=O)[O-])C1
ZINC001604736762,C[C@H]1CCCN(C(C)(C)CNc2nc(C(=O)O)ccc2[N+](=O)[O-])C1
ZINC001609858175,C[C@@H]1CCCN(C(C)(C)CNc2ncc(C(=O)O)cc2[N+](=O)[O-])C1
ZINC001609858177,C[C@H]1CCCN(C(C)(C)CNc2ncc(C(=O)O)cc2[N+](=O)[O-])C1
ZINC001610436725,Cc1cc(C(=O)O)c([N+](=O)[O-])c(N[C@H](C)CN2CCC[C@H](C)C2)n1
ZINC001610436726,Cc1cc(C(=O)O)c([N+](=O)[O-])c(N[C@@H](C)CN2CCC[C@H](C)C2)n1
ZINC001610436727,Cc1cc(C(=O)O)c([N+](=O)[O-])c(N[C@@H](C)CN2CCC[C@@H](C)C2)n1
ZINC001610436730,Cc1cc(C(=O)O)c([N+](=O)[O-])c(N[C@H](C)CN2CCC[C@@H](C)C2)n1
ZINC000506128537,C=CCOc1cccc(CN2CCC(n3c(=O)[nH]c4ccccc43)CC2)c1
ZINC000439441739,N#Cc1ccc(CN2CCC(n3c(=O)[nH]c4ccccc43)CC2)c(Cl)c1
ZINC000522412683,CC1CCN([C@@H](CNc2nc(C(F)(F)F)ccc2C#N)C(C)C)CC1
ZINC000522412684,CC1CCN([C@H](CNc2nc(C(F)(F)F)ccc2C#N)C(C)C)CC1
ZINC001143718650,N#Cc1cccc(Cl)c1CN1CCC(n2c(=O)[nH]c3ccccc32)CC1
ZINC001138626719,C=CCc1cccc(CN2CCC(n3c(=O)[nH]c4ccccc43)CC2)c1O
ZINC001139688286,N#Cc1c(Cl)cccc1CN1CCC(n2c(=O)[nH]c3ccccc32)CC1
ZINC001140600461,N#Cc1ccc(Cl)c(CN2CCC(n3c(=O)[nH]c4ccccc43)CC2)c1
ZINC001140810556,N#Cc1cccc(CN2CCC(n3c(=O)[nH]c4ccccc43)CC2)c1Cl
ZINC001223015550,C=C[C@H](C)O[C@@H]1c2ccccc2N(C)S(=O)(=O)c2cc(Cl)ccc21
ZINC001223015552,C=C[C@@H](C)O[C@@H]1c2ccccc2N(C)S(=O)(=O)c2cc(Cl)ccc21
ZINC001223015553,C=C[C@H](C)O[C@H]1c2ccccc2N(C)S(=O)(=O)c2cc(Cl)ccc21
ZINC001223015555,C=C[C@@H](C)O[C@H]1c2ccccc2N(C)S(=O)(=O)c2cc(Cl)ccc21
ZINC001232113264,N#Cc1ccc(CN2CCC(n3c(=O)[nH]c4ccccc43)CC2)cc1Cl
ZINC001237749633,N#Cc1cc(Cl)cc(CN2CCC(n3c(=O)[nH]c4ccccc43)CC2)c1
ZINC001238189576,N#Cc1cc(CN2CCC(n3c(=O)[nH]c4ccccc43)CC2)ccc1Cl
ZINC001238760745,CCc1cc(CN2CCC(n3c(=O)[nH]c4ccccc43)CC2)ccc1C#N
ZINC001248749540,CCc1cc(C#N)ccc1CN1CCC(n2c(=O)[nH]c3ccccc32)CC1
ZINC000253504882,COc1ccc2c3c1O[C@@H]1[C@]34CCN(C)[C@H](C2)[C@]42C=C[C@@]1(OC)C(C(=O)O)C2
ZINC000253505661,CO[C@@]12C=C[C@@]3(C[C@H]1C(C)(C)O)[C@H]1Cc4ccc(O)c5c4[C@@]3(CCN1C)[C@H]2O5
ZINC000253505667,CO[C@@]12C=C[C@@]3(C[C@@H]1C(C)(C)O)[C@H]1Cc4ccc(O)c5c4[C@@]3(CCN1C)[C@H]2O5
ZINC000031904987,COc1ccc2c3c1O[C@@H]1[C@]34CCN(C)[C@H](C2)[C@]42C=C[C@@]1(OC)C(C(=O)O)C2
ZINC000534669034,CC(C)c1ccc(C#N)c(NCCN2CCC(CO)CC2)n1
ZINC000952971290,CC(C)c1ccc(C#N)c(NCCN2CCCC[C@H]2CO)n1
ZINC000952971302,CC(C)c1ccc(C#N)c(NCCN2CCCC[C@@H]2CO)n1
ZINC000952989774,CC(C)c1ccc(C#N)c(NCCN2CCC[C@H](CO)C2)n1
ZINC000952989777,CC(C)c1ccc(C#N)c(NCCN2CCC[C@@H](CO)C2)n1
ZINC000301220429,C[C@@H]1C[C@H](C)CN(C[C@@H](C)Nc2ccc(Cl)c(C#N)n2)C1
ZINC000301220430,C[C@@H]1C[C@@H](C)CN(C[C@@H](C)Nc2ccc(Cl)c(C#N)n2)C1
ZINC000301220431,C[C@@H]1C[C@@H](C)CN(C[C@H](C)Nc2ccc(Cl)c(C#N)n2)C1
ZINC000301220432,C[C@@H]1C[C@H](C)CN(C[C@H](C)Nc2ccc(Cl)c(C#N)n2)C1
ZINC000301250376,C[C@@H]1CCCN(CCNc2nc(C(F)(F)F)ccc2C#N)C1
ZINC000301250378,C[C@H]1CCCN(CCNc2nc(C(F)(F)F)ccc2C#N)C1
ZINC000301266936,CC1CCN(CCNc2nc(C(F)(F)F)ccc2C#N)CC1
ZINC000301307274,C[C@H](CN1CCCCC1)Nc1nc(C(F)(F)F)ccc1C#N
ZINC000301307521,C[C@@H](CN1CCCCC1)Nc1nc(C(F)(F)F)ccc1C#N
ZINC000311618868,C[C@H](CN1CCCCC1)Nc1ncc(Br)cc1C#N
ZINC000311618870,C[C@@H](CN1CCCCC1)Nc1ncc(Br)cc1C#N
ZINC000343363735,CCCN(CCN1CCCCC1)c1nccc(C#N)c1Cl
ZINC000343370191,CCCN(CCN1CCCCC1)c1ncc(C#N)cc1Cl
ZINC000343508026,Cc1c(Cl)cnc(NC[C@H](C)N2CCCC[C@H]2C)c1C#N
ZINC000343508027,Cc1c(Cl)cnc(NC[C@@H](C)N2CCCC[C@@H]2C)c1C#N
ZINC000343508028,Cc1c(Cl)cnc(NC[C@H](C)N2CCCC[C@@H]2C)c1C#N
ZINC000343508029,Cc1c(Cl)cnc(NC[C@@H](C)N2CCCC[C@H]2C)c1C#N
ZINC000343538376,Cc1c(Cl)cnc(N[C@@H](C)CN2CCC[C@@H](C)C2)c1C#N
ZINC000343538377,Cc1c(Cl)cnc(N[C@H](C)CN2CCC[C@H](C)C2)c1C#N
ZINC000343538378,Cc1c(Cl)cnc(N[C@@H](C)CN2CCC[C@H](C)C2)c1C#N
ZINC000343538379,Cc1c(Cl)cnc(N[C@H](C)CN2CCC[C@@H](C)C2)c1C#N
ZINC000346822875,Cc1ccc(C#N)c(NC[C@@H](C(C)C)N2CCC(C)CC2)n1
ZINC000346822880,Cc1ccc(C#N)c(NC[C@H](C(C)C)N2CCC(C)CC2)n1
ZINC000350714015,C[C@@H]1C[C@H](C)CN(C[C@@H](C)Nc2ncc(C#N)cc2Cl)C1
ZINC000350714019,C[C@@H]1C[C@@H](C)CN(C[C@@H](C)Nc2ncc(C#N)cc2Cl)C1
ZINC000350714020,C[C@@H]1C[C@@H](C)CN(C[C@H](C)Nc2ncc(C#N)cc2Cl)C1
ZINC000350714022,C[C@@H]1C[C@H](C)CN(C[C@H](C)Nc2ncc(C#N)cc2Cl)C1
ZINC000350715632,Cc1cc(C)c(C#N)c(N[C@H](C)CN2C[C@H](C)C[C@H](C)C2)n1
ZINC000350715633,Cc1cc(C)c(C#N)c(N[C@H](C)CN2C[C@@H](C)C[C@H](C)C2)n1
ZINC000350715634,Cc1cc(C)c(C#N)c(N[C@H](C)CN2C[C@H](C)C[C@@H](C)C2)n1
ZINC000350715635,Cc1cc(C)c(C#N)c(N[C@@H](C)CN2C[C@H](C)C[C@H](C)C2)n1
ZINC000359892389,Cc1nc(NC[C@H](C)N2CCC[C@@H](C)C2)c(Cl)cc1C#N
ZINC000359892392,Cc1nc(NC[C@@H](C)N2CCC[C@H](C)C2)c(Cl)cc1C#N
ZINC000359892393,Cc1nc(NC[C@H](C)N2CCC[C@H](C)C2)c(Cl)cc1C#N
ZINC000359892395,Cc1nc(NC[C@@H](C)N2CCC[C@@H](C)C2)c(Cl)cc1C#N
ZINC000359906552,Cc1nc(N[C@@H](C)CN2CCC[C@@H](C)C2)c(Cl)cc1C#N
ZINC000359906553,Cc1nc(N[C@H](C)CN2CCC[C@H](C)C2)c(Cl)cc1C#N
ZINC000359906554,Cc1nc(N[C@@H](C)CN2CCC[C@H](C)C2)c(Cl)cc1C#N
ZINC000359906555,Cc1nc(N[C@H](C)CN2CCC[C@@H](C)C2)c(Cl)cc1C#N
ZINC000506117077,C[C@]1(NC(=O)COc2ccccc2C#N)CCCc2ccccc21
ZINC000506117078,C[C@@]1(NC(=O)COc2ccccc2C#N)CCCc2ccccc21
ZINC000506121615,C[C@]1(NC(=O)COc2ccc(C#N)cc2)CCCc2ccccc21
ZINC000506121617,C[C@@]1(NC(=O)COc2ccc(C#N)cc2)CCCc2ccccc21
ZINC000561379405,CCCN(CCN1CCCCC1)c1ccc(Cl)c(C#N)n1
ZINC000613411739,CC1CCN(CCNc2nc(C(C)(C)C)ccc2C#N)CC1
ZINC000613411758,C[C@H]1CCCN(CCNc2nc(C(C)(C)C)ccc2C#N)C1
ZINC000613411759,C[C@@H]1CCCN(CCNc2nc(C(C)(C)C)ccc2C#N)C1
ZINC000619694593,CC1CCN(CCNc2ccc(C(F)(F)F)c(C#N)n2)CC1
ZINC000751238152,C[C@]1(NC(=O)COc2cccc(C#N)c2)CCCc2ccccc21
ZINC000751238154,C[C@@]1(NC(=O)COc2cccc(C#N)c2)CCCc2ccccc21
ZINC000820628776,C#CCCCOc1cccnc1NCCN1CCC[C@H](C)C1
ZINC000820628777,C#CCCCOc1cccnc1NCCN1CCC[C@@H](C)C1
ZINC000820630010,C#CCCCOc1cccnc1NCCN1CCC(C)CC1
ZINC001160747377,Cc1cc(Cl)nc(NCCN2CCC(F)(F)CC2)c1C#N
ZINC001160748296,CC(C)c1ccc(C#N)c(NCCN2CCC(F)(F)CC2)n1
ZINC001160753349,Cc1nc(NCCN2CCC(F)(F)CC2)c(Cl)cc1C#N
ZINC001163570923,CN(CCN1CCCCC1)c1nc(C(C)(C)C)ccc1C#N
ZINC001184831245,Cc1cc(NC[C@@H](C(C)C)N2CCC(C)CC2)ncc1C#N
ZINC001184831246,Cc1cc(NC[C@H](C(C)C)N2CCC(C)CC2)ncc1C#N
ZINC001307106126,Cc1nc(NCCN2CCCC(C)(C)C2)c(Cl)cc1C#N
ZINC001320359882,CC1CCN([C@@H](CNc2cccc(CC#N)n2)C(C)C)CC1
ZINC001320359883,CC1CCN([C@H](CNc2cccc(CC#N)n2)C(C)C)CC1
ZINC001639272139,Cc1nc(NC[C@@H](C(C)C)N2CCC(C)CC2)ccc1C#N
ZINC001639272140,Cc1nc(NC[C@H](C(C)C)N2CCC(C)CC2)ccc1C#N
ZINC001639846144,Cc1c(Cl)cnc(NCCN2CCCC(C)(C)C2)c1C#N
ZINC001642052686,C[C@H](CN1CCCCC1)Nc1ncc(C#N)cc1Br
ZINC001642052687,C[C@@H](CN1CCCCC1)Nc1ncc(C#N)cc1Br
ZINC001642066203,Cc1ccnc(NC[C@@H](C(C)C)N2CCC(C)CC2)c1C#N
ZINC001642066204,Cc1ccnc(NC[C@H](C(C)C)N2CCC(C)CC2)c1C#N
ZINC001650624966,CC1CCN([C@@H](CNc2ncc(C#N)cc2F)C(C)C)CC1
ZINC001650624967,CC1CCN([C@H](CNc2ncc(C#N)cc2F)C(C)C)CC1
ZINC001652043525,Cc1c(Cl)cnc(N[C@H](C)CN2CCC(C)CC2)c1C#N
ZINC001652043526,Cc1c(Cl)cnc(N[C@@H](C)CN2CCC(C)CC2)c1C#N
ZINC001652044388,Cc1nc(N[C@H](C)CN2CCC(C)CC2)c(Cl)cc1C#N
ZINC001652044389,Cc1nc(N[C@@H](C)CN2CCC(C)CC2)c(Cl)cc1C#N
ZINC000166894320,COc1ccc2c3c1O[C@H]1[C@@]4(OC)C=C[C@@]5(C[C@@H]4C#N)[C@@H](C2)N(C)CC[C@]315
ZINC001500940774,COc1ccc2c3c1O[C@H]1[C@]4(OC)C=C[C@@]5(C[C@@H]4C#N)[C@@H](C2)N(C)CC[C@]315
ZINC000179782864,C=CCOc1ccc(CN2CCC(n3c(=O)[nH]c4ccccc43)CC2)cc1OC
ZINC000121798901,N#CCCCOc1cccc(CN2CCC(n3c(=O)[nH]c4ccccc43)CC2)c1
ZINC000121799097,C=CCc1cc(CN2CCC(n3c(=O)[nH]c4ccccc43)CC2)cc(OC)c1O
ZINC000486894506,COc1ccc([C@@H](CN2CCCC2)NC(=O)C(C)c2cccc(C#N)c2)cc1
ZINC000486894500,COc1ccc([C@@H](CN2CCCC2)NC(=O)C(C)c2cccc(C#N)c2)cc1
ZINC001143726393,Cn1c(=O)n(C2CCN(Cc3c(Cl)cccc3C#N)CC2)c2ccccc21
ZINC000121804227,C#CCCOc1ccc(CN2CCC(n3c(=O)[nH]c4ccccc43)CC2)cc1
ZINC000121804888,CN(CCC#N)c1ccc(CN2CCC(n3c(=O)[nH]c4ccccc43)CC2)cc1
ZINC001138343956,C#CCOc1ccc(CN2CCC(n3c(=O)[nH]c4ccccc43)CC2)cc1OC
ZINC001138627830,C=CCc1cccc(CN2CCC(n3c(=O)n(C)c4ccccc43)CC2)c1O
ZINC001139029821,C=CCOc1ccccc1CN1CCC(n2c(=O)n(C)c3ccccc32)CC1
ZINC001139691877,Cn1c(=O)n(C2CCN(Cc3cccc(Cl)c3C#N)CC2)c2ccccc21
ZINC001140601506,Cn1c(=O)n(C2CCN(Cc3cc(C#N)ccc3Cl)CC2)c2ccccc21
ZINC001140809957,Cn1c(=O)n(C2CCN(Cc3cccc(C#N)c3Cl)CC2)c2ccccc21
ZINC001204299943,C=CCOc1ccc(CN2CCC(n3c(=O)n(C)c4ccccc43)CC2)cc1
ZINC001223017580,C[C@@H](CS)O[C@@H]1c2ccccc2N(C)S(=O)(=O)c2cc(Cl)ccc21
ZINC001223017586,C[C@H](CS)O[C@H]1c2ccccc2N(C)S(=O)(=O)c2cc(Cl)ccc21
ZINC001223017587,C[C@@H](CS)O[C@H]1c2ccccc2N(C)S(=O)(=O)c2cc(Cl)ccc21
ZINC001223017589,C[C@H](CS)O[C@@H]1c2ccccc2N(C)S(=O)(=O)c2cc(Cl)ccc21
ZINC001223018322,C#CC[C@@H](C)O[C@@H]1c2ccccc2N(C)S(=O)(=O)c2cc(Cl)ccc21
ZINC001223018330,C#CC[C@H](C)O[C@H]1c2ccccc2N(C)S(=O)(=O)c2cc(Cl)ccc21
ZINC001223018335,C#CC[C@H](C)O[C@@H]1c2ccccc2N(C)S(=O)(=O)c2cc(Cl)ccc21
ZINC001223018341,C#CC[C@@H](C)O[C@H]1c2ccccc2N(C)S(=O)(=O)c2cc(Cl)ccc21
ZINC001223019104,C#C[C@H](CC)O[C@@H]1c2ccccc2N(C)S(=O)(=O)c2cc(Cl)ccc21
ZINC001223019109,C#C[C@@H](CC)O[C@@H]1c2ccccc2N(C)S(=O)(=O)c2cc(Cl)ccc21
ZINC001223019112,C#C[C@H](CC)O[C@H]1c2ccccc2N(C)S(=O)(=O)c2cc(Cl)ccc21
ZINC001223019113,C#C[C@@H](CC)O[C@H]1c2ccccc2N(C)S(=O)(=O)c2cc(Cl)ccc21
ZINC001231625192,C=CCOc1cccc(CN2CCC(n3c(=O)n(C)c4ccccc43)CC2)c1
ZINC001232115214,Cn1c(=O)n(C2CCN(Cc3ccc(C#N)c(Cl)c3)CC2)c2ccccc21
ZINC001232609168,Cn1c(=O)n(C2CCN(Cc3ccc(Cl)cc3C#N)CC2)c2ccccc21
ZINC001233097955,CN(C)c1ccc(CN2CCC(n3c(=O)[nH]c4ccccc43)CC2)c(F)c1C#N
ZINC001237752177,Cn1c(=O)n(C2CCN(Cc3cc(Cl)cc(C#N)c3)CC2)c2ccccc21
ZINC001238085759,Cn1c(=O)n(C2CCN(Cc3ccc(C#N)cc3Cl)CC2)c2ccccc21
ZINC001238190980,Cn1c(=O)n(C2CCN(Cc3ccc(Cl)c(C#N)c3)CC2)c2ccccc21
ZINC000768217021,O=c1[nH]c2ccccc2n1C1CCN(Cc2cc(Cl)cc([N+](=O)[O-])c2O)CC1
ZINC001140101234,Cn1c(=O)n(C2CCN(Cc3c(O)cccc3Br)CC2)c2ccccc21
ZINC001140855666,CCN(CC)c1ccc(CN2CCC(n3c(=O)n(C)c4ccccc43)CC2)c(O)c1
ZINC001203645782,Cn1c(=O)n(C2CCN(Cc3cc(Br)ccc3O)CC2)c2ccccc21
ZINC001232269556,COc1cc(O)c(CN2CCC(n3c(=O)n(C)c4ccccc43)CC2)cc1Cl
ZINC001233290151,COc1cc(Cl)cc(CN2CCC(n3c(=O)n(C)c4ccccc43)CC2)c1O
ZINC001233418352,Cn1c(=O)n(C2CCN(Cc3cccc(C(F)(F)F)c3O)CC2)c2ccccc21
ZINC001233454165,Cn1c(=O)n(C2CCN(Cc3ccc(C(F)(F)F)cc3O)CC2)c2ccccc21
ZINC001233761009,Cn1c(=O)n(C2CCN(Cc3cccc(OC(F)(F)F)c3O)CC2)c2ccccc21
ZINC001236769552,O=c1[nH]c2ccccc2n1C1CCN(Cc2cc(O)c(Br)cc2O)CC1
ZINC001236801936,COc1cc(O)c(CN2CCC(n3c(=O)n(C)c4ccccc43)CC2)c(Cl)c1
ZINC001236810900,COc1ccc(CN2CCC(n3c(=O)n(C)c4ccccc43)CC2)c(O)c1Cl
ZINC001237123688,Cn1c(=O)n(C2CCN(Cc3c(O)cccc3OC(F)(F)F)CC2)c2ccccc21
ZINC001237139067,Cn1c(=O)n(C2CCN(Cc3cc(C(F)(F)F)ccc3O)CC2)c2ccccc21
ZINC000003201907,COc1ccc2c(c1)[C@]13CCCC[C@@H]1[C@H](C2)N(C)CC3
ZINC000001280092,CN1CC[C@@]23CCCC[C@@H]2[C@@H]1Cc1ccc(O)cc13
ZINC000001611775,COc1ccc2c(c1)[C@]13CCCC[C@@H]1[C@H](C2)NCC3
ZINC001246446247,CC(C)(C)OC(=O)C(Cc1c[nH]c2ccccc12)NC1CCC(C#N)(c2ccc(F)cc2)CC1
ZINC000179782273,CCOCc1cc(CN2CCC(n3c(=O)[nH]c4ccccc43)CC2)ccc1OC
ZINC000179782315,O=c1[nH]c2ccccc2n1C1CCN(Cc2ccc(OC(F)F)c(F)c2)CC1
ZINC000179783353,COCCCOc1cccc(CN2CCC(n3c(=O)[nH]c4ccccc43)CC2)c1
ZINC000510247676,COC(=O)C(c1cccc(Cl)c1)N1CCC(n2c(=O)[nH]c3ccccc32)CC1
ZINC000510247677,COC(=O)C(c1cccc(Cl)c1)N1CCC(n2c(=O)[nH]c3ccccc32)CC1
ZINC000536096223,COc1ccc([C@@H](CN2CCCC2)NC(=O)Cc2ccc(C)c(OC)c2)cc1
ZINC000413665190,CCOC(C(=O)N[C@H](CN1CCCC1)c1ccc(OC)cc1)c1ccccc1
ZINC000413665193,CCOC(C(=O)N[C@H](CN1CCCC1)c1ccc(OC)cc1)c1ccccc1
ZINC000185236228,O=c1[nH]c2ccccc2n1C1CCN(Cc2ccc([N+](=O)[O-])c(Cl)c2)CC1
ZINC000500386842,COc1ccc([C@@H](CN2CCCC2)NC(=O)Cc2ccc(F)cc2Cl)cc1
ZINC000500392447,COc1ccc([C@@H](CN2CCCC2)NC(=O)C(C)c2cccc(OC)c2)cc1
ZINC000500392449,COc1ccc([C@@H](CN2CCCC2)NC(=O)C(C)c2cccc(OC)c2)cc1
ZINC000500390994,COc1ccc([C@@H](CN2CCCC2)NC(=O)Cc2cc(C)ccc2OC)cc1
ZINC000500393949,CCCOc1cccc(CC(=O)N[C@H](CN2CCCC2)c2ccc(OC)cc2)c1
ZINC000500400617,COc1ccc([C@@H](CN2CCCC2)NC(=O)Cc2ccccc2SC)cc1
ZINC000500412446,COc1ccc([C@@H](CN2CCCC2)NC(=O)Cc2cc(F)c(F)cc2F)cc1
ZINC000651609470,COc1cc(OC)c(CN2CCC(n3c(=O)[nH]c4ccccc43)CC2)cc1F
ZINC000512044291,O=C(Cc1ccccc1Br)N[C@H](CN1CCCC1)c1ccccc1
ZINC000506146016,COc1cc(C)c(CN2CCC(n3c(=O)[nH]c4ccccc43)CC2)cc1OC
ZINC000029177507,O=C(Cc1ccc(Br)cc1)N[C@H](CN1CCCC1)c1ccccc1
ZINC000121796179,COc1cc(CN2CCC(n3c(=O)[nH]c4ccccc43)CC2)ccc1OC(C)C
ZINC000121805069,COc1cccc(CN2CCC(n3c(=O)[nH]c4ccccc43)CC2)c1OC(C)C
ZINC000121810892,CCOc1ccc(CN2CCC(n3c(=O)[nH]c4ccccc43)CC2)cc1OC
ZINC000537728896,COc1ccc([C@@H](CN2CCCC2)NC(=O)Cc2ccccc2OC(C)C)cc1
ZINC000667490745,COC[C@H](C)Oc1ccc(CN2CCC(n3c(=O)[nH]c4ccccc43)CC2)cc1
ZINC000667490746,COC[C@@H](C)Oc1ccc(CN2CCC(n3c(=O)[nH]c4ccccc43)CC2)cc1
ZINC000554848714,COCCOCc1ccc(CN2CCC(n3c(=O)[nH]c4ccccc43)CC2)cc1
ZINC000486895567,COc1ccc([C@@H](CN2CCCC2)NC(=O)Cc2cccc(Cl)c2F)cc1
ZINC000572727840,COc1cc(F)c(CN2CCC(n3c(=O)[nH]c4ccccc43)CC2)cc1OC
ZINC000539930633,COc1ccc([C@@H](CN2CCCC2)NC(=O)Cc2c(F)cccc2Cl)cc1
ZINC000539931851,CCOc1ccc(CC(=O)N[C@H](CN2CCCC2)c2ccc(OC)cc2)cc1
ZINC000540615575,CNC(=O)C(Cc1c[nH]c2ccccc12)NC1CCC(c2ccc(O)cc2)CC1
ZINC000303176003,O=C(Cc1cccc(Br)c1)N[C@H](CN1CCCC1)c1ccccc1
ZINC000068802095,COc1cc(CN2CCC(n3c(=O)[nH]c4ccccc43)CC2)ccc1SC
ZINC000071807914,O=c1[nH]c2ccccc2n1C1CCN(Cc2ccccc2Br)CC1
ZINC000557047672,COc1ccc([C@@H](CN2CCCC2)NC(=O)Cc2cccc(OC(C)C)c2)cc1
ZINC000184675885,COc1cc(Cl)cc(CN2CCC(n3c(=O)[nH]c4ccccc43)CC2)c1O
ZINC000302801703,O=c1[nH]c2ccccc2n1C1CCN(Cc2ccc(Br)cc2)CC1
ZINC001143142482,COc1cc(C)cc(OC)c1CN1CCC(n2c(=O)n(C)c3ccccc32)CC1
ZINC000174052921,CCOc1ccc(C(C)=O)cc1CN1CCC(n2c(=O)[nH]c3ccccc32)CC1
ZINC001144488930,COc1cc(Cl)cc(CN2CCC(n3c(=O)n(C)c4ccccc43)CC2)c1
ZINC001182105322,COc1ccc(C(NC(C)C)C(=O)N[C@H](CN2CCCC2)c2ccccc2)cc1
ZINC001182105325,COc1ccc(C(NC(C)C)C(=O)N[C@H](CN2CCCC2)c2ccccc2)cc1
ZINC000795038982,O=C(N[C@H](CN1CCCC1)c1ccccc1)C(O)c1cccc(C(F)(F)F)c1
ZINC000795038989,O=C(N[C@H](CN1CCCC1)c1ccccc1)C(O)c1cccc(C(F)(F)F)c1
ZINC001137139224,CC(C)Oc1ccccc1CN1CCC(n2c(=O)n(C)c3ccccc32)CC1
ZINC000543746453,COc1ccc([C@@H](CN2CCCC2)NC(=O)Cc2ccc(O)cc2Cl)cc1
ZINC000564290843,COc1ccc(CN2CCC(n3c(=O)[nH]c4ccccc43)CC2)c(C)c1OC
ZINC000191195908,O=c1[nH]c2ccccc2n1C1CCN(Cc2c(O)ccc(Cl)c2F)CC1
ZINC000739517836,O=C(O)C(c1cccc(Cl)c1)N1CCC(n2c(=O)[nH]c3ccccc32)CC1
ZINC000739517838,O=C(O)C(c1cccc(Cl)c1)N1CCC(n2c(=O)[nH]c3ccccc32)CC1
ZINC000637879674,O=c1[nH]c2ccccc2n1C1CCN(Cc2ccccc2OCCCCO)CC1
ZINC001137264921,COc1ccc(Cl)c(CN2CCC(n3c(=O)n(C)c4ccccc43)CC2)c1
ZINC000678129096,CN(C)CCOc1ccc(CN2CCC(n3c(=O)[nH]c4ccccc43)CC2)cc1
ZINC001137503242,COc1cc(CN2CCC(n3c(=O)[nH]c4ccccc43)CC2)cc(F)c1OC
ZINC000783389566,CCOCOc1ccc(CN2CCC(n3c(=O)[nH]c4ccccc43)CC2)cc1
ZINC001137872431,Cn1c(=O)n(C2CCN(Cc3cc(F)cc(F)c3F)CC2)c2ccccc21
ZINC001137891289,Cn1c(=O)n(C2CCN(Cc3cc(F)c(F)cc3F)CC2)c2ccccc21
ZINC001137930180,Cn1c(=O)n(C2CCN(Cc3c(F)ccc(F)c3F)CC2)c2ccccc21
ZINC001137939163,Cn1c(=O)n(C2CCN(Cc3ccc(F)c(F)c3F)CC2)c2ccccc21
ZINC001138235392,Cn1c(=O)n(C2CCN(Cc3c(F)c(F)cc(F)c3F)CC2)c2ccccc21
ZINC001138429096,COc1c(C)cc(CN2CCC(n3c(=O)n(C)c4ccccc43)CC2)cc1C
ZINC001138435622,CCOc1ccc(CN2CCC(n3c(=O)n(C)c4ccccc43)CC2)c(C)c1
ZINC001138442329,COc1cc(C)c(CN2CCC(n3c(=O)n(C)c4ccccc43)CC2)cc1OC
ZINC001138474401,COc1ccc(CN2CCC(n3c(=O)n(C)c4ccccc43)CC2)cc1Cl
ZINC001138481946,COc1ccc(Cl)cc1CN1CCC(n2c(=O)n(C)c3ccccc32)CC1
ZINC001138911502,Cn1c(=O)n(C2CCN(Cc3ccccc3OC(F)F)CC2)c2ccccc21
ZINC001138960690,CCC(=O)Oc1ccc(CN2CCC(n3c(=O)[nH]c4ccccc43)CC2)cc1
ZINC001138986146,CC(C)Oc1cccc(CN2CCC(n3c(=O)n(C)c4ccccc43)CC2)c1
ZINC001139002000,CCCOc1ccccc1CN1CCC(n2c(=O)n(C)c3ccccc32)CC1
ZINC001139604827,CCOc1ccc(C)cc1CN1CCC(n2c(=O)n(C)c3ccccc32)CC1
ZINC001139621691,COc1cc(CN2CCC(n3c(=O)n(C)c4ccccc43)CC2)ccc1Cl
ZINC001140068149,COc1c(Cl)cccc1CN1CCC(n2c(=O)n(C)c3ccccc32)CC1
ZINC001140533245,Cn1c(=O)n(C2CCN(Cc3c(F)cc(F)cc3F)CC2)c2ccccc21
ZINC001140613655,CC(C)NC(=O)c1ccc(CN2CCC(n3c(=O)[nH]c4ccccc43)CC2)cc1
ZINC001140625580,O=c1[nH]c2ccccc2n1C1CCN(Cc2ccc(OC(F)F)c(O)c2)CC1
ZINC001140728558,COc1cccc(Cl)c1CN1CCC(n2c(=O)n(C)c3ccccc32)CC1
ZINC001140822505,COc1ccc(CN2CCC(n3c(=O)n(C)c4ccccc43)CC2)c(Cl)c1
ZINC001142587107,CCOC(=O)c1ccc(CN2CCC(n3c(=O)[nH]c4ccccc43)CC2)cc1
ZINC001142649750,O=C(O)c1cc(Cl)ccc1CN1CCC(n2c(=O)[nH]c3ccccc32)CC1
ZINC001142660581,Cn1c(=O)n(C2CCN(Cc3ccc(Cl)cc3C(=O)O)CC2)c2ccccc21
ZINC001142935159,COc1cc(C)c(CN2CCC(n3c(=O)n(C)c4ccccc43)CC2)c(C)c1
ZINC001143136309,COc1cc(C)cc(OC)c1CN1CCC(n2c(=O)[nH]c3ccccc32)CC1
ZINC001160753704,CC(C)(C)OC(=O)c1cnc(NCCN2CCC(F)(F)CC2)c(Cl)c1
ZINC001203724481,COc1ccc(CN2CCC(n3c(=O)n(C)c4ccccc43)CC2)c(C)c1C
ZINC001203759793,COc1cc(C)c(CN2CCC(n3c(=O)n(C)c4ccccc43)CC2)cc1C
ZINC001203828562,COc1cc(CN2CCC(n3c(=O)[nH]c4ccccc43)CC2)ccc1OC(C)=O
ZINC001204190835,CCOc1cc(CN2CCC(n3c(=O)n(C)c4ccccc43)CC2)ccc1OC
ZINC001204260557,COc1ccc(CN2CCC(n3c(=O)[nH]c4ccccc43)CC2)c(OC)c1C
ZINC001204265097,COc1ccc(CN2CCC(n3c(=O)n(C)c4ccccc43)CC2)c(OC)c1C
ZINC001204307078,CCCOc1ccc(CN2CCC(n3c(=O)n(C)c4ccccc43)CC2)cc1
ZINC001204360872,CCOc1ccc(CN2CCC(n3c(=O)n(C)c4ccccc43)CC2)cc1OC
ZINC001204422705,Cn1c(=O)n(C2CCN(Cc3ccc(OC(F)F)cc3)CC2)c2ccccc21
ZINC001204454843,CC(C)Oc1ccc(CN2CCC(n3c(=O)n(C)c4ccccc43)CC2)cc1
ZINC001204527891,Cn1c(=O)n(C2CCN(Cc3cc(F)c(F)c(F)c3)CC2)c2ccccc21
ZINC001204836294,Cn1c(=O)n(C2CCN(Cc3cccc(OC(F)F)c3)CC2)c2ccccc21
ZINC001205123539,COC(=O)c1ccc(CN2CCC(n3c(=O)[nH]c4ccccc43)CC2)cc1C
ZINC001223015235,C[C@H](CN(C)C)O[C@@H]1c2ccccc2N(C)S(=O)(=O)c2cc(Cl)ccc21
ZINC001223015236,C[C@@H](CN(C)C)O[C@H]1c2ccccc2N(C)S(=O)(=O)c2cc(Cl)ccc21
ZINC001223015238,C[C@@H](CN(C)C)O[C@@H]1c2ccccc2N(C)S(=O)(=O)c2cc(Cl)ccc21
ZINC001223015239,C[C@H](CN(C)C)O[C@H]1c2ccccc2N(C)S(=O)(=O)c2cc(Cl)ccc21
ZINC001223015556,COC[C@H](C)O[C@@H]1c2ccccc2N(C)S(=O)(=O)c2cc(Cl)ccc21
ZINC001223015561,COC[C@H](C)O[C@H]1c2ccccc2N(C)S(=O)(=O)c2cc(Cl)ccc21
ZINC001223016233,CO[C@H](C)CO[C@@H]1c2ccccc2N(C)S(=O)(=O)c2cc(Cl)ccc21
ZINC001223016234,CO[C@H](C)CO[C@H]1c2ccccc2N(C)S(=O)(=O)c2cc(Cl)ccc21
ZINC001223019918,CC(=O)C(C)O[C@@H]1c2ccccc2N(C)S(=O)(=O)c2cc(Cl)ccc21
ZINC001223019919,CC(=O)C(C)O[C@@H]1c2ccccc2N(C)S(=O)(=O)c2cc(Cl)ccc21
ZINC001223019920,CC(=O)C(C)O[C@H]1c2ccccc2N(C)S(=O)(=O)c2cc(Cl)ccc21
ZINC001223019921,CC(=O)C(C)O[C@H]1c2ccccc2N(C)S(=O)(=O)c2cc(Cl)ccc21
ZINC001231506920,COCCCOc1ccc(CN2CCC(n3c(=O)[nH]c4ccccc43)CC2)cc1
ZINC001231705029,COc1ccc(CN2CCC(n3c(=O)[nH]c4ccccc43)CC2)cc1OC(C)=O
ZINC001232149764,CN(C)Cc1cc(F)cc(CN2CCC(n3c(=O)[nH]c4ccccc43)CC2)c1
ZINC001232182775,CC(=O)Nc1ccc(CN2CCC(n3c(=O)[nH]c4ccccc43)CC2)c(C)c1
ZINC001232381483,CCOc1ccc(OC)cc1CN1CCC(n2c(=O)[nH]c3ccccc32)CC1
ZINC001232384052,CCOc1ccc(OC)cc1CN1CCC(n2c(=O)n(C)c3ccccc32)CC1
ZINC001232501251,COc1cc(Cl)ccc1CN1CCC(n2c(=O)n(C)c3ccccc32)CC1
ZINC001232831322,COc1cc(CN2CCC(n3c(=O)[nH]c4ccccc43)CC2)c(OC)cc1C
ZINC001232832769,COc1cc(CN2CCC(n3c(=O)n(C)c4ccccc43)CC2)c(OC)cc1C
ZINC001233296950,COC(=O)/C=C/c1ccc(CN2CCC(n3c(=O)[nH]c4ccccc43)CC2)cc1
ZINC001233398603,COc1ccc(CN2CCC(n3c(=O)[nH]c4ccccc43)CC2)c(Cl)c1O
ZINC001235347225,Cn1c(=O)n(C2CCN(Cc3cc(F)c(F)c(F)c3F)CC2)c2ccccc21
ZINC001235361109,Cc1cc(CN2CCC(n3c(=O)[nH]c4ccccc43)CC2)cc(C)c1OCCO
ZINC001235803152,CCOc1cc(CN2CCC(n3c(=O)n(C)c4ccccc43)CC2)ccc1F
ZINC001236777670,COC(=O)c1cc(F)cc(CN2CCC(n3c(=O)[nH]c4ccccc43)CC2)c1
ZINC001237190733,COc1cccc(CN2CCC(n3c(=O)n(C)c4ccccc43)CC2)c1Cl
ZINC001237483689,CCOC(=O)Cc1ccc(CN2CCC(n3c(=O)[nH]c4ccccc43)CC2)cc1
ZINC001237576757,COc1ccc(OC)c(CN2CCC(n3c(=O)[nH]c4ccccc43)CC2)c1F
ZINC001237634174,CCOc1ccc(CN2CCC(n3c(=O)n(C)c4ccccc43)CC2)c(F)c1
ZINC001237885650,CCOC(=O)c1ccccc1CN1CCC(n2c(=O)[nH]c3ccccc32)CC1
ZINC001237916048,CCOc1cc(F)cc(CN2CCC(n3c(=O)n(C)c4ccccc43)CC2)c1
ZINC001237956356,CCOc1ccc(CN2CCC(n3c(=O)n(C)c4ccccc43)CC2)cc1F
ZINC001237996946,Cn1c(=O)n(C2CCN(Cc3cc(F)c(O)c(Cl)c3)CC2)c2ccccc21
ZINC001238069176,CCOc1cc(CN2CCC(n3c(=O)n(C)c4ccccc43)CC2)ccc1C
ZINC001238151520,Cn1c(=O)n(C2CCN(Cc3cc(Cl)c(O)cc3F)CC2)c2ccccc21
ZINC001238591885,COc1cc(C)cc(F)c1CN1CCC(n2c(=O)n(C)c3ccccc32)CC1
ZINC001238707944,CCOc1ccc(C)c(CN2CCC(n3c(=O)n(C)c4ccccc43)CC2)c1
ZINC001238765179,COc1cc(C)c(C)cc1CN1CCC(n2c(=O)n(C)c3ccccc32)CC1
ZINC001248754112,COc1ccc(CN2CCC(n3c(=O)[nH]c4ccccc43)CC2)c(F)c1OC
ZINC001249377860,COc1cc(CN2CCC(n3c(=O)n(C)c4ccccc43)CC2)ccc1SC
ZINC001249762949,O=C(O)c1c(F)ccc(CN2CCC(n3c(=O)[nH]c4ccccc43)CC2)c1F
ZINC001250054795,CCOc1cc(OC)ccc1CN1CCC(n2c(=O)[nH]c3ccccc32)CC1
ZINC001250063154,CCOc1cc(OC)ccc1CN1CCC(n2c(=O)n(C)c3ccccc32)CC1
ZINC001250108892,COc1cc(F)c(C)cc1CN1CCC(n2c(=O)n(C)c3ccccc32)CC1
ZINC001250181634,CCOc1cc(C)ccc1CN1CCC(n2c(=O)n(C)c3ccccc32)CC1
ZINC001250243688,COc1c(C)ccc(F)c1CN1CCC(n2c(=O)n(C)c3ccccc32)CC1
ZINC001295211681,COc1ccc([C@@H](CN2CCCC2)NC(=O)Cc2ccc(O)c(Cl)c2)cc1
ZINC001319300374,COC(=O)C(c1ccccc1Cl)N1CCC(n2c(=O)[nH]c3ccccc32)CC1
ZINC001319300375,COC(=O)C(c1ccccc1Cl)N1CCC(n2c(=O)[nH]c3ccccc32)CC1
ZINC000500404424,CC[C@@H]1CCCCN1CCNc1ccc(S(=O)(=O)N(C(C)C)C(C)C)cn1
ZINC000500404426,CC[C@H]1CCCCN1CCNc1ccc(S(=O)(=O)N(C(C)C)C(C)C)cn1
ZINC001474406441,COc1cc(F)cc(OC)c1CN1CCC(n2c(=O)[nH]c3ccccc32)CC1
ZINC001474406468,COc1cc(CN2CCC(n3c(=O)[nH]c4ccccc43)CC2)c(Cl)cc1O
ZINC001540337686,O=C(N[C@H](CN1CCCC1)c1ccccc1)C(O)c1cc(Cl)cc(Cl)c1
ZINC001540337689,O=C(N[C@H](CN1CCCC1)c1ccccc1)C(O)c1cc(Cl)cc(Cl)c1
ZINC001540411973,O=C(N[C@H](CN1CCCC1)c1ccccc1)C(O)c1ccccc1C(F)(F)F
ZINC001540411976,O=C(N[C@H](CN1CCCC1)c1ccccc1)C(O)c1ccccc1C(F)(F)F
ZINC001540412344,O=C(N[C@H](CN1CCCC1)c1ccccc1)C(O)c1ccc(C(F)(F)F)cc1
ZINC001540412347,O=C(N[C@H](CN1CCCC1)c1ccccc1)C(O)c1ccc(C(F)(F)F)cc1
ZINC001587056559,O=C(N[C@H](CN1CCCC1)c1ccccc1)C(O)c1ccc(Cl)c(Cl)c1
ZINC001587056562,O=C(N[C@H](CN1CCCC1)c1ccccc1)C(O)c1ccc(Cl)c(Cl)c1
ZINC001593620676,CC(Oc1ccc(F)c(F)c1)C(=O)N[C@@]1(C(=O)O)CC[C@@H](C)c2ccccc21
ZINC001593620677,CC(Oc1ccc(F)c(F)c1)C(=O)N[C@@]1(C(=O)O)CC[C@H](C)c2ccccc21
ZINC001593620678,CC(Oc1ccc(F)c(F)c1)C(=O)N[C@]1(C(=O)O)CC[C@H](C)c2ccccc21
ZINC001593620679,CC(Oc1ccc(F)c(F)c1)C(=O)N[C@]1(C(=O)O)CC[C@@H](C)c2ccccc21
ZINC001594314768,C[C@H]1CC[C@](NC(=O)COc2ccc(F)c(Cl)c2)(C(=O)O)c2ccccc21
ZINC001594314769,C[C@@H]1CC[C@](NC(=O)COc2ccc(F)c(Cl)c2)(C(=O)O)c2ccccc21
ZINC001594314770,C[C@@H]1CC[C@@](NC(=O)COc2ccc(F)c(Cl)c2)(C(=O)O)c2ccccc21
ZINC001594314771,C[C@H]1CC[C@@](NC(=O)COc2ccc(F)c(Cl)c2)(C(=O)O)c2ccccc21
ZINC001596563827,COc1ccc([C@@H](CN2CCCC2)NC(=O)Cc2cc(F)c(C)cc2F)cc1
ZINC001602338110,O=C(O)c1ccc(CN2CCC(n3c(=O)[nH]c4ccccc43)CC2)cc1Cl
ZINC001602357465,O=C(O)c1ccc(Cl)c(CN2CCC(n3c(=O)[nH]c4ccccc43)CC2)c1
ZINC001604701368,C[C@H]1CC[C@@](NC(=O)C(C)(C)Oc2ccc(F)cc2)(C(=O)O)c2ccccc21
ZINC001604701369,C[C@@H]1CC[C@](NC(=O)C(C)(C)Oc2ccc(F)cc2)(C(=O)O)c2ccccc21
ZINC001604701370,C[C@@H]1CC[C@@](NC(=O)C(C)(C)Oc2ccc(F)cc2)(C(=O)O)c2ccccc21
ZINC001604701371,C[C@H]1CC[C@](NC(=O)C(C)(C)Oc2ccc(F)cc2)(C(=O)O)c2ccccc21
ZINC001605123653,CCC(Oc1ccccc1F)C(=O)N[C@@]1(C(=O)O)CC[C@@H](C)c2ccccc21
ZINC001605123654,CCC(Oc1ccccc1F)C(=O)N[C@]1(C(=O)O)CC[C@@H](C)c2ccccc21
ZINC001605123655,CCC(Oc1ccccc1F)C(=O)N[C@@]1(C(=O)O)CC[C@H](C)c2ccccc21
ZINC001605123656,CCC(Oc1ccccc1F)C(=O)N[C@]1(C(=O)O)CC[C@H](C)c2ccccc21
ZINC001607622251,Cc1cc(C)c(OCC(=O)N[C@@]2(C(=O)O)CC[C@@H](C)c3ccccc32)c(C)c1
ZINC001607622253,Cc1cc(C)c(OCC(=O)N[C@]2(C(=O)O)CC[C@@H](C)c3ccccc32)c(C)c1
ZINC001607622254,Cc1cc(C)c(OCC(=O)N[C@]2(C(=O)O)CC[C@H](C)c3ccccc32)c(C)c1
ZINC001607622256,Cc1cc(C)c(OCC(=O)N[C@@]2(C(=O)O)CC[C@H](C)c3ccccc32)c(C)c1
ZINC001608562915,O=C(O)C(c1ccccc1Cl)N1CCC(n2c(=O)[nH]c3ccccc32)CC1
ZINC001608562916,O=C(O)C(c1ccccc1Cl)N1CCC(n2c(=O)[nH]c3ccccc32)CC1
ZINC001608931143,O=C(O)c1cccc(CN2CCC(n3c(=O)[nH]c4ccccc43)CC2)c1Cl
ZINC001610848189,O=C(O)c1cccc(Cl)c1CN1CCC(n2c(=O)[nH]c3ccccc32)CC1
ZINC001632046005,COc1ccc([C@@H](CN2CCCC2)NC(=O)Cc2ccc(F)c(Cl)c2)cc1
ZINC001636593986,COc1ccc([C@@H](CN2CCCC2)NC(=O)Cc2ccc(OC)cc2C)cc1
ZINC001652071538,CN(C)c1c(CN2CCC(n3c(=O)[nH]c4ccccc43)CC2)ccc(F)c1F
ZINC000000607289,CN(C(=O)Cc1ccc(Cl)c(Cl)c1)[C@H](CN1CCCC1)c1ccccc1
ZINC000080250013,C=CCNC(=O)c1ccc(NCCN2CCC(OC)CC2)nc1
ZINC000264857910,C#CCNC(=O)c1ccc(NC[C@H](C)N2CCC[C@@H](C)C2)nc1
ZINC000264857912,C#CCNC(=O)c1ccc(NC[C@H](C)N2CCC[C@H](C)C2)nc1
ZINC000264857913,C#CCNC(=O)c1ccc(NC[C@@H](C)N2CCC[C@@H](C)C2)nc1
ZINC000264857916,C#CCNC(=O)c1ccc(NC[C@@H](C)N2CCC[C@H](C)C2)nc1
ZINC000264878398,C#CCNC(=O)c1ccc(NCCN2CCCC[C@@H]2C)nc1
ZINC000264878400,C#CCNC(=O)c1ccc(NCCN2CCCC[C@H]2C)nc1
ZINC000267175715,CN(C)C1CCN(CCNc2ncc([N+](=O)[O-])cc2C#N)CC1
ZINC000267216074,C#CCNC(=O)c1ccc(N[C@@H](C)CN2CCCCC2)nc1
ZINC000267216076,C#CCNC(=O)c1ccc(N[C@H](C)CN2CCCCC2)nc1
ZINC000267234122,C#CCNC(=O)c1ccc(NCCN2CCC[C@H](C)C2)nc1
ZINC000267234125,C#CCNC(=O)c1ccc(NCCN2CCC[C@@H](C)C2)nc1
ZINC000268543705,CN(C)C1CCN(CCNc2nccc(C#N)c2[N+](=O)[O-])CC1
ZINC000295938683,N#Cc1ccc(C(F)(F)F)nc1NCCN1CCC(O)CC1
ZINC000301241988,C#CCNC(=O)c1ccc(NCCN2CCC(C)CC2)nc1
ZINC000301650651,COC1CCN(CCNc2nccc(C#N)c2[N+](=O)[O-])CC1
ZINC000342818681,CN(C)C1CCN(CCNc2nccc(C#N)c2Cl)CC1
ZINC000349412927,C[C@@H]1CCCCN1[C@@H](C)CNc1nccc(C#N)c1[N+](=O)[O-]
ZINC000349412945,C[C@H](CNc1nccc(C#N)c1[N+](=O)[O-])N1CCCC[C@@H]1C
ZINC000349412946,C[C@H]1CCCCN1[C@@H](C)CNc1nccc(C#N)c1[N+](=O)[O-]
ZINC000349412947,C[C@@H]1CCCCN1[C@H](C)CNc1nccc(C#N)c1[N+](=O)[O-]
ZINC000443942613,CC1(C)CCCN(CCNc2nccc(C#N)c2[N+](=O)[O-])C1
ZINC000443963290,C=CCNC(=O)c1ccc(NCCN2CCCC(C)(C)C2)nc1
ZINC000443968744,CC1(C)CCCN(CCNc2ncc([N+](=O)[O-])cc2C#N)C1
ZINC000450877810,N#Cc1nc(NCCN2CCC(O)CC2)ccc1C(F)(F)F
ZINC000572734334,C[C@H](CNc1ncc([N+](=O)[O-])cc1C#N)N1CCCC[C@@H]1C
ZINC000572734335,C[C@@H]1CCCCN1[C@H](C)CNc1ncc([N+](=O)[O-])cc1C#N
ZINC000596487192,CC1CCN(C[C@@H](C)Nc2nccc(C#N)c2[N+](=O)[O-])CC1
ZINC000596487193,CC1CCN(C[C@H](C)Nc2nccc(C#N)c2[N+](=O)[O-])CC1
ZINC000610573469,COC1CCN(CCNc2ncc([N+](=O)[O-])cc2C#N)CC1
ZINC000651476740,C=CCNC(=O)c1ccc(N(C)CCN2CCCCC2)nc1
ZINC000767441436,C#CCNC(=O)c1ccc(NCCN2CCCC(C)(C)C2)nc1
ZINC000845772284,C#CCNC(=O)c1ccc(N(C)CCN2CCCCC2)nc1
ZINC000853867611,C#CCNC(=O)c1ccc(N[C@@H](C)CN2CCC(C)CC2)nc1
ZINC000853867612,C#CCNC(=O)c1ccc(N[C@H](C)CN2CCC(C)CC2)nc1
ZINC001160753711,COC(=O)c1cc(C#N)cnc1NCCN1CCC(F)(F)CC1
ZINC001161867825,N#Cc1cc(C#N)c(NCCN2CCC(N)CC2)nc1Cl
ZINC000043395650,Cc1ccc(C#N)c(NCCN2CCC(C)CC2)n1
ZINC000048336388,CC1CCN(CCNc2ncc([N+](=O)[O-])cc2C#N)CC1
ZINC000135189118,Cc1ccnc(NCCN2CCC(C)CC2)c1C#N
ZINC000341548578,C[C@@H]1CCCCN1CCNc1nccc(C#N)c1Cl
ZINC000341548586,C[C@H]1CCCCN1CCNc1nccc(C#N)c1Cl
ZINC000891830391,Cc1cc(C#N)nc(NCCN2CCC(C)CC2)c1
ZINC000891838617,Cc1cc(C#N)nc(NCCN2CCC[C@@H](C)C2)c1
ZINC000891838618,Cc1cc(C#N)nc(NCCN2CCC[C@H](C)C2)c1
ZINC000071954245,C[C@@H]1CCCN([C@@H](C)CNc2ncccc2C#N)C1
ZINC000071954246,C[C@H]1CCCN([C@@H](C)CNc2ncccc2C#N)C1
ZINC000065586811,C[C@H]1CCCN(C[C@H](C)Nc2ncccc2C#N)C1
ZINC000065586816,C[C@H]1CCCN(C[C@@H](C)Nc2ccc(C#N)cn2)C1
ZINC000076776254,C[C@H]1CCCN(CCNc2ncc([N+](=O)[O-])cc2C#N)C1
ZINC000343088761,CC1(C)CCCN(CCNc2cc(C#N)ccn2)C1
ZINC000044389430,Cc1cc(C)c(C#N)c(NCCN2CCCCC2)n1
ZINC000079905904,C[C@@H]1CCCN([C@@H](C)CNc2ccc(C#N)cn2)C1
ZINC000080250065,COC1CCN(CCNc2ccc(Cl)c(C#N)n2)CC1
ZINC000343484299,Cc1c(Cl)cnc(NCCN2CCC(C)CC2)c1C#N
ZINC000343541040,Cc1c(Cl)cnc(NCCN2CCC[C@@H](C)C2)c1C#N
ZINC000343541041,Cc1c(Cl)cnc(NCCN2CCC[C@H](C)C2)c1C#N
ZINC000612070402,Cc1c(Cl)cnc(NCCN2CCCCC2)c1C#N
ZINC000167495289,C[C@@H](CN1CCCCC1)Nc1nccc(C#N)c1[N+](=O)[O-]
ZINC000167495399,C[C@H](CN1CCCCC1)Nc1nccc(C#N)c1[N+](=O)[O-]
ZINC000167496249,CC1CCN(CCNc2nccc(C#N)c2[N+](=O)[O-])CC1
ZINC000291631488,Cc1nc(NCCN2CCC(C)CC2)ccc1C#N
ZINC000894405658,Cc1cc(C#N)nc(N(C)CCN2CCCCC2)c1
ZINC000050442465,C[C@H](CN1CCCCC1)Nc1ncc([N+](=O)[O-])cc1C#N
ZINC000050442464,C[C@@H](CN1CCCCC1)Nc1ncc([N+](=O)[O-])cc1C#N
ZINC000079905905,C[C@H]1CCCN([C@@H](C)CNc2ccc(C#N)cn2)C1
ZINC000080249801,COC1CCN(CCNc2ncc(C#N)cc2Cl)CC1
ZINC000160607552,Cc1ccc(C#N)c(NCCN2CCC[C@H](C)C2)n1
ZINC000160607692,Cc1ccc(C#N)c(NCCN2CCC[C@@H](C)C2)n1
ZINC000487929792,Cc1nc(NC[C@@H](C)N2CCC[C@@H](C)C2)ccc1C#N
ZINC000488047124,CC[C@H]1CCCCN1CCNc1ccc(C#N)c(C)n1
ZINC000488047125,CC[C@@H]1CCCCN1CCNc1ccc(C#N)c(C)n1
ZINC000488080148,Cc1nc(N[C@H](C)CN2C[C@@H](C)C[C@H](C)C2)ccc1C#N
ZINC000596487688,CC1CCN(C[C@@H](C)Nc2cccc(C#N)n2)CC1
ZINC000596487689,CC1CCN(C[C@H](C)Nc2cccc(C#N)n2)CC1
ZINC000596487282,Cc1nc(N[C@H](C)CN2CCC(C)CC2)ccc1C#N
ZINC000596487284,Cc1nc(N[C@@H](C)CN2CCC(C)CC2)ccc1C#N
ZINC000596488209,CC1CCN(C[C@@H](C)Nc2ncccc2C#N)CC1
ZINC000596488210,CC1CCN(C[C@H](C)Nc2ncccc2C#N)CC1
ZINC000596489844,CC1CCN(C[C@@H](C)Nc2cc(C#N)ccn2)CC1
ZINC000596489846,CC1CCN(C[C@H](C)Nc2cc(C#N)ccn2)CC1
ZINC000076776251,C[C@@H]1CCCN(CCNc2ncc([N+](=O)[O-])cc2C#N)C1
ZINC000593516149,Cc1cc(C)c(C#N)c(N(C)CCN2CCCCC2)n1
ZINC000593516181,Cc1ccnc(N(C)CCN2CCCCC2)c1C#N
ZINC000593516708,CN(CCN1CCCCC1)c1ncc(C#N)cc1F
ZINC000593516478,Cc1ccc(C#N)c(N(C)CCN2CCCCC2)n1
ZINC000593516638,Cc1nc(N(C)CCN2CCCCC2)ccc1C#N
ZINC000596296462,Cc1ccc(C#N)nc1N(C)CCN1CCCCC1
ZINC000443965442,CC1(C)CCCN(CCNc2ncccc2C#N)C1
ZINC000443967976,CC1(C)CCCN(CCNc2cccc(C#N)n2)C1
ZINC000487725689,Cc1nc(NCCN2CCCC(C)(C)C2)ccc1C#N
ZINC000487918984,Cc1nc(NC[C@@H](C)N2CCCC[C@H]2C)ccc1C#N
ZINC000487918985,Cc1nc(NC[C@H](C)N2CCCC[C@H]2C)ccc1C#N
ZINC000487918986,Cc1nc(NC[C@@H](C)N2CCCC[C@@H]2C)ccc1C#N
ZINC000487918990,Cc1nc(NC[C@H](C)N2CCCC[C@@H]2C)ccc1C#N
ZINC000487929793,Cc1nc(NC[C@H](C)N2CCC[C@@H](C)C2)ccc1C#N
ZINC000487929795,Cc1nc(NC[C@@H](C)N2CCC[C@H](C)C2)ccc1C#N
ZINC000487929796,Cc1nc(NC[C@H](C)N2CCC[C@H](C)C2)ccc1C#N
ZINC000488056183,Cc1nc(N[C@H](C)CN2CCC[C@@H](C)C2)ccc1C#N
ZINC000488056185,Cc1nc(N[C@@H](C)CN2CCC[C@@H](C)C2)ccc1C#N
ZINC000488056187,Cc1nc(N[C@H](C)CN2CCC[C@H](C)C2)ccc1C#N
ZINC000488056189,Cc1nc(N[C@@H](C)CN2CCC[C@H](C)C2)ccc1C#N
ZINC000488080147,Cc1nc(N[C@H](C)CN2C[C@H](C)C[C@H](C)C2)ccc1C#N
ZINC000488080149,Cc1nc(N[C@H](C)CN2C[C@H](C)C[C@@H](C)C2)ccc1C#N
ZINC000488080150,Cc1nc(N[C@@H](C)CN2C[C@H](C)C[C@H](C)C2)ccc1C#N
ZINC000195666959,C[C@@H]1CCCN([C@H](C)CNc2ncccc2C#N)C1
ZINC000273312370,Cc1ccnc(NCCN2CCC[C@@H](C)C2)c1C#N
ZINC000273312375,Cc1ccnc(NCCN2CCC[C@H](C)C2)c1C#N
ZINC000301121869,C[C@@H]1CCCN(C[C@H](C)Nc2ccc(C#N)cn2)C1
ZINC000301121867,C[C@@H]1CCCN(C[C@@H](C)Nc2ccc(C#N)cn2)C1
ZINC000301121871,C[C@H]1CCCN(C[C@H](C)Nc2ccc(C#N)cn2)C1
ZINC000301278645,C[C@@H]1CCCN([C@@H](C)CNc2cccc(C#N)n2)C1
ZINC000301278644,C[C@@H]1CCCN([C@H](C)CNc2cccc(C#N)n2)C1
ZINC000301278647,C[C@H]1CCCN([C@@H](C)CNc2cccc(C#N)n2)C1
ZINC000301278646,C[C@H]1CCCN([C@H](C)CNc2cccc(C#N)n2)C1
ZINC000252137429,C[C@H]1CCCN([C@H](C)CNc2ncccc2C#N)C1
ZINC000080249728,COC1CCN(CCNc2nc(C)cc(C)c2C#N)CC1
ZINC000429202121,C[C@@H]1CCCN(CCNc2nccc(C#N)c2Cl)C1
ZINC000429202122,C[C@H]1CCCN(CCNc2nccc(C#N)c2Cl)C1
ZINC000611399233,Cc1ccc(C#N)nc1NCCN1CCC(C)CC1
ZINC000611399515,Cc1ccc(C#N)nc1NCCN1CCC[C@@H](C)C1
ZINC000611399516,Cc1ccc(C#N)nc1NCCN1CCC[C@H](C)C1
ZINC001324085363,C[C@@H](CN1CCCCC1)Nc1cccc(CC#N)n1
ZINC000339004078,C[C@@H]1CCCCN1[C@H](C)CNc1ccc(C#N)cn1
ZINC000339004080,C[C@H](CNc1ccc(C#N)cn1)N1CCCC[C@@H]1C
ZINC000268520005,C[C@@H]1CCCN(CCNc2nccc(C#N)c2[N+](=O)[O-])C1
ZINC000268520008,C[C@H]1CCCN(CCNc2nccc(C#N)c2[N+](=O)[O-])C1
ZINC000270031800,C[C@@H]1CCCN(C[C@@H](C)Nc2cccc(C#N)n2)C1
ZINC000270031802,C[C@@H]1CCCN(C[C@H](C)Nc2cccc(C#N)n2)C1
ZINC000270031805,C[C@H]1CCCN(C[C@@H](C)Nc2cccc(C#N)n2)C1
ZINC000270031808,C[C@H]1CCCN(C[C@H](C)Nc2cccc(C#N)n2)C1
ZINC000286219159,C[C@@H]1CCCN([C@@H](C)CNc2cc(C#N)ccn2)C1
ZINC000286219156,C[C@@H]1CCCN([C@H](C)CNc2cc(C#N)ccn2)C1
ZINC000286219163,C[C@H]1CCCN([C@H](C)CNc2cc(C#N)ccn2)C1
ZINC000286219165,C[C@H]1CCCN([C@@H](C)CNc2cc(C#N)ccn2)C1
ZINC000291615501,Cc1nc(NCCN2CCC[C@@H](C)C2)ccc1C#N
ZINC000291615503,Cc1nc(NCCN2CCC[C@H](C)C2)ccc1C#N
ZINC000298739316,C[C@@H]1CCCN([C@H](C)CNc2ccc(C#N)cn2)C1
ZINC000298739317,C[C@H]1CCCN([C@H](C)CNc2ccc(C#N)cn2)C1
ZINC000299068602,C[C@@H]1CCCN(C[C@@H](C)Nc2ncccc2C#N)C1
ZINC000299068605,C[C@@H]1CCCN(C[C@H](C)Nc2ncccc2C#N)C1
ZINC000299068608,C[C@H]1CCCN(C[C@@H](C)Nc2ncccc2C#N)C1
ZINC000413056154,CC1CCN(CCNc2ncc(C#N)cc2F)CC1
ZINC000413062147,C[C@@H]1CCCN(CCNc2ncc(C#N)cc2F)C1
ZINC000413062148,C[C@H]1CCCN(CCNc2ncc(C#N)cc2F)C1
ZINC000413090811,C[C@H](CN1CCCCC1)Nc1ncc(C#N)cc1F
ZINC000413090813,C[C@@H](CN1CCCCC1)Nc1ncc(C#N)cc1F
ZINC001160746989,Cc1ccc(C#N)c(NCCN2CCC(F)(F)CC2)n1
ZINC001160747024,N#Cc1ccc(NCCN2CCC(F)(F)CC2)nc1
ZINC001160747037,COc1cc(NCCN2CCC(F)(F)CC2)ncc1C#N
ZINC001160747356,Cc1cnc(NCCN2CCC(F)(F)CC2)c(C#N)c1
ZINC001160748302,N#Cc1cc(F)cnc1NCCN1CCC(F)(F)CC1
ZINC001160748304,Cc1ccnc(NCCN2CCC(F)(F)CC2)c1C#N
ZINC001160748324,N#Cc1cccnc1NCCN1CCC(F)(F)CC1
ZINC001160748824,COc1ccnc(NCCN2CCC(F)(F)CC2)c1C#N
ZINC001160749034,Cc1ccc(NCCN2CCC(F)(F)CC2)nc1C#N
ZINC001160749100,COc1cc(C#N)nc(NCCN2CCC(F)(F)CC2)c1
ZINC001160749421,N#Cc1c(F)ccnc1NCCN1CCC(F)(F)CC1
ZINC001160752105,Cc1nc(NCCN2CCC(F)(F)CC2)ccc1C#N
ZINC001160752772,Cc1cnc(NCCN2CCC(F)(F)CC2)c(C=NO)c1
ZINC001160752800,N#Cc1cnc(NCCN2CCC(F)(F)CC2)c(F)c1
ZINC001160753651,Cc1cc(C#N)cc(NCCN2CCC(F)(F)CC2)n1
ZINC001320655792,C[C@@H]1CCCN(CCNc2cccc(CC#N)n2)C1
ZINC001320655793,C[C@H]1CCCN(CCNc2cccc(CC#N)n2)C1
ZINC001322617131,CC1CCN(CCNc2cccc(CC#N)n2)CC1
ZINC001324085362,C[C@H](CN1CCCCC1)Nc1cccc(CC#N)n1
ZINC001327281398,CN(CCN1CCCCC1)c1cccc(CC#N)n1
ZINC001354131398,COC1CCN(CCNc2cc(C#N)cc(Cl)n2)CC1
ZINC000157557057,CC[C@@H]1CCCCN1CCNc1cccc(C)n1
ZINC000157557201,CC[C@H]1CCCCN1CCNc1cccc(C)n1
ZINC000301619364,CC[C@H]1CCCCN1CCNc1cc(C)ccn1
ZINC000301619365,CC[C@@H]1CCCCN1CCNc1cc(C)ccn1
ZINC000040149680,O=c1[nH]c2ccccc2n1C1CCN(Cc2ccc(OCC(F)(F)F)cc2)CC1
ZINC000056281902,O=c1[nH]c2ccccc2n1C1CCN(Cc2cccc(OCC(F)(F)F)c2)CC1
ZINC000065209116,O=c1[nH]c2ccccc2n1C1CCN(Cc2cc(Br)ccc2F)CC1
ZINC000071964735,O=c1[nH]c2ccccc2n1C1CCN(Cc2ccc(F)c(Br)c2)CC1
ZINC000105147745,O=c1[nH]c2ccccc2n1C1CCN(Cc2ccc(Br)cc2F)CC1
ZINC000431513951,O=C(Cc1cccc(OCC(F)(F)F)c1)N[C@H](CN1CCCC1)c1ccccc1
ZINC000481901206,COc1c(Br)cccc1CN1CCC(n2c(=O)[nH]c3ccccc32)CC1
ZINC000482818698,O=c1[nH]c2ccccc2n1C1CCN(Cc2cc(F)cc(Br)c2)CC1
ZINC000506124061,COc1ccc(CN2CCC(n3c(=O)[nH]c4ccccc43)CC2)c(OC(F)F)c1
ZINC000506127170,O=c1[nH]c2ccccc2n1C1CCN(Cc2cc(F)ccc2Br)CC1
ZINC000506135094,O=c1[nH]c2ccccc2n1C1CCN(Cc2ccc(F)cc2Br)CC1
ZINC000506135875,COc1ccc(CN2CCC(n3c(=O)[nH]c4ccccc43)CC2)cc1OC(F)F
ZINC000506138695,COc1cc(CN2CCC(n3c(=O)[nH]c4ccccc43)CC2)cc(Cl)c1OC
ZINC000506139442,COc1ccc(OC(F)F)c(CN2CCC(n3c(=O)[nH]c4ccccc43)CC2)c1
ZINC000506140761,COc1cccc(CN2CCC(n3c(=O)[nH]c4ccccc43)CC2)c1OC(F)F
ZINC000506149506,COc1ccc(CN2CCC(n3c(=O)[nH]c4ccccc43)CC2)cc1Br
ZINC000506150216,COc1cc(CN2CCC(n3c(=O)[nH]c4ccccc43)CC2)ccc1OC(F)F
ZINC000506152204,COc1cc(CN2CCC(n3c(=O)[nH]c4ccccc43)CC2)c(SC)cc1OC
ZINC000506159383,COc1ccc(CN2CCC(n3c(=O)[nH]c4ccccc43)CC2)c(Cl)c1OC
ZINC000534333242,COc1ccc(Br)c(CN2CCC(n3c(=O)[nH]c4ccccc43)CC2)c1
ZINC000538830950,COc1ccc([C@@H](CN2CCCC2)NC(=O)Cc2cccc(C(F)(F)F)c2)cc1
ZINC000538979501,O=c1[nH]c2ccccc2n1C1CCN(Cc2c(F)cccc2Br)CC1
ZINC000539930976,COc1ccc([C@@H](CN2CCCC2)NC(=O)Cc2ccccc2C(F)(F)F)cc1
ZINC000539931845,COc1ccc([C@@H](CN2CCCC2)NC(=O)Cc2ccc(C(F)(F)F)cc2)cc1
ZINC000567519303,COc1ccc(CN2CCC(n3c(=O)[nH]c4ccccc43)CC2)c(Br)c1
ZINC000614579819,O=C(Cc1ccc(F)c(Br)c1)N[C@H](CN1CCCC1)c1ccccc1
ZINC000752281980,CN(C)C(=O)Sc1cccc(CN2CCC(n3c(=O)[nH]c4ccccc43)CC2)c1
ZINC001135443754,Cc1cccc(CC(=O)N[C@H](CN2CCCC2)c2ccccc2)c1Br
ZINC001135612647,O=C(Cc1cc(F)ccc1Br)N[C@H](CN1CCCC1)c1ccccc1
ZINC001135613782,COc1ccc(Cl)cc1C(F)(F)C(=O)N[C@H](CN1CCCC1)c1ccccc1
ZINC001137385226,Cc1ccc(Br)c(CN2CCC(n3c(=O)n(C)c4ccccc43)CC2)c1
ZINC001137466689,Cn1c(=O)n(C2CCN(Cc3c(F)cccc3Br)CC2)c2ccccc21
ZINC001137548651,Cn1c(=O)n(C2CCN(Cc3ccc(F)cc3Br)CC2)c2ccccc21
ZINC001137558116,Cn1c(=O)n(C2CCN(Cc3ccc(F)c(Br)c3)CC2)c2ccccc21
ZINC001137616455,Cc1cc(CN2CCC(n3c(=O)n(C)c4ccccc43)CC2)ccc1Br
ZINC001137627689,COc1ccc([C@@H](CN2CCCC2)NC(=O)Cc2c(Cl)cccc2Cl)cc1
ZINC001137718217,O=c1[nH]c2ccccc2n1C1CCN(Cc2cccc(F)c2Br)CC1
ZINC001137721289,Cn1c(=O)n(C2CCN(Cc3cccc(F)c3Br)CC2)c2ccccc21
ZINC001137807124,Cc1ccc(CN2CCC(n3c(=O)n(C)c4ccccc43)CC2)c(Br)c1
ZINC001137864792,Cn1c(=O)n(C2CCN(Cc3cc(F)cc(C(F)(F)F)c3)CC2)c2ccccc21
ZINC001138011467,Cn1c(=O)n(C2CCN(Cc3cccc(C(F)(F)F)c3F)CC2)c2ccccc21
ZINC001138092412,Cn1c(=O)n(C2CCN(Cc3cc(F)ccc3C(F)(F)F)CC2)c2ccccc21
ZINC001138477632,COc1c(Cl)cc(CN2CCC(n3c(=O)n(C)c4ccccc43)CC2)cc1Cl
ZINC001138742645,COc1cc(Cl)cc(CN2CCC(n3c(=O)[nH]c4ccccc43)CC2)c1OC
ZINC001138849075,COc1cc(OC(F)(F)F)ccc1CN1CCC(n2c(=O)[nH]c3ccccc32)CC1
ZINC001139174957,Cn1c(=O)n(C2CCN(Cc3cc(F)cc(Br)c3)CC2)c2ccccc21
ZINC001139533356,O=c1[nH]c2ccccc2n1C1CCN(Cc2cccc(Br)c2F)CC1
ZINC001139533368,Cn1c(=O)n(C2CCN(Cc3cccc(Br)c3F)CC2)c2ccccc21
ZINC001139730281,Cc1ccc(CN2CCC(n3c(=O)n(C)c4ccccc43)CC2)cc1Br
ZINC001140213233,Cn1c(=O)n(C2CCN(Cc3ccc(Br)c(F)c3)CC2)c2ccccc21
ZINC001140550533,O=c1[nH]c2ccccc2n1C1CCN(Cc2cccc(O)c2Br)CC1
ZINC001140649280,Cc1ccc(Br)cc1CN1CCC(n2c(=O)n(C)c3ccccc32)CC1
ZINC001140816927,Cc1cc(Br)ccc1CN1CCC(n2c(=O)n(C)c3ccccc32)CC1
ZINC001140834614,Cn1c(=O)n(C2CCN(Cc3cc(Cl)c(O)c(Cl)c3)CC2)c2ccccc21
ZINC001140886851,Cn1c(=O)n(C2CCN(Cc3ccc(OC(F)(F)F)c(F)c3)CC2)c2ccccc21
ZINC001140964293,Cc1cc(OC(F)(F)F)ccc1CN1CCC(n2c(=O)n(C)c3ccccc32)CC1
ZINC001141092121,Cc1cccc(CN2CCC(n3c(=O)n(C)c4ccccc43)CC2)c1Br
ZINC001141201659,COc1ccc(C(F)(F)F)cc1CN1CCC(n2c(=O)n(C)c3ccccc32)CC1
ZINC001141610966,COc1cc(C(F)(F)F)ccc1CN1CCC(n2c(=O)n(C)c3ccccc32)CC1
ZINC001142114372,Cn1c(=O)n(C2CCN(Cc3c(Cl)cc(O)cc3Cl)CC2)c2ccccc21
ZINC001142200945,Cn1c(=O)n(C2CCN(Cc3ccc(C(=O)OC(C)(C)C)cc3)CC2)c2ccccc21
ZINC001142293444,COc1cc(Cl)c(CN2CCC(n3c(=O)n(C)c4ccccc43)CC2)c(Cl)c1
ZINC001143261994,Cn1c(=O)n(C2CCN(Cc3cc(F)cc(OC(F)(F)F)c3)CC2)c2ccccc21
ZINC001143349493,COc1cc(CN2CCC(n3c(=O)n(C)c4ccccc43)CC2)ccc1C(F)(F)F
ZINC001143441750,Cn1c(=O)n(C2CCN(Cc3ccc(F)c(OC(F)(F)F)c3)CC2)c2ccccc21
ZINC001143468666,Cc1cc(CN2CCC(n3c(=O)n(C)c4ccccc43)CC2)cc(OC(F)(F)F)c1
ZINC001143479001,COc1ccc(CN2CCC(n3c(=O)n(C)c4ccccc43)CC2)c(C(F)(F)F)c1
ZINC001143517917,COc1cc(CN2CCC(n3c(=O)n(C)c4ccccc43)CC2)cc(C(F)(F)F)c1
ZINC001143544230,Cn1c(=O)n(C2CCN(Cc3cc(OC(F)(F)F)ccc3F)CC2)c2ccccc21
ZINC001143644802,COc1ccc(CN2CCC(n3c(=O)n(C)c4ccccc43)CC2)cc1C(F)(F)F
ZINC001143741946,CCOc1c(F)cc(CN2CCC(n3c(=O)n(C)c4ccccc43)CC2)cc1Cl
ZINC001143791340,Cn1c(=O)n(C2CCN(Cc3ccc(OC(F)(F)F)cc3F)CC2)c2ccccc21
ZINC001143831427,CCOc1c(Cl)ccc(CN2CCC(n3c(=O)n(C)c4ccccc43)CC2)c1F
ZINC001143870505,COc1ccc(CN2CCC(n3c(=O)[nH]c4ccccc43)CC2)cc1OC(F)(F)F
ZINC001143998177,COc1ccc(OC(F)(F)F)cc1CN1CCC(n2c(=O)[nH]c3ccccc32)CC1
ZINC001144046185,COc1ccc(CN2CCC(n3c(=O)[nH]c4ccccc43)CC2)c(OC(F)(F)F)c1
ZINC001144218482,Cc1cc(Br)cc(CN2CCC(n3c(=O)n(C)c4ccccc43)CC2)c1
ZINC001144224649,COc1cc(CN2CCC(n3c(=O)[nH]c4ccccc43)CC2)ccc1Br
ZINC001151337022,COc1ccc([C@@H](CN2CCCC2)NC(=O)Cc2cccc(OC(F)(F)F)c2)cc1
ZINC001204415503,Cn1c(=O)n(C2CCN(Cc3ccc(OC(F)(F)F)cc3)CC2)c2ccccc21
ZINC001204425107,Cn1c(=O)n(C2CCN(Cc3ccccc3OC(F)(F)F)CC2)c2ccccc21
ZINC001204431857,Cn1c(=O)n(C2CCN(Cc3cccc(OC(F)(F)F)c3)CC2)c2ccccc21
ZINC001204467105,Cn1c(=O)n(C2CCN(Cc3c(F)cccc3C(F)(F)F)CC2)c2ccccc21
ZINC001204472608,Cn1c(=O)n(C2CCN(Cc3ccc(C(F)(F)F)cc3F)CC2)c2ccccc21
ZINC001204473906,Cn1c(=O)n(C2CCN(Cc3cc(C(F)(F)F)ccc3F)CC2)c2ccccc21
ZINC001204482948,Cn1c(=O)n(C2CCN(Cc3ccc(F)cc3C(F)(F)F)CC2)c2ccccc21
ZINC001204484255,Cn1c(=O)n(C2CCN(Cc3ccc(F)c(C(F)(F)F)c3)CC2)c2ccccc21
ZINC001204496880,Cn1c(=O)n(C2CCN(Cc3cc(Br)ccc3F)CC2)c2ccccc21
ZINC001204540092,Cn1c(=O)n(C2CCN(Cc3cc(F)ccc3Br)CC2)c2ccccc21
ZINC001204553683,Cn1c(=O)n(C2CCN(Cc3ccc(Br)cc3F)CC2)c2ccccc21
ZINC001204886697,Cn1c(=O)n(C2CCN(Cc3ccc(C(F)(F)F)c(F)c3)CC2)c2ccccc21
ZINC001223015213,CCC(=O)C(CC)O[C@@H]1c2ccccc2N(C)S(=O)(=O)c2cc(Cl)ccc21
ZINC001223015214,CCC(=O)C(CC)O[C@H]1c2ccccc2N(C)S(=O)(=O)c2cc(Cl)ccc21
ZINC001223015216,CCC(=O)C(CC)O[C@H]1c2ccccc2N(C)S(=O)(=O)c2cc(Cl)ccc21
ZINC001223015218,CCC(=O)C(CC)O[C@@H]1c2ccccc2N(C)S(=O)(=O)c2cc(Cl)ccc21
ZINC001223018100,CCN(CC)C[C@H](C)O[C@H]1c2ccccc2N(C)S(=O)(=O)c2cc(Cl)ccc21
ZINC001223018111,CCN(CC)C[C@@H](C)O[C@@H]1c2ccccc2N(C)S(=O)(=O)c2cc(Cl)ccc21
ZINC001223018123,CCN(CC)C[C@@H](C)O[C@H]1c2ccccc2N(C)S(=O)(=O)c2cc(Cl)ccc21
ZINC001223018127,CCN(CC)C[C@H](C)O[C@@H]1c2ccccc2N(C)S(=O)(=O)c2cc(Cl)ccc21
ZINC001223019856,CCCOC[C@@H](C)O[C@@H]1c2ccccc2N(C)S(=O)(=O)c2cc(Cl)ccc21
ZINC001223019859,CCCOC[C@H](C)O[C@@H]1c2ccccc2N(C)S(=O)(=O)c2cc(Cl)ccc21
ZINC001223019865,CCCOC[C@@H](C)O[C@H]1c2ccccc2N(C)S(=O)(=O)c2cc(Cl)ccc21
ZINC001223019869,CCCOC[C@H](C)O[C@H]1c2ccccc2N(C)S(=O)(=O)c2cc(Cl)ccc21
ZINC001231527684,COc1cc(CN2CCC(n3c(=O)[nH]c4ccccc43)CC2)ccc1OC(=O)C(C)C
ZINC001231698687,COc1cc(Cl)c(CN2CCC(n3c(=O)[nH]c4ccccc43)CC2)c(OC)c1
ZINC001232371066,COc1cc(CN2CCC(n3c(=O)[nH]c4ccccc43)CC2)c(OC)cc1Cl
ZINC001232590301,CCOC(=O)c1ccc(CN2CCC(n3c(=O)[nH]c4ccccc43)CC2)c(Cl)c1
ZINC001232631195,O=c1[nH]c2ccccc2n1C1CCN(Cc2cc(F)c(O)c(Br)c2)CC1
ZINC001232631650,Cn1c(=O)n(C2CCN(Cc3ccc(Cl)c(O)c3Cl)CC2)c2ccccc21
ZINC001232992851,O=c1[nH]c2ccccc2n1C1CCN(Cc2cc(O)cc(Br)c2)CC1
ZINC001233213455,COc1cc(Br)cc(CN2CCC(n3c(=O)[nH]c4ccccc43)CC2)c1
ZINC001234431819,Cn1c(=O)n(C2CCN(Cc3cc(Cl)ccc3OC(F)F)CC2)c2ccccc21
ZINC001234892038,CCOC(OCC)c1ccc(CN2CCC(n3c(=O)n(C)c4ccccc43)CC2)cc1
ZINC001235429498,Nc1ccc(OC(F)(F)F)cc1CN1CCC(n2c(=O)[nH]c3ccccc32)CC1
ZINC001235668987,O=c1[nH]c2ccccc2n1C1CCN(Cc2ccc(O)c(OC(F)(F)F)c2)CC1
ZINC001236606151,Cc1c(Br)cccc1CN1CCC(n2c(=O)n(C)c3ccccc32)CC1
ZINC001236672092,COc1cccc(Br)c1CN1CCC(n2c(=O)[nH]c3ccccc32)CC1
ZINC001236684859,O=c1[nH]c2ccccc2n1C1CCN(Cc2ccc(Br)c(O)c2)CC1
ZINC001236724718,O=c1[nH]c2ccccc2n1C1CCN(Cc2ccc(O)cc2OC(F)(F)F)CC1
ZINC001237273326,COc1cc(CN2CCC(n3c(=O)n(C)c4ccccc43)CC2)ccc1C(F)F
ZINC001237297486,Cc1cc(Br)c(CN2CCC(n3c(=O)[nH]c4ccccc43)CC2)cc1O
ZINC001237398503,Cn1c(=O)n(C2CCN(Cc3ccccc3NC(=O)C(C)(C)C)CC2)c2ccccc21
ZINC001237859854,COc1cccc(CN2CCC(n3c(=O)[nH]c4ccccc43)CC2)c1Br
ZINC001238046157,CCOC(=O)c1c(Cl)cccc1CN1CCC(n2c(=O)[nH]c3ccccc32)CC1
ZINC001238056949,COc1ccc(C(F)(F)F)c(CN2CCC(n3c(=O)n(C)c4ccccc43)CC2)c1
ZINC001238309440,O=c1[nH]c2ccccc2n1C1CCN(Cc2c(Br)ccc(O)c2F)CC1
ZINC001238533488,CC(C)Oc1c(F)ccc(CN2CCC(n3c(=O)n(C)c4ccccc43)CC2)c1F
ZINC001238750351,CC(C)Oc1c(CN2CCC(n3c(=O)n(C)c4ccccc43)CC2)ccc(F)c1F
ZINC001248613524,Cc1cccc(Br)c1CN1CCC(n2c(=O)n(C)c3ccccc32)CC1
ZINC001248641121,COc1c(CN2CCC(n3c(=O)n(C)c4ccccc43)CC2)ccc(Cl)c1Cl
ZINC001248797649,COc1ccc(CN2CCC(n3c(=O)[nH]c4ccccc43)CC2)c(OC)c1Cl
ZINC001249796233,COc1cc(CN2CCC(n3c(=O)n(C)c4ccccc43)CC2)c(F)c(F)c1Cl
ZINC001249983593,COc1cc(CN2CCC(n3c(=O)[nH]c4ccccc43)CC2)ccc1OC(F)(F)F
ZINC001250147195,CC(C)Oc1cc(F)c(CN2CCC(n3c(=O)n(C)c4ccccc43)CC2)c(F)c1
ZINC001290116527,O=C(Cc1cc(Br)ccc1F)N[C@H](CN1CCCC1)c1ccccc1
ZINC001440533135,Cc1cc(Br)ccc1CC(=O)N[C@H](CN1CCCC1)c1ccccc1
ZINC001440539397,Cc1c(Br)cccc1CC(=O)N[C@H](CN1CCCC1)c1ccccc1
ZINC001440541214,O=C(Cc1ccc(F)cc1Br)N[C@H](CN1CCCC1)c1ccccc1
ZINC001446346391,COc1ccc([C@@H](CN2CCCC2)NC(=O)Cc2ccc(OCC(C)C)cc2)cc1
ZINC001446353407,CCOc1c(Cl)cccc1CC(=O)N[C@H](CN1CCCC1)c1ccc(OC)cc1
ZINC001463638626,O=C(Cc1ccc(Br)c(F)c1)N[C@H](CN1CCCC1)c1ccccc1
ZINC001466170288,COc1ccc([C@@H](CN2CCCC2)NC(=O)Cc2cc(Cl)cc(Cl)c2)cc1
ZINC001466170994,COc1ccc([C@@H](CN2CCCC2)NC(=O)Cc2ccc(Cl)c(Cl)c2)cc1
ZINC001466171071,COc1ccc([C@@H](CN2CCCC2)NC(=O)Cc2cccc(Cl)c2Cl)cc1
ZINC001466171820,COc1ccc([C@@H](CN2CCCC2)NC(=O)C(F)(F)c2ccc(Cl)cc2)cc1
ZINC001534735987,CC(=O)c1cc(Br)ccc1OCC(=O)N[C@@]1(C)CCCc2ccccc21
ZINC001534735988,CC(=O)c1cc(Br)ccc1OCC(=O)N[C@]1(C)CCCc2ccccc21
ZINC001540337706,O=C(N[C@H](CN1CCCC1)c1ccccc1)C(F)(F)c1ccc(Br)cc1
ZINC001545890834,COc1ccc([C@@H](CN2CCCC2)NC(=O)C(F)(F)c2c(F)cccc2F)cc1
ZINC001560722389,CCOc1cc(CN2CCC(n3c(=O)[nH]c4ccccc43)CC2)cc(Cl)c1O
ZINC001566501404,COc1ccc([C@@H](CN2CCCC2)NC(=O)Cc2cc(Cl)ccc2Cl)cc1
ZINC001587055870,O=C(Cc1ccc(Br)cc1F)N[C@H](CN1CCCC1)c1ccccc1
ZINC001587056437,COC(C(=O)N[C@H](CN1CCCC1)c1ccccc1)c1ccccc1Br
ZINC001587056439,COC(C(=O)N[C@H](CN1CCCC1)c1ccccc1)c1ccccc1Br
ZINC001623324532,CCOc1ccccc1C(F)(F)C(=O)N[C@H](CN1CCCC1)c1ccc(OC)cc1
ZINC001623326342,COc1ccc([C@@H](CN2CCCC2)NC(=O)Cc2ccc(Cl)cc2Cl)cc1
ZINC001628461209,O=C(N[C@H](CN1CCCC1)c1ccccc1)C(F)(F)c1ccccc1Br
ZINC001628461220,Cc1ccc(Br)cc1CC(=O)N[C@H](CN1CCCC1)c1ccccc1
ZINC001628461266,Cc1ccc(CC(=O)N[C@H](CN2CCCC2)c2ccccc2)cc1Br
ZINC001658684129,COc1cc(Cl)c(CN2CCC(n3c(=O)[nH]c4ccccc43)CC2)cc1OC
ZINC000506126055,O=c1[nH]c2ccccc2n1C1CCN(Cc2cc([N+](=O)[O-])ccc2OC(F)F)CC1
ZINC000609193544,CC(C)Oc1ccc([N+](=O)[O-])cc1CN1CCC(n2c(=O)[nH]c3ccccc32)CC1
ZINC000004102214,CCC[C@](C)(O)[C@H]1C[C@@]23C=C[C@]1(OC)[C@@H]1Oc4c(O)ccc5c4[C@@]12CCN(C)[C@@H]3C5
ZINC000005561290,CCC[C@@](C)(O)[C@H]1C[C@@]23C=C[C@]1(OC)[C@@H]1Oc4c(O)ccc5c4[C@@]12CCN(C)[C@@H]3C5
ZINC000253503888,COc1ccc2c3c1O[C@H]1[C@@]4(OC)C=C[C@@]5(C[C@@]4(C)C(C)(C)O)[C@@H](C2)N(C)CC[C@]315
ZINC000253503891,COc1ccc2c3c1O[C@H]1[C@@]4(OC)C=C[C@@]5(C[C@]4(C)C(C)(C)O)[C@@H](C2)N(C)CC[C@]315
ZINC000246922308,Cc1ccc([N+](=O)[O-])c(N[C@H](C)CN2CCC[C@@H](C)C2)n1
ZINC000246922324,Cc1ccc([N+](=O)[O-])c(N[C@@H](C)CN2CCC[C@@H](C)C2)n1
ZINC000247152359,Cc1ccc([N+](=O)[O-])c(NC[C@@H](C)N2CCC[C@@H](C)C2)n1
ZINC000247152363,Cc1ccc([N+](=O)[O-])c(NC[C@H](C)N2CCC[C@@H](C)C2)n1
ZINC000178172165,Cc1ccc([N+](=O)[O-])c(NC[C@@H](C)N2CCC[C@H](C)C2)n1
ZINC000178172182,Cc1ccc([N+](=O)[O-])c(NC[C@H](C)N2CCC[C@H](C)C2)n1
ZINC000071954255,C[C@@H]1CCCN([C@@H](C)CNc2ccc([N+](=O)[O-])cn2)C1
ZINC000071954228,C[C@H]1CCCN([C@@H](C)CNc2ncccc2[N+](=O)[O-])C1
ZINC000071954227,C[C@@H]1CCCN([C@@H](C)CNc2ncccc2[N+](=O)[O-])C1
ZINC000071954256,C[C@H]1CCCN([C@@H](C)CNc2ccc([N+](=O)[O-])cn2)C1
ZINC000227649249,C[C@H](CN1CCCCC1)Nc1ncc([N+](=O)[O-])cc1Cl
ZINC000065586733,C[C@H]1CCCN(C[C@H](C)Nc2ncccc2[N+](=O)[O-])C1
ZINC000065586796,C[C@H]1CCCN(C[C@@H](C)Nc2ccc([N+](=O)[O-])cn2)C1
ZINC000074740674,Cc1cc(NC[C@H](C)N2CCC[C@H](C)C2)ncc1[N+](=O)[O-]
ZINC000078653867,Cc1cnc(N[C@@H](C)CN2CCC[C@H](C)C2)c([N+](=O)[O-])c1
ZINC000153587129,C[C@H]1CCCN(CCNc2ncc(Cl)cc2[N+](=O)[O-])C1
ZINC000343329567,CCCN(CCN1CCCCC1)c1ncccc1[N+](=O)[O-]
ZINC000343352365,CCCN(CCN1CCCCC1)c1ccc([N+](=O)[O-])cn1
ZINC000074740673,Cc1cc(NC[C@@H](C)N2CCC[C@H](C)C2)ncc1[N+](=O)[O-]
ZINC000070496120,Cc1ccnc(N[C@@H](C)CN2CCCCC2)c1[N+](=O)[O-]
ZINC000070496121,Cc1ccnc(N[C@H](C)CN2CCCCC2)c1[N+](=O)[O-]
ZINC000161520677,Cc1nc(N[C@@H](C)CN2CCCCC2)ccc1[N+](=O)[O-]
ZINC000161520812,Cc1nc(N[C@H](C)CN2CCCCC2)ccc1[N+](=O)[O-]
ZINC000073000342,Cc1cc(N[C@@H](C)CN2CCCCC2)ncc1[N+](=O)[O-]
ZINC000073000343,Cc1cc(N[C@H](C)CN2CCCCC2)ncc1[N+](=O)[O-]
ZINC000078630729,Cc1cnc(NC[C@H](C)N2CCC[C@H](C)C2)c([N+](=O)[O-])c1
ZINC000078630542,Cc1cnc(NC[C@H](C)N2CCCC[C@@H]2C)c([N+](=O)[O-])c1
ZINC000078630725,Cc1cnc(NC[C@@H](C)N2CCC[C@H](C)C2)c([N+](=O)[O-])c1
ZINC000078630538,Cc1cnc(NC[C@@H](C)N2CCCC[C@@H]2C)c([N+](=O)[O-])c1
ZINC000252152130,C[C@H]1CCCN([C@H](C)CNc2ccc([N+](=O)[O-])cn2)C1
ZINC000252200444,C[C@H]1CCCN([C@H](C)CNc2ncccc2[N+](=O)[O-])C1
ZINC000078653868,Cc1cnc(N[C@H](C)CN2CCC[C@H](C)C2)c([N+](=O)[O-])c1
ZINC000413075459,C[C@@H]1CCCN(C[C@@H](C)Nc2ncc([N+](=O)[O-])cc2F)C1
ZINC000413075460,C[C@@H]1CCCN(C[C@H](C)Nc2ncc([N+](=O)[O-])cc2F)C1
ZINC000413075461,C[C@H]1CCCN(C[C@H](C)Nc2ncc([N+](=O)[O-])cc2F)C1
ZINC000413075462,C[C@H]1CCCN(C[C@@H](C)Nc2ncc([N+](=O)[O-])cc2F)C1
ZINC000413270103,CC1(C)CCCN(CCNc2ncc([N+](=O)[O-])cc2F)C1
ZINC000052812680,Cc1cc([N+](=O)[O-])cnc1N[C@@H](C)CN1CCCCC1
ZINC000052812681,Cc1cc([N+](=O)[O-])cnc1N[C@H](C)CN1CCCCC1
ZINC000301074137,C[C@H]1CCCN(C[C@@H](C)Nc2ncccc2[N+](=O)[O-])C1
ZINC000129772198,CC1CCN(CCNc2ncc(Cl)cc2[N+](=O)[O-])CC1
ZINC000129773981,C[C@@H](CN1CCCCC1)Nc1ncc(Cl)cc1[N+](=O)[O-]
ZINC000129774193,C[C@H](CN1CCCCC1)Nc1ncc(Cl)cc1[N+](=O)[O-]
ZINC000129775240,O=[N+]([O-])c1cc(Cl)cnc1NCCN1CCCCC1
ZINC000079901288,C[C@@H]1CCCCN1[C@@H](C)CNc1ccc([N+](=O)[O-])cn1
ZINC000079901290,C[C@H]1CCCCN1[C@@H](C)CNc1ccc([N+](=O)[O-])cn1
ZINC000121995627,Cc1ccc([N+](=O)[O-])c(N[C@@H](C)CN2CCC[C@H](C)C2)n1
ZINC000121995889,Cc1ccc([N+](=O)[O-])c(N[C@H](C)CN2CCC[C@H](C)C2)n1
ZINC000570930959,CC[C@@H]1CCCCN1CCNc1ncc([N+](=O)[O-])cc1F
ZINC000570930960,CC[C@H]1CCCCN1CCNc1ncc([N+](=O)[O-])cc1F
ZINC000057148220,C[C@@H]1C[C@H](C)CN(C[C@@H](C)Nc2ncccc2[N+](=O)[O-])C1
ZINC000057148225,C[C@@H]1C[C@@H](C)CN(C[C@@H](C)Nc2ncccc2[N+](=O)[O-])C1
ZINC000057148215,C[C@@H]1C[C@H](C)CN(C[C@@H](C)Nc2ccc([N+](=O)[O-])cn2)C1
ZINC000057148218,C[C@@H]1C[C@@H](C)CN(C[C@@H](C)Nc2ccc([N+](=O)[O-])cn2)C1
ZINC000596487795,CC1CCN(C[C@@H](C)Nc2ncccc2[N+](=O)[O-])CC1
ZINC000596487796,CC1CCN(C[C@H](C)Nc2ncccc2[N+](=O)[O-])CC1
ZINC000596487878,Cc1cnc(N[C@H](C)CN2CCC(C)CC2)c([N+](=O)[O-])c1
ZINC000596487879,Cc1cnc(N[C@@H](C)CN2CCC(C)CC2)c([N+](=O)[O-])c1
ZINC000596487553,Cc1cc(N[C@H](C)CN2CCC(C)CC2)ncc1[N+](=O)[O-]
ZINC000596487554,Cc1cc(N[C@@H](C)CN2CCC(C)CC2)ncc1[N+](=O)[O-]
ZINC000596488607,Cc1cc([N+](=O)[O-])cnc1N[C@H](C)CN1CCC(C)CC1
ZINC000596488608,Cc1cc([N+](=O)[O-])cnc1N[C@@H](C)CN1CCC(C)CC1
ZINC000596488459,CC1CCN(C[C@@H](C)Nc2ncc([N+](=O)[O-])cc2F)CC1
ZINC000596488462,CC1CCN(C[C@H](C)Nc2ncc([N+](=O)[O-])cc2F)CC1
ZINC000596488240,CC1CCN(C[C@@H](C)Nc2ccc([N+](=O)[O-])cn2)CC1
ZINC000596488242,CC1CCN(C[C@H](C)Nc2ccc([N+](=O)[O-])cn2)CC1
ZINC000596489959,Cc1ccnc(N[C@H](C)CN2CCC(C)CC2)c1[N+](=O)[O-]
ZINC000596489961,Cc1ccnc(N[C@@H](C)CN2CCC(C)CC2)c1[N+](=O)[O-]
ZINC000076744718,C[C@@H]1CCCCN1[C@@H](C)CNc1ncccc1[N+](=O)[O-]
ZINC000076744721,C[C@H]1CCCCN1[C@@H](C)CNc1ncccc1[N+](=O)[O-]
ZINC000593517993,CN(CCN1CCCCC1)c1ncc([N+](=O)[O-])cc1Cl
ZINC000593518453,CN(CCN1CCCCC1)c1ncc(Cl)cc1[N+](=O)[O-]
ZINC000443942619,CC1(C)CCCN(CCNc2ncccc2[N+](=O)[O-])C1
ZINC000443956615,Cc1cnc(NCCN2CCCC(C)(C)C2)c([N+](=O)[O-])c1
ZINC000443967926,Cc1ccnc(NCCN2CCCC(C)(C)C2)c1[N+](=O)[O-]
ZINC000443974230,Cc1ccc([N+](=O)[O-])c(NCCN2CCCC(C)(C)C2)n1
ZINC000301074132,C[C@@H]1CCCN(C[C@H](C)Nc2ncccc2[N+](=O)[O-])C1
ZINC000301074141,C[C@@H]1CCCN(C[C@@H](C)Nc2ncccc2[N+](=O)[O-])C1
ZINC000090692179,Cc1cnc(N[C@@H](C)CN2CCCCC2)c([N+](=O)[O-])c1
ZINC000090692180,Cc1cnc(N[C@H](C)CN2CCCCC2)c([N+](=O)[O-])c1
ZINC000301121698,C[C@@H]1C[C@H](C)CN(C[C@H](C)Nc2ccc([N+](=O)[O-])cn2)C1
ZINC000301123770,C[C@@H]1C[C@@H](C)CN(C[C@H](C)Nc2ncccc2[N+](=O)[O-])C1
ZINC000301123771,C[C@@H]1C[C@H](C)CN(C[C@H](C)Nc2ncccc2[N+](=O)[O-])C1
ZINC000301121695,C[C@@H]1C[C@@H](C)CN(C[C@H](C)Nc2ccc([N+](=O)[O-])cn2)C1
ZINC000301186422,Cc1cc([N+](=O)[O-])cnc1NC[C@H](C)N1CCC[C@@H](C)C1
ZINC000301186419,Cc1cc([N+](=O)[O-])cnc1NC[C@H](C)N1CCC[C@H](C)C1
ZINC000301186621,C[C@@H]1CCCN(C(C)(C)CNc2ncccc2[N+](=O)[O-])C1
ZINC000301186421,Cc1cc([N+](=O)[O-])cnc1NC[C@@H](C)N1CCC[C@H](C)C1
ZINC000301186420,Cc1cc([N+](=O)[O-])cnc1NC[C@@H](C)N1CCC[C@@H](C)C1
ZINC000301186622,C[C@H]1CCCN(C(C)(C)CNc2ncccc2[N+](=O)[O-])C1
ZINC000301197860,C[C@H]1CCCN(C(C)(C)CNc2ccc([N+](=O)[O-])cn2)C1
ZINC000301197858,C[C@@H]1CCCN(C(C)(C)CNc2ccc([N+](=O)[O-])cn2)C1
ZINC000195666929,C[C@@H]1CCCN([C@H](C)CNc2ncccc2[N+](=O)[O-])C1
ZINC000195666968,C[C@@H]1CCCN([C@H](C)CNc2ccc([N+](=O)[O-])cn2)C1
ZINC000301241261,CC[C@H]1CCCCN1CCNc1ncc([N+](=O)[O-])cc1C
ZINC000301241260,CC[C@@H]1CCCCN1CCNc1ncc([N+](=O)[O-])cc1C
ZINC000080599397,Cc1cc(N[C@H](C)CN2CCC[C@H](C)C2)ncc1[N+](=O)[O-]
ZINC000080599393,Cc1cc(N[C@@H](C)CN2CCC[C@H](C)C2)ncc1[N+](=O)[O-]
ZINC000080605452,CC[C@@H]1CCCCN1CCNc1cc(C)c([N+](=O)[O-])cn1
ZINC000080605453,CC[C@H]1CCCCN1CCNc1cc(C)c([N+](=O)[O-])cn1
ZINC000301265825,Cc1ccnc(N[C@@H](C)CN2CCC[C@H](C)C2)c1[N+](=O)[O-]
ZINC000301265830,Cc1ccnc(N[C@@H](C)CN2CCC[C@@H](C)C2)c1[N+](=O)[O-]
ZINC000301265827,Cc1ccnc(N[C@H](C)CN2CCC[C@@H](C)C2)c1[N+](=O)[O-]
ZINC000301269277,CC[C@@H]1CCCCN1CCNc1ncccc1[N+](=O)[O-]
ZINC000301269278,CC[C@H]1CCCCN1CCNc1ncccc1[N+](=O)[O-]
ZINC000301265828,Cc1ccnc(N[C@H](C)CN2CCC[C@H](C)C2)c1[N+](=O)[O-]
ZINC000301293847,Cc1ccnc(NC[C@@H](C)N2CCC[C@@H](C)C2)c1[N+](=O)[O-]
ZINC000301293845,Cc1ccnc(NC[C@H](C)N2CCC[C@H](C)C2)c1[N+](=O)[O-]
ZINC000301293850,Cc1ccnc(NC[C@H](C)N2CCC[C@@H](C)C2)c1[N+](=O)[O-]
ZINC000301293848,Cc1ccnc(NC[C@@H](C)N2CCC[C@H](C)C2)c1[N+](=O)[O-]
ZINC000301295444,C[C@@H]1CCCN(CCNc2ncc([N+](=O)[O-])cc2Cl)C1
ZINC000301295442,C[C@H]1CCCN(CCNc2ncc([N+](=O)[O-])cc2Cl)C1
ZINC000301309770,CC[C@@H]1CCCCN1CCNc1nccc(C)c1[N+](=O)[O-]
ZINC000301309771,CC[C@H]1CCCCN1CCNc1nccc(C)c1[N+](=O)[O-]
ZINC000301414665,Cc1cc(N[C@H](C)CN2CCC[C@@H](C)C2)ncc1[N+](=O)[O-]
ZINC000301414666,Cc1cc(N[C@@H](C)CN2CCC[C@@H](C)C2)ncc1[N+](=O)[O-]
ZINC000301425068,Cc1cnc(N[C@H](C)CN2CCC[C@@H](C)C2)c([N+](=O)[O-])c1
ZINC000301425069,Cc1cnc(N[C@@H](C)CN2CCC[C@@H](C)C2)c([N+](=O)[O-])c1
ZINC000301442040,Cc1cc(NC[C@H](C)N2CCC[C@@H](C)C2)ncc1[N+](=O)[O-]
ZINC000301440729,CC[C@H]1CCCCN1CCNc1ncc(C)cc1[N+](=O)[O-]
ZINC000301440728,CC[C@@H]1CCCCN1CCNc1ncc(C)cc1[N+](=O)[O-]
ZINC000301442038,Cc1cc(NC[C@@H](C)N2CCC[C@@H](C)C2)ncc1[N+](=O)[O-]
ZINC000301466992,Cc1cnc(NC[C@H](C)N2CCC[C@@H](C)C2)c([N+](=O)[O-])c1
ZINC000301466991,Cc1cnc(NC[C@@H](C)N2CCC[C@@H](C)C2)c([N+](=O)[O-])c1
ZINC000153587019,C[C@@H]1CCCN(CCNc2ncc(Cl)cc2[N+](=O)[O-])C1
ZINC000301653868,Cc1nc(N[C@H](C)CN2CCC[C@H](C)C2)ccc1[N+](=O)[O-]
ZINC000301653873,Cc1nc(N[C@H](C)CN2CCC[C@@H](C)C2)ccc1[N+](=O)[O-]
ZINC000301653871,Cc1nc(N[C@@H](C)CN2CCC[C@H](C)C2)ccc1[N+](=O)[O-]
ZINC000301653866,Cc1nc(N[C@@H](C)CN2CCC[C@@H](C)C2)ccc1[N+](=O)[O-]
ZINC000301662015,Cc1nc(NC[C@H](C)N2CCC[C@H](C)C2)ccc1[N+](=O)[O-]
ZINC000301662013,Cc1nc(NC[C@@H](C)N2CCC[C@H](C)C2)ccc1[N+](=O)[O-]
ZINC000301661837,CC[C@@H]1CCCCN1CCNc1ccc([N+](=O)[O-])c(C)n1
ZINC000301661839,CC[C@H]1CCCCN1CCNc1ccc([N+](=O)[O-])c(C)n1
ZINC000301662017,Cc1nc(NC[C@@H](C)N2CCC[C@@H](C)C2)ccc1[N+](=O)[O-]
ZINC000301662012,Cc1nc(NC[C@H](C)N2CCC[C@@H](C)C2)ccc1[N+](=O)[O-]
ZINC000301926338,Cc1cc([N+](=O)[O-])cnc1N[C@H](C)CN1CCC[C@@H](C)C1
ZINC000301926339,Cc1cc([N+](=O)[O-])cnc1N[C@@H](C)CN1CCC[C@@H](C)C1
ZINC000162723142,Cc1ccc([N+](=O)[O-])c(N[C@@H](C)CN2CCCCC2)n1
ZINC000162723256,Cc1ccc([N+](=O)[O-])c(N[C@H](C)CN2CCCCC2)n1
ZINC000227649376,CC1CCN(CCNc2ncc([N+](=O)[O-])cc2Cl)CC1
ZINC000227649247,C[C@@H](CN1CCCCC1)Nc1ncc([N+](=O)[O-])cc1Cl
ZINC000853868064,Cc1ccc([N+](=O)[O-])c(N[C@H](C)CN2CCC(C)CC2)n1
ZINC000853868065,Cc1ccc([N+](=O)[O-])c(N[C@@H](C)CN2CCC(C)CC2)n1
ZINC000339004485,C[C@H](CNc1ncccc1[N+](=O)[O-])N1CCCC[C@@H]1C
ZINC000339004486,C[C@@H]1CCCCN1[C@H](C)CNc1ncccc1[N+](=O)[O-]
ZINC000264909487,CC[C@@H]1CCCCN1CCNc1ccc([N+](=O)[O-])cn1
ZINC000264909489,CC[C@H]1CCCCN1CCNc1ccc([N+](=O)[O-])cn1
ZINC000360263315,Cc1ccnc(NC[C@@H](C)N2CCCC[C@H]2C)c1[N+](=O)[O-]
ZINC000360263319,Cc1ccnc(NC[C@H](C)N2CCCC[C@H]2C)c1[N+](=O)[O-]
ZINC000360263320,Cc1ccnc(NC[C@@H](C)N2CCCC[C@@H]2C)c1[N+](=O)[O-]
ZINC000360263322,Cc1ccnc(NC[C@H](C)N2CCCC[C@@H]2C)c1[N+](=O)[O-]
ZINC000360668065,Cc1ccc([N+](=O)[O-])c(NC[C@@H](C)N2CCCC[C@H]2C)n1
ZINC000360668066,Cc1ccc([N+](=O)[O-])c(NC[C@H](C)N2CCCC[C@H]2C)n1
ZINC000360668067,Cc1ccc([N+](=O)[O-])c(NC[C@@H](C)N2CCCC[C@@H]2C)n1
ZINC000360668068,Cc1ccc([N+](=O)[O-])c(NC[C@H](C)N2CCCC[C@@H]2C)n1
ZINC000360871630,Cc1ccc([N+](=O)[O-])c(NCCN2[C@H](C)CCC[C@@H]2C)n1
ZINC000360871631,Cc1ccc([N+](=O)[O-])c(NCCN2[C@H](C)CCC[C@H]2C)n1
ZINC000360871632,Cc1ccc([N+](=O)[O-])c(NCCN2[C@@H](C)CCC[C@@H]2C)n1
ZINC000360881593,CC[C@@H]1CCCCN1CCNc1nc(C)ccc1[N+](=O)[O-]
ZINC000360881594,CC[C@H]1CCCCN1CCNc1nc(C)ccc1[N+](=O)[O-]
ZINC000361258766,Cc1cnc(NC[C@@H](C)N2CCCC[C@H]2C)c([N+](=O)[O-])c1
ZINC000361258767,Cc1cnc(NC[C@H](C)N2CCCC[C@H]2C)c([N+](=O)[O-])c1
ZINC000299080233,C[C@@H]1CCCN(C[C@H](C)Nc2ccc([N+](=O)[O-])cn2)C1
ZINC000299080236,C[C@H]1CCCN(C[C@H](C)Nc2ccc([N+](=O)[O-])cn2)C1
ZINC000299080242,C[C@@H]1CCCN(C[C@@H](C)Nc2ccc([N+](=O)[O-])cn2)C1
ZINC000413052496,C[C@H]1CCCCN1[C@@H](C)CNc1ncc([N+](=O)[O-])cc1F
ZINC000413052492,C[C@@H]1CCCCN1[C@H](C)CNc1ncc([N+](=O)[O-])cc1F
ZINC000413052494,C[C@@H]1CCCCN1[C@@H](C)CNc1ncc([N+](=O)[O-])cc1F
ZINC000413052498,C[C@H](CNc1ncc([N+](=O)[O-])cc1F)N1CCCC[C@@H]1C
ZINC000571861368,C[C@@H]1CCCN([C@H](C)CNc2ncc([N+](=O)[O-])cc2F)C1
ZINC000571861371,C[C@@H]1CCCN([C@@H](C)CNc2ncc([N+](=O)[O-])cc2F)C1
ZINC000571861372,C[C@H]1CCCN([C@@H](C)CNc2ncc([N+](=O)[O-])cc2F)C1
ZINC000571861374,C[C@H]1CCCN([C@H](C)CNc2ncc([N+](=O)[O-])cc2F)C1
ZINC000092622013,Cc1cc([N+](=O)[O-])cnc1N[C@@H](C)CN1CCC[C@H](C)C1
ZINC000092622015,Cc1cc([N+](=O)[O-])cnc1N[C@H](C)CN1CCC[C@H](C)C1
ZINC000001602373,CN(CCN1CCCCC1)c1ccccn1
ZINC000005735117,C[C@@H](CN1CCCCC1)Nc1ccccn1
ZINC000005751379,C[C@H](CN1CCCCC1)Nc1ccccn1
ZINC000041043000,CC1CCN(CCNc2ccccn2)CC1
ZINC000041075086,CC1CCN(CCNc2ccc(F)cn2)CC1
ZINC000043561692,Cc1ccnc(NCCN2CCCCC2)c1
ZINC000049575233,Cc1cccc(NCCN2CCCCC2)n1
ZINC000049575243,Fc1ccc(NCCN2CCCCC2)nc1
ZINC000049575876,Fc1cccc(NCCN2CCCCC2)n1
ZINC000054700734,CC1CCN(CCNc2ncccc2F)CC1
ZINC000079914589,C[C@@H]1CCCN(CCNc2ccccn2)C1
ZINC000079914592,C[C@H]1CCCN(CCNc2ccccn2)C1
ZINC000084484113,C[C@@H]1CCCN(CCNc2ncccc2F)C1
ZINC000084484117,C[C@H]1CCCN(CCNc2ncccc2F)C1
ZINC000127871561,COc1cccnc1NCCN1CCC(C)CC1
ZINC000127914440,COc1cccnc1N[C@@H](C)CN1CCCCC1
ZINC000127914644,COc1cccnc1N[C@H](C)CN1CCCCC1
ZINC000180978896,CC(=O)c1ccc(NCCN2CCCCC2)nc1
ZINC000283634360,C[C@@H]1CCCN(CCNc2ccc(F)cn2)C1
ZINC000283634364,C[C@H]1CCCN(CCNc2ccc(F)cn2)C1
ZINC000301094612,C[C@@H]1CCCN(CCNc2cccc(F)n2)C1
ZINC000301094616,C[C@H]1CCCN(CCNc2cccc(F)n2)C1
ZINC000527845704,COc1cccnc1NCCN1CCC[C@@H](C)C1
ZINC000527845705,COc1cccnc1NCCN1CCC[C@H](C)C1
ZINC000624354835,COc1cccnc1N(C)CCN1CCCCC1
ZINC000651477742,CN(CCN1CCCCC1)c1ncccc1F
ZINC000651478039,Cc1cccc(N(C)CCN2CCCCC2)n1
ZINC000651478133,CN(CCN1CCCCC1)c1ccc(F)cn1
ZINC000663390125,CC(=O)c1ccnc(NCCN2CCCCC2)c1
ZINC000845767044,CN(CCN1CCCCC1)c1cccc(F)n1
ZINC001515362458,Cc1cc(F)cc(NCCN2CCCCC2)n1
ZINC000075676658,CC1CCN([C@@H](CNc2ncc([N+](=O)[O-])cc2C#N)C(C)C)CC1
ZINC000075676659,CC1CCN([C@H](CNc2ncc([N+](=O)[O-])cc2C#N)C(C)C)CC1
ZINC000186161049,Cc1cc(C#N)ccc1CN1CCC(n2c(=O)[nH]c3ccccc32)CC1
ZINC000194728602,N#Cc1ccc(CC(=O)N[C@H](CN2CCCC2)c2ccccc2)cc1
ZINC000301666275,CC1CCN([C@@H](CNc2nccc(C#N)c2[N+](=O)[O-])C(C)C)CC1
ZINC000301666276,CC1CCN([C@H](CNc2nccc(C#N)c2[N+](=O)[O-])C(C)C)CC1
ZINC000352785237,C=CCNC(=O)c1ccc(NC[C@H](C(C)C)N2CCC(C)CC2)nc1
ZINC000352785238,C=CCNC(=O)c1ccc(NC[C@@H](C(C)C)N2CCC(C)CC2)nc1
ZINC000443513108,C[C@@H]1CCCCN1[C@@H](C)CNc1ccc(C(F)(F)F)c(C#N)n1
ZINC000443513109,C[C@H](CNc1ccc(C(F)(F)F)c(C#N)n1)N1CCCC[C@@H]1C
ZINC000443513113,C[C@H]1CCCCN1[C@@H](C)CNc1ccc(C(F)(F)F)c(C#N)n1
ZINC000443513115,C[C@@H]1CCCCN1[C@H](C)CNc1ccc(C(F)(F)F)c(C#N)n1
ZINC000443513653,C[C@H]1CCC[C@H](C)N1CCNc1ccc(C(F)(F)F)c(C#N)n1
ZINC000443513655,C[C@@H]1CCC[C@H](C)N1CCNc1ccc(C(F)(F)F)c(C#N)n1
ZINC000443513658,C[C@@H]1CCC[C@@H](C)N1CCNc1ccc(C(F)(F)F)c(C#N)n1
ZINC000443520783,CC[C@@H]1CCCCN1CCNc1ccc(C(F)(F)F)c(C#N)n1
ZINC000443520787,CC[C@H]1CCCCN1CCNc1ccc(C(F)(F)F)c(C#N)n1
ZINC000596488277,CC1CCN(C[C@@H](C)Nc2ncc(Br)cc2C#N)CC1
ZINC000596488457,CC1CCN(C[C@H](C)Nc2ncc(Br)cc2C#N)CC1
ZINC000776795113,N#CCc1ccccc1CC(=O)N[C@H](CN1CCCC1)c1ccccc1
ZINC000810056432,C#Cc1ccccc1CC(=O)N[C@H](CN1CCCC1)c1ccccc1
ZINC001144576293,C#Cc1ccc(CN2CCC(n3c(=O)n(C)c4ccccc43)CC2)cc1
ZINC001160748441,Cc1nc(NCCN2CCC(F)(F)CC2)c(C#N)c(C)c1Cl
ZINC001160753045,C[Si](C)(C)C#Cc1cccnc1NCCN1CCC(F)(F)CC1
ZINC001160753335,C[Si](C)(C)C#Cc1ccnc(NCCN2CCC(F)(F)CC2)c1
ZINC001160753456,N#Cc1nc(NCCN2CCC(F)(F)CC2)c(Cl)cc1Cl
ZINC001160753687,N#Cc1c(Cl)cc(Cl)nc1NCCN1CCC(F)(F)CC1
ZINC001203762770,Cn1c(=O)n(C2CCN(Cc3cccc(C#N)c3)CC2)c2ccccc21
ZINC001203905282,Cn1c(=O)n(C2CCN(Cc3ccc(C#N)cc3)CC2)c2ccccc21
ZINC001204371305,Cn1c(=O)n(C2CCN(Cc3ccccc3C#N)CC2)c2ccccc21
ZINC001231663670,C#Cc1cccc(CN2CCC(n3c(=O)n(C)c4ccccc43)CC2)c1
ZINC001232676088,N#Cc1ccc(O)c(CN2CCC(n3c(=O)[nH]c4ccccc43)CC2)c1
ZINC001233384430,N#Cc1ccc(CN2CCC(n3c(=O)[nH]c4ccccc43)CC2)c(O)c1
ZINC001306932328,C[C@@H]1CCCCN1[C@@H](C)CNc1ncc(C#N)cc1Br
ZINC001306932329,C[C@H](CNc1ncc(C#N)cc1Br)N1CCCC[C@@H]1C
ZINC001306932330,C[C@H]1CCCCN1[C@@H](C)CNc1ncc(C#N)cc1Br
ZINC001306932331,C[C@@H]1CCCCN1[C@H](C)CNc1ncc(C#N)cc1Br
ZINC001458105511,C[C@@H]1CCCN([C@@H](C)CNc2ncc(C#N)cc2Br)C1
ZINC001458105515,C[C@H]1CCCN([C@H](C)CNc2ncc(C#N)cc2Br)C1
ZINC001458105519,C[C@H]1CCCN([C@@H](C)CNc2ncc(C#N)cc2Br)C1
ZINC001458105523,C[C@@H]1CCCN([C@H](C)CNc2ncc(C#N)cc2Br)C1
ZINC001458124888,C[C@@H]1CCCN(C[C@H](C)Nc2ncc(C#N)cc2Br)C1
ZINC001458124894,C[C@H]1CCCN(C[C@@H](C)Nc2ncc(C#N)cc2Br)C1
ZINC001458124900,C[C@H]1CCCN(C[C@H](C)Nc2ncc(C#N)cc2Br)C1
ZINC001458124906,C[C@@H]1CCCN(C[C@@H](C)Nc2ncc(C#N)cc2Br)C1
ZINC001559177476,CC1(C)CCCN(CCNc2ncc(C#N)cc2Br)C1
ZINC001642932818,CC1CCN(C[C@@H](C)Nc2ncc(C#N)cc2Br)CC1
ZINC001642932819,CC1CCN(C[C@H](C)Nc2ncc(C#N)cc2Br)CC1
ZINC001651793275,CC1(C)CCCN(CCNc2ncc(Br)cc2C#N)C1
ZINC001655119739,CC[C@@H]1CCCCN1CCNc1ncc(C#N)cc1Br
ZINC001655119740,CC[C@H]1CCCCN1CCNc1ncc(C#N)cc1Br
ZINC000301503495,C[C@@H]1CCCN(C(C)(C)CNc2ccc(Cl)c(C#N)n2)C1
ZINC000301503496,C[C@H]1CCCN(C(C)(C)CNc2ccc(Cl)c(C#N)n2)C1
ZINC000358868404,C[C@@H]1CCCN(C(C)(C)CNc2ncc(C#N)cc2Cl)C1
ZINC000358868405,C[C@H]1CCCN(C(C)(C)CNc2ncc(C#N)cc2Cl)C1
ZINC000359907686,Cc1nc(NC[C@H](C)N2CCCC[C@H]2C)c(Cl)cc1C#N
ZINC000359907687,Cc1nc(NC[C@@H](C)N2CCCC[C@@H]2C)c(Cl)cc1C#N
ZINC000359907690,Cc1nc(NC[C@H](C)N2CCCC[C@@H]2C)c(Cl)cc1C#N
ZINC000359907692,Cc1nc(NC[C@@H](C)N2CCCC[C@H]2C)c(Cl)cc1C#N
ZINC000524685005,CC1CCN([C@@H](CNc2ccc(Cl)c(C#N)n2)C(C)C)CC1
ZINC000524685006,CC1CCN([C@H](CNc2ccc(Cl)c(C#N)n2)C(C)C)CC1
ZINC000608885278,CC1CCN([C@@H](CNc2ncc(C#N)cc2Cl)C(C)C)CC1
ZINC000608885282,CC1CCN([C@H](CNc2ncc(C#N)cc2Cl)C(C)C)CC1
ZINC000613411431,C[C@@H](CN1CCCCC1)Nc1nc(C(C)(C)C)ccc1C#N
ZINC000613411432,C[C@H](CN1CCCCC1)Nc1nc(C(C)(C)C)ccc1C#N
ZINC001162148098,C[C@@H]1CCCN([C@@H](C)CNc2nc(C(C)(C)C)ccc2C#N)C1
ZINC001162148100,C[C@H]1CCCN([C@@H](C)CNc2nc(C(C)(C)C)ccc2C#N)C1
ZINC001162148102,C[C@@H]1CCCN([C@H](C)CNc2nc(C(C)(C)C)ccc2C#N)C1
ZINC001162148104,C[C@H]1CCCN([C@H](C)CNc2nc(C(C)(C)C)ccc2C#N)C1
ZINC001162356272,Cc1c(Cl)cnc(NCC(C)(C)N2CCC[C@@H](C)C2)c1C#N
ZINC001162356273,Cc1c(Cl)cnc(NCC(C)(C)N2CCC[C@H](C)C2)c1C#N
ZINC001162476803,CC[C@H]1CCCCN1CCNc1nc(C)c(C#N)cc1Cl
ZINC001162476804,CC[C@@H]1CCCCN1CCNc1nc(C)c(C#N)cc1Cl
ZINC001186414588,CCCN(CCN1CCCCC1)c1ncc(Cl)c(C)c1C#N
ZINC001307165403,CC1CCN(C[C@H](C)Nc2nc(C(C)(C)C)ccc2C#N)CC1
ZINC001307165404,CC1CCN(C[C@@H](C)Nc2nc(C(C)(C)C)ccc2C#N)CC1
ZINC001458108092,C[C@@H]1CCCCN1[C@@H](C)CNc1nc(C(C)(C)C)ccc1C#N
ZINC001458108119,C[C@H]1CCCCN1[C@@H](C)CNc1nc(C(C)(C)C)ccc1C#N
ZINC001458108125,C[C@@H]1CCCCN1[C@H](C)CNc1nc(C(C)(C)C)ccc1C#N
ZINC001458108129,C[C@H](CNc1nc(C(C)(C)C)ccc1C#N)N1CCCC[C@@H]1C
ZINC001472690481,CC[C@H]1CCCCN1CCNc1nc(C(C)(C)C)ccc1C#N
ZINC001472690499,CC[C@@H]1CCCCN1CCNc1nc(C(C)(C)C)ccc1C#N
ZINC001559101474,CC[C@@H]1CCCCN1CCNc1ncc(Cl)c(C)c1C#N
ZINC001559101475,CC[C@H]1CCCCN1CCNc1ncc(Cl)c(C)c1C#N
ZINC001611861229,C[C@@H]1CCCN(C[C@H](C)Nc2nc(C(C)(C)C)ccc2C#N)C1
ZINC001611861230,C[C@H]1CCCN(C[C@H](C)Nc2nc(C(C)(C)C)ccc2C#N)C1
ZINC001611861231,C[C@@H]1CCCN(C[C@@H](C)Nc2nc(C(C)(C)C)ccc2C#N)C1
ZINC001611861232,C[C@H]1CCCN(C[C@@H](C)Nc2nc(C(C)(C)C)ccc2C#N)C1
ZINC001639393612,Cc1nc(NCC(C)(C)N2CCC[C@@H](C)C2)c(Cl)cc1C#N
ZINC001639393614,Cc1nc(NCC(C)(C)N2CCC[C@H](C)C2)c(Cl)cc1C#N
ZINC001651419294,Cc1nc(N[C@H](C)CN2C[C@H](C)C[C@H](C)C2)c(Cl)cc1C#N
ZINC001651419295,Cc1nc(N[C@H](C)CN2C[C@H](C)C[C@@H](C)C2)c(Cl)cc1C#N
ZINC001651419296,Cc1nc(N[C@H](C)CN2C[C@@H](C)C[C@H](C)C2)c(Cl)cc1C#N
ZINC001651419297,Cc1nc(N[C@@H](C)CN2C[C@H](C)C[C@H](C)C2)c(Cl)cc1C#N
ZINC001651793568,CC1(C)CCCN(CCNc2nc(C(C)(C)C)ccc2C#N)C1
ZINC001655018562,Cc1c(Cl)cnc(N[C@H](C)CN2C[C@H](C)C[C@H](C)C2)c1C#N
ZINC001655018563,Cc1c(Cl)cnc(N[C@H](C)CN2C[C@H](C)C[C@@H](C)C2)c1C#N
ZINC001655018564,Cc1c(Cl)cnc(N[C@H](C)CN2C[C@@H](C)C[C@H](C)C2)c1C#N
ZINC001655018565,Cc1c(Cl)cnc(N[C@@H](C)CN2C[C@H](C)C[C@H](C)C2)c1C#N
ZINC001655466816,CCCN(CCN1CCCCC1)c1nc(C)c(C#N)cc1Cl
ZINC000336833796,Cc1nc(N[C@@H](C)CN2CCCCC2)c(Cl)cc1C#N
ZINC000336833795,Cc1nc(N[C@H](C)CN2CCCCC2)c(Cl)cc1C#N
ZINC000336828814,Cc1nc(NCCN2CCC(C)CC2)c(Cl)cc1C#N
ZINC000342110785,Cc1ccc(C#N)c(NCC(C)(C)N2CCC[C@@H](C)C2)n1
ZINC000342110786,Cc1ccc(C#N)c(NCC(C)(C)N2CCC[C@H](C)C2)n1
ZINC000071954258,Cc1cc(C)c(C#N)c(NC[C@H](C)N2CCC[C@H](C)C2)n1
ZINC000071954257,Cc1cc(C)c(C#N)c(NC[C@@H](C)N2CCC[C@H](C)C2)n1
ZINC000343440767,Cc1ccnc(N[C@@H](C)CN2C[C@H](C)C[C@H](C)C2)c1C#N
ZINC000343440768,Cc1ccnc(N[C@H](C)CN2C[C@@H](C)C[C@H](C)C2)c1C#N
ZINC000343440769,Cc1ccnc(N[C@H](C)CN2C[C@H](C)C[C@@H](C)C2)c1C#N
ZINC000343440770,Cc1ccnc(N[C@H](C)CN2C[C@H](C)C[C@H](C)C2)c1C#N
ZINC000343447304,Cc1c(Cl)cnc(N[C@H](C)CN2CCCCC2)c1C#N
ZINC000343447309,Cc1c(Cl)cnc(N[C@@H](C)CN2CCCCC2)c1C#N
ZINC000343527796,Cc1ccnc(NCC(C)(C)N2CCC[C@@H](C)C2)c1C#N
ZINC000343527797,Cc1ccnc(NCC(C)(C)N2CCC[C@H](C)C2)c1C#N
ZINC000613411819,CC(C)(C)c1ccc(C#N)c(NCCN2CCCCC2)n1
ZINC000180430938,Cc1ccc(C#N)c(N[C@@H](C)CN2C[C@H](C)C[C@H](C)C2)n1
ZINC000180430951,Cc1ccc(C#N)c(N[C@H](C)CN2C[C@H](C)C[C@H](C)C2)n1
ZINC000180430987,Cc1ccc(C#N)c(N[C@H](C)CN2C[C@@H](C)C[C@H](C)C2)n1
ZINC000221736011,Cc1cc(C)c(C#N)c(NC[C@@H](C)N2CCC[C@@H](C)C2)n1
ZINC000221736064,Cc1cc(C)c(C#N)c(NC[C@H](C)N2CCC[C@@H](C)C2)n1
ZINC000067351264,C[C@H]1CCCN([C@@H](C)CNc2ccc(Cl)c(C#N)n2)C1
ZINC000067351095,C[C@H]1CCCCN1[C@@H](C)CNc1ccc(Cl)c(C#N)n1
ZINC000067351263,C[C@@H]1CCCN([C@@H](C)CNc2ccc(Cl)c(C#N)n2)C1
ZINC000067351091,C[C@@H]1CCCCN1[C@@H](C)CNc1ccc(Cl)c(C#N)n1
ZINC000587192424,CC1CCN([C@@H](CNc2cc(C#N)ccn2)C(C)C)CC1
ZINC000587192425,CC1CCN([C@H](CNc2cc(C#N)ccn2)C(C)C)CC1
ZINC000075676653,CC1CCN([C@@H](CNc2ccc(C#N)cn2)C(C)C)CC1
ZINC000596489522,CC1CCN(C[C@@H](C)Nc2ncc(C#N)cc2Cl)CC1
ZINC000596489523,CC1CCN(C[C@H](C)Nc2ncc(C#N)cc2Cl)CC1
ZINC000608885916,C[C@@H]1CCCN([C@@H](C)CNc2ncc(C#N)cc2Cl)C1
ZINC000608885917,C[C@H]1CCCN([C@H](C)CNc2ncc(C#N)cc2Cl)C1
ZINC000608885918,C[C@H]1CCCN([C@@H](C)CNc2ncc(C#N)cc2Cl)C1
ZINC000608885919,C[C@@H]1CCCN([C@H](C)CNc2ncc(C#N)cc2Cl)C1
ZINC000443956134,CC1(C)CCCN(CCNc2ncc(C#N)cc2Cl)C1
ZINC000443965082,Cc1cc(C)c(C#N)c(NCCN2CCCC(C)(C)C2)n1
ZINC000609595540,CC[C@@H]1CCCCN1CCNc1ncc(C#N)cc1Cl
ZINC000609595542,CC[C@H]1CCCCN1CCNc1ncc(C#N)cc1Cl
ZINC000301178691,C[C@@H]1CCCN([C@H](C)CNc2ccc(Cl)c(C#N)n2)C1
ZINC000301178689,C[C@H]1CCCN([C@H](C)CNc2ccc(Cl)c(C#N)n2)C1
ZINC000301258620,CC1CCN([C@H](CNc2cccc(C#N)n2)C(C)C)CC1
ZINC000301258619,CC1CCN([C@@H](CNc2cccc(C#N)n2)C(C)C)CC1
ZINC000301269259,CC[C@@H]1CCCCN1CCNc1ccc(Cl)c(C#N)n1
ZINC000301269260,CC[C@H]1CCCCN1CCNc1ccc(Cl)c(C#N)n1
ZINC000301518181,C[C@@H]1CCCN(C[C@H](C)Nc2ccc(Cl)c(C#N)n2)C1
ZINC000301518183,C[C@H]1CCCN(C[C@@H](C)Nc2ccc(Cl)c(C#N)n2)C1
ZINC000301518184,C[C@H]1CCCN(C[C@H](C)Nc2ccc(Cl)c(C#N)n2)C1
ZINC000301518186,C[C@@H]1CCCN(C[C@@H](C)Nc2ccc(Cl)c(C#N)n2)C1
ZINC000246000580,Cc1ccc(C#N)c(N[C@H](C)CN2C[C@H](C)C[C@@H](C)C2)n1
ZINC000075676646,CC1CCN([C@@H](CNc2ncccc2C#N)C(C)C)CC1
ZINC000339135583,C[C@@H]1CCCCN1[C@@H](C)CNc1ncc(C#N)cc1Cl
ZINC000339135584,C[C@H](CNc1ncc(C#N)cc1Cl)N1CCCC[C@@H]1C
ZINC000339135585,C[C@H]1CCCCN1[C@@H](C)CNc1ncc(C#N)cc1Cl
ZINC000339135586,C[C@@H]1CCCCN1[C@H](C)CNc1ncc(C#N)cc1Cl
ZINC000354642510,CC[C@H]1CCCCN1CCNc1nc(C)cc(C)c1C#N
ZINC000354642530,CC[C@@H]1CCCCN1CCNc1nc(C)cc(C)c1C#N
ZINC000358878763,C[C@@H]1CCCN(C[C@H](C)Nc2ncc(C#N)cc2Cl)C1
ZINC000358878765,C[C@H]1CCCN(C[C@@H](C)Nc2ncc(C#N)cc2Cl)C1
ZINC000358878768,C[C@H]1CCCN(C[C@H](C)Nc2ncc(C#N)cc2Cl)C1
ZINC000358878770,C[C@@H]1CCCN(C[C@@H](C)Nc2ncc(C#N)cc2Cl)C1
ZINC000359871405,Cc1nc(NCCN2CCC[C@@H](C)C2)c(Cl)cc1C#N
ZINC000359871411,Cc1nc(NCCN2CCC[C@H](C)C2)c(Cl)cc1C#N
ZINC000413114986,C[C@@H]1CCCN(C(C)(C)CNc2ncc(C#N)cc2F)C1
ZINC000413114987,C[C@H]1CCCN(C(C)(C)CNc2ncc(C#N)cc2F)C1
ZINC000075676647,CC1CCN([C@H](CNc2ncccc2C#N)C(C)C)CC1
ZINC000075676654,CC1CCN([C@H](CNc2ccc(C#N)cn2)C(C)C)CC1
ZINC001472685777,Cc1cc(NCC(C)(C)N2CCC[C@@H](C)C2)ncc1C#N
ZINC001472685778,Cc1cc(NCC(C)(C)N2CCC[C@H](C)C2)ncc1C#N
ZINC001642131375,Cc1cc(N[C@@H](C)CN2C[C@H](C)C[C@H](C)C2)ncc1C#N
ZINC001642131376,Cc1cc(N[C@H](C)CN2C[C@@H](C)C[C@H](C)C2)ncc1C#N
ZINC001642131377,Cc1cc(N[C@H](C)CN2C[C@H](C)C[C@@H](C)C2)ncc1C#N
ZINC001642131378,Cc1cc(N[C@H](C)CN2C[C@H](C)C[C@H](C)C2)ncc1C#N
ZINC000029178228,Cc1ccccc1CC(=O)N[C@H](CN1CCCC1)c1ccccc1
ZINC000029178501,Cc1ccc(CC(=O)N[C@H](CN2CCCC2)c2ccccc2)cc1
ZINC000094050686,Cc1cc(Br)cnc1NCCN1CCC(C)CC1
ZINC000094050747,Cc1cc(Br)cnc1N[C@@H](C)CN1CCCCC1
ZINC000094050748,Cc1cc(Br)cnc1N[C@H](C)CN1CCCCC1
ZINC000097844886,Cc1cnc(NCCN2CCC(C)CC2)c(Br)c1
ZINC000097844921,Cc1cnc(N[C@@H](C)CN2CCCCC2)c(Br)c1
ZINC000097844922,Cc1cnc(N[C@H](C)CN2CCCCC2)c(Br)c1
ZINC000126745822,Cc1cc(N[C@@H](C)CN2CCCCC2)ncc1Br
ZINC000126746035,Cc1cc(N[C@H](C)CN2CCCCC2)ncc1Br
ZINC000126749000,Cc1cc(NCCN2CCC(C)CC2)ncc1Br
ZINC000159574424,Clc1cnc(NCCN2CCCCC2)c(Br)c1
ZINC000223880115,Cc1nc(NCCN2CCC(C)CC2)ccc1Br
ZINC000228877914,CC1CCN(CCNc2ncc(Br)cc2F)CC1
ZINC000229529158,C[C@@H](CN1CCCCC1)Nc1ncc(Br)cc1F
ZINC000229529169,C[C@H](CN1CCCCC1)Nc1ncc(Br)cc1F
ZINC000230076085,Cc1nc(N[C@@H](C)CN2CCCCC2)ccc1Br
ZINC000230076090,Cc1nc(N[C@H](C)CN2CCCCC2)ccc1Br
ZINC000232833919,Cc1ccnc(NCCN2CCC(C)CC2)c1Br
ZINC000235104549,Cc1ccnc(N[C@@H](C)CN2CCCCC2)c1Br
ZINC000235466081,Cc1ccnc(N[C@H](C)CN2CCCCC2)c1Br
ZINC000236051411,Clc1cc(Br)cnc1NCCN1CCCCC1
ZINC000301370726,C[C@@H]1CCCN([C@@H](C)CNc2ccc(Br)cn2)C1
ZINC000301370727,C[C@H]1CCCN([C@H](C)CNc2ccc(Br)cn2)C1
ZINC000301370729,C[C@H]1CCCN([C@@H](C)CNc2ccc(Br)cn2)C1
ZINC000301370734,C[C@@H]1CCCN([C@H](C)CNc2ccc(Br)cn2)C1
ZINC000301613135,Cc1cc(Br)cnc1NCCN1CCC[C@@H](C)C1
ZINC000301613136,Cc1cc(Br)cnc1NCCN1CCC[C@H](C)C1
ZINC000301815147,Cc1cc(NCCN2CCC[C@@H](C)C2)ncc1Br
ZINC000301815149,Cc1cc(NCCN2CCC[C@H](C)C2)ncc1Br
ZINC000301975158,Cc1nc(NCCN2CCC[C@@H](C)C2)ccc1Br
ZINC000301975160,Cc1nc(NCCN2CCC[C@H](C)C2)ccc1Br
ZINC000302269871,C[C@H](CN1CCCCC1)Nc1ccc(OC(F)(F)F)cn1
ZINC000302269872,C[C@@H](CN1CCCCC1)Nc1ccc(OC(F)(F)F)cn1
ZINC000302356565,C[C@@H]1CCCN(CCNc2ccc(OC(F)(F)F)cn2)C1
ZINC000302356566,C[C@H]1CCCN(CCNc2ccc(OC(F)(F)F)cn2)C1
ZINC000302358657,CC1CCN(CCNc2ccc(OC(F)(F)F)cn2)CC1
ZINC000302809142,Cc1ccccc1CN1CCC(n2c(=O)[nH]c3ccccc32)CC1
ZINC000303470933,CCOC(=O)c1ccc(N[C@H](C)CN2C[C@H](C)C[C@H](C)C2)nc1
ZINC000303470934,CCOC(=O)c1ccc(N[C@H](C)CN2C[C@H](C)C[C@@H](C)C2)nc1
ZINC000303470935,CCOC(=O)c1ccc(N[C@H](C)CN2C[C@@H](C)C[C@H](C)C2)nc1
ZINC000303470936,CCOC(=O)c1ccc(N[C@@H](C)CN2C[C@H](C)C[C@H](C)C2)nc1
ZINC000338646354,C[C@H]1CCCN(CCNc2cccc(C(=O)OC(C)(C)C)n2)C1
ZINC000338646355,C[C@@H]1CCCN(CCNc2cccc(C(=O)OC(C)(C)C)n2)C1
ZINC000338648152,C[C@@H](CN1CCCCC1)Nc1cccc(C(=O)OC(C)(C)C)n1
ZINC000338648154,C[C@H](CN1CCCCC1)Nc1cccc(C(=O)OC(C)(C)C)n1
ZINC000338648734,CC1CCN(CCNc2cccc(C(=O)OC(C)(C)C)n2)CC1
ZINC000338999809,C[C@@H]1CCCCN1[C@@H](C)CNc1ccc(C(F)(F)F)cn1
ZINC000338999810,C[C@H](CNc1ccc(C(F)(F)F)cn1)N1CCCC[C@@H]1C
ZINC000338999811,C[C@H]1CCCCN1[C@@H](C)CNc1ccc(C(F)(F)F)cn1
ZINC000338999812,C[C@@H]1CCCCN1[C@H](C)CNc1ccc(C(F)(F)F)cn1
ZINC000341519744,C[C@@H]1CCCN([C@@H](C)CNc2ncccc2Br)C1
ZINC000341519747,C[C@H]1CCCN([C@H](C)CNc2ncccc2Br)C1
ZINC000341519749,C[C@H]1CCCN([C@@H](C)CNc2ncccc2Br)C1
ZINC000341519751,C[C@@H]1CCCN([C@H](C)CNc2ncccc2Br)C1
ZINC000343113214,CC1(C)CCCN(CCNc2ncccc2Br)C1
ZINC000356531660,CC(=O)c1ccc(NC[C@@H](C(C)C)N2CCC(C)CC2)nc1
ZINC000356531661,CC(=O)c1ccc(NC[C@H](C(C)C)N2CCC(C)CC2)nc1
ZINC000359589571,C[C@@H]1CCCN([C@@H](C)CNc2cc(Br)ccn2)C1
ZINC000359589572,C[C@H]1CCCN([C@H](C)CNc2cc(Br)ccn2)C1
ZINC000359589574,C[C@H]1CCCN([C@@H](C)CNc2cc(Br)ccn2)C1
ZINC000359589576,C[C@@H]1CCCN([C@H](C)CNc2cc(Br)ccn2)C1
ZINC000359714965,C[C@]1(NC(=O)COc2ccccc2O)CCCc2ccccc21
ZINC000359714970,C[C@@]1(NC(=O)COc2ccccc2O)CCCc2ccccc21
ZINC000429202276,Cc1ccnc(NCCN2CCC[C@@H](C)C2)c1Br
ZINC000429202277,Cc1ccnc(NCCN2CCC[C@H](C)C2)c1Br
ZINC000443955774,CC1(C)CCCN(CCNc2cc(Br)ccn2)C1
ZINC000524012160,Cc1cccc(CC(=O)N[C@H](CN2CCCC2)c2ccccc2)c1
ZINC000603628919,COC(=O)c1ccnc(NC[C@@H](C(C)C)N2CCC(C)CC2)c1
ZINC000603628920,COC(=O)c1ccnc(NC[C@H](C(C)C)N2CCC(C)CC2)c1
ZINC000647450137,CC[C@@H]1CCCCN1CCNc1ncc(C(=O)O)cc1Cl
ZINC000647450138,CC[C@H]1CCCCN1CCNc1ncc(C(=O)O)cc1Cl
ZINC000679391098,O=c1[nH]c2ccccc2n1C1CCN(Cc2ccc(O)cc2)CC1
ZINC000681252364,C[C@H]1CCCN(CCNc2ncc(Br)cc2F)C1
ZINC000681252367,C[C@@H]1CCCN(CCNc2ncc(Br)cc2F)C1
ZINC000682239350,Cc1cnc(NCCN2CCC[C@@H](C)C2)c(Br)c1
ZINC000682239351,Cc1cnc(NCCN2CCC[C@H](C)C2)c(Br)c1
ZINC000727314028,C[C@]1(NC(=O)COc2ccccc2C=O)CCCc2ccccc21
ZINC000727314029,C[C@@]1(NC(=O)COc2ccccc2C=O)CCCc2ccccc21
ZINC000727381899,C[C@]1(NC(=O)COc2ccc(C=O)cc2)CCCc2ccccc21
ZINC000727381904,C[C@@]1(NC(=O)COc2ccc(C=O)cc2)CCCc2ccccc21
ZINC000733256297,C[C@]1(NC(=O)COc2cccc(C=O)c2)CCCc2ccccc21
ZINC000733256298,C[C@@]1(NC(=O)COc2cccc(C=O)c2)CCCc2ccccc21
ZINC000779427739,CC1CCN(CCNc2cc(C(=O)OC(C)(C)C)ccn2)CC1
ZINC000779429468,C[C@H]1CCCN(CCNc2cc(C(=O)OC(C)(C)C)ccn2)C1
ZINC000779429469,C[C@@H]1CCCN(CCNc2cc(C(=O)OC(C)(C)C)ccn2)C1
ZINC000900985952,C[C@@H]1CCCCN1[C@H](C)CNc1ncc(C(=O)O)cc1Cl
ZINC000900985953,C[C@@H]1CCCCN1[C@@H](C)CNc1ncc(C(=O)O)cc1Cl
ZINC000900985954,C[C@H]1CCCCN1[C@@H](C)CNc1ncc(C(=O)O)cc1Cl
ZINC000900985955,C[C@H](CNc1ncc(C(=O)O)cc1Cl)N1CCCC[C@@H]1C
ZINC000910276575,Cc1nc(NC[C@@H](C(C)C)N2CCC(C)CC2)ccc1C(=O)O
ZINC000910276576,Cc1nc(NC[C@H](C(C)C)N2CCC(C)CC2)ccc1C(=O)O
ZINC000910347673,Cc1nc(NCC(C)(C)N2CCC[C@@H](C)C2)ccc1C(=O)O
ZINC000910347674,Cc1nc(NCC(C)(C)N2CCC[C@H](C)C2)ccc1C(=O)O
ZINC001160748856,CCOc1ccc(Cl)nc1NCCN1CCC(F)(F)CC1
ZINC001160748984,CCOc1cc(Cl)nc(NCCN2CCC(F)(F)CC2)c1
ZINC001160749059,Cc1cc(Cl)c(C)c(NCCN2CCC(F)(F)CC2)n1
ZINC001160749256,CC(C)(C)Oc1cccc(NCCN2CCC(F)(F)CC2)n1
ZINC001160752302,CC(C)COc1cccc(NCCN2CCC(F)(F)CC2)n1
ZINC001160753048,CSc1cnc(NCCN2CCC(F)(F)CC2)c(C)c1
ZINC001160753499,CCSc1ccnc(NCCN2CCC(F)(F)CC2)c1
ZINC001160753675,CSCc1ccnc(NCCN2CCC(F)(F)CC2)c1
ZINC001306930809,CC(=O)c1ccc(C(F)(F)F)nc1NCCN1CCCCC1
ZINC001458125155,C[C@@H]1CCCN(C[C@H](C)Nc2ncccc2Br)C1
ZINC001458125156,C[C@H]1CCCN(C[C@@H](C)Nc2ncccc2Br)C1
ZINC001458125158,C[C@H]1CCCN(C[C@H](C)Nc2ncccc2Br)C1
ZINC001458125160,C[C@@H]1CCCN(C[C@@H](C)Nc2ncccc2Br)C1
ZINC001458491429,CC1CCN(C[C@@H](C)Nc2ncccc2Br)CC1
ZINC001458491431,CC1CCN(C[C@H](C)Nc2ncccc2Br)CC1
ZINC001777435146,Cc1ccc(C(=O)O)c(NC[C@@H](C(C)C)N2CCC(C)CC2)n1
ZINC001777435147,Cc1ccc(C(=O)O)c(NC[C@H](C(C)C)N2CCC(C)CC2)n1
ZINC000078592101,C[C@@H](CN1CCCCC1)Nc1cc(C(F)(F)F)ccn1
ZINC000078592105,C[C@H](CN1CCCCC1)Nc1cc(C(F)(F)F)ccn1
ZINC000040444348,CC1CCN(CCNc2ncccc2C(F)(F)F)CC1
ZINC000090803099,CC1CCN(CCNc2cc(C(F)(F)F)ccn2)CC1
ZINC000341545708,Cc1ccnc(N[C@H](C)CN2CCCCC2)c1Cl
ZINC000341545709,Cc1ccnc(N[C@@H](C)CN2CCCCC2)c1Cl
ZINC000044271627,CC1CCN(CCNc2cccc(C(F)(F)F)n2)CC1
ZINC000044271722,C[C@@H](CN1CCCCC1)Nc1cccc(C(F)(F)F)n1
ZINC000044271724,C[C@H](CN1CCCCC1)Nc1cccc(C(F)(F)F)n1
ZINC000097844960,Cc1cnc(NCCN2CCCCC2)c(Br)c1
ZINC000047873382,C[C@@H](CN1CCCCC1)Nc1ccc(C(F)(F)F)cn1
ZINC000047873383,C[C@H](CN1CCCCC1)Nc1ccc(C(F)(F)F)cn1
ZINC000049502208,C[C@@H](CN1CCCCC1)Nc1ncccc1C(F)(F)F
ZINC000049502210,C[C@H](CN1CCCCC1)Nc1ncccc1C(F)(F)F
ZINC000651477114,CN(CCN1CCCCC1)c1ncccc1C(F)(F)F
ZINC000651477239,CN(CCN1CCCCC1)c1cccc(C(F)(F)F)n1
ZINC000651477328,CN(CCN1CCCCC1)c1ccc(C(F)(F)F)cn1
ZINC000663418860,CC(=O)c1ccnc(N[C@H](C)CN2C[C@H](C)C[C@H](C)C2)c1
ZINC000663418862,CC(=O)c1ccnc(N[C@H](C)CN2C[C@@H](C)C[C@H](C)C2)c1
ZINC000663418864,CC(=O)c1ccnc(N[C@H](C)CN2C[C@H](C)C[C@@H](C)C2)c1
ZINC000663418866,CC(=O)c1ccnc(N[C@@H](C)CN2C[C@H](C)C[C@H](C)C2)c1
ZINC000506126602,C[C@@]1(NC(=O)COc2ccccc2)CCCc2ccccc21
ZINC000049502154,C[C@@H](CN1CCCCC1)Nc1ccc(Cl)cn1
ZINC000049502156,C[C@H](CN1CCCCC1)Nc1ccc(Cl)cn1
ZINC000049502179,C[C@@H](CN1CCCCC1)Nc1ccc(Br)cn1
ZINC000049502181,C[C@H](CN1CCCCC1)Nc1ccc(Br)cn1
ZINC000230076298,Cc1nc(NCCN2CCCCC2)ccc1Br
ZINC000094050789,Cc1cc(Br)cnc1NCCN1CCCCC1
ZINC000443964589,CC1(C)CCCN(CCNc2ncccc2Cl)C1
ZINC000443971816,CC1(C)CCCN(CCNc2ncc(Cl)cc2F)C1
ZINC000301083896,C[C@H]1CCCN(CCNc2ncccc2C(F)(F)F)C1
ZINC000301083893,C[C@@H]1CCCN(CCNc2ncccc2C(F)(F)F)C1
ZINC000301096146,CC1CCN([C@@H](CNc2cccc(F)n2)C(C)C)CC1
ZINC000301096147,CC1CCN([C@H](CNc2cccc(F)n2)C(C)C)CC1
ZINC000301098016,CC1CCN([C@@H](CNc2ccccn2)C(C)C)CC1
ZINC000301098018,CC1CCN([C@H](CNc2ccccn2)C(C)C)CC1
ZINC000301120246,C[C@H]1CCCN(CCNc2ccc(C(F)(F)F)cn2)C1
ZINC000301120245,C[C@@H]1CCCN(CCNc2ccc(C(F)(F)F)cn2)C1
ZINC000301435262,CC[C@@H]1CCCCN1CCNc1ccc(Cl)cn1
ZINC000301435264,CC[C@H]1CCCCN1CCNc1ccc(Cl)cn1
ZINC000301457051,C[C@@H]1CCCN([C@@H](C)CNc2ccc(Cl)cn2)C1
ZINC000301457052,C[C@H]1CCCN([C@H](C)CNc2ccc(Cl)cn2)C1
ZINC000301457053,C[C@H]1CCCN([C@@H](C)CNc2ccc(Cl)cn2)C1
ZINC000301457054,C[C@@H]1CCCN([C@H](C)CNc2ccc(Cl)cn2)C1
ZINC000301518745,C[C@H]1CCCN(CCNc2ncc(Cl)cc2F)C1
ZINC000301518754,C[C@@H]1CCCN(CCNc2ncc(Cl)cc2F)C1
ZINC000301535630,C[C@@H]1CCCN(CCNc2cccc(C(F)(F)F)n2)C1
ZINC000301535632,C[C@H]1CCCN(CCNc2cccc(C(F)(F)F)n2)C1
ZINC000301537690,CC[C@@H]1CCCCN1CCNc1ncccc1Cl
ZINC000301537691,CC[C@H]1CCCCN1CCNc1ncccc1Cl
ZINC000301551781,C[C@@H]1CCCN(CCNc2cc(C(F)(F)F)ccn2)C1
ZINC000301551782,C[C@H]1CCCN(CCNc2cc(C(F)(F)F)ccn2)C1
ZINC000301570988,C[C@@H]1CCCN([C@@H](C)CNc2ncccc2Cl)C1
ZINC000301570989,C[C@H]1CCCN([C@H](C)CNc2ncccc2Cl)C1
ZINC000301570990,C[C@H]1CCCN([C@@H](C)CNc2ncccc2Cl)C1
ZINC000301570991,C[C@@H]1CCCN([C@H](C)CNc2ncccc2Cl)C1
ZINC000301576128,C[C@@H]1CCCN([C@H](C)CNc2ncc(Cl)cc2F)C1
ZINC000301576130,C[C@@H]1CCCN([C@@H](C)CNc2ncc(Cl)cc2F)C1
ZINC000301576131,C[C@H]1CCCN([C@@H](C)CNc2ncc(Cl)cc2F)C1
ZINC000301576133,C[C@H]1CCCN([C@H](C)CNc2ncc(Cl)cc2F)C1
ZINC000301601739,CC1CCN([C@@H](CNc2ncccc2F)C(C)C)CC1
ZINC000301601740,CC1CCN([C@H](CNc2ncccc2F)C(C)C)CC1
ZINC000301922983,C[C@@H]1CCCN([C@@H](C)CNc2ccc(OC(F)F)cn2)C1
ZINC000301922984,C[C@H]1CCCN([C@H](C)CNc2ccc(OC(F)F)cn2)C1
ZINC000301922985,C[C@H]1CCCN([C@@H](C)CNc2ccc(OC(F)F)cn2)C1
ZINC000301922986,C[C@@H]1CCCN([C@H](C)CNc2ccc(OC(F)F)cn2)C1
ZINC000301943102,CC[C@@H]1CCCCN1CCNc1ccc(OC(F)F)cn1
ZINC000301943103,CC[C@H]1CCCCN1CCNc1ccc(OC(F)F)cn1
ZINC000301984203,Cc1ccnc(N[C@H](C)CN2C[C@H](C)C[C@H](C)C2)c1
ZINC000301984205,Cc1ccnc(N[C@H](C)CN2C[C@H](C)C[C@@H](C)C2)c1
ZINC000301984207,Cc1ccnc(N[C@H](C)CN2C[C@@H](C)C[C@H](C)C2)c1
ZINC000301984209,Cc1ccnc(N[C@@H](C)CN2C[C@H](C)C[C@H](C)C2)c1
ZINC000302242363,Cc1cccc(N[C@@H](C)CN2C[C@H](C)C[C@H](C)C2)n1
ZINC000302242364,Cc1cccc(N[C@H](C)CN2C[C@@H](C)C[C@H](C)C2)n1
ZINC000302242365,Cc1cccc(N[C@H](C)CN2C[C@H](C)C[C@@H](C)C2)n1
ZINC000302242366,Cc1cccc(N[C@H](C)CN2C[C@H](C)C[C@H](C)C2)n1
ZINC000040444301,CC1CCN(CCNc2ccc(C(F)(F)F)cn2)CC1
ZINC000180430873,CC(=O)c1ccc(N[C@H](C)CN2C[C@H](C)C[C@H](C)C2)nc1
ZINC000180430891,CC(=O)c1ccc(N[C@H](C)CN2C[C@@H](C)C[C@H](C)C2)nc1
ZINC000180430906,CC(=O)c1ccc(N[C@H](C)CN2C[C@H](C)C[C@@H](C)C2)nc1
ZINC000235932612,Cc1ccnc(NCCN2CCCCC2)c1Br
ZINC000245986488,CC(=O)c1ccc(N[C@@H](C)CN2C[C@H](C)C[C@H](C)C2)nc1
ZINC000506126601,C[C@]1(NC(=O)COc2ccccc2)CCCc2ccccc21
ZINC000800847093,C[C@@H]1CCCN([C@@H](C)CNc2cccc(Cl)n2)C1
ZINC000800847094,C[C@H]1CCCN([C@H](C)CNc2cccc(Cl)n2)C1
ZINC000800847095,C[C@H]1CCCN([C@@H](C)CNc2cccc(Cl)n2)C1
ZINC000800847096,C[C@@H]1CCCN([C@H](C)CNc2cccc(Cl)n2)C1
ZINC001160747597,Cc1ccc(Cl)c(NCCN2CCC(F)(F)CC2)n1
ZINC000104101862,C[C@@H](CN1CCCCC1)Nc1cccc(Cl)n1
ZINC000104101864,C[C@H](CN1CCCCC1)Nc1cccc(Cl)n1
ZINC000358837179,Cc1ccnc(NCCN2CCC(C)CC2)c1Cl
ZINC000358837218,Cc1ccnc(NCCN2CCC[C@@H](C)C2)c1Cl
ZINC000358837219,Cc1ccnc(NCCN2CCC[C@H](C)C2)c1Cl
ZINC000359563865,C[C@H](CN1CCCCC1)Nc1cc(Br)ccn1
ZINC000359563866,C[C@@H](CN1CCCCC1)Nc1cc(Br)ccn1
ZINC000126749234,Cc1cc(NCCN2CCCCC2)ncc1Br
ZINC000566636701,CC1CCN([C@@H](CNc2ccc(F)cn2)C(C)C)CC1
ZINC000566636702,CC1CCN([C@H](CNc2ccc(F)cn2)C(C)C)CC1
ZINC000651476973,CN(CCN1CCCCC1)c1cc(C(F)(F)F)ccn1
ZINC000800852228,CC[C@@H]1CCCCN1CCNc1cccc(Cl)n1
ZINC000800852229,CC[C@H]1CCCCN1CCNc1cccc(Cl)n1
ZINC000800870385,CC1(C)CCCN(CCNc2cccc(Cl)n2)C1
ZINC001160748153,Fc1ccc(Cl)nc1NCCN1CCC(F)(F)CC1
ZINC001160746732,Cc1cc(Cl)cc(NCCN2CCC(F)(F)CC2)n1
ZINC001160746749,Cc1cc(NCCN2CCC(F)(F)CC2)ncc1Cl
ZINC001160747051,Cc1cnc(NCCN2CCC(F)(F)CC2)c(Cl)c1
ZINC001160748151,Cc1ccc(Cl)nc1NCCN1CCC(F)(F)CC1
ZINC001160748272,Fc1cc(Cl)cnc1NCCN1CCC(F)(F)CC1
ZINC001160748817,Cc1ccnc(NCCN2CCC(F)(F)CC2)c1Cl
ZINC001160749067,CC(C)c1ccc(NCCN2CCC(F)(F)CC2)nc1
ZINC001160749077,CC(C)Oc1ccnc(NCCN2CCC(F)(F)CC2)c1
ZINC001160749150,Fc1cnc(NCCN2CCC(F)(F)CC2)c(Cl)c1
ZINC001160749200,Cc1nc(NCCN2CCC(F)(F)CC2)ccc1Cl
ZINC000049502061,C[C@@H](CN1CCCCC1)Nc1ncccc1Br
ZINC000049502063,C[C@H](CN1CCCCC1)Nc1ncccc1Br
ZINC000049502166,C[C@@H](CN1CCCCC1)Nc1ncccc1Cl
ZINC000049502168,C[C@H](CN1CCCCC1)Nc1ncccc1Cl
ZINC000049575298,Clc1cnc(NCCN2CCCCC2)c(Cl)c1
ZINC000094052183,CC1CCN(CCNc2ncc(Cl)cc2F)CC1
ZINC000094052214,C[C@@H](CN1CCCCC1)Nc1ncc(Cl)cc1F
ZINC000094052215,C[C@H](CN1CCCCC1)Nc1ncc(Cl)cc1F
ZINC000101825895,CC(C(=O)N[C@H](CN1CCCC1)c1ccccc1)c1cccc([N+](=O)[O-])c1
ZINC000101825898,CC(C(=O)N[C@H](CN1CCCC1)c1ccccc1)c1cccc([N+](=O)[O-])c1
ZINC000491150133,O=c1[nH]c2ccccc2n1C1CCN(Cc2ccc([N+](=O)[O-])cc2F)CC1
ZINC000595288140,O=c1[nH]c2ccccc2n1C1CCN(Cc2ccc(F)cc2[N+](=O)[O-])CC1
ZINC000788470567,O=c1[nH]c2ccccc2n1C1CCN(Cc2ccc([N+](=O)[O-])c(F)c2)CC1
ZINC000040772347,Cc1cccc(NCCN2CCC(C)CC2)n1
ZINC000043561599,Cc1ccnc(NCCN2CCC(C)CC2)c1
ZINC000043561652,Cc1ccnc(N[C@@H](C)CN2CCCCC2)c1
ZINC000043561653,Cc1ccnc(N[C@H](C)CN2CCCCC2)c1
ZINC000049502053,C[C@@H](CN1CCCCC1)Nc1ccc(F)cn1
ZINC000049502055,C[C@H](CN1CCCCC1)Nc1ccc(F)cn1
ZINC000049502150,Cc1cccc(N[C@@H](C)CN2CCCCC2)n1
ZINC000049502152,Cc1cccc(N[C@H](C)CN2CCCCC2)n1
ZINC000049503125,C[C@@H](CN1CCCCC1)Nc1cccc(F)n1
ZINC000049503126,C[C@H](CN1CCCCC1)Nc1cccc(F)n1
ZINC000049575280,Clc1ccc(NCCN2CCCCC2)nc1
ZINC000049575286,Clc1cccnc1NCCN1CCCCC1
ZINC000054700795,C[C@@H](CN1CCCCC1)Nc1ncccc1F
ZINC000054700796,C[C@H](CN1CCCCC1)Nc1ncccc1F
ZINC000079905898,C[C@@H]1CCCN([C@@H](C)CNc2ccccn2)C1
ZINC000079905899,C[C@H]1CCCN([C@@H](C)CNc2ccccn2)C1
ZINC000082461304,Clc1cccc(NCCN2CCCCC2)n1
ZINC000157085341,Cc1cccc(NC[C@@H](C)N2CCC[C@H](C)C2)n1
ZINC000157085499,Cc1cccc(NC[C@H](C)N2CCC[C@H](C)C2)n1
ZINC000157097579,Cc1cccc(NCCN2CCC[C@H](C)C2)n1
ZINC000157097743,Cc1cccc(NCCN2CCC[C@@H](C)C2)n1
ZINC000264947460,CC[C@@H]1CCCCN1CCNc1ccccn1
ZINC000264947462,CC[C@H]1CCCCN1CCNc1ccccn1
ZINC000268331366,Cc1ccnc(NCCN2CCC[C@@H](C)C2)c1
ZINC000268331367,Cc1ccnc(NCCN2CCC[C@H](C)C2)c1
ZINC000298725485,C[C@@H]1CCCN([C@H](C)CNc2ccccn2)C1
ZINC000298725488,C[C@H]1CCCN([C@H](C)CNc2ccccn2)C1
ZINC000301220845,C[C@@H]1C[C@H](C)CN(C[C@@H](C)Nc2ccccn2)C1
ZINC000301220846,C[C@@H]1C[C@@H](C)CN(C[C@H](C)Nc2ccccn2)C1
ZINC000301220847,C[C@@H]1C[C@@H](C)CN(C[C@@H](C)Nc2ccccn2)C1
ZINC000301220848,C[C@@H]1C[C@H](C)CN(C[C@H](C)Nc2ccccn2)C1
ZINC000301647266,Cc1ccnc(NC[C@H](C)N2CCC[C@H](C)C2)c1
ZINC000301647268,Cc1ccnc(NC[C@H](C)N2CCC[C@@H](C)C2)c1
ZINC000301647269,Cc1ccnc(NC[C@@H](C)N2CCC[C@H](C)C2)c1
ZINC000301647271,Cc1ccnc(NC[C@@H](C)N2CCC[C@@H](C)C2)c1
ZINC000302257729,Cc1cccc(NC[C@H](C)N2CCC[C@@H](C)C2)n1
ZINC000302257732,Cc1cccc(NC[C@@H](C)N2CCC[C@@H](C)C2)n1
ZINC000443945353,Cc1ccnc(NCCN2CCCC(C)(C)C2)c1
ZINC000443962154,Cc1cccc(NCCN2CCCC(C)(C)C2)n1
ZINC000443974005,CC1(C)CCCN(CCNc2ccccn2)C1
ZINC000664455463,CC1CCN(C[C@@H](C)Nc2ccccn2)CC1
ZINC000664455464,CC1CCN(C[C@H](C)Nc2ccccn2)CC1
ZINC000664456014,Cc1ccnc(N[C@@H](C)CN2CCC(C)CC2)c1
ZINC000664456015,Cc1ccnc(N[C@H](C)CN2CCC(C)CC2)c1
ZINC000664456018,Cc1cccc(N[C@@H](C)CN2CCC(C)CC2)n1
ZINC000664456019,Cc1cccc(N[C@H](C)CN2CCC(C)CC2)n1
ZINC001515362792,Clc1ccnc(NCCN2CCCCC2)c1
ZINC001161873084,CCOC(=O)C(C(=O)OCC)c1nc(NCCN2CCC(N)CC2)ccc1[N+](=O)[O-]
ZINC000272681211,COc1ccc([C@@H](CN2CCCC2)NC(=O)Cc2cccc(OCC#N)c2)cc1
ZINC000121799450,C[C@@H](C#N)Oc1ccc(CN2CCC(n3c(=O)[nH]c4ccccc43)CC2)cc1
ZINC000121799612,C[C@H](C#N)Oc1ccc(CN2CCC(n3c(=O)[nH]c4ccccc43)CC2)cc1
ZINC000535220821,COC(=O)c1cccc(CN2CCC(n3c(=O)[nH]c4ccccc43)CC2)c1C#N
ZINC000739107387,N#Cc1ccc(C(C(=O)O)N2CCC(n3c(=O)[nH]c4ccccc43)CC2)cc1
ZINC000739107390,N#Cc1ccc(C(C(=O)O)N2CCC(n3c(=O)[nH]c4ccccc43)CC2)cc1
ZINC000770441896,COc1ccc([C@@H](CN2CCCC2)NC(=O)Cc2ccc(OCC#N)cc2)cc1
ZINC001137120302,Cn1c(=O)n(C2CCN(Cc3ccc(OCC#N)cc3)CC2)c2ccccc21
ZINC000570706260,COc1ccc([C@@H](CN2CCCC2)NC(=O)Cc2c(F)cccc2C#N)cc1
ZINC000779543139,COc1ccc([C@@H](CN2CCCC2)NC(=O)Cc2ccccc2CC#N)cc1
ZINC001137703194,COc1ccc(CN2CCC(n3c(=O)n(C)c4ccccc43)CC2)c(C#N)c1
ZINC001138557423,C#CCOc1ccc(CN2CCC(n3c(=O)n(C)c4ccccc43)CC2)cc1
ZINC000833074030,N#Cc1cccc(C(C(=O)O)N2CCC(n3c(=O)[nH]c4ccccc43)CC2)c1
ZINC000833074031,N#Cc1cccc(C(C(=O)O)N2CCC(n3c(=O)[nH]c4ccccc43)CC2)c1
ZINC001140754068,Cn1c(=O)n(C2CCN(Cc3cc(F)c(C#N)c(F)c3)CC2)c2ccccc21
ZINC001143173321,Cn1c(=O)n(C2CCN(Cc3c(F)ccc(C#N)c3F)CC2)c2ccccc21
ZINC001231618841,COc1cc(C#N)ccc1CN1CCC(n2c(=O)n(C)c3ccccc32)CC1
ZINC001235658364,Cn1c(=O)n(C2CCN(Cc3c(F)cc(C#N)cc3F)CC2)c2ccccc21
ZINC001237535470,Cn1c(=O)n(C2CCN(Cc3cc(C#N)c(F)cc3F)CC2)c2ccccc21
ZINC001238409054,COc1cc(CN2CCC(n3c(=O)n(C)c4ccccc43)CC2)ccc1C#N
ZINC001610623318,N#Cc1c(CN2CCC(n3c(=O)[nH]c4ccccc43)CC2)cccc1C(=O)O
ZINC001160753506,CCOC(=O)C(C(=O)OCC)c1nc(NCCN2CCC(F)(F)CC2)ccc1[N+](=O)[O-]
ZINC000080249747,COC1CCN(CCNc2ncc(C(N)=O)cc2Cl)CC1
ZINC000080250568,CCOC(=O)c1ccc(NCCN2CCC(OC)CC2)nc1
ZINC000080250708,CCNC(=O)c1ccc(NCCN2CCC(OC)CC2)nc1
ZINC000080267768,COC1CCN(CCNc2ccc(C(=O)N(C)C)cn2)CC1
ZINC000184131241,CCOC(=O)c1cccnc1NCCN1CCC(N(C)C)CC1
ZINC000264835508,COCCNC(=O)c1ccc(NCCN2CCC(C)CC2)nc1
ZINC000264842005,COCCNC(=O)c1ccc(NCCN2CCCCC2)nc1
ZINC000267144132,CCOC(=O)c1ccc(NCCN2CCC(N(C)C)CC2)nc1
ZINC000267157949,CCNC(=O)c1ccc(NCCN2CCC(N(C)C)CC2)nc1
ZINC000267172837,COCCNC(=O)c1ccc(NCCN2CCC[C@H](C)C2)nc1
ZINC000267172839,COCCNC(=O)c1ccc(NCCN2CCC[C@@H](C)C2)nc1
ZINC000267217753,CN(C)C(=O)c1ccc(NCCN2CCC(N(C)C)CC2)nc1
ZINC000267241816,COCCNC(=O)c1ccc(N[C@@H](C)CN2CCCCC2)nc1
ZINC000267241820,COCCNC(=O)c1ccc(N[C@H](C)CN2CCCCC2)nc1
ZINC000301239772,CNS(=O)(=O)c1ccc(NCCN2CCC(C)CC2)nc1
ZINC000301293864,CC[C@@H]1CCCCN1CCNc1ncccc1S(N)(=O)=O
ZINC000301293866,CC[C@H]1CCCCN1CCNc1ncccc1S(N)(=O)=O
ZINC000301303245,C[C@@H]1CCCN([C@@H](C)CNc2ncccc2S(N)(=O)=O)C1
ZINC000301303246,C[C@H]1CCCN([C@H](C)CNc2ncccc2S(N)(=O)=O)C1
ZINC000301303247,C[C@H]1CCCN([C@@H](C)CNc2ncccc2S(N)(=O)=O)C1
ZINC000301303248,C[C@@H]1CCCN([C@H](C)CNc2ncccc2S(N)(=O)=O)C1
ZINC000301528567,CNS(=O)(=O)c1ccc(N[C@H](C)CN2CCCCC2)nc1
ZINC000301528569,CNS(=O)(=O)c1ccc(N[C@@H](C)CN2CCCCC2)nc1
ZINC000301566705,CNS(=O)(=O)c1ccc(NCCN2CCC[C@@H](C)C2)nc1
ZINC000301566707,CNS(=O)(=O)c1ccc(NCCN2CCC[C@H](C)C2)nc1
ZINC000301946412,COC(=O)c1ccc(NCCN2CCC(OC)CC2)nc1C
ZINC000301951738,COC(=O)c1ccc(NCCN2CCC(N(C)C)CC2)nc1C
ZINC000317292351,C[C@@H](CN1CCCCC1)Nc1ncc(C(=O)O)cc1[N+](=O)[O-]
ZINC000317292352,C[C@H](CN1CCCCC1)Nc1ncc(C(=O)O)cc1[N+](=O)[O-]
ZINC000318389588,C[C@@H](CN1CCCCC1)Nc1nc(C(=O)O)ccc1[N+](=O)[O-]
ZINC000318389589,C[C@H](CN1CCCCC1)Nc1nc(C(=O)O)ccc1[N+](=O)[O-]
ZINC000320330483,C[C@@H](CN1CCCCC1)Nc1nccc(C(=O)O)c1[N+](=O)[O-]
ZINC000320330485,C[C@H](CN1CCCCC1)Nc1nccc(C(=O)O)c1[N+](=O)[O-]
ZINC000322085646,OC1CCN(CCNc2cccc(Br)n2)CC1
ZINC000322340989,OC1CCN(CCNc2ncccc2Br)CC1
ZINC000341535035,C[C@@H]1CCCCN1[C@H](C)CNc1ccc(S(C)(=O)=O)cn1
ZINC000341535036,C[C@@H]1CCCCN1[C@@H](C)CNc1ccc(S(C)(=O)=O)cn1
ZINC000341535037,C[C@H](CNc1ccc(S(C)(=O)=O)cn1)N1CCCC[C@@H]1C
ZINC000341535038,C[C@H]1CCCCN1[C@@H](C)CNc1ccc(S(C)(=O)=O)cn1
ZINC000342230909,C[C@@H]1CCC[C@H](C)N1CCNc1ccc(S(C)(=O)=O)cn1
ZINC000342230911,C[C@@H]1CCC[C@@H](C)N1CCNc1ccc(S(C)(=O)=O)cn1
ZINC000342230913,C[C@H]1CCC[C@H](C)N1CCNc1ccc(S(C)(=O)=O)cn1
ZINC000343112934,CC1(C)CCCN(CCNc2ccc(S(C)(=O)=O)cn2)C1
ZINC000443945277,CCNC(=O)c1ccc(NCCN2CCCC(C)(C)C2)nc1
ZINC000443960093,CN(C)C(=O)c1ccc(NCCN2CCCC(C)(C)C2)nc1
ZINC000450516693,NC(=O)c1cnc(N[C@@H](CO)CN2CCCCC2)c(Cl)c1
ZINC000450516694,NC(=O)c1cnc(N[C@H](CO)CN2CCCCC2)c(Cl)c1
ZINC000571268285,CC1(C)CCCN(CCNc2ncccc2S(N)(=O)=O)C1
ZINC000578348923,CC[C@@H]1CCCCN1CCNc1ccc(S(C)(=O)=O)cn1
ZINC000578348924,CC[C@H]1CCCCN1CCNc1ccc(S(C)(=O)=O)cn1
ZINC000579838280,CC[C@@H]1CCCCN1CCNc1ccc(C(=O)O)c(OC)n1
ZINC000579838281,CC[C@H]1CCCCN1CCNc1ccc(C(=O)O)c(OC)n1
ZINC000603309435,COC(=O)c1ccnc(NCCN2CCC(N(C)C)CC2)c1
ZINC000613046746,CCOC(=O)c1cccnc1NCCN1CCC(OC)CC1
ZINC000647451107,COC1CCN(CCNc2ncc(C(=O)O)cc2Cl)CC1
ZINC000649385394,COc1nc(NC[C@H](C)N2CCC[C@@H](C)C2)ccc1C(=O)O
ZINC000649385395,COc1nc(NC[C@@H](C)N2CCC[C@H](C)C2)ccc1C(=O)O
ZINC000649385396,COc1nc(NC[C@H](C)N2CCC[C@H](C)C2)ccc1C(=O)O
ZINC000649385397,COc1nc(NC[C@@H](C)N2CCC[C@@H](C)C2)ccc1C(=O)O
ZINC000651476545,COCCNC(=O)c1ccc(N(C)CCN2CCCCC2)nc1
ZINC000664456981,CC1CCN(C[C@@H](C)Nc2ncccc2S(N)(=O)=O)CC1
ZINC000664456982,CC1CCN(C[C@H](C)Nc2ncccc2S(N)(=O)=O)CC1
ZINC000674331211,CCCNC(=O)c1ccc(NCCN2CCC(OC)CC2)nc1
ZINC000683192242,COC1CCN(CCNc2ncccc2S(C)(=O)=O)CC1
ZINC000813592387,COC(=O)c1ccc(NCCN2CCC(N(C)C)CC2)nc1
ZINC000882430484,COC(=O)c1cnc(NCCN2CCC(O)CC2)c(Cl)c1
ZINC000910298916,Cc1nc(NCCN2CCC(N(C)C)CC2)ccc1C(=O)O
ZINC001160746788,NC(=O)c1nc(NCCN2CCC(F)(F)CC2)ccc1Cl
ZINC001160747007,NC(=O)c1cc(Cl)nc(NCCN2CCC(F)(F)CC2)c1
ZINC001160748333,NC(=O)c1cc(Cl)cnc1NCCN1CCC(F)(F)CC1
ZINC001160748478,NC(=O)c1cc(NCCN2CCC(F)(F)CC2)ncc1Cl
ZINC001160748844,COC(=O)c1cc(NCCN2CCC(F)(F)CC2)ncc1N
ZINC001160749220,CN(C)C(=O)c1ccc(NCCN2CCC(F)(F)CC2)nc1
ZINC001160749337,COC(=O)Cc1cccc(NCCN2CCC(F)(F)CC2)n1
ZINC001160749356,CS(=O)(=O)c1cccnc1NCCN1CCC(F)(F)CC1
ZINC001160749361,NC(=O)c1ccc(Cl)nc1NCCN1CCC(F)(F)CC1
ZINC001160752285,NC(=O)c1cc(F)cnc1NCCN1CCC(F)(F)CC1
ZINC001160752621,CCNC(=O)c1ccc(NCCN2CCC(F)(F)CC2)nc1
ZINC001160753026,CCNC(=O)c1cccnc1NCCN1CCC(F)(F)CC1
ZINC001160753112,CS(=O)(=O)c1ccc(NCCN2CCC(F)(F)CC2)nc1
ZINC001160753757,NC(=S)Nc1ccc(NCCN2CCC(F)(F)CC2)nc1
ZINC001161866811,COC(=O)c1cc(Cl)cc(NCCN2CCC(N)CC2)n1
ZINC001161866879,COC(=O)c1c(Cl)ccnc1NCCN1CCC(N)CC1
ZINC001161866881,CCOC(=O)Cc1cccnc1NCCN1CCC(N)CC1
ZINC001161866899,CCOC(=O)c1ccc(C)c(NCCN2CCC(N)CC2)n1
ZINC001161866934,CCOC(=O)c1cnc(NCCN2CCC(N)CC2)c(C)c1
ZINC001161867051,COC(=O)c1cnc(NCCN2CCC(N)CC2)c(Cl)c1
ZINC001161867055,CCOC(=O)C=Cc1cccnc1NCCN1CCC(N)CC1
ZINC001161867068,CC(C)(C)OC(=O)c1ccnc(NCCN2CCC(N)CC2)c1
ZINC001161867106,CCOC(=O)Cc1ccc(NCCN2CCC(N)CC2)nc1
ZINC001161867204,COC(=O)c1cc(NCCN2CCC(N)CC2)ncc1Cl
ZINC001161867315,CCOC(=O)c1cc(C)cc(NCCN2CCC(N)CC2)n1
ZINC001161867334,COC(=O)c1cc(Cl)cnc1NCCN1CCC(N)CC1
ZINC001161867342,CC(C)(C)NC(=O)c1ccc(NCCN2CCC(N)CC2)nc1
ZINC001161867398,COC(=O)c1ccc(Cl)c(NCCN2CCC(N)CC2)n1
ZINC001161867423,CCOC(=O)c1ccc(NCCN2CCC(N)CC2)nc1C
ZINC001161867451,COC(=O)c1nc(NCCN2CCC(N)CC2)ccc1Cl
ZINC001161867473,COC(=O)c1c(C)cc(C)nc1NCCN1CCC(N)CC1
ZINC001161867531,COC(=O)c1cc(F)c(C)nc1NCCN1CCC(N)CC1
ZINC001161867533,CCOC(=O)c1cc(NCCN2CCC(N)CC2)ncc1C
ZINC001161867628,CCOC(=O)c1cc(F)cnc1NCCN1CCC(N)CC1
ZINC001161867676,COC(=O)c1ccc(Cl)nc1NCCN1CCC(N)CC1
ZINC001161867702,COC(=O)c1cc(Cl)nc(NCCN2CCC(N)CC2)c1
ZINC001161867742,CCOC(=O)c1cc(C)cnc1NCCN1CCC(N)CC1
ZINC001161867750,CCOC(=O)c1cnc(NCCN2CCC(N)CC2)c(OC)c1
ZINC001161867806,CC(C)(C)OC(=O)c1ccc(NCCN2CCC(N)CC2)nc1
ZINC001161867868,CCOC(=O)c1c(C)cc(NCCN2CCC(N)CC2)nc1C
ZINC001161870012,CCOC(=O)C=Cc1ccc(NCCN2CCC(N)CC2)nc1
ZINC001161870322,CC(C)(C)NC(=O)c1ccnc(NCCN2CCC(N)CC2)c1
ZINC001161870486,COC(OC)c1cc(C)cnc1NCCN1CCC(N)CC1
ZINC001161870499,CCOC(=O)c1c(C)ccnc1NCCN1CCC(N)CC1
ZINC001161870603,COC(=O)C=Cc1cc(C)cnc1NCCN1CCC(N)CC1
ZINC001161870620,COC(=O)CSc1cccc(NCCN2CCC(N)CC2)n1
ZINC001161871171,CCCNC(=O)c1cccnc1NCCN1CCC(N)CC1
ZINC001161873031,CCOC(=O)Cc1ccnc(NCCN2CCC(N)CC2)c1
ZINC001608975909,O=C(O)c1cnc(N[C@@H](CO)CN2CCCCC2)c(Cl)c1
ZINC001608975910,O=C(O)c1cnc(N[C@H](CO)CN2CCCCC2)c(Cl)c1
ZINC000005158835,COc1ccc2c(c1O)[C@@]13CCN(C)[C@@H](C2)[C@H]1CC[C@@H](O)C3
ZINC000042322217,C[C@@H](CN1CCCCC1)Nc1ncc(Br)cc1[N+](=O)[O-]
ZINC000042322220,C[C@H](CN1CCCCC1)Nc1ncc(Br)cc1[N+](=O)[O-]
ZINC000081941321,C[C@@H](CN1CCCCC1)Nc1ncc([N+](=O)[O-])cc1Br
ZINC000081941325,C[C@H](CN1CCCCC1)Nc1ncc([N+](=O)[O-])cc1Br
ZINC000413048399,CC1CCN(CCNc2ncc([N+](=O)[O-])cc2C(F)(F)F)CC1
ZINC000413063729,C[C@H]1CCCN(CCNc2ncc([N+](=O)[O-])cc2C(F)(F)F)C1
ZINC000413063732,C[C@@H]1CCCN(CCNc2ncc([N+](=O)[O-])cc2C(F)(F)F)C1
ZINC000413105057,C[C@@H](CN1CCCCC1)Nc1ncc([N+](=O)[O-])cc1C(F)(F)F
ZINC000413105058,C[C@H](CN1CCCCC1)Nc1ncc([N+](=O)[O-])cc1C(F)(F)F
ZINC000506087181,C[C@]1(NC(=O)COc2ccc([N+](=O)[O-])cc2)CCCc2ccccc21
ZINC000506087182,C[C@@]1(NC(=O)COc2ccc([N+](=O)[O-])cc2)CCCc2ccccc21
ZINC000506131746,C[C@]1(NC(=O)COc2ccccc2[N+](=O)[O-])CCCc2ccccc21
ZINC000506131747,C[C@@]1(NC(=O)COc2ccccc2[N+](=O)[O-])CCCc2ccccc21
ZINC000506131759,C[C@]1(NC(=O)COc2cccc([N+](=O)[O-])c2)CCCc2ccccc21
ZINC000506131760,C[C@@]1(NC(=O)COc2cccc([N+](=O)[O-])c2)CCCc2ccccc21
ZINC000609892012,C[C@@H]1C[C@H](C)CN(C[C@@H](C)Nc2ncc([N+](=O)[O-])cc2Cl)C1
ZINC000609892013,C[C@@H]1C[C@@H](C)CN(C[C@@H](C)Nc2ncc([N+](=O)[O-])cc2Cl)C1
ZINC000609892014,C[C@@H]1C[C@H](C)CN(C[C@H](C)Nc2ncc([N+](=O)[O-])cc2Cl)C1
ZINC000609892015,C[C@@H]1C[C@@H](C)CN(C[C@H](C)Nc2ncc([N+](=O)[O-])cc2Cl)C1
ZINC001160748881,Cc1cc(Cl)nc(NCCN2CCC(F)(F)CC2)c1[N+](=O)[O-]
ZINC001160748941,Cc1cc(Cl)c([N+](=O)[O-])c(NCCN2CCC(F)(F)CC2)n1
ZINC001160749292,Cc1cc([N+](=O)[O-])c(NCCN2CCC(F)(F)CC2)nc1Cl
ZINC000513692311,C[C@H](c1ccc(OC(F)(F)F)cc1)N1CCC(n2c(=O)[nH]c3ccccc32)CC1
ZINC001246343999,COC(=O)C1(c2ccc(Cl)cc2)CCC(NCCc2c[nH]c3ccccc23)CC1
ZINC001560722905,O=c1[nH]c2ccccc2n1C1CCN(Cc2cc(Cl)cc(C(F)(F)F)c2)CC1
ZINC001658682082,O=c1[nH]c2ccccc2n1C1CCN(Cc2cc(C(F)(F)F)ccc2Cl)CC1
ZINC000001825788,C=CCN1CC[C@]23c4c5ccc(OC(=O)CCCCCCCCC)c4OC2C(=O)CC[C@@]3(O)[C@H]1C5
ZINC000008964524,C=CCCCCCCCCC(=O)Oc1ccc2c3c1OC1C(=O)CC[C@@]4(O)[C@@H](C2)N(CC=C)CC[C@]314
ZINC000012660731,C=CCCCCCCCCC(=O)Oc1ccc2c3c1OC1C(=O)CC[C@@]4(O)[C@@H](C2)N(CC=C)CC[C@]314
ZINC000001602369,c1ccc(NCCN2CCCCC2)nc1
ZINC000301057316,CC1CCN([C@@H](CNc2ccc([N+](=O)[O-])cn2)C(C)C)CC1
ZINC000301057319,CC1CCN([C@H](CNc2ccc([N+](=O)[O-])cn2)C(C)C)CC1
ZINC000301111450,CC1CCN([C@@H](CNc2ncccc2[N+](=O)[O-])C(C)C)CC1
ZINC000301111454,CC1CCN([C@H](CNc2ncccc2[N+](=O)[O-])C(C)C)CC1
ZINC000301228721,Cc1cc([N+](=O)[O-])cnc1N[C@H](C)CN1C[C@H](C)C[C@H](C)C1
ZINC000301228722,Cc1cc([N+](=O)[O-])cnc1N[C@@H](C)CN1C[C@H](C)C[C@H](C)C1
ZINC000301228723,Cc1cc([N+](=O)[O-])cnc1N[C@H](C)CN1C[C@@H](C)C[C@H](C)C1
ZINC000301228724,Cc1cc([N+](=O)[O-])cnc1N[C@H](C)CN1C[C@H](C)C[C@@H](C)C1
ZINC000301248414,C[C@@H]1CCCN(C[C@@H](C)Nc2ncc([N+](=O)[O-])cc2Cl)C1
ZINC000301248415,C[C@@H]1CCCN(C[C@H](C)Nc2ncc([N+](=O)[O-])cc2Cl)C1
ZINC000301248416,C[C@H]1CCCN(C[C@H](C)Nc2ncc([N+](=O)[O-])cc2Cl)C1
ZINC000301248417,C[C@H]1CCCN(C[C@@H](C)Nc2ncc([N+](=O)[O-])cc2Cl)C1
ZINC000301254430,C[C@@H]1CCCN([C@H](C)CNc2ncc([N+](=O)[O-])cc2Cl)C1
ZINC000301254431,C[C@@H]1CCCN([C@@H](C)CNc2ncc([N+](=O)[O-])cc2Cl)C1
ZINC000301254432,C[C@H]1CCCN([C@@H](C)CNc2ncc([N+](=O)[O-])cc2Cl)C1
ZINC000301254433,C[C@H]1CCCN([C@H](C)CNc2ncc([N+](=O)[O-])cc2Cl)C1
ZINC000301276682,Cc1ccnc(N[C@H](C)CN2C[C@H](C)C[C@H](C)C2)c1[N+](=O)[O-]
ZINC000301276683,Cc1ccnc(N[C@@H](C)CN2C[C@H](C)C[C@H](C)C2)c1[N+](=O)[O-]
ZINC000301276684,Cc1ccnc(N[C@H](C)CN2C[C@@H](C)C[C@H](C)C2)c1[N+](=O)[O-]
ZINC000301276685,Cc1ccnc(N[C@H](C)CN2C[C@H](C)C[C@@H](C)C2)c1[N+](=O)[O-]
ZINC000301281417,CC[C@@H]1CCCCN1CCNc1ncc([N+](=O)[O-])cc1Cl
ZINC000301281420,CC[C@H]1CCCCN1CCNc1ncc([N+](=O)[O-])cc1Cl
ZINC000301306553,Cc1ccnc(NCC(C)(C)N2CCC[C@@H](C)C2)c1[N+](=O)[O-]
ZINC000301306554,Cc1ccnc(NCC(C)(C)N2CCC[C@H](C)C2)c1[N+](=O)[O-]
ZINC000301414179,Cc1cnc(NCC(C)(C)N2CCC[C@@H](C)C2)c([N+](=O)[O-])c1
ZINC000301414180,Cc1cnc(NCC(C)(C)N2CCC[C@H](C)C2)c([N+](=O)[O-])c1
ZINC000301428447,Cc1cnc(N[C@H](C)CN2C[C@H](C)C[C@H](C)C2)c([N+](=O)[O-])c1
ZINC000301428449,Cc1cnc(N[C@H](C)CN2C[C@@H](C)C[C@H](C)C2)c([N+](=O)[O-])c1
ZINC000301428451,Cc1cnc(N[C@H](C)CN2C[C@H](C)C[C@@H](C)C2)c([N+](=O)[O-])c1
ZINC000301428453,Cc1cnc(N[C@@H](C)CN2C[C@H](C)C[C@H](C)C2)c([N+](=O)[O-])c1
ZINC000301450654,Cc1cc(NCC(C)(C)N2CCC[C@@H](C)C2)ncc1[N+](=O)[O-]
ZINC000301450655,Cc1cc(NCC(C)(C)N2CCC[C@H](C)C2)ncc1[N+](=O)[O-]
ZINC000301459854,Cc1cc(N[C@H](C)CN2C[C@H](C)C[C@H](C)C2)ncc1[N+](=O)[O-]
ZINC000301459855,Cc1cc(N[C@@H](C)CN2C[C@H](C)C[C@H](C)C2)ncc1[N+](=O)[O-]
ZINC000301459856,Cc1cc(N[C@H](C)CN2C[C@@H](C)C[C@H](C)C2)ncc1[N+](=O)[O-]
ZINC000301459857,Cc1cc(N[C@H](C)CN2C[C@H](C)C[C@@H](C)C2)ncc1[N+](=O)[O-]
ZINC000301650424,Cc1nc(NCC(C)(C)N2CCC[C@@H](C)C2)ccc1[N+](=O)[O-]
ZINC000301650426,Cc1nc(NCC(C)(C)N2CCC[C@H](C)C2)ccc1[N+](=O)[O-]
ZINC000301663601,Cc1nc(N[C@H](C)CN2C[C@H](C)C[C@H](C)C2)ccc1[N+](=O)[O-]
ZINC000301663602,Cc1nc(N[C@H](C)CN2C[C@H](C)C[C@@H](C)C2)ccc1[N+](=O)[O-]
ZINC000301663603,Cc1nc(N[C@H](C)CN2C[C@@H](C)C[C@H](C)C2)ccc1[N+](=O)[O-]
ZINC000301663604,Cc1nc(N[C@@H](C)CN2C[C@H](C)C[C@H](C)C2)ccc1[N+](=O)[O-]
ZINC000301747574,CC[C@@H]1CCCCN1CCNc1ncc(Cl)cc1[N+](=O)[O-]
ZINC000301747575,CC[C@H]1CCCCN1CCNc1ncc(Cl)cc1[N+](=O)[O-]
ZINC000301748825,C[C@@H]1CCCN(C[C@@H](C)Nc2ncc(Cl)cc2[N+](=O)[O-])C1
ZINC000301748826,C[C@@H]1CCCN(C[C@H](C)Nc2ncc(Cl)cc2[N+](=O)[O-])C1
ZINC000301748827,C[C@H]1CCCN(C[C@H](C)Nc2ncc(Cl)cc2[N+](=O)[O-])C1
ZINC000301748828,C[C@H]1CCCN(C[C@@H](C)Nc2ncc(Cl)cc2[N+](=O)[O-])C1
ZINC000301968133,Cc1cc([N+](=O)[O-])cnc1NCC(C)(C)N1CCC[C@@H](C)C1
ZINC000301968134,Cc1cc([N+](=O)[O-])cnc1NCC(C)(C)N1CCC[C@H](C)C1
ZINC000303374114,Cc1cc([N+](=O)[O-])cnc1NC[C@@H](C(C)C)N1CCC(C)CC1
ZINC000303374116,Cc1cc([N+](=O)[O-])cnc1NC[C@H](C(C)C)N1CCC(C)CC1
ZINC000303677459,Cc1ccnc(NC[C@@H](C(C)C)N2CCC(C)CC2)c1[N+](=O)[O-]
ZINC000303677460,Cc1ccnc(NC[C@H](C(C)C)N2CCC(C)CC2)c1[N+](=O)[O-]
ZINC000343329894,CCCN(CCN1CCCCC1)c1ccc([N+](=O)[O-])c(C)n1
ZINC000343344796,CCCN(CCN1CCCCC1)c1ncc(C)cc1[N+](=O)[O-]
ZINC000343370178,CCCN(CCN1CCCCC1)c1cc(C)c([N+](=O)[O-])cn1
ZINC000360668658,Cc1ccc([N+](=O)[O-])c(N[C@H](C)CN2C[C@H](C)C[C@H](C)C2)n1
ZINC000360668659,Cc1ccc([N+](=O)[O-])c(N[C@@H](C)CN2C[C@H](C)C[C@H](C)C2)n1
ZINC000360668660,Cc1ccc([N+](=O)[O-])c(N[C@H](C)CN2C[C@@H](C)C[C@H](C)C2)n1
ZINC000360668661,Cc1ccc([N+](=O)[O-])c(N[C@H](C)CN2C[C@H](C)C[C@@H](C)C2)n1
ZINC000360684953,Cc1ccc([N+](=O)[O-])c(NCC(C)(C)N2CCC[C@@H](C)C2)n1
ZINC000360684954,Cc1ccc([N+](=O)[O-])c(NCC(C)(C)N2CCC[C@H](C)C2)n1
ZINC000413113965,C[C@@H]1CCCN(C(C)(C)CNc2ncc([N+](=O)[O-])cc2F)C1
ZINC000413113968,C[C@H]1CCCN(C(C)(C)CNc2ncc([N+](=O)[O-])cc2F)C1
ZINC000443945397,CC1(C)CCCN(CCNc2ncc(Cl)cc2[N+](=O)[O-])C1
ZINC000443969470,CC1(C)CCCN(CCNc2ncc([N+](=O)[O-])cc2Cl)C1
ZINC000463055034,Cc1cnc(NC[C@@H](C(C)C)N2CCC(C)CC2)c([N+](=O)[O-])c1
ZINC000463055044,Cc1cnc(NC[C@H](C(C)C)N2CCC(C)CC2)c([N+](=O)[O-])c1
ZINC000470863137,Cc1cc(NC[C@@H](C(C)C)N2CCC(C)CC2)ncc1[N+](=O)[O-]
ZINC000470863138,Cc1cc(NC[C@H](C(C)C)N2CCC(C)CC2)ncc1[N+](=O)[O-]
ZINC000295683412,NC(=O)c1ccnc(N[C@H](CO)CN2CCCCC2)c1[N+](=O)[O-]
ZINC000295683417,NC(=O)c1ccnc(N[C@@H](CO)CN2CCCCC2)c1[N+](=O)[O-]
ZINC000295987104,COC(=O)c1cnc(NCCN2CCC(O)CC2)c([N+](=O)[O-])c1
ZINC000589584480,COC1CCN(CCNc2nccc(C(N)=O)c2[N+](=O)[O-])CC1
ZINC000596152383,CN(C)C1CCN(CCNc2ccc(N)c([N+](=O)[O-])n2)CC1
ZINC000598633485,COC(=O)c1ccnc(NCCN2CCC(O)CC2)c1[N+](=O)[O-]
ZINC001161866795,COC(=O)c1cnc(NCCN2CCC(N)CC2)c([N+](=O)[O-])c1
ZINC001161867042,COC(=O)c1cc([N+](=O)[O-])cnc1NCCN1CCC(N)CC1
ZINC001161867696,NC1CCN(CCNc2ncc([N+](=O)[O-])cc2[N+](=O)[O-])CC1
ZINC001161867881,COC(=O)c1ccnc(NCCN2CCC(N)CC2)c1[N+](=O)[O-]
ZINC001161873106,COC(=O)c1ccc([N+](=O)[O-])c(NCCN2CCC(N)CC2)n1
ZINC001600106074,Cc1cc(C(=O)O)c([N+](=O)[O-])c(NCCN2CCC(O)CC2)n1
ZINC001223020477,CN1c2ccccc2[C@@H](OC(=O)C(O)COP(=O)(O)O)c2ccc(Cl)cc2S1(=O)=O
ZINC001223020483,CN1c2ccccc2[C@H](OC(=O)C(O)COP(=O)(O)O)c2ccc(Cl)cc2S1(=O)=O
ZINC001223023559,CN1c2ccccc2[C@H](OC(=O)C(CC(=O)O)C(O)C(=O)O)c2ccc(Cl)cc2S1(=O)=O
ZINC001223023562,CN1c2ccccc2[C@H](OC(=O)C(CC(=O)O)C(O)C(=O)O)c2ccc(Cl)cc2S1(=O)=O
ZINC001223023563,CN1c2ccccc2[C@H](OC(=O)C(CC(=O)O)C(O)C(=O)O)c2ccc(Cl)cc2S1(=O)=O
ZINC001223023564,CN1c2ccccc2[C@H](OC(=O)C(CC(=O)O)C(O)C(=O)O)c2ccc(Cl)cc2S1(=O)=O
ZINC000263583270,O=C(O)c1ccc(CN2CCC(n3c(=O)[nH]c4ccccc43)CC2)cc1
ZINC000461496841,CCS(=O)(=O)c1cccc(CC(=O)N[C@H](CN2CCCC2)c2ccc(OC)cc2)c1
ZINC000500423657,COc1ccc([C@@H](CN2CCCC2)NC(=O)Cc2cccc(NS(C)(=O)=O)c2)cc1
ZINC001137627529,COc1ccc([C@@H](CN2CCCC2)NC(=O)C(CS(C)(=O)=O)c2ccccc2)cc1
ZINC001137627530,COc1ccc([C@@H](CN2CCCC2)NC(=O)C(CS(C)(=O)=O)c2ccccc2)cc1
ZINC001139271363,COc1cccc(CN2CCC(n3c(=O)n(C)c4ccccc43)CC2)c1OCC(=O)O
ZINC001141706077,COC(=O)c1cc(OC)cc(OC)c1CN1CCC(n2c(=O)n(C)c3ccccc32)CC1
ZINC001217837713,COC(=O)C(CCO)O[C@@H]1c2ccccc2N(C)S(=O)(=O)c2cc(Cl)ccc21
ZINC001217837717,COC(=O)C(CCO)O[C@H]1c2ccccc2N(C)S(=O)(=O)c2cc(Cl)ccc21
ZINC001320180714,COc1ccc([C@@H](CN2CCCC2)NC(=O)Cc2ccccc2NS(C)(=O)=O)cc1
ZINC000743836260,COc1ccc(CN2CCC(n3c(=O)[nH]c4ccccc43)CC2)cc1SC(F)(F)F
ZINC001223018343,CC(C)[C@H](O[C@@H]1c2ccccc2N(C)S(=O)(=O)c2cc(Cl)ccc21)C(F)(F)F
ZINC001223018344,CC(C)[C@@H](O[C@@H]1c2ccccc2N(C)S(=O)(=O)c2cc(Cl)ccc21)C(F)(F)F
ZINC001223018345,CC(C)[C@H](O[C@H]1c2ccccc2N(C)S(=O)(=O)c2cc(Cl)ccc21)C(F)(F)F
ZINC001223018346,CC(C)[C@@H](O[C@H]1c2ccccc2N(C)S(=O)(=O)c2cc(Cl)ccc21)C(F)(F)F
ZINC001237034626,CC(C)(C)OC(=O)Nc1ccc(CN2CCC(n3c(=O)[nH]c4ccccc43)CC2)cc1F
ZINC001237368096,CC(C)(C)OC(=O)Nc1c(F)cccc1CN1CCC(n2c(=O)[nH]c3ccccc32)CC1
ZINC001238670179,CC(C)(C)C(=O)Nc1ccc(Cl)cc1CN1CCC(n2c(=O)[nH]c3ccccc32)CC1
ZINC001249382866,CC(C)(C)OC(=O)Nc1cccc(F)c1CN1CCC(n2c(=O)[nH]c3ccccc32)CC1
ZINC001664103395,Cc1cc(Br)c(CN2CCC(n3c(=O)[nH]c4ccccc43)CC2)cc1Cl
ZINC000261474093,CS(=O)(=O)Nc1ccccc1CC(=O)N[C@H](CN1CCCC1)c1ccccc1
ZINC000436143161,COc1ccc([C@@H](CN2CCCC2)NC(=O)Cc2ccc([S@@+](C)[O-])cc2)cc1
ZINC000436143192,COc1ccc([C@@H](CN2CCCC2)NC(=O)Cc2ccc([S@+](C)[O-])cc2)cc1
ZINC000447551190,COc1ccc([C@@H](CN2CCCC2)NC(=O)Cc2cc(OC)c(O)c(OC)c2)cc1
ZINC000460754908,CCS(=O)(=O)c1cccc(CC(=O)N[C@H](CN2CCCC2)c2ccccc2)c1
ZINC000498946347,CN(C)S(=O)(=O)c1ccc(CN2CCC(n3c(=O)[nH]c4ccccc43)CC2)cc1
ZINC000504057937,CC1CCN([C@@H](CNc2ncc(Br)cc2S(N)(=O)=O)C(C)C)CC1
ZINC000504057938,CC1CCN([C@H](CNc2ncc(Br)cc2S(N)(=O)=O)C(C)C)CC1
ZINC000550711541,NS(=O)(=O)c1cc(Cl)cc(CN2CCC(n3c(=O)[nH]c4ccccc43)CC2)c1
ZINC000550792604,COc1ccc([C@@H](CN2CCCC2)NC(=O)Cc2ccccc2S(C)(=O)=O)cc1
ZINC000592730826,CS(=O)(=O)Nc1cccc(CC(=O)N[C@H](CN2CCCC2)c2ccccc2)c1
ZINC000678129249,CS(=O)(=O)Nc1cccc(CN2CCC(n3c(=O)[nH]c4ccccc43)CC2)c1
ZINC001137248553,COC(=O)c1ccc(OC)c(CN2CCC(n3c(=O)n(C)c4ccccc43)CC2)c1
ZINC001137452869,COC(=O)c1ccc(CN2CCC(n3c(=O)n(C)c4ccccc43)CC2)c(OC)c1
ZINC001138815081,CCS(=O)(=O)c1ccc(CN2CCC(n3c(=O)n(C)c4ccccc43)CC2)cc1
ZINC001139775708,COC(=O)COc1ccc(CN2CCC(n3c(=O)n(C)c4ccccc43)CC2)cc1
ZINC001140425682,COC(=O)COc1ccccc1CN1CCC(n2c(=O)n(C)c3ccccc32)CC1
ZINC001141178637,Cn1c(=O)n(C2CCN(Cc3cccc(NS(C)(=O)=O)c3)CC2)c2ccccc21
ZINC001233265208,CS(=O)(=O)Nc1ccc(CN2CCC(n3c(=O)[nH]c4ccccc43)CC2)cc1
ZINC001233267391,Cn1c(=O)n(C2CCN(Cc3ccc(NS(C)(=O)=O)cc3)CC2)c2ccccc21
ZINC001233527707,COC(=O)c1ccc(CN2CCC(n3c(=O)n(C)c4ccccc43)CC2)cc1OC
ZINC001234964890,COC(=O)c1cc(CN2CCC(n3c(=O)n(C)c4ccccc43)CC2)ccc1OC
ZINC001235136265,CS(=O)(=O)Nc1ccccc1CN1CCC(n2c(=O)[nH]c3ccccc32)CC1
ZINC001235147923,Cn1c(=O)n(C2CCN(Cc3ccccc3NS(C)(=O)=O)CC2)c2ccccc21
ZINC001236764670,COC(=O)c1cc(CN2CCC(n3c(=O)n(C)c4ccccc43)CC2)cc(OC)c1
ZINC001236930099,Cn1c(=O)n(C2CCN(Cc3ccc(S(C)(=O)=O)cc3F)CC2)c2ccccc21
ZINC001236952437,Cn1c(=O)n(C2CCN(Cc3ccc(F)c(S(C)(=O)=O)c3)CC2)c2ccccc21
ZINC001248912484,COC(=O)c1cccc(CN2CCC(n3c(=O)n(C)c4ccccc43)CC2)c1OC
ZINC001290116493,CS(=O)(=O)CC(C(=O)N[C@H](CN1CCCC1)c1ccccc1)c1ccccc1
ZINC001290116494,CS(=O)(=O)CC(C(=O)N[C@H](CN1CCCC1)c1ccccc1)c1ccccc1
ZINC001560722682,NS(=O)(=O)c1ccc(CN2CCC(n3c(=O)[nH]c4ccccc43)CC2)cc1Cl
ZINC001659280693,NS(=O)(=O)c1cc(CN2CCC(n3c(=O)[nH]c4ccccc43)CC2)ccc1Cl
ZINC000336815488,Cc1nc(NCCN2CCCCC2)c(Cl)cc1C#N
ZINC000067351268,CC1CCN(CCNc2ccc(Cl)c(C#N)n2)CC1
ZINC000135068409,Cc1ccnc(N[C@@H](C)CN2CCCCC2)c1C#N
ZINC000135068431,Cc1ccnc(N[C@H](C)CN2CCCCC2)c1C#N
ZINC000341532150,C[C@@H]1CCCN([C@@H](C)CNc2nccc(C#N)c2Cl)C1
ZINC000341532151,C[C@H]1CCCN([C@H](C)CNc2nccc(C#N)c2Cl)C1
ZINC000341532156,C[C@H]1CCCN([C@@H](C)CNc2nccc(C#N)c2Cl)C1
ZINC000341532160,C[C@@H]1CCCN([C@H](C)CNc2nccc(C#N)c2Cl)C1
ZINC000341533859,C[C@@H]1CCCCN1[C@@H](C)CNc1nccc(C#N)c1Cl
ZINC000341533860,C[C@H](CNc1nccc(C#N)c1Cl)N1CCCC[C@@H]1C
ZINC000341533861,C[C@H]1CCCCN1[C@@H](C)CNc1nccc(C#N)c1Cl
ZINC000341533862,C[C@@H]1CCCCN1[C@H](C)CNc1nccc(C#N)c1Cl
ZINC000891793199,Cc1cc(C#N)nc(N[C@H](C)CN2CCCCC2)c1
ZINC000891793201,Cc1cc(C#N)nc(N[C@@H](C)CN2CCCCC2)c1
ZINC000341840580,C[C@@H]1CCCN(C[C@H](C)Nc2nccc(C#N)c2Cl)C1
ZINC000341840582,C[C@H]1CCCN(C[C@@H](C)Nc2nccc(C#N)c2Cl)C1
ZINC000341840584,C[C@H]1CCCN(C[C@H](C)Nc2nccc(C#N)c2Cl)C1
ZINC000341840586,C[C@@H]1CCCN(C[C@@H](C)Nc2nccc(C#N)c2Cl)C1
ZINC000342119569,CC[C@@H]1CCCCN1CCNc1nccc(C#N)c1Cl
ZINC000342119572,CC[C@H]1CCCCN1CCNc1nccc(C#N)c1Cl
ZINC000342224963,C[C@H]1CCC[C@H](C)N1CCNc1nccc(C#N)c1Cl
ZINC000342224964,C[C@@H]1CCC[C@H](C)N1CCNc1nccc(C#N)c1Cl
ZINC000342224965,C[C@@H]1CCC[C@@H](C)N1CCNc1nccc(C#N)c1Cl
ZINC000263687048,C[C@H]1CCCN(C(C)(C)CNc2ncccc2C#N)C1
ZINC000339220748,C[C@H](CNc1cccc(C#N)n1)N1CCCC[C@@H]1C
ZINC000339220747,C[C@@H]1CCCCN1[C@@H](C)CNc1cccc(C#N)n1
ZINC000235104436,C[C@@H](CN1CCCCC1)Nc1nccc(C#N)c1Cl
ZINC000076744811,C[C@@H]1CCCCN1[C@@H](C)CNc1ccc(C#N)cn1
ZINC000235466010,C[C@H](CN1CCCCC1)Nc1nccc(C#N)c1Cl
ZINC000343089028,Cc1ccc(C#N)c(NCCN2CCCC(C)(C)C2)n1
ZINC000343101068,CC1(C)CCCN(CCNc2nccc(C#N)c2Cl)C1
ZINC000044388136,Cc1cc(C)c(C#N)c(N[C@@H](C)CN2CCCCC2)n1
ZINC000044388139,Cc1cc(C)c(C#N)c(N[C@H](C)CN2CCCCC2)n1
ZINC000079901286,C[C@H]1CCCCN1[C@@H](C)CNc1ncccc1C#N
ZINC000044419594,Cc1ccc(C#N)c(N[C@@H](C)CN2CCCCC2)n1
ZINC000044419596,Cc1ccc(C#N)c(N[C@H](C)CN2CCCCC2)n1
ZINC000343354153,CCCN(CCN1CCCCC1)c1nccc(C)c1C#N
ZINC000343357637,CCCN(CCN1CCCCC1)c1ncccc1C#N
ZINC000343357679,CCCN(CCN1CCCCC1)c1cccc(C#N)n1
ZINC000343512947,Cc1ccnc(NC[C@H](C)N2CCCC[C@@H]2C)c1C#N
ZINC000343512949,Cc1ccnc(NC[C@H](C)N2CCCC[C@H]2C)c1C#N
ZINC000343512951,Cc1ccnc(NC[C@@H](C)N2CCCC[C@@H]2C)c1C#N
ZINC000343512953,Cc1ccnc(NC[C@@H](C)N2CCCC[C@H]2C)c1C#N
ZINC000343544954,Cc1ccnc(N[C@H](C)CN2CCC[C@H](C)C2)c1C#N
ZINC000343544955,Cc1ccnc(N[C@@H](C)CN2CCC[C@H](C)C2)c1C#N
ZINC000343544956,Cc1ccnc(N[C@@H](C)CN2CCC[C@@H](C)C2)c1C#N
ZINC000343544960,Cc1ccnc(N[C@H](C)CN2CCC[C@@H](C)C2)c1C#N
ZINC000612070383,Cc1ccnc(NC[C@@H](C)N2CCC[C@H](C)C2)c1C#N
ZINC000612070384,Cc1ccnc(NC[C@H](C)N2CCC[C@H](C)C2)c1C#N
ZINC000612070386,Cc1ccnc(NC[C@H](C)N2CCC[C@@H](C)C2)c1C#N
ZINC000612070388,Cc1ccnc(NC[C@@H](C)N2CCC[C@@H](C)C2)c1C#N
ZINC000612079512,CC[C@H]1CCCCN1CCNc1nccc(C)c1C#N
ZINC000612079513,CC[C@@H]1CCCCN1CCNc1nccc(C)c1C#N
ZINC000236057058,N#Cc1ccnc(NCCN2CCCCC2)c1Cl
ZINC000040444328,Cc1cc(C)c(C#N)c(NCCN2CCC(C)CC2)n1
ZINC000265002876,CC[C@H]1CCCCN1CCNc1ncccc1C#N
ZINC000265147184,C[C@H]1CCCN(CCNc2ncc(C#N)cc2Cl)C1
ZINC000048962921,C[C@@H]1C[C@@H](C)CN(C[C@@H](C)Nc2ncccc2C#N)C1
ZINC000048962917,C[C@@H]1C[C@H](C)CN(C[C@@H](C)Nc2ncccc2C#N)C1
ZINC000344438233,C[C@H](CNc1ccc(Cl)c(C#N)n1)N1CCCC[C@@H]1C
ZINC000344438235,C[C@@H]1CCCCN1[C@H](C)CNc1ccc(Cl)c(C#N)n1
ZINC000067367903,N#Cc1nc(NCCN2CCCCC2)ccc1Cl
ZINC000232833862,CC1CCN(CCNc2nccc(C#N)c2Cl)CC1
ZINC000346822801,Cc1ccc(C#N)c(NC[C@H](C)N2CCCC[C@@H]2C)n1
ZINC000346822803,Cc1ccc(C#N)c(NC[C@H](C)N2CCCC[C@H]2C)n1
ZINC000346822804,Cc1ccc(C#N)c(NC[C@@H](C)N2CCCC[C@@H]2C)n1
ZINC000346822806,Cc1ccc(C#N)c(NC[C@@H](C)N2CCCC[C@H]2C)n1
ZINC000079901285,C[C@@H]1CCCCN1[C@@H](C)CNc1ncccc1C#N
ZINC000079914633,Cc1cc(C)c(C#N)c(NCCN2CCC[C@H](C)C2)n1
ZINC000079914637,Cc1cc(C)c(C#N)c(NCCN2CCC[C@@H](C)C2)n1
ZINC000160593278,Cc1ccc(C#N)c(NC[C@@H](C)N2CCC[C@H](C)C2)n1
ZINC000160593361,Cc1ccc(C#N)c(NC[C@H](C)N2CCC[C@H](C)C2)n1
ZINC000161436919,CC[C@@H]1CCCCN1CCNc1nc(C)ccc1C#N
ZINC000161437049,CC[C@H]1CCCCN1CCNc1nc(C)ccc1C#N
ZINC000593514907,CN(CCN1CCCCC1)c1ccc(Cl)c(C#N)n1
ZINC000596078493,Cc1ccc(C#N)nc1NC[C@@H](C)N1CCC[C@H](C)C1
ZINC000596078494,Cc1ccc(C#N)nc1NC[C@H](C)N1CCC[C@H](C)C1
ZINC000596078495,Cc1ccc(C#N)nc1NC[C@H](C)N1CCC[C@@H](C)C1
ZINC000596078496,Cc1ccc(C#N)nc1NC[C@@H](C)N1CCC[C@@H](C)C1
ZINC000596078254,Cc1ccc(C#N)nc1N[C@H](C)CN1CCCCC1
ZINC000596078255,Cc1ccc(C#N)nc1N[C@@H](C)CN1CCCCC1
ZINC000596126602,CC[C@H]1CCCCN1CCNc1nc(C#N)ccc1C
ZINC000596486930,Cc1ccc(C#N)c(N[C@@H](C)CN2CCC(C)CC2)n1
ZINC000596486932,Cc1ccc(C#N)c(N[C@H](C)CN2CCC(C)CC2)n1
ZINC000596487623,Cc1ccc(C#N)nc1N[C@@H](C)CN1CCC(C)CC1
ZINC000596487624,Cc1ccc(C#N)nc1N[C@H](C)CN1CCC(C)CC1
ZINC000596487652,Cc1ccnc(N[C@@H](C)CN2CCC(C)CC2)c1C#N
ZINC000596487653,Cc1ccnc(N[C@H](C)CN2CCC(C)CC2)c1C#N
ZINC000596487194,CC1CCN(C[C@@H](C)Nc2ccc(Cl)c(C#N)n2)CC1
ZINC000596487195,CC1CCN(C[C@H](C)Nc2ccc(Cl)c(C#N)n2)CC1
ZINC000596489867,CC1CCN(C[C@@H](C)Nc2ncc(C#N)cc2F)CC1
ZINC000596489868,CC1CCN(C[C@H](C)Nc2ncc(C#N)cc2F)CC1
ZINC000076744814,C[C@H]1CCCCN1[C@@H](C)CNc1ccc(C#N)cn1
ZINC000593515754,Cc1c(Cl)cnc(N(C)CCN2CCCCC2)c1C#N
ZINC000593516119,CN(CCN1CCCCC1)c1ncc(C#N)cc1Cl
ZINC000593518046,Cc1nc(N(C)CCN2CCCCC2)c(Cl)cc1C#N
ZINC000596126603,CC[C@@H]1CCCCN1CCNc1nc(C#N)ccc1C
ZINC000443961527,Cc1ccnc(NCCN2CCCC(C)(C)C2)c1C#N
ZINC000443969551,CC1(C)CCCN(CCNc2ccc(Cl)c(C#N)n2)C1
ZINC000487750616,CCCN(CCN1CCCCC1)c1ccc(C#N)c(C)n1
ZINC000488081133,Cc1nc(NCC(C)(C)N2CCC[C@@H](C)C2)ccc1C#N
ZINC000488081135,Cc1nc(NCC(C)(C)N2CCC[C@H](C)C2)ccc1C#N
ZINC000299164051,C[C@@H]1C[C@H](C)CN(C[C@H](C)Nc2ncccc2C#N)C1
ZINC000299164049,C[C@@H]1C[C@@H](C)CN(C[C@H](C)Nc2ncccc2C#N)C1
ZINC000301810072,C[C@@H]1C[C@@H](C)CN(C[C@H](C)Nc2cccc(C#N)n2)C1
ZINC000301810070,C[C@@H]1C[C@H](C)CN(C[C@@H](C)Nc2cccc(C#N)n2)C1
ZINC000301810076,C[C@@H]1C[C@H](C)CN(C[C@H](C)Nc2cccc(C#N)n2)C1
ZINC000301810074,C[C@@H]1C[C@@H](C)CN(C[C@@H](C)Nc2cccc(C#N)n2)C1
ZINC000301823013,C[C@H]1CCCN(C(C)(C)CNc2cccc(C#N)n2)C1
ZINC000301823012,C[C@@H]1CCCN(C(C)(C)CNc2cccc(C#N)n2)C1
ZINC000060379938,N#Cc1cnc(NCCN2CCCCC2)c(Cl)c1
ZINC000245696785,Cc1ccc(C#N)c(NC[C@H](C)N2CCC[C@@H](C)C2)n1
ZINC000245696790,Cc1ccc(C#N)c(NC[C@@H](C)N2CCC[C@@H](C)C2)n1
ZINC000853161716,C#Cc1cccnc1NC[C@H](C)N1CCC[C@H](C)C1
ZINC000853161717,C#Cc1cccnc1NC[C@H](C)N1CCC[C@@H](C)C1
ZINC000853161718,C#Cc1cccnc1NC[C@@H](C)N1CCC[C@H](C)C1
ZINC000853161719,C#Cc1cccnc1NC[C@@H](C)N1CCC[C@@H](C)C1
ZINC000853162957,C#CCCCOc1cccnc1NCCN1CCCCC1
ZINC000853329638,C#Cc1cccnc1NCCN1CCCC[C@@H]1CC
ZINC000853329639,C#Cc1cccnc1NCCN1CCCC[C@H]1CC
ZINC000853539915,C#Cc1cccnc1NCCN1CCCC(C)(C)C1
ZINC000853868056,C#Cc1cccnc1N[C@@H](C)CN1CCC(C)CC1
ZINC000853868057,C#Cc1cccnc1N[C@H](C)CN1CCC(C)CC1
ZINC000339000137,C[C@@H]1CCCCN1[C@H](C)CNc1ncccc1C#N
ZINC000339000138,C[C@H](CNc1ncccc1C#N)N1CCCC[C@@H]1C
ZINC000263687047,C[C@@H]1CCCN(C(C)(C)CNc2ncccc2C#N)C1
ZINC000263777061,C[C@@H]1CCCN(C(C)(C)CNc2ccc(C#N)cn2)C1
ZINC000263777064,C[C@H]1CCCN(C(C)(C)CNc2ccc(C#N)cn2)C1
ZINC000263791791,CC1CCN(CCNc2ncc(C#N)cc2Cl)CC1
ZINC000264907107,CC[C@H]1CCCCN1CCNc1ccc(C#N)cn1
ZINC000264907109,CC[C@@H]1CCCCN1CCNc1ccc(C#N)cn1
ZINC000265002877,CC[C@@H]1CCCCN1CCNc1ncccc1C#N
ZINC000265098673,C[C@@H](CN1CCCCC1)Nc1ncc(C#N)cc1Cl
ZINC000265098670,C[C@H](CN1CCCCC1)Nc1ncc(C#N)cc1Cl
ZINC000265147183,C[C@@H]1CCCN(CCNc2ncc(C#N)cc2Cl)C1
ZINC000265505643,CC[C@H]1CCCCN1CCNc1cccc(C#N)n1
ZINC000265505644,CC[C@@H]1CCCCN1CCNc1cccc(C#N)n1
ZINC000267170585,C[C@H](CN1CCCCC1)Nc1ccc(Cl)c(C#N)n1
ZINC000267170588,C[C@@H](CN1CCCCC1)Nc1ccc(Cl)c(C#N)n1
ZINC000267241783,C[C@@H]1CCCN(CCNc2ccc(Cl)c(C#N)n2)C1
ZINC000267241785,C[C@H]1CCCN(CCNc2ccc(Cl)c(C#N)n2)C1
ZINC000339220746,C[C@@H]1CCCCN1[C@H](C)CNc1cccc(C#N)n1
ZINC000339220749,C[C@H]1CCCCN1[C@@H](C)CNc1cccc(C#N)n1
ZINC000286230921,Cc1ccc(C#N)c(N[C@H](C)CN2CCC[C@H](C)C2)n1
ZINC000286230923,Cc1ccc(C#N)c(N[C@@H](C)CN2CCC[C@H](C)C2)n1
ZINC000286230925,Cc1ccc(C#N)c(N[C@@H](C)CN2CCC[C@@H](C)C2)n1
ZINC000286230926,Cc1ccc(C#N)c(N[C@H](C)CN2CCC[C@@H](C)C2)n1
ZINC000286260395,CCCN(CCN1CCCCC1)c1ccc(C#N)cn1
ZINC000286425761,C[C@@H]1C[C@H](C)CN(C[C@@H](C)Nc2cc(C#N)ccn2)C1
ZINC000286425764,C[C@@H]1C[C@@H](C)CN(C[C@H](C)Nc2cc(C#N)ccn2)C1
ZINC000286425766,C[C@@H]1C[C@@H](C)CN(C[C@@H](C)Nc2cc(C#N)ccn2)C1
ZINC000286425769,C[C@@H]1C[C@H](C)CN(C[C@H](C)Nc2cc(C#N)ccn2)C1
ZINC000287235879,CC[C@H]1CCCCN1CCNc1cc(C#N)ccn1
ZINC000287235894,CC[C@@H]1CCCCN1CCNc1cc(C#N)ccn1
ZINC000299168912,C[C@@H]1C[C@H](C)CN(C[C@@H](C)Nc2ccc(C#N)cn2)C1
ZINC000299168913,C[C@@H]1C[C@@H](C)CN(C[C@H](C)Nc2ccc(C#N)cn2)C1
ZINC000299168915,C[C@@H]1C[C@@H](C)CN(C[C@@H](C)Nc2ccc(C#N)cn2)C1
ZINC000299168917,C[C@@H]1C[C@H](C)CN(C[C@H](C)Nc2ccc(C#N)cn2)C1
ZINC000413050269,C[C@@H]1CCCN([C@@H](C)CNc2ncc(C#N)cc2F)C1
ZINC000413050270,C[C@H]1CCCN([C@H](C)CNc2ncc(C#N)cc2F)C1
ZINC000413050271,C[C@H]1CCCN([C@@H](C)CNc2ncc(C#N)cc2F)C1
ZINC000413050272,C[C@@H]1CCCN([C@H](C)CNc2ncc(C#N)cc2F)C1
ZINC000413054892,C[C@@H]1CCCCN1[C@@H](C)CNc1ncc(C#N)cc1F
ZINC000413054893,C[C@H](CNc1ncc(C#N)cc1F)N1CCCC[C@@H]1C
ZINC000413054894,C[C@H]1CCCCN1[C@@H](C)CNc1ncc(C#N)cc1F
ZINC000413054895,C[C@@H]1CCCCN1[C@H](C)CNc1ncc(C#N)cc1F
ZINC000413073590,C[C@@H]1CCCN(C[C@H](C)Nc2ncc(C#N)cc2F)C1
ZINC000413073591,C[C@H]1CCCN(C[C@@H](C)Nc2ncc(C#N)cc2F)C1
ZINC000413073592,C[C@H]1CCCN(C[C@H](C)Nc2ncc(C#N)cc2F)C1
ZINC000413073593,C[C@@H]1CCCN(C[C@@H](C)Nc2ncc(C#N)cc2F)C1
ZINC000413078434,C[C@@H]1C[C@H](C)CN(C[C@@H](C)Nc2ncc(C#N)cc2F)C1
ZINC000413078435,C[C@@H]1C[C@@H](C)CN(C[C@@H](C)Nc2ncc(C#N)cc2F)C1
ZINC000413078436,C[C@@H]1C[C@@H](C)CN(C[C@H](C)Nc2ncc(C#N)cc2F)C1
ZINC000413078437,C[C@@H]1C[C@H](C)CN(C[C@H](C)Nc2ncc(C#N)cc2F)C1
ZINC000413142460,CC[C@@H]1CCCCN1CCNc1ncc(C#N)cc1F
ZINC000413142464,CC[C@H]1CCCCN1CCNc1ncc(C#N)cc1F
ZINC000413264535,CC1(C)CCCN(CCNc2ncc(C#N)cc2F)C1
ZINC000413281232,CCCN(CCN1CCCCC1)c1ncc(C#N)cc1F
ZINC000122698807,C[C@@H](CN1CCCCC1)Nc1cc(C#N)cc(Cl)n1
ZINC000122699017,C[C@H](CN1CCCCC1)Nc1cc(C#N)cc(Cl)n1
ZINC001160748854,Cc1cc(C#N)c(NCCN2CCC(F)(F)CC2)nc1C
ZINC001160751863,Cc1nc(NCCN2CCC(F)(F)CC2)ccc1CC#N
ZINC001160751884,Cc1ccc(CC#N)c(NCCN2CCC(F)(F)CC2)n1
ZINC001336983833,C[C@@H]1CCCN(CCNc2cc(C#N)cc(Cl)n2)C1
ZINC001336983834,C[C@H]1CCCN(CCNc2cc(C#N)cc(Cl)n2)C1
ZINC001363162004,CCCN(CCN1CCCCC1)c1cc(C)c(C#N)cn1
ZINC001515878992,CN(CCN1CCCCC1)c1cc(C#N)cc(Cl)n1
ZINC001645959972,CC1CCN(C[C@H](C)Nc2cccc(CC#N)n2)CC1
ZINC001645959973,CC1CCN(C[C@@H](C)Nc2cccc(CC#N)n2)CC1
ZINC001649757020,CC[C@H]1CCCCN1CCNc1cccc(CC#N)n1
ZINC001649757021,CC[C@@H]1CCCCN1CCNc1cccc(CC#N)n1
ZINC001649757587,C[C@@H]1C[C@@H](C)CN(C[C@H](C)Nc2cccc(CC#N)n2)C1
ZINC001649757588,C[C@@H]1C[C@H](C)CN(C[C@@H](C)Nc2cccc(CC#N)n2)C1
ZINC001649757589,C[C@@H]1C[C@@H](C)CN(C[C@@H](C)Nc2cccc(CC#N)n2)C1
ZINC001649757590,C[C@@H]1C[C@H](C)CN(C[C@H](C)Nc2cccc(CC#N)n2)C1
ZINC000122711462,N#Cc1cc(Cl)nc(NCCN2CCCCC2)c1
ZINC000229279166,CC1CCN(CCNc2cc(C#N)cc(Cl)n2)CC1
ZINC001771658414,C[C@H]1CCCN([C@@H](C)CNc2cccc(CC#N)n2)C1
ZINC001771658417,C[C@@H]1CCCN([C@@H](C)CNc2cccc(CC#N)n2)C1
ZINC001771658420,C[C@H]1CCCN([C@H](C)CNc2cccc(CC#N)n2)C1
ZINC001771658422,C[C@@H]1CCCN([C@H](C)CNc2cccc(CC#N)n2)C1
ZINC000768218011,O=c1[nH]c2ccccc2n1C1CCN(Cc2cc(Cl)cc(Cl)c2O)CC1
ZINC001143104171,CC(C)(C)c1cccc(CN2CCC(n3c(=O)[nH]c4ccccc43)CC2)c1O
ZINC001233284308,CC(C)(C)c1ccc(O)c(CN2CCC(n3c(=O)[nH]c4ccccc43)CC2)c1
ZINC001235684698,CC(C)(C)c1ccc(CN2CCC(n3c(=O)[nH]c4ccccc43)CC2)c(O)c1
ZINC001236789783,O=c1[nH]c2ccccc2n1C1CCN(Cc2cc(Cl)c(Cl)cc2O)CC1
ZINC001237080564,O=c1[nH]c2ccccc2n1C1CCN(Cc2c(O)ccc(Cl)c2Cl)CC1
ZINC000001542594,CN1c2ccccc2[C@H](NCCCCCCC(=O)O)c2ccc(Cl)cc2S1(=O)=O
ZINC000001846165,CN1c2ccccc2[C@@H](NCCCCCCC(=O)O)c2ccc(Cl)cc2S1(=O)=O
ZINC000475580808,COC(=O)COc1ccc(CN2CCC(n3c(=O)[nH]c4ccccc43)CC2)cc1[N+](=O)[O-]
ZINC000121799278,CN(C)c1ccc(CN2CCC(n3c(=O)[nH]c4ccccc43)CC2)cc1F
ZINC000121800094,Cc1cc(O)c(CN2CCC(n3c(=O)[nH]c4ccccc43)CC2)cc1C
ZINC000121802163,CCOc1cccc(CN2CCC(n3c(=O)[nH]c4ccccc43)CC2)c1O
ZINC000179782181,CN(C)c1ccc(CN2CCC(n3c(=O)[nH]c4ccccc43)CC2)cc1
ZINC000768219328,COc1cccc(O)c1CN1CCC(n2c(=O)[nH]c3ccccc32)CC1
ZINC001137837463,Cn1c(=O)n(C2CCN(Cc3c(O)cccc3F)CC2)c2ccccc21
ZINC001138128699,Cn1c(=O)n(C2CCN(Cc3cccc(F)c3O)CC2)c2ccccc21
ZINC001139683558,Cn1c(=O)n(C2CCN(Cc3c(F)ccc(F)c3O)CC2)c2ccccc21
ZINC001140055062,Cn1c(=O)n(C2CCN(Cc3cc(F)ccc3O)CC2)c2ccccc21
ZINC001140182660,Cc1ccc(C)c(CN2CCC(n3c(=O)n(C)c4ccccc43)CC2)c1O
ZINC001140583932,Cn1c(=O)n(C2CCN(Cc3c(O)cc(F)cc3F)CC2)c2ccccc21
ZINC001140620859,Cc1ccc(O)c(CN2CCC(n3c(=O)n(C)c4ccccc43)CC2)c1
ZINC001140743839,Cc1c(O)ccc(CN2CCC(n3c(=O)[nH]c4ccccc43)CC2)c1O
ZINC001140950870,Cc1ccc(CN2CCC(n3c(=O)n(C)c4ccccc43)CC2)c(O)c1
ZINC001142524635,Cn1c(=O)n(C2CCN(Cc3cc(F)c(F)cc3O)CC2)c2ccccc21
ZINC001203934338,CN(C)c1ccc(CN2CCC(n3c(=O)n(C)c4ccccc43)CC2)cc1
ZINC001231593440,Cc1cccc(CN2CCC(n3c(=O)n(C)c4ccccc43)CC2)c1O
ZINC001231846085,Cc1cc(C)c(CN2CCC(n3c(=O)n(C)c4ccccc43)CC2)c(O)c1
ZINC001232836851,CN(C)c1ccc(CN2CCC(n3c(=O)[nH]c4ccccc43)CC2)c(O)c1
ZINC001233077725,Cn1c(=O)n(C2CCN(Cc3ccc(F)c(F)c3O)CC2)c2ccccc21
ZINC001233335204,Cn1c(=O)n(C2CCN(Cc3c(O)ccc(F)c3F)CC2)c2ccccc21
ZINC001236794849,CCc1ccc(CN2CCC(n3c(=O)n(C)c4ccccc43)CC2)c(O)c1
ZINC001237487718,Cc1cccc(O)c1CN1CCC(n2c(=O)n(C)c3ccccc32)CC1
ZINC001238063395,Cc1cc(F)cc(CN2CCC(n3c(=O)n(C)c4ccccc43)CC2)c1O
ZINC000178248266,Cc1ccc([N+](=O)[O-])c(NCCN2CCC(N(C)C)CC2)n1
ZINC000267193726,Cc1cc(NCCN2CCC(N(C)C)CC2)ncc1[N+](=O)[O-]
ZINC000267195335,Cc1ccnc(NCCN2CCC(N(C)C)CC2)c1[N+](=O)[O-]
ZINC000267208377,Cc1cnc(NCCN2CCC(N(C)C)CC2)c([N+](=O)[O-])c1
ZINC000267227932,Cc1cc([N+](=O)[O-])cnc1NCCN1CCC(N(C)C)CC1
ZINC000276549737,COC(=O)c1cnc(NCCN2CCC(C)CC2)c([N+](=O)[O-])c1
ZINC000276603370,COC(=O)c1cnc(NCCN2CCC[C@@H](C)C2)c([N+](=O)[O-])c1
ZINC000276603373,COC(=O)c1cnc(NCCN2CCC[C@H](C)C2)c([N+](=O)[O-])c1
ZINC000276610483,COC(=O)c1cnc(NCCN2CCCCC2)c([N+](=O)[O-])c1
ZINC000281060984,COC(=O)c1ccc([N+](=O)[O-])c(NCCN2CCC(C)CC2)n1
ZINC000286258951,COC(=O)c1ccc([N+](=O)[O-])c(NCCN2CCCCC2)n1
ZINC000289189711,O=[N+]([O-])c1cnc(N[C@H](CO)CN2CCCCC2)c(Cl)c1
ZINC000289189712,O=[N+]([O-])c1cnc(N[C@@H](CO)CN2CCCCC2)c(Cl)c1
ZINC000289243449,O=[N+]([O-])c1cc(Cl)cnc1N[C@@H](CO)CN1CCCCC1
ZINC000289243451,O=[N+]([O-])c1cc(Cl)cnc1N[C@H](CO)CN1CCCCC1
ZINC000290575618,C[C@H]1CCCN(CCNc2nccc(C(N)=O)c2[N+](=O)[O-])C1
ZINC000290575620,C[C@@H]1CCCN(CCNc2nccc(C(N)=O)c2[N+](=O)[O-])C1
ZINC000290589557,CC1CCN(CCNc2nccc(C(N)=O)c2[N+](=O)[O-])CC1
ZINC000290674995,CC[C@@H]1CCCCN1CCNc1nccc(C(N)=O)c1[N+](=O)[O-]
ZINC000290674998,CC[C@H]1CCCCN1CCNc1nccc(C(N)=O)c1[N+](=O)[O-]
ZINC000290684378,C[C@@H]1CCCN(C[C@@H](C)Nc2nccc(C(N)=O)c2[N+](=O)[O-])C1
ZINC000290684380,C[C@@H]1CCCN(C[C@H](C)Nc2nccc(C(N)=O)c2[N+](=O)[O-])C1
ZINC000290684383,C[C@H]1CCCN(C[C@H](C)Nc2nccc(C(N)=O)c2[N+](=O)[O-])C1
ZINC000290684384,C[C@H]1CCCN(C[C@@H](C)Nc2nccc(C(N)=O)c2[N+](=O)[O-])C1
ZINC000295486448,O=[N+]([O-])c1cnc(NCCN2CCC(O)CC2)c(Cl)c1
ZINC000301661723,Cc1nc(NCCN2CCC(N(C)C)CC2)ccc1[N+](=O)[O-]
ZINC000357308536,C[C@@H]1CCCN([C@H](C)CNc2nccc(C(N)=O)c2[N+](=O)[O-])C1
ZINC000357308541,C[C@@H]1CCCN([C@@H](C)CNc2nccc(C(N)=O)c2[N+](=O)[O-])C1
ZINC000357308547,C[C@H]1CCCN([C@@H](C)CNc2nccc(C(N)=O)c2[N+](=O)[O-])C1
ZINC000357308590,C[C@H]1CCCN([C@H](C)CNc2nccc(C(N)=O)c2[N+](=O)[O-])C1
ZINC000357308651,C[C@@H]1CCCCN1[C@H](C)CNc1nccc(C(N)=O)c1[N+](=O)[O-]
ZINC000357308665,C[C@@H]1CCCCN1[C@@H](C)CNc1nccc(C(N)=O)c1[N+](=O)[O-]
ZINC000357308675,C[C@H]1CCCCN1[C@@H](C)CNc1nccc(C(N)=O)c1[N+](=O)[O-]
ZINC000357308685,C[C@H](CNc1nccc(C(N)=O)c1[N+](=O)[O-])N1CCCC[C@@H]1C
ZINC000357321529,C[C@@H](CN1CCCCC1)Nc1nccc(C(N)=O)c1[N+](=O)[O-]
ZINC000357321530,C[C@H](CN1CCCCC1)Nc1nccc(C(N)=O)c1[N+](=O)[O-]
ZINC000357680308,CC1(C)CCCN(CCNc2nccc(C(N)=O)c2[N+](=O)[O-])C1
ZINC000439102213,COC(=O)c1ccc([N+](=O)[O-])c(NCCN2CCC[C@@H](C)C2)n1
ZINC000439102215,COC(=O)c1ccc([N+](=O)[O-])c(NCCN2CCC[C@H](C)C2)n1
ZINC000517239334,CC1CCN(CCNc2nccc(C(=O)O)c2[N+](=O)[O-])CC1
ZINC000519527519,CN(C)C1CCN(CCNc2ncc([N+](=O)[O-])cc2F)CC1
ZINC000563206869,C[C@H]1CCCN(CCNc2nccc(C(=O)O)c2[N+](=O)[O-])C1
ZINC000563206870,C[C@@H]1CCCN(CCNc2nccc(C(=O)O)c2[N+](=O)[O-])C1
ZINC000563207601,Cc1cc(C(=O)O)c([N+](=O)[O-])c(NCCN2CCCC[C@H]2C)n1
ZINC000563207614,Cc1cc(C(=O)O)c([N+](=O)[O-])c(NCCN2CCCC[C@@H]2C)n1
ZINC000565483054,C[C@H]1CCCN(CCNc2ncc(C(=O)O)cc2[N+](=O)[O-])C1
ZINC000565483057,C[C@@H]1CCCN(CCNc2ncc(C(=O)O)cc2[N+](=O)[O-])C1
ZINC000566622180,Cc1cc(C(=O)O)c([N+](=O)[O-])c(NCCN2CCCCC2)n1
ZINC000567980296,C[C@H]1CCCCN1CCNc1nc(C(=O)O)ccc1[N+](=O)[O-]
ZINC000567980297,C[C@@H]1CCCCN1CCNc1nc(C(=O)O)ccc1[N+](=O)[O-]
ZINC000570970106,C[C@H]1CCCCN1CCNc1ncc(C(=O)O)cc1[N+](=O)[O-]
ZINC000570970107,C[C@@H]1CCCCN1CCNc1ncc(C(=O)O)cc1[N+](=O)[O-]
ZINC000577004126,CC(C)Oc1nc(NCCN2CCC(O)CC2)ccc1[N+](=O)[O-]
ZINC000577757424,Cc1cc(C(=O)O)c([N+](=O)[O-])c(NCCN2CCC(C)CC2)n1
ZINC000583087258,C[C@H]1CCCN(CCNc2nc(C(=O)O)ccc2[N+](=O)[O-])C1
ZINC000583087259,C[C@@H]1CCCN(CCNc2nc(C(=O)O)ccc2[N+](=O)[O-])C1
ZINC000584842937,CC1CCN(CCNc2nc(C(=O)O)ccc2[N+](=O)[O-])CC1
ZINC000590571437,COC(=O)c1ccnc(NCCN2CCC(C)CC2)c1[N+](=O)[O-]
ZINC000590573513,COC(=O)c1ccnc(NCCN2CCC[C@@H](C)C2)c1[N+](=O)[O-]
ZINC000590573514,COC(=O)c1ccnc(NCCN2CCC[C@H](C)C2)c1[N+](=O)[O-]
ZINC000592969474,CC1CCN(CCNc2ncc(C(=O)O)cc2[N+](=O)[O-])CC1
ZINC000592976953,COC1CCN(CCNc2nc(C(=O)O)ccc2[N+](=O)[O-])CC1
ZINC000592977062,COC1CCN(CCNc2ncc(C(=O)O)cc2[N+](=O)[O-])CC1
ZINC000593515283,COC(=O)c1cnc(N(C)CCN2CCCCC2)c([N+](=O)[O-])c1
ZINC000593516055,CN(CCN1CCCCC1)c1nccc(C(N)=O)c1[N+](=O)[O-]
ZINC000593516479,COC(=O)c1ccc([N+](=O)[O-])c(N(C)CCN2CCCCC2)n1
ZINC000596490025,CC1CCN(C[C@@H](C)Nc2nccc(C(N)=O)c2[N+](=O)[O-])CC1
ZINC000596490026,CC1CCN(C[C@H](C)Nc2nccc(C(N)=O)c2[N+](=O)[O-])CC1
ZINC000598590811,COC(=O)c1ccnc(NCCN2CCCCC2)c1[N+](=O)[O-]
ZINC000598630405,COC(=O)c1ccnc(N(C)CCN2CCCCC2)c1[N+](=O)[O-]
ZINC000892815572,COc1cc([N+](=O)[O-])cnc1NCCN1CCC(N(C)C)CC1
ZINC000892854657,COc1cc([N+](=O)[O-])cnc1NCCN1CCC(OC)CC1
ZINC000910357746,CN(CCN1CCCCC1)c1ncc(C(=O)O)cc1[N+](=O)[O-]
ZINC000910357829,CN(CCN1CCCCC1)c1nccc(C(=O)O)c1[N+](=O)[O-]
ZINC000910358085,Cc1cc(C(=O)O)c([N+](=O)[O-])c(N(C)CCN2CCCCC2)n1
ZINC000910358152,CN(CCN1CCCCC1)c1nc(C(=O)O)ccc1[N+](=O)[O-]
ZINC001160748898,Nc1nc(NCCN2CCC(F)(F)CC2)ccc1[N+](=O)[O-]
ZINC001160749042,Nc1cc(NCCN2CCC(F)(F)CC2)ncc1[N+](=O)[O-]
ZINC001160751894,Nc1cc([N+](=O)[O-])cnc1NCCN1CCC(F)(F)CC1
ZINC001161867393,Cc1cc(Cl)c([N+](=O)[O-])c(NCCN2CCC(N)CC2)n1
ZINC001161867529,COc1cc(C)nc(NCCN2CCC(N)CC2)c1[N+](=O)[O-]
ZINC001161867540,Cc1cc(Cl)nc(NCCN2CCC(N)CC2)c1[N+](=O)[O-]
ZINC001161867830,Cc1cc([N+](=O)[O-])c(NCCN2CCC(N)CC2)nc1Cl
ZINC001161870052,CCOc1nc(NCCN2CCC(N)CC2)ccc1[N+](=O)[O-]
ZINC001161870902,CC(C)Oc1nc(NCCN2CCC(N)CC2)ccc1[N+](=O)[O-]
ZINC001332520926,COC1CCN(CCNc2nccc(C(=O)O)c2[N+](=O)[O-])CC1
ZINC000080249941,CNS(=O)(=O)c1ccc(NCCN2CCC(OC)CC2)nc1
ZINC000080250722,COCCNC(=O)c1ccc(NCCN2CCC(OC)CC2)nc1
ZINC000176816163,COCCNC(=O)c1ccc(NCCN2CCC(N(C)C)CC2)nc1
ZINC000301511392,CNS(=O)(=O)c1ccc(NCCN2CCC(N(C)C)CC2)nc1
ZINC000301541947,CN(C)C1CCN(CCNc2ncccc2S(N)(=O)=O)CC1
ZINC000302730312,CN(C)C1CCN(CCNc2ncccc2S(C)(=O)=O)CC1
ZINC000443954890,CNS(=O)(=O)c1ccc(NCCN2CCCC(C)(C)C2)nc1
ZINC000582173127,CN(C)C1CCN(CCNc2ccc(S(C)(=O)=O)cn2)CC1
ZINC000647449707,C[C@H]1CCC[C@H](C)N1CCNc1ncccc1C(=O)O
ZINC000647449708,C[C@@H]1CCC[C@H](C)N1CCNc1ncccc1C(=O)O
ZINC000647449709,C[C@@H]1CCC[C@@H](C)N1CCNc1ncccc1C(=O)O
ZINC001776553366,CC1(C)CCCN(CCNc2cc(C(=O)O)ccn2)C1
ZINC001776595376,C[C@H]1C[C@H](C)CN(CCNc2cc(C(=O)O)ccn2)C1
ZINC001776595377,C[C@@H]1C[C@H](C)CN(CCNc2cc(C(=O)O)ccn2)C1
ZINC001776595378,C[C@@H]1C[C@@H](C)CN(CCNc2cc(C(=O)O)ccn2)C1
ZINC001776595414,C[C@H]1C[C@H](C)CN(CCNc2ccc(C(=O)O)cn2)C1
ZINC001776595415,C[C@@H]1C[C@H](C)CN(CCNc2ccc(C(=O)O)cn2)C1
ZINC001776595416,C[C@@H]1C[C@@H](C)CN(CCNc2ccc(C(=O)O)cn2)C1
ZINC001776595471,C[C@H]1C[C@H](C)CN(CCNc2ncccc2C(=O)O)C1
ZINC001776595472,C[C@@H]1C[C@H](C)CN(CCNc2ncccc2C(=O)O)C1
ZINC001776595473,C[C@@H]1C[C@@H](C)CN(CCNc2ncccc2C(=O)O)C1
ZINC001776632023,C[C@H]1CCC[C@H](C)N1CCNc1cc(C(=O)O)ccn1
ZINC001776632024,C[C@@H]1CCC[C@H](C)N1CCNc1cc(C(=O)O)ccn1
ZINC001776632025,C[C@@H]1CCC[C@@H](C)N1CCNc1cc(C(=O)O)ccn1
ZINC001776640577,C[C@@H]1CCCCN1[C@@H](C)CNc1cc(C(=O)O)ccn1
ZINC001776640578,C[C@H](CNc1cc(C(=O)O)ccn1)N1CCCC[C@@H]1C
ZINC001776640579,C[C@H]1CCCCN1[C@@H](C)CNc1cc(C(=O)O)ccn1
ZINC001776640580,C[C@@H]1CCCCN1[C@H](C)CNc1cc(C(=O)O)ccn1
ZINC001776641242,C[C@@H]1CCCN([C@@H](C)CNc2cc(C(=O)O)ccn2)C1
ZINC001776641243,C[C@H]1CCCN([C@H](C)CNc2cc(C(=O)O)ccn2)C1
ZINC001776641244,C[C@H]1CCCN([C@@H](C)CNc2cc(C(=O)O)ccn2)C1
ZINC001776641245,C[C@@H]1CCCN([C@H](C)CNc2cc(C(=O)O)ccn2)C1
ZINC001776641260,C[C@@H]1CCCN(C[C@H](C)Nc2cc(C(=O)O)ccn2)C1
ZINC001776641261,C[C@H]1CCCN(C[C@@H](C)Nc2cc(C(=O)O)ccn2)C1
ZINC001776641262,C[C@H]1CCCN(C[C@H](C)Nc2cc(C(=O)O)ccn2)C1
ZINC001776641263,C[C@@H]1CCCN(C[C@@H](C)Nc2cc(C(=O)O)ccn2)C1
ZINC001776642317,C[C@@H]1CCCN(C[C@H](C)Nc2ncccc2C(=O)O)C1
ZINC001776642318,C[C@H]1CCCN(C[C@@H](C)Nc2ncccc2C(=O)O)C1
ZINC001776642319,C[C@H]1CCCN(C[C@H](C)Nc2ncccc2C(=O)O)C1
ZINC001776642320,C[C@@H]1CCCN(C[C@@H](C)Nc2ncccc2C(=O)O)C1
ZINC001776643303,CC1CCN(C[C@@H](C)Nc2cc(C(=O)O)ccn2)CC1
ZINC001776643304,CC1CCN(C[C@H](C)Nc2cc(C(=O)O)ccn2)CC1
ZINC001776739934,CC[C@@H]1CCCCN1CCNc1cc(C(=O)O)ccn1
ZINC001776739936,CC[C@H]1CCCCN1CCNc1cc(C(=O)O)ccn1
ZINC001776810835,CCCN(CCN1CCCCC1)c1cc(C(=O)O)ccn1
ZINC000040444347,CCOC(=O)c1ccc(NCCN2CCC(C)CC2)nc1
ZINC000341535598,C[C@@H]1CCCN([C@@H](C)CNc2ccc(F)cn2)C1
ZINC000341535603,C[C@H]1CCCN([C@H](C)CNc2ccc(F)cn2)C1
ZINC000341535606,C[C@H]1CCCN([C@@H](C)CNc2ccc(F)cn2)C1
ZINC000341535610,C[C@@H]1CCCN([C@H](C)CNc2ccc(F)cn2)C1
ZINC000094195387,C[C@@H](CN1CCCCC1)Nc1ccc(C(=O)N(C)C)cn1
ZINC000094195388,C[C@H](CN1CCCCC1)Nc1ccc(C(=O)N(C)C)cn1
ZINC001777521692,Cc1nc(NCCN2C[C@@H](C)C[C@H](C)C2)ccc1C(=O)O
ZINC001777521693,Cc1nc(NCCN2C[C@H](C)C[C@H](C)C2)ccc1C(=O)O
ZINC001777521694,Cc1nc(NCCN2C[C@H](C)C[C@@H](C)C2)ccc1C(=O)O
ZINC000040772419,CCOC(=O)c1cccnc1NCCN1CCC(C)CC1
ZINC000342122447,CC[C@@H]1CCCCN1CCNc1ccc(F)cn1
ZINC000342122448,CC[C@H]1CCCCN1CCNc1ccc(F)cn1
ZINC000049575291,CCOC(=O)c1ccc(NCCN2CCCCC2)nc1
ZINC000049575303,CCOC(=O)c1cccnc1NCCN1CCCCC1
ZINC000342817586,Cc1ccnc(NCCN2CCC(N(C)C)CC2)c1Cl
ZINC000343094284,CC1(C)CCCN(CCNc2ccc(F)cn2)C1
ZINC000079914720,CCOC(=O)c1ccc(NCCN2CCC[C@H](C)C2)nc1
ZINC000079914723,CCOC(=O)c1ccc(NCCN2CCC[C@@H](C)C2)nc1
ZINC000080249739,COC1CCN(CCNc2ccc(Cl)cn2)CC1
ZINC000080250668,COC1CCN(CCNc2ncc(Cl)cc2F)CC1
ZINC000147613006,COC(=O)c1ccc(N[C@@H](C)CN2CCCCC2)nc1C
ZINC000147613224,COC(=O)c1ccc(N[C@H](C)CN2CCCCC2)nc1C
ZINC000147619918,COC(=O)c1ccc(NCCN2CCCCC2)nc1C
ZINC000650777298,CN(CCN1CCCCC1)c1ncc(C(=O)O)cc1Cl
ZINC000685267111,CC(=O)c1ccnc(NCCN2CCC[C@@H](C)C2)c1
ZINC000685267112,CC(=O)c1ccnc(NCCN2CCC[C@H](C)C2)c1
ZINC000088728103,COC1CCN(CCNc2ncccc2Cl)CC1
ZINC000647454410,CC1(C)CCCN(CCNc2ncccc2C(=O)O)C1
ZINC000641292803,C[C@H]1CCCN([C@@H](C)CNc2cc(CO)ccn2)C1
ZINC000613480467,C[C@@H]1CCCN([C@@H](C)CNc2ncccc2C(=O)O)C1
ZINC000613480487,C[C@H]1CCCN([C@H](C)CNc2ncccc2C(=O)O)C1
ZINC000613480488,C[C@H]1CCCN([C@@H](C)CNc2ncccc2C(=O)O)C1
ZINC000613480489,C[C@@H]1CCCN([C@H](C)CNc2ncccc2C(=O)O)C1
ZINC000221677803,COC(=O)c1ccnc(N[C@@H](C)CN2CCCCC2)c1
ZINC000221677871,COC(=O)c1ccnc(N[C@H](C)CN2CCCCC2)c1
ZINC000416414338,CC1(C)CCCN(CCNc2cccc(C(=O)O)n2)C1
ZINC000651477722,CC(=O)c1ccc(N(C)CCN2CCCCC2)nc1
ZINC000593516023,CCOC(=O)c1ccc(N(C)CCN2CCCCC2)nc1
ZINC000662886794,CC1CCN(C[C@@H](C)Nc2ncccc2C(=O)O)CC1
ZINC000662886795,CC1CCN(C[C@H](C)Nc2ncccc2C(=O)O)CC1
ZINC000662886816,CC1CCN(C[C@@H](C)Nc2ccc(C(=O)O)cn2)CC1
ZINC000662886817,CC1CCN(C[C@H](C)Nc2ccc(C(=O)O)cn2)CC1
ZINC000662886264,CC1CCN(C[C@@H](C)Nc2cccc(C(=O)O)n2)CC1
ZINC000662886267,CC1CCN(C[C@H](C)Nc2cccc(C(=O)O)n2)CC1
ZINC000049502562,C[C@@H](CN1CCCCC1)Nc1ccc(C(=O)O)cn1
ZINC000049502563,C[C@H](CN1CCCCC1)Nc1ccc(C(=O)O)cn1
ZINC000663388257,Cc1cc(CO)cc(N[C@H](C)CN2CCCCC2)n1
ZINC000663388258,Cc1cc(CO)cc(N[C@@H](C)CN2CCCCC2)n1
ZINC000663388806,Cc1cc(CO)cc(NC[C@@H](C)N2CCC[C@H](C)C2)n1
ZINC000663388807,Cc1cc(CO)cc(NC[C@H](C)N2CCC[C@H](C)C2)n1
ZINC000663388810,Cc1cc(CO)cc(NC[C@H](C)N2CCC[C@@H](C)C2)n1
ZINC000663388812,Cc1cc(CO)cc(NC[C@@H](C)N2CCC[C@@H](C)C2)n1
ZINC000663848099,Cc1cc(CO)cc(NCCN2CCCC(C)(C)C2)n1
ZINC000664071450,CC(=O)c1ccnc(N(C)CCN2CCCCC2)c1
ZINC000148629887,COC(=O)c1ccc(NCCN2CCC(C)CC2)nc1C
ZINC000664454509,Cc1cc(CO)cc(N[C@@H](C)CN2CCC(C)CC2)n1
ZINC000664454510,Cc1cc(CO)cc(N[C@H](C)CN2CCC(C)CC2)n1
ZINC000521742035,COc1ccc(F)c(NCCN2CCC[C@@H](C)C2)n1
ZINC000521742036,COc1ccc(F)c(NCCN2CCC[C@H](C)C2)n1
ZINC000443962103,CC(=O)c1ccc(NCCN2CCCC(C)(C)C2)nc1
ZINC000301873314,COC(=O)c1ccc(NCCN2CCC[C@@H](C)C2)nc1C
ZINC000301873315,COC(=O)c1ccc(NCCN2CCC[C@H](C)C2)nc1C
ZINC000302124633,CCOC(=O)c1cccnc1NCCN1CCC[C@@H](C)C1
ZINC000302124634,CCOC(=O)c1cccnc1NCCN1CCC[C@H](C)C1
ZINC000263405894,C[C@@H]1CCCCN1CCNc1cccc(C(=O)O)n1
ZINC000263405898,C[C@H]1CCCCN1CCNc1cccc(C(=O)O)n1
ZINC000263393195,CC[C@@H]1CCCCN1CCNc1cccc(C(=O)O)n1
ZINC000263393198,CC[C@H]1CCCCN1CCNc1cccc(C(=O)O)n1
ZINC000263522154,C[C@@H]1CCCN([C@@H](C)CNc2cccc(C(=O)O)n2)C1
ZINC000263522155,C[C@H]1CCCN([C@H](C)CNc2cccc(C(=O)O)n2)C1
ZINC000263522156,C[C@H]1CCCN([C@@H](C)CNc2cccc(C(=O)O)n2)C1
ZINC000263522157,C[C@@H]1CCCN([C@H](C)CNc2cccc(C(=O)O)n2)C1
ZINC000910287260,Cc1nc(NCCN2CCC(C)CC2)ccc1C(=O)O
ZINC000910287880,Cc1nc(NCCN2CCCC[C@H]2C)ccc1C(=O)O
ZINC000910287881,Cc1nc(NCCN2CCCC[C@@H]2C)ccc1C(=O)O
ZINC000910289149,Cc1nc(NCCN2CCC[C@@H](C)C2)ccc1C(=O)O
ZINC000910289151,Cc1nc(NCCN2CCC[C@H](C)C2)ccc1C(=O)O
ZINC000910343638,C[C@@H]1CCCN(C[C@H](C)Nc2ccc(C(=O)O)cn2)C1
ZINC000910343639,C[C@H]1CCCN(C[C@@H](C)Nc2ccc(C(=O)O)cn2)C1
ZINC000910343640,C[C@H]1CCCN(C[C@H](C)Nc2ccc(C(=O)O)cn2)C1
ZINC000910343641,C[C@@H]1CCCN(C[C@@H](C)Nc2ccc(C(=O)O)cn2)C1
ZINC000910356720,Cc1nc(N(C)CCN2CCCCC2)ccc1C(=O)O
ZINC000910364650,CCCN(CCN1CCCCC1)c1ccc(C(=O)O)cn1
ZINC000572818070,COc1ccc(F)c(NCCN2CCC(C)CC2)n1
ZINC000593516159,CCOC(=O)c1cccnc1N(C)CCN1CCCCC1
ZINC000593518400,COC(=O)c1ccc(N(C)CCN2CCCCC2)nc1C
ZINC000603857281,COC(=O)c1ccnc(NC[C@@H](C)N2CCC[C@@H](C)C2)c1
ZINC000603857284,COC(=O)c1ccnc(NC[C@H](C)N2CCC[C@@H](C)C2)c1
ZINC000603857285,COC(=O)c1ccnc(NC[C@@H](C)N2CCC[C@H](C)C2)c1
ZINC000603857287,COC(=O)c1ccnc(NC[C@H](C)N2CCC[C@H](C)C2)c1
ZINC000603858336,COC(=O)c1ccnc(NCCN2CCC[C@@H](C)C2)c1
ZINC000603858337,COC(=O)c1ccnc(NCCN2CCC[C@H](C)C2)c1
ZINC000917065424,C[C@@H]1CCCCN1[C@@H](C)CNc1ncccc1C(=O)O
ZINC000917065425,C[C@H](CNc1ncccc1C(=O)O)N1CCCC[C@@H]1C
ZINC000917065427,C[C@H]1CCCCN1[C@@H](C)CNc1ncccc1C(=O)O
ZINC000917065428,C[C@@H]1CCCCN1[C@H](C)CNc1ncccc1C(=O)O
ZINC000068665011,C[C@@H](CN1CCCCC1)Nc1ncc(C(N)=O)cc1Cl
ZINC000068665014,C[C@H](CN1CCCCC1)Nc1ncc(C(N)=O)cc1Cl
ZINC000225713649,COC(=O)c1ccnc(NCCN2CCC(C)CC2)c1
ZINC000674748776,CC(=O)c1ccnc(NCCN2CCC(C)CC2)c1
ZINC000813585137,COC(=O)c1ccc(N[C@H](C)CN2CCCCC2)nc1
ZINC000813585139,COC(=O)c1ccc(N[C@@H](C)CN2CCCCC2)nc1
ZINC000813585915,COC(=O)c1ccc(NC[C@@H](C)N2CCC[C@@H](C)C2)nc1
ZINC000813585916,COC(=O)c1ccc(NC[C@H](C)N2CCC[C@@H](C)C2)nc1
ZINC000813585917,COC(=O)c1ccc(NC[C@@H](C)N2CCC[C@H](C)C2)nc1
ZINC000813585918,COC(=O)c1ccc(NC[C@H](C)N2CCC[C@H](C)C2)nc1
ZINC000813585674,COC(=O)c1ccc(NCCN2CCC(C)CC2)nc1
ZINC000813588517,COC(=O)c1ccc(NCCN2CCC[C@@H](C)C2)nc1
ZINC000813588518,COC(=O)c1ccc(NCCN2CCC[C@H](C)C2)nc1
ZINC000813603520,COC(=O)c1ccc(NCCN2CCCC(C)(C)C2)nc1
ZINC001160746925,COc1ccnc(NCCN2CCC(F)(F)CC2)c1
ZINC001160746960,COc1cccnc1NCCN1CCC(F)(F)CC1
ZINC000853867522,COC(=O)c1ccc(N[C@H](C)CN2CCC(C)CC2)nc1
ZINC000853867523,COC(=O)c1ccc(N[C@@H](C)CN2CCC(C)CC2)nc1
ZINC000264839111,CCCNC(=O)c1ccc(NCCN2CCCCC2)nc1
ZINC000179062282,CC(=O)c1ccc(NCCN2CCC(C)CC2)nc1
ZINC000180978952,CC(=O)c1ccc(NCCN2CCC[C@@H](C)C2)nc1
ZINC000180978970,CC(=O)c1ccc(NCCN2CCC[C@H](C)C2)nc1
ZINC000267150292,CN(C)C1CCN(CCNc2ccc(Cl)cn2)CC1
ZINC000267267237,CCNC(=O)c1ccc(N[C@H](C)CN2CCCCC2)nc1
ZINC000267267238,CCNC(=O)c1ccc(N[C@@H](C)CN2CCCCC2)nc1
ZINC000268021268,CN(C)C1CCN(CCNc2ncccc2Cl)CC1
ZINC000049575631,O=C(O)c1cnc(NCCN2CCCCC2)c(Cl)c1
ZINC000568294886,COc1ccc(F)c(NCCN2CCCCC2)n1
ZINC000193464844,CN(C)C1CCN(CCNc2cccc(Cl)n2)CC1
ZINC000641292802,C[C@H]1CCCN([C@H](C)CNc2cc(CO)ccn2)C1
ZINC000641292800,C[C@@H]1CCCN([C@H](C)CNc2cc(CO)ccn2)C1
ZINC000641292801,C[C@@H]1CCCN([C@@H](C)CNc2cc(CO)ccn2)C1
ZINC000641306322,C[C@@H]1C[C@H](C)CN(C[C@@H](C)Nc2cc(CO)ccn2)C1
ZINC000641306323,C[C@@H]1C[C@@H](C)CN(C[C@H](C)Nc2cc(CO)ccn2)C1
ZINC000641306324,C[C@@H]1C[C@@H](C)CN(C[C@@H](C)Nc2cc(CO)ccn2)C1
ZINC000641306325,C[C@@H]1C[C@H](C)CN(C[C@H](C)Nc2cc(CO)ccn2)C1
ZINC000641374445,CC[C@H]1CCCCN1CCNc1cc(CO)ccn1
ZINC000641374446,CC[C@@H]1CCCCN1CCNc1cc(CO)ccn1
ZINC000641539236,CC1(C)CCCN(CCNc2cc(CO)ccn2)C1
ZINC000641660629,CC1CCN(C[C@@H](C)Nc2cc(CO)ccn2)CC1
ZINC000641660630,CC1CCN(C[C@H](C)Nc2cc(CO)ccn2)CC1
ZINC000647450463,CC[C@@H]1CCCCN1CCNc1ncccc1C(=O)O
ZINC000647450464,CC[C@H]1CCCCN1CCNc1ncccc1C(=O)O
ZINC000800857172,COC1CCN(CCNc2cccc(Cl)n2)CC1
ZINC000900985302,C[C@@H]1CCCCN1[C@@H](C)CNc1ccc(C(=O)O)cn1
ZINC000900985303,C[C@H](CNc1ccc(C(=O)O)cn1)N1CCCC[C@@H]1C
ZINC000900985304,C[C@H]1CCCCN1[C@@H](C)CNc1ccc(C(=O)O)cn1
ZINC000900985305,C[C@@H]1CCCCN1[C@H](C)CNc1ccc(C(=O)O)cn1
ZINC000900985635,C[C@@H]1CCCCN1[C@@H](C)CNc1cccc(C(=O)O)n1
ZINC000900985636,C[C@H](CNc1cccc(C(=O)O)n1)N1CCCC[C@@H]1C
ZINC000900985638,C[C@H]1CCCCN1[C@@H](C)CNc1cccc(C(=O)O)n1
ZINC000900985640,C[C@@H]1CCCCN1[C@H](C)CNc1cccc(C(=O)O)n1
ZINC000147499470,Cc1nc(N[C@@H](C)CN2CCCCC2)ccc1C(=O)O
ZINC000147499673,Cc1nc(N[C@H](C)CN2CCCCC2)ccc1C(=O)O
ZINC001160746759,Fc1cccnc1NCCN1CCC(F)(F)CC1
ZINC001160746971,COc1cccc(NCCN2CCC(F)(F)CC2)n1
ZINC001160747081,CN(C)c1cccc(NCCN2CCC(F)(F)CC2)n1
ZINC001160747342,COC(=O)c1ccnc(NCCN2CCC(F)(F)CC2)c1
ZINC001160747985,Fc1ccnc(NCCN2CCC(F)(F)CC2)c1
ZINC001160748208,COC(=O)c1cccc(NCCN2CCC(F)(F)CC2)n1
ZINC001160748860,CN(C)c1ccnc(NCCN2CCC(F)(F)CC2)c1
ZINC001160748996,Nc1cnc(NCCN2CCC(F)(F)CC2)c(Cl)c1
ZINC001160749312,Nc1cc(Cl)nc(NCCN2CCC(F)(F)CC2)c1
ZINC001160749341,CC(=O)Nc1cccc(NCCN2CCC(F)(F)CC2)n1
ZINC001160749390,COCc1ccnc(NCCN2CCC(F)(F)CC2)c1
ZINC001160751868,COCc1ccc(NCCN2CCC(F)(F)CC2)nc1
ZINC001160751855,CN(C)Cc1ccnc(NCCN2CCC(F)(F)CC2)c1
ZINC001160752076,Nc1cc(Cl)cnc1NCCN1CCC(F)(F)CC1
ZINC001160752664,Cc1cnc(NCCN2CCC(F)(F)CC2)cc1N
ZINC001160753731,Nc1nc(NCCN2CCC(F)(F)CC2)ccc1Cl
ZINC001161866893,NC1CCN(CCNc2cc(Cl)cc(Cl)n2)CC1
ZINC001161867942,NC1CCN(CCNc2nc(Cl)ccc2Cl)CC1
ZINC001161867751,Cc1cc(Cl)c(C)c(NCCN2CCC(N)CC2)n1
ZINC001161871144,Cc1cc(Cl)c(C)nc1NCCN1CCC(N)CC1
ZINC001161873127,CCSc1ccnc(NCCN2CCC(N)CC2)c1
ZINC001337797380,CCc1ccc(NCCN2CCC(OC)CC2)nc1
ZINC001339608501,COC1CCN(CCNc2cc(F)cc(C)n2)CC1
ZINC001346541286,COc1ccc(F)c(N(C)CCN2CCCCC2)n1
ZINC001348031269,COC1CCN(CCNc2cc(Cl)ccn2)CC1
ZINC001472657900,COC(=O)c1cnc(NCCN2CCCCC2)c(Cl)c1
ZINC001600432938,Cc1ccc(N(C)CCN2CCCCC2)nc1C(=O)O
ZINC001594375401,C[C@@H]1CCCCN1CCNc1cc(C(=O)O)ccn1
ZINC001594375402,C[C@H]1CCCCN1CCNc1cc(C(=O)O)ccn1
ZINC001595453867,CC[C@H]1CCCCN1CCNc1cc(CC(=O)O)ccn1
ZINC001595453868,CC[C@@H]1CCCCN1CCNc1cc(CC(=O)O)ccn1
ZINC001600459382,Cc1ccc(NCCN2CCC(C)CC2)nc1C(=O)O
ZINC000047873396,C[C@@H](CN1CCCCC1)Nc1ncccc1C(=O)O
ZINC000047873397,C[C@H](CN1CCCCC1)Nc1ncccc1C(=O)O
ZINC000049502558,C[C@@H](CN1CCCCC1)Nc1cc(C(=O)O)ccn1
ZINC000049502559,C[C@H](CN1CCCCC1)Nc1cc(C(=O)O)ccn1
ZINC000051043773,C[C@@H](CN1CCCCC1)Nc1cccc(C(=O)O)n1
ZINC000051043774,C[C@H](CN1CCCCC1)Nc1cccc(C(=O)O)n1
ZINC001170369656,Cn1cc(CCNC2CCC(C#N)(c3ccccc3)CC2)c2ccccc21
ZINC001246351048,N#CC1(c2ccc(F)cc2)CCC(NCCc2c[nH]c3ccccc23)CC1
ZINC001257010867,Cn1cc(CCNC2CCC(c3ccc(C#N)cc3)CC2)c2ccccc21
ZINC000080250541,C#CCNC(=O)c1ccc(NCCN2CCC(OC)CC2)nc1
ZINC001161871129,C=CCNC(=O)c1cccnc1NCCN1CCC(N)CC1
ZINC001161873047,COC(=O)c1cc(C#N)cnc1NCCN1CCC(N)CC1
ZINC001161870852,CCN(CC)S(=O)(=O)c1ccc(NCCN2CCC(N)CC2)nc1
ZINC001330964714,CN(C)C1CCN(CCNc2ccc(S(=O)(=O)N(C)C)cn2)CC1
ZINC000002572820,COc1ccc2c3c1OC1C(=O)CC[C@@]4(O)[C@@H](C2)NCC[C@]314
ZINC000003875483,CN1CC[C@]23c4c5ccc(O)c4OC2C(=O)CC[C@@]3(O)[C@H]1C5
ZINC000584898086,Cc1cc(C(N)=O)c(NCCN2CCC(CO)CC2)nc1C
ZINC000670462566,CN(C)C(=O)c1ccc(NCCN2CCC[C@@H](CO)C2)nc1
ZINC000670462567,CN(C)C(=O)c1ccc(NCCN2CCC[C@H](CO)C2)nc1
ZINC001529138914,CNC(=O)c1cccnc1NCCN1CCCC(C(N)=O)C1
ZINC001529138917,CNC(=O)c1cccnc1NCCN1CCCC(C(N)=O)C1
ZINC001223022395,COC(=O)CC(O[C@H]1c2ccccc2N(C)S(=O)(=O)c2cc(Cl)ccc21)C(=O)OC
ZINC001223022396,COC(=O)CC(O[C@@H]1c2ccccc2N(C)S(=O)(=O)c2cc(Cl)ccc21)C(=O)OC
ZINC000179624030,Cc1cccc(CN2CCC(n3c(=O)[nH]c4ccccc43)CC2)c1O
ZINC000179892483,O=c1[nH]c2ccccc2n1C1CCN(Cc2cc(F)ccc2O)CC1
ZINC001137832826,O=c1[nH]c2ccccc2n1C1CCN(Cc2c(O)cccc2F)CC1
ZINC000503317326,CN(C)C1CCN(CCNc2ncc(Br)cc2S(N)(=O)=O)CC1
ZINC001223015519,C=CCC(CC=C)O[C@H]1c2ccccc2N(C)S(=O)(=O)c2cc(Cl)ccc21
ZINC001223015520,C=CCC(CC=C)O[C@@H]1c2ccccc2N(C)S(=O)(=O)c2cc(Cl)ccc21
ZINC001143773474,CN(C)C(=O)Sc1cc(Br)ccc1CN1CCC(n2c(=O)[nH]c3ccccc32)CC1
ZINC001205122930,O=c1[nH]c2ccccc2n1C1CCN(Cc2ccc(Br)cc2C(F)(F)F)CC1
ZINC001223019778,CN1c2ccccc2[C@H](OC(C(F)(F)F)C(F)(F)F)c2ccc(Cl)cc2S1(=O)=O
ZINC001223019815,CN1c2ccccc2[C@@H](OC(C(F)(F)F)C(F)(F)F)c2ccc(Cl)cc2S1(=O)=O
ZINC001223024181,CCCCOC[C@H](C)OC[C@@H](C)O[C@@H]1c2ccccc2N(C)S(=O)(=O)c2cc(Cl)ccc21
ZINC001223024187,CCCCOC[C@H](C)OC[C@H](C)O[C@@H]1c2ccccc2N(C)S(=O)(=O)c2cc(Cl)ccc21
ZINC001223024191,CCCCOC[C@H](C)OC[C@@H](C)O[C@H]1c2ccccc2N(C)S(=O)(=O)c2cc(Cl)ccc21
ZINC001223024196,CCCCOC[C@H](C)OC[C@H](C)O[C@H]1c2ccccc2N(C)S(=O)(=O)c2cc(Cl)ccc21
ZINC001231724008,COc1c(Cl)cc(CN2CCC(n3c(=O)[nH]c4ccccc43)CC2)cc1Br
ZINC001237368274,CC(C)(C)OC(=O)Nc1ccc(Cl)cc1CN1CCC(n2c(=O)[nH]c3ccccc32)CC1
ZINC001237369248,Cn1c(=O)n(C2CCN(Cc3cc(Cl)ccc3NC(=O)OC(C)(C)C)CC2)c2ccccc21
ZINC001246346563,COCOC1(c2ccc(Br)cc2)CCC(NCCc2c[nH]c3ccccc23)CC1
ZINC001246351064,COC(=O)C1(c2ccc(Br)cc2)CCC(NCCc2c[nH]c3ccccc23)CC1
ZINC001657607185,O=c1[nH]c2ccccc2n1C1CCN(Cc2cc(C(F)(F)F)ccc2Br)CC1
ZINC001659280320,O=c1[nH]c2ccccc2n1C1CCN(Cc2cc(Br)cc(C(F)(F)F)c2)CC1
ZINC000047461603,NC(=O)c1cccc(CN2CCC(n3c(=O)[nH]c4ccccc43)CC2)c1
ZINC000054612894,NC(=O)C(c1ccccc1)N1CCC(n2c(=O)[nH]c3ccccc32)CC1
ZINC000054612897,NC(=O)C(c1ccccc1)N1CCC(n2c(=O)[nH]c3ccccc32)CC1
ZINC000074193936,NC(=O)C(c1ccc(F)cc1)N1CCC(n2c(=O)[nH]c3ccccc32)CC1
ZINC000074193939,NC(=O)C(c1ccc(F)cc1)N1CCC(n2c(=O)[nH]c3ccccc32)CC1
ZINC000190878176,NC(=O)c1ccccc1CC(=O)N[C@H](CN1CCCC1)c1ccccc1
ZINC000267230867,CN(C)C1CCN(CCNc2ncccc2I)CC1
ZINC000277306042,NC(=O)c1ccc(CC(=O)N[C@H](CN2CCCC2)c2ccccc2)cc1
ZINC000301246468,CNS(=O)(=O)c1ccc(NC[C@@H](C(C)C)N2CCC(C)CC2)nc1
ZINC000301246469,CNS(=O)(=O)c1ccc(NC[C@H](C(C)C)N2CCC(C)CC2)nc1
ZINC000432848277,CC(C)NS(=O)(=O)c1cccnc1NC[C@H](C)N1CCC[C@@H](C)C1
ZINC000432848278,CC(C)NS(=O)(=O)c1cccnc1NC[C@H](C)N1CCC[C@H](C)C1
ZINC000432848279,CC(C)NS(=O)(=O)c1cccnc1NC[C@@H](C)N1CCC[C@@H](C)C1
ZINC000432848280,CC(C)NS(=O)(=O)c1cccnc1NC[C@@H](C)N1CCC[C@H](C)C1
ZINC000432859304,CC[C@H]1CCCCN1CCNc1ncccc1S(=O)(=O)NC(C)C
ZINC000432859305,CC[C@@H]1CCCCN1CCNc1ncccc1S(=O)(=O)NC(C)C
ZINC000443963775,CC(C)NS(=O)(=O)c1cccnc1NCCN1CCCC(C)(C)C1
ZINC000480059232,CCOC(=O)c1cc(NCCN2CCC(N(C)C)CC2)ncc1Cl
ZINC000524490618,CCC[C@H](C)NS(=O)(=O)c1ccc(NCCN2CCCCC2)nc1
ZINC000524490619,CCC[C@@H](C)NS(=O)(=O)c1ccc(NCCN2CCCCC2)nc1
ZINC000596151122,COC(=O)c1ccc(C(F)(F)F)nc1NCCN1CCC(N(C)C)CC1
ZINC000596160421,COC(=O)c1ccc(C(F)(F)F)nc1NCCN1CCC(OC)CC1
ZINC000605568876,CC(C)CCNS(=O)(=O)c1ccc(NCCN2CCCCC2)nc1
ZINC000610573712,COC1CCN(CCNc2ncccc2I)CC1
ZINC000630887147,C[C@]1(NC(=O)COc2ccc(S(N)(=O)=O)cc2)CCCc2ccccc21
ZINC000630887151,C[C@@]1(NC(=O)COc2ccc(S(N)(=O)=O)cc2)CCCc2ccccc21
ZINC000804535774,COC(=O)c1cnc(NCCN2CCC(N(C)C)CC2)cc1C(F)(F)F
ZINC000804537794,COC(=O)c1cnc(NCCN2CCC(OC)CC2)cc1C(F)(F)F
ZINC000828166884,COC(=O)c1cnc(N[C@@H](CO)CN2CCCCC2)cc1C(F)(F)F
ZINC000828166885,COC(=O)c1cnc(N[C@H](CO)CN2CCCCC2)cc1C(F)(F)F
ZINC000910299910,CN(C)C1CCN(CCNc2nc(C(F)(F)F)ccc2C(=O)O)CC1
ZINC001160752776,CS(=O)(=O)c1ccc(Cl)nc1NCCN1CCC(F)(F)CC1
ZINC001161867194,CCN(CC)C(=O)c1cc(Cl)nc(NCCN2CCC(N)CC2)c1
ZINC001161867213,CC(C)(C)NC(=O)c1cc(Cl)nc(NCCN2CCC(N)CC2)c1
ZINC001161867778,CC(C)(C)NC(=O)c1ccc(Cl)nc1NCCN1CCC(N)CC1
ZINC001237694065,Cn1c(=O)n(C2CCN(Cc3cccc(C(N)=O)c3)CC2)c2ccccc21
ZINC001248724760,CCN(CC)S(=O)(=O)c1ccc(NCCN2CCC(C)CC2)nc1
ZINC001318950299,CCN(CC)S(=O)(=O)c1ccc(N[C@@H](C)CN2CCCCC2)nc1
ZINC001318950302,CCN(CC)S(=O)(=O)c1ccc(N[C@H](C)CN2CCCCC2)nc1
ZINC001326457069,CCN(CC)S(=O)(=O)c1ccc(N(C)CCN2CCCCC2)nc1
ZINC001337525865,CCN(CC)S(=O)(=O)c1ccc(NCCN2CCC[C@H](C)C2)nc1
ZINC001337525869,CCN(CC)S(=O)(=O)c1ccc(NCCN2CCC[C@@H](C)C2)nc1
ZINC001338930421,C[C@@H]1C[C@@H](C)CN(C[C@H](C)Nc2ccc(S(=O)(=O)N(C)C)cn2)C1
ZINC001338930423,C[C@@H]1C[C@H](C)CN(C[C@@H](C)Nc2ccc(S(=O)(=O)N(C)C)cn2)C1
ZINC001338930425,C[C@@H]1C[C@@H](C)CN(C[C@@H](C)Nc2ccc(S(=O)(=O)N(C)C)cn2)C1
ZINC001338930427,C[C@@H]1C[C@H](C)CN(C[C@H](C)Nc2ccc(S(=O)(=O)N(C)C)cn2)C1
ZINC001590146451,CC(C)(C)OC(=O)NC1CCN(CCNc2cc(C(=O)O)ccn2)CC1
ZINC000301262362,C[C@@H]1CCCN(C(C)(C)CNc2ncc([N+](=O)[O-])cc2Cl)C1
ZINC000301262363,C[C@H]1CCCN(C(C)(C)CNc2ncc([N+](=O)[O-])cc2Cl)C1
ZINC000425225032,Cc1cnc(NCCN2CCC(N(C)C)CC2)c(I)c1
ZINC000664458230,CC1CCN(C[C@@H](C)Nc2ncc(Br)cc2S(N)(=O)=O)CC1
ZINC000664458231,CC1CCN(C[C@H](C)Nc2ncc(Br)cc2S(N)(=O)=O)CC1
ZINC000443946979,CC1(C)CCCN(CCNc2ncc(Br)cc2S(N)(=O)=O)C1
ZINC000489952719,COc1ccc([C@@H](CN2CCCC2)NC(=O)Cc2ccccc2C(N)=O)cc1
ZINC000489952743,COc1ccc([C@@H](CN2CCCC2)NC(=O)Cc2ccc(C(N)=O)cc2)cc1
ZINC000674330620,CCC(CC)NS(=O)(=O)c1ccc(NCCN2CCC(OC)CC2)nc1
ZINC000674330531,CCC[C@H](C)NS(=O)(=O)c1ccc(NCCN2CCC(OC)CC2)nc1
ZINC000674330532,CCC[C@@H](C)NS(=O)(=O)c1ccc(NCCN2CCC(OC)CC2)nc1
ZINC000674332111,COC1CCN(CCNc2ccc(S(=O)(=O)N(C(C)C)C(C)C)cn2)CC1
ZINC001180453169,NS(=O)(=O)c1ccc(CN2CCC(n3c(=O)[nH]c4ccccc43)CC2)cc1
ZINC000267536026,CCCOCCOC(=O)c1ccnc(NCCN2CCC(N(C)C)CC2)c1
ZINC000679467246,C[C@@H]1CCCN([C@H](C)CNc2ncc(Br)cc2S(N)(=O)=O)C1
ZINC000679467247,C[C@@H]1CCCN([C@@H](C)CNc2ncc(Br)cc2S(N)(=O)=O)C1
ZINC000679467249,C[C@H]1CCCN([C@@H](C)CNc2ncc(Br)cc2S(N)(=O)=O)C1
ZINC000679467252,C[C@H]1CCCN([C@H](C)CNc2ncc(Br)cc2S(N)(=O)=O)C1
ZINC000679470956,CC[C@@H]1CCCCN1CCNc1ncc(Br)cc1S(N)(=O)=O
ZINC000679470957,CC[C@H]1CCCCN1CCNc1ncc(Br)cc1S(N)(=O)=O
ZINC000725795830,NC(=O)COc1ccc(CN2CCC(n3c(=O)[nH]c4ccccc43)CC2)cc1
ZINC001138870711,Cn1c(=O)n(C2CCN(Cc3ccc(OCC(N)=O)cc3)CC2)c2ccccc21
ZINC001160753077,CCN(CC)S(=O)(=O)c1ccc(NCCN2CCC(F)(F)CC2)nc1
ZINC001161870399,COC(OC)c1ccc(NC(=O)C(C)(C)C)c(NCCN2CCC(N)CC2)n1
ZINC001223024019,CC(O)C(=O)O[C@@H]1c2ccccc2N(C)S(=O)(=O)c2cc(Cl)ccc21
ZINC001223024020,CC(O)C(=O)O[C@H]1c2ccccc2N(C)S(=O)(=O)c2cc(Cl)ccc21
ZINC001594313001,C[C@@H]1CC[C@@](NC(=O)COc2ccc(C(N)=O)cc2)(C(=O)O)c2ccccc21
ZINC001594313002,C[C@@H]1CC[C@](NC(=O)COc2ccc(C(N)=O)cc2)(C(=O)O)c2ccccc21
ZINC001594313003,C[C@H]1CC[C@](NC(=O)COc2ccc(C(N)=O)cc2)(C(=O)O)c2ccccc21
ZINC001594313004,C[C@H]1CC[C@@](NC(=O)COc2ccc(C(N)=O)cc2)(C(=O)O)c2ccccc21
ZINC001607965700,Cc1nc(NCCN2CCC(N(C)C)CC2)c(Br)cc1C(=O)O
ZINC001664103239,NS(=O)(=O)c1cccc(CN2CCC(n3c(=O)[nH]c4ccccc43)CC2)c1
ZINC001223015562,C[C@H](CC(C)(C)S)O[C@@H]1c2ccccc2N(C)S(=O)(=O)c2cc(Cl)ccc21
ZINC001223015567,C[C@@H](CC(C)(C)S)O[C@H]1c2ccccc2N(C)S(=O)(=O)c2cc(Cl)ccc21
ZINC001223015568,C[C@@H](CC(C)(C)S)O[C@@H]1c2ccccc2N(C)S(=O)(=O)c2cc(Cl)ccc21
ZINC001223015569,C[C@H](CC(C)(C)S)O[C@H]1c2ccccc2N(C)S(=O)(=O)c2cc(Cl)ccc21
ZINC001246447375,CC(C)(C)OC(=O)C(Cc1c[nH]c2ccccc12)NC1CCC(C#N)(c2ccccc2)CC1
ZINC000068764486,OCC1CCN(CCNc2ncccc2C(F)(F)F)CC1
ZINC000534640911,OCC1CCN(CCNc2cc(C(F)(F)F)ccn2)CC1
ZINC000534646508,OCC1CCN(CCNc2cccc(C(F)(F)F)n2)CC1
ZINC000670436340,OC[C@@H]1CCCN(CCNc2ccc(C(F)(F)F)cn2)C1
ZINC000670436343,OC[C@H]1CCCN(CCNc2ccc(C(F)(F)F)cn2)C1
ZINC000670439859,OC[C@@H]1CCCN(CCNc2cccc(C(F)(F)F)n2)C1
ZINC000670439860,OC[C@H]1CCCN(CCNc2cccc(C(F)(F)F)n2)C1
ZINC000670442506,OC[C@@H]1CCCN(CCNc2cc(C(F)(F)F)ccn2)C1
ZINC000670442508,OC[C@H]1CCCN(CCNc2cc(C(F)(F)F)ccn2)C1
ZINC000670464102,OC[C@@H]1CCCN(CCNc2ncccc2C(F)(F)F)C1
ZINC000670464103,OC[C@H]1CCCN(CCNc2ncccc2C(F)(F)F)C1
ZINC000822724725,CCC1CCN(CCNc2ncccc2C(=O)N(C)C)CC1
ZINC001506397409,OC[C@H]1CCCCN1CCNc1ncccc1C(F)(F)F
ZINC001506397420,OC[C@@H]1CCCCN1CCNc1ncccc1C(F)(F)F
ZINC001506416735,OC[C@H]1CCCCN1CCNc1cc(C(F)(F)F)ccn1
ZINC001506416737,OC[C@@H]1CCCCN1CCNc1cc(C(F)(F)F)ccn1
ZINC001506422792,OC[C@H]1CCCCN1CCNc1cccc(C(F)(F)F)n1
ZINC001506422796,OC[C@@H]1CCCCN1CCNc1cccc(C(F)(F)F)n1
ZINC000464329011,CC(C(=O)N[C@@H](c1ccc(F)c(F)c1)C(C)(C)N1CCCC1)c1cccc(C#N)c1
ZINC000464329014,CC(C(=O)N[C@@H](c1ccc(F)c(F)c1)C(C)(C)N1CCCC1)c1cccc(C#N)c1
ZINC000506127215,C=C(C)COc1cc(CN2CCC(n3c(=O)[nH]c4ccccc43)CC2)ccc1OC
ZINC001223021224,CC#CC[C@H](CC)O[C@@H]1c2ccccc2N(C)S(=O)(=O)c2cc(Cl)ccc21
ZINC001223021229,CC#CC[C@@H](CC)O[C@H]1c2ccccc2N(C)S(=O)(=O)c2cc(Cl)ccc21
ZINC001223021234,CC#CC[C@@H](CC)O[C@@H]1c2ccccc2N(C)S(=O)(=O)c2cc(Cl)ccc21
ZINC001223021240,CC#CC[C@H](CC)O[C@H]1c2ccccc2N(C)S(=O)(=O)c2cc(Cl)ccc21
ZINC000518771089,COc1c(F)cc(CC(=O)N[C@H](CN2CCCC2)c2ccccc2)cc1S(N)(=O)=O
ZINC001223021468,CN1c2ccccc2[C@H](OC(=O)C(O)CC(=O)O)c2ccc(Cl)cc2S1(=O)=O
ZINC001223021472,CN1c2ccccc2[C@@H](OC(=O)C(O)CC(=O)O)c2ccc(Cl)cc2S1(=O)=O
ZINC001223021474,CN1c2ccccc2[C@@H](OC(=O)C(O)CC(=O)O)c2ccc(Cl)cc2S1(=O)=O
ZINC001223021476,CN1c2ccccc2[C@H](OC(=O)C(O)CC(=O)O)c2ccc(Cl)cc2S1(=O)=O
ZINC001233304031,COc1ccc(CN2CCC(n3c(=O)n(C)c4ccccc43)CC2)cc1S(N)(=O)=O
ZINC001337413172,COc1ccc([C@@H](CN2CCCC2)NC(=O)Cc2ccc(S(=O)(=O)CCO)cc2)cc1
ZINC001306929999,Cc1nc(NC[C@@H](C(C)C)N2CCC(C)CC2)c(Cl)cc1C#N
ZINC001306930000,Cc1nc(NC[C@H](C(C)C)N2CCC(C)CC2)c(Cl)cc1C#N
ZINC001472656299,Cc1c(Cl)cnc(NC[C@@H](C(C)C)N2CCC(C)CC2)c1C#N
ZINC001472656300,Cc1c(Cl)cnc(NC[C@H](C(C)C)N2CCC(C)CC2)c1C#N
ZINC001559078913,C[C@@H]1C[C@@H](C)CN(C[C@@H](C)Nc2nc(C(C)(C)C)ccc2C#N)C1
ZINC001559078914,C[C@@H]1C[C@@H](C)CN(C[C@H](C)Nc2nc(C(C)(C)C)ccc2C#N)C1
ZINC001559078915,C[C@@H]1C[C@H](C)CN(C[C@@H](C)Nc2nc(C(C)(C)C)ccc2C#N)C1
ZINC001559078916,C[C@@H]1C[C@H](C)CN(C[C@H](C)Nc2nc(C(C)(C)C)ccc2C#N)C1
ZINC001611909031,C[C@H]1CCCN(C(C)(C)CNc2nc(C(C)(C)C)ccc2C#N)C1
ZINC001611909034,C[C@@H]1CCCN(C(C)(C)CNc2nc(C(C)(C)C)ccc2C#N)C1
ZINC001651371562,CC1CCN([C@H](CNc2nc(C(C)(C)C)ccc2C#N)C(C)C)CC1
ZINC001651371563,CC1CCN([C@@H](CNc2nc(C(C)(C)C)ccc2C#N)C(C)C)CC1
ZINC000463470904,COc1cc(CN2CCC(n3c(=O)[nH]c4ccccc43)CC2)c([N+](=O)[O-])cc1F
ZINC000506136578,COc1cc(CN2CCC(n3c(=O)[nH]c4ccccc43)CC2)c([N+](=O)[O-])cc1OC
ZINC000539931960,COc1ccc([C@@H](CN2CCCC2)NC(=O)Cc2ccc([N+](=O)[O-])cc2Cl)cc1
ZINC000544538929,COc1ccc([C@@H](CN2CCCC2)NC(=O)C(C)c2ccc([N+](=O)[O-])cc2F)cc1
ZINC000544538931,COc1ccc([C@@H](CN2CCCC2)NC(=O)C(C)c2ccc([N+](=O)[O-])cc2F)cc1
ZINC000779542575,COc1ccc([C@@H](CN2CCCC2)NC(=O)C(F)(F)c2ccc([N+](=O)[O-])cc2)cc1
ZINC000790523463,O=C(Cc1cc(F)c(Cl)cc1[N+](=O)[O-])N[C@H](CN1CCCC1)c1ccccc1
ZINC001223022114,C[C@H](C[N+](C)(C)C)O[C@@H]1c2ccccc2N(C)S(=O)(=O)c2cc(Cl)ccc21
ZINC001223022115,C[C@@H](C[N+](C)(C)C)O[C@@H]1c2ccccc2N(C)S(=O)(=O)c2cc(Cl)ccc21
ZINC001223022119,C[C@H](C[N+](C)(C)C)O[C@H]1c2ccccc2N(C)S(=O)(=O)c2cc(Cl)ccc21
ZINC001223022122,C[C@@H](C[N+](C)(C)C)O[C@H]1c2ccccc2N(C)S(=O)(=O)c2cc(Cl)ccc21
ZINC000077928733,CCOC(=O)c1ccnc(NC[C@@H](C)N2CCC[C@H](C)C2)c1[N+](=O)[O-]
ZINC000077928735,CCOC(=O)c1ccnc(NC[C@H](C)N2CCC[C@H](C)C2)c1[N+](=O)[O-]
ZINC000077932960,CCOC(=O)c1ccnc(N[C@@H](C)CN2CCC[C@H](C)C2)c1[N+](=O)[O-]
ZINC000077932964,CCOC(=O)c1ccnc(N[C@H](C)CN2CCC[C@H](C)C2)c1[N+](=O)[O-]
ZINC000246598967,CCOC(=O)c1ccnc(NC[C@@H](C)N2CCC[C@@H](C)C2)c1[N+](=O)[O-]
ZINC000246598984,CCOC(=O)c1ccnc(NC[C@H](C)N2CCC[C@@H](C)C2)c1[N+](=O)[O-]
ZINC000246653359,CCOC(=O)c1ccnc(N[C@H](C)CN2CCC[C@@H](C)C2)c1[N+](=O)[O-]
ZINC000246653377,CCOC(=O)c1ccnc(N[C@@H](C)CN2CCC[C@@H](C)C2)c1[N+](=O)[O-]
ZINC000302749515,COC(=O)c1cnc(N[C@H](C)CN2C[C@H](C)C[C@H](C)C2)c([N+](=O)[O-])c1
ZINC000302749517,COC(=O)c1cnc(N[C@H](C)CN2C[C@H](C)C[C@@H](C)C2)c([N+](=O)[O-])c1
ZINC000302749518,COC(=O)c1cnc(N[C@H](C)CN2C[C@@H](C)C[C@H](C)C2)c([N+](=O)[O-])c1
ZINC000302749520,COC(=O)c1cnc(N[C@@H](C)CN2C[C@H](C)C[C@H](C)C2)c([N+](=O)[O-])c1
ZINC000302784771,COC(=O)c1cnc(NCC(C)(C)N2CCC[C@@H](C)C2)c([N+](=O)[O-])c1
ZINC000302784772,COC(=O)c1cnc(NCC(C)(C)N2CCC[C@H](C)C2)c([N+](=O)[O-])c1
ZINC000443950999,CCOC(=O)c1ccnc(NCCN2CCCC(C)(C)C2)c1[N+](=O)[O-]
ZINC000478252314,COC(=O)c1cnc(NC[C@@H](C(C)C)N2CCC(C)CC2)c([N+](=O)[O-])c1
ZINC000478252315,COC(=O)c1cnc(NC[C@H](C(C)C)N2CCC(C)CC2)c([N+](=O)[O-])c1
ZINC000541576983,Cc1c([N+](=O)[O-])cnc(NCCN2CCC[C@H](C)C2)c1Br
ZINC000541576984,Cc1c([N+](=O)[O-])cnc(NCCN2CCC[C@@H](C)C2)c1Br
ZINC000557495330,COC(=O)c1ccc([N+](=O)[O-])c(NC[C@@H](C(C)C)N2CCC(C)CC2)n1
ZINC000557495331,COC(=O)c1ccc([N+](=O)[O-])c(NC[C@H](C(C)C)N2CCC(C)CC2)n1
ZINC000561182965,COC(=O)c1ccc([N+](=O)[O-])c(NCC(C)(C)N2CCC[C@@H](C)C2)n1
ZINC000561182967,COC(=O)c1ccc([N+](=O)[O-])c(NCC(C)(C)N2CCC[C@H](C)C2)n1
ZINC000561379430,CCCN(CCN1CCCCC1)c1nccc(C(=O)OCC)c1[N+](=O)[O-]
ZINC000566294363,CC1CCN([C@@H](CNc2ncc(C(=O)O)cc2[N+](=O)[O-])C(C)C)CC1
ZINC000566294364,CC1CCN([C@H](CNc2ncc(C(=O)O)cc2[N+](=O)[O-])C(C)C)CC1
ZINC000568633807,Cc1cc(C(=O)O)c([N+](=O)[O-])c(NC[C@@H](C(C)C)N2CCC(C)CC2)n1
ZINC000568633808,Cc1cc(C(=O)O)c([N+](=O)[O-])c(NC[C@H](C(C)C)N2CCC(C)CC2)n1
ZINC000571565014,CC1CCN([C@@H](CNc2nccc(C(=O)O)c2[N+](=O)[O-])C(C)C)CC1
ZINC000571565016,CC1CCN([C@H](CNc2nccc(C(=O)O)c2[N+](=O)[O-])C(C)C)CC1
ZINC000581455829,CCOC(=O)c1ccnc(N[C@H](C)CN2C[C@H](C)C[C@H](C)C2)c1[N+](=O)[O-]
ZINC000581455830,CCOC(=O)c1ccnc(N[C@H](C)CN2C[C@@H](C)C[C@H](C)C2)c1[N+](=O)[O-]
ZINC000581455831,CCOC(=O)c1ccnc(N[C@H](C)CN2C[C@H](C)C[C@@H](C)C2)c1[N+](=O)[O-]
ZINC000581455832,CCOC(=O)c1ccnc(N[C@@H](C)CN2C[C@H](C)C[C@H](C)C2)c1[N+](=O)[O-]
ZINC000582853303,COC(=O)c1ccc([N+](=O)[O-])c(N[C@H](C)CN2C[C@H](C)C[C@H](C)C2)n1
ZINC000582853305,COC(=O)c1ccc([N+](=O)[O-])c(N[C@H](C)CN2C[C@H](C)C[C@@H](C)C2)n1
ZINC000582853306,COC(=O)c1ccc([N+](=O)[O-])c(N[C@H](C)CN2C[C@@H](C)C[C@H](C)C2)n1
ZINC000582853307,COC(=O)c1ccc([N+](=O)[O-])c(N[C@@H](C)CN2C[C@H](C)C[C@H](C)C2)n1
ZINC000584472456,Cc1cc(C(=O)O)c([N+](=O)[O-])c(N[C@H](C)CN2C[C@@H](C)C[C@H](C)C2)n1
ZINC000584472457,Cc1cc(C(=O)O)c([N+](=O)[O-])c(N[C@@H](C)CN2C[C@H](C)C[C@H](C)C2)n1
ZINC000584472458,Cc1cc(C(=O)O)c([N+](=O)[O-])c(N[C@H](C)CN2C[C@H](C)C[C@@H](C)C2)n1
ZINC000584472459,Cc1cc(C(=O)O)c([N+](=O)[O-])c(N[C@H](C)CN2C[C@H](C)C[C@H](C)C2)n1
ZINC000592968827,CC1CCN([C@@H](CNc2nc(C(=O)O)ccc2[N+](=O)[O-])C(C)C)CC1
ZINC000592968828,CC1CCN([C@H](CNc2nc(C(=O)O)ccc2[N+](=O)[O-])C(C)C)CC1
ZINC000596488195,COC(=O)c1cc(C)nc(N[C@H](C)CN2CCC(C)CC2)c1[N+](=O)[O-]
ZINC000596488197,COC(=O)c1cc(C)nc(N[C@@H](C)CN2CCC(C)CC2)c1[N+](=O)[O-]
ZINC000596488636,CCOC(=O)c1ccnc(N[C@H](C)CN2CCC(C)CC2)c1[N+](=O)[O-]
ZINC000596488637,CCOC(=O)c1ccnc(N[C@@H](C)CN2CCC(C)CC2)c1[N+](=O)[O-]
ZINC000598589920,COC(=O)c1ccnc(N[C@H](C)CN2C[C@H](C)C[C@H](C)C2)c1[N+](=O)[O-]
ZINC000598589923,COC(=O)c1ccnc(N[C@H](C)CN2C[C@H](C)C[C@@H](C)C2)c1[N+](=O)[O-]
ZINC000598589925,COC(=O)c1ccnc(N[C@H](C)CN2C[C@@H](C)C[C@H](C)C2)c1[N+](=O)[O-]
ZINC000598589926,COC(=O)c1ccnc(N[C@@H](C)CN2C[C@H](C)C[C@H](C)C2)c1[N+](=O)[O-]
ZINC000598591714,COC(=O)c1ccnc(NCC(C)(C)N2CCC[C@@H](C)C2)c1[N+](=O)[O-]
ZINC000598591715,COC(=O)c1ccnc(NCC(C)(C)N2CCC[C@H](C)C2)c1[N+](=O)[O-]
ZINC000609963710,CCOC(=O)c1ccnc(NCCN2CCCC[C@H]2CC)c1[N+](=O)[O-]
ZINC000609963711,CCOC(=O)c1ccnc(NCCN2CCCC[C@@H]2CC)c1[N+](=O)[O-]
ZINC000609963931,CCOC(=O)c1ccnc(NC[C@@H](C)N2CCCC[C@H]2C)c1[N+](=O)[O-]
ZINC000609963932,CCOC(=O)c1ccnc(NC[C@H](C)N2CCCC[C@H]2C)c1[N+](=O)[O-]
ZINC000609963933,CCOC(=O)c1ccnc(NC[C@@H](C)N2CCCC[C@@H]2C)c1[N+](=O)[O-]
ZINC000609963934,CCOC(=O)c1ccnc(NC[C@H](C)N2CCCC[C@@H]2C)c1[N+](=O)[O-]
ZINC000612446980,COC1CCN(CCNc2ncc([N+](=O)[O-])c(C)c2Br)CC1
ZINC000824616430,O=C(N[C@H](CN1CCCC1)c1ccccc1)C(O)c1cccc([N+](=O)[O-])c1
ZINC000824616433,O=C(N[C@H](CN1CCCC1)c1ccccc1)C(O)c1cccc([N+](=O)[O-])c1
ZINC000910363857,CCCN(CCN1CCCCC1)c1nc(C)cc(C(=O)O)c1[N+](=O)[O-]
ZINC001160752256,CN(C)/C=C/c1cc(NCCN2CCC(F)(F)CC2)ncc1[N+](=O)[O-]
ZINC000166641571,COc1ccc2c3c1O[C@H]1[C@@]4(OC)C=C[C@@]5(C[C@@H]4C(C)(C)O)[C@@H](C2)N(C)CC[C@]315
ZINC000253504633,COc1ccc2c3c1O[C@H]1[C@@]4(OC)C=C[C@@]5(C[C@H]4C(C)(C)O)[C@@H](C2)N(C)CC[C@]315
ZINC000321372837,N#Cc1ccc(NCCN2CCC(O)CC2)nc1
ZINC000321758528,N#Cc1cccnc1NCCN1CCC(O)CC1
ZINC000321775625,N#Cc1cccc(NCCN2CCC(O)CC2)n1
ZINC001138349105,C#CCOc1ccc(CN2CCC(n3c(=O)n(C)c4ccccc43)CC2)cc1OC
ZINC001161870006,CC(C)(C)C(=O)Nc1ccc(C#C[Si](C)(C)C)nc1NCCN1CCC(N)CC1
ZINC001223018010,C#CC(O[C@H]1c2ccccc2N(C)S(=O)(=O)c2cc(Cl)ccc21)C(=O)OCC
ZINC001223018015,C#CC(O[C@@H]1c2ccccc2N(C)S(=O)(=O)c2cc(Cl)ccc21)C(=O)OCC
ZINC001223018022,C#CC(O[C@H]1c2ccccc2N(C)S(=O)(=O)c2cc(Cl)ccc21)C(=O)OCC
ZINC001223018033,C#CC(O[C@@H]1c2ccccc2N(C)S(=O)(=O)c2cc(Cl)ccc21)C(=O)OCC
ZINC001223021087,C=CC(O[C@H]1c2ccccc2N(C)S(=O)(=O)c2cc(Cl)ccc21)C(=O)OC
ZINC001223021088,C=CC(O[C@@H]1c2ccccc2N(C)S(=O)(=O)c2cc(Cl)ccc21)C(=O)OC
ZINC001223021090,C=CC(O[C@@H]1c2ccccc2N(C)S(=O)(=O)c2cc(Cl)ccc21)C(=O)OC
ZINC001223021091,C=CC(O[C@H]1c2ccccc2N(C)S(=O)(=O)c2cc(Cl)ccc21)C(=O)OC
ZINC001233101327,CN(C)c1ccc(CN2CCC(n3c(=O)n(C)c4ccccc43)CC2)c(F)c1C#N
ZINC000179782221,CCOc1cccc(CN2CCC(n3c(=O)[nH]c4ccccc43)CC2)c1
ZINC000179783233,O=c1[nH]c2ccccc2n1C1CCN(Cc2cc(F)c(F)cc2F)CC1
ZINC001776595079,C[C@@H]1C[C@H](C)CN(C[C@@H](C)Nc2nc(C(F)(F)F)ccc2C(=O)O)C1
ZINC001776595081,C[C@@H]1C[C@@H](C)CN(C[C@@H](C)Nc2nc(C(F)(F)F)ccc2C(=O)O)C1
ZINC001776595084,C[C@@H]1C[C@H](C)CN(C[C@H](C)Nc2nc(C(F)(F)F)ccc2C(=O)O)C1
ZINC001776595086,C[C@@H]1C[C@@H](C)CN(C[C@H](C)Nc2nc(C(F)(F)F)ccc2C(=O)O)C1
ZINC001776641258,C[C@@H]1CCCN(C(C)(C)CNc2nc(C(F)(F)F)ccc2C(=O)O)C1
ZINC001776641259,C[C@H]1CCCN(C(C)(C)CNc2nc(C(F)(F)F)ccc2C(=O)O)C1
ZINC001776643763,CC1CCN([C@@H](CNc2nc(C(F)(F)F)ccc2C(=O)O)C(C)C)CC1
ZINC001776643764,CC1CCN([C@H](CNc2nc(C(F)(F)F)ccc2C(=O)O)C(C)C)CC1
ZINC001143382124,Cc1cc(CN2CCC(n3c(=O)n(C)c4ccccc43)CC2)cc(C)c1F
ZINC001143386627,COc1cc(F)c(F)cc1CN1CCC(n2c(=O)[nH]c3ccccc32)CC1
ZINC001143406324,COc1ccc(F)c(F)c1CN1CCC(n2c(=O)[nH]c3ccccc32)CC1
ZINC000071987476,CC(C)Oc1ccccc1CN1CCC(n2c(=O)[nH]c3ccccc32)CC1
ZINC000536096570,COc1ccc([C@@H](CN2CCCC2)NC(=O)Cc2ccc(Cl)cc2)cc1
ZINC000050959163,O=c1[nH]c2ccccc2n1C1CCN(Cc2cccc(OC(F)F)c2)CC1
ZINC000500408520,COc1ccc([C@@H](CN2CCCC2)NC(=O)C(C)c2cccc(F)c2)cc1
ZINC000500408523,COc1ccc([C@@H](CN2CCCC2)NC(=O)C(C)c2cccc(F)c2)cc1
ZINC000500408376,COc1ccc([C@@H](CN2CCCC2)NC(=O)Cc2c(C)cccc2C)cc1
ZINC000500430133,COc1ccc([C@@H](CN2CCCC2)NC(=O)C(C)c2ccccc2F)cc1
ZINC000500430137,COc1ccc([C@@H](CN2CCCC2)NC(=O)C(C)c2ccccc2F)cc1
ZINC001143523975,COc1c(F)cccc1CN1CCC(n2c(=O)[nH]c3ccccc32)CC1
ZINC001143552515,COc1c(F)cc(F)cc1CN1CCC(n2c(=O)[nH]c3ccccc32)CC1
ZINC000515606519,CC1CCN([C@@H](CNc2ncc(C(=O)N(C)C)cc2Cl)C(C)C)CC1
ZINC000515606520,CC1CCN([C@H](CNc2ncc(C(=O)N(C)C)cc2Cl)C(C)C)CC1
ZINC000506119040,CC(=O)CCc1ccc(OCC(=O)N[C@]2(C)CCCc3ccccc32)cc1
ZINC000506119041,CC(=O)CCc1ccc(OCC(=O)N[C@@]2(C)CCCc3ccccc32)cc1
ZINC000506129537,COc1ccc(CN2CCC(n3c(=O)[nH]c4ccccc43)CC2)cc1C
ZINC000507033556,O=c1[nH]c2ccccc2n1C1CCN(Cc2c(F)ccc(O)c2F)CC1
ZINC000443113323,CCc1ccccc1CC(=O)N[C@H](CN1CCCC1)c1ccc(OC)cc1
ZINC001143589477,Cc1cc(F)cc(CN2CCC(n3c(=O)n(C)c4ccccc43)CC2)c1
ZINC000013864303,COc1ccc(CN2CCC(n3c(=O)[nH]c4ccccc43)CC2)c(Cl)c1
ZINC000449009028,COc1cc(C)ccc1CN1CCC(n2c(=O)[nH]c3ccccc32)CC1
ZINC000449009003,COc1cc(F)cc(CN2CCC(n3c(=O)[nH]c4ccccc43)CC2)c1
ZINC000029177406,O=C(Cc1c(F)cccc1Cl)N[C@H](CN1CCCC1)c1ccccc1
ZINC000029178685,COc1ccc(Cl)cc1CC(=O)N[C@H](CN1CCCC1)c1ccccc1
ZINC000024911972,O=c1[nH]c2ccccc2n1C1CCN(Cc2ccccc2OC(F)F)CC1
ZINC000162331562,O=C(Cc1ccc(O)cc1Cl)N[C@H](CN1CCCC1)c1ccccc1
ZINC000121803536,O=c1[nH]c2ccccc2n1C1CCN(Cc2cc(F)c(F)c(F)c2)CC1
ZINC000477620948,COc1ccc([C@@H](CN2CCCC2)NC(=O)C(C)c2ccccc2)cc1
ZINC000477620950,COc1ccc([C@@H](CN2CCCC2)NC(=O)C(C)c2ccccc2)cc1
ZINC000537728635,COc1ccc([C@@H](CN2CCCC2)NC(=O)Cc2cccc(Cl)c2)cc1
ZINC000537730315,COc1ccc([C@@H](CN2CCCC2)NC(=O)Cc2ccccc2Cl)cc1
ZINC000537731513,COc1ccc([C@@H](CN2CCCC2)NC(=O)Cc2cc(C)ccc2C)cc1
ZINC000667490827,O=c1[nH]c2ccccc2n1C1CCN(Cc2ccc(F)c(F)c2F)CC1
ZINC001143607663,Cc1cc(CN2CCC(n3c(=O)n(C)c4ccccc43)CC2)cc(F)c1F
ZINC000487002737,O=C(Cc1ccc(F)cc1Cl)N[C@H](CN1CCCC1)c1ccccc1
ZINC000608491545,CN(C)c1cccc(CN2CCC(n3c(=O)[nH]c4ccccc43)CC2)c1
ZINC000540745788,CSc1ccccc1CC(=O)N[C@H](CN1CCCC1)c1ccccc1
ZINC000302805333,O=c1[nH]c2ccccc2n1C1CCN(Cc2c(F)cccc2Cl)CC1
ZINC000303036187,CC(C)Oc1cccc(CC(=O)N[C@H](CN2CCCC2)c2ccccc2)c1
ZINC000193174364,CCOc1ccc(CN2CCC(n3c(=O)[nH]c4ccccc43)CC2)cc1
ZINC000194407286,COc1cccc(C(C)C(=O)N[C@H](CN2CCCC2)c2ccccc2)c1
ZINC000194407303,COc1cccc(C(C)C(=O)N[C@H](CN2CCCC2)c2ccccc2)c1
ZINC000497723348,CC(C)Oc1ccccc1CC(=O)N[C@H](CN1CCCC1)c1ccccc1
ZINC000497724546,O=C(Cc1ccc(OC(F)F)cc1)N[C@H](CN1CCCC1)c1ccccc1
ZINC000134876338,O=C(Cc1cc(F)c(F)cc1F)N[C@H](CN1CCCC1)c1ccccc1
ZINC000179624116,O=c1[nH]c2ccccc2n1C1CCN(Cc2cccc(Cl)c2O)CC1
ZINC000152979818,CCOc1ccccc1CN1CCC(n2c(=O)[nH]c3ccccc32)CC1
ZINC000029177724,CCOc1ccc(CC(=O)N[C@H](CN2CCCC2)c2ccccc2)cc1
ZINC000045513286,COc1ccc(Cl)cc1CN1CCC(n2c(=O)[nH]c3ccccc32)CC1
ZINC000542784835,COc1ccc([C@@H](CN2CCCC2)NC(=O)Cc2ccc(C)c(C)c2)cc1
ZINC000118204542,O=C(Cc1ccccc1OC(F)F)N[C@H](CN1CCCC1)c1ccccc1
ZINC000499847528,O=C(Cc1cccc(OC(F)F)c1)N[C@H](CN1CCCC1)c1ccccc1
ZINC000625050337,O=c1[nH]c2ccccc2n1C1CCN(Cc2cc(O)ccc2Cl)CC1
ZINC000769617317,COc1ccc([C@@H](CN2CCCC2)NC(=O)C(F)c2ccccc2)cc1
ZINC000769617319,COc1ccc([C@@H](CN2CCCC2)NC(=O)C(F)c2ccccc2)cc1
ZINC001135444746,CCOC(C(=O)N[C@H](CN1CCCC1)c1ccccc1)c1ccccc1
ZINC001135444747,CCOC(C(=O)N[C@H](CN1CCCC1)c1ccccc1)c1ccccc1
ZINC001135612773,COc1cccc(CC(=O)N[C@H](CN2CCCC2)c2ccccc2)c1Cl
ZINC001143768052,Cc1c(F)cc(F)cc1CN1CCC(n2c(=O)n(C)c3ccccc32)CC1
ZINC001143905754,COc1ccc(CN2CCC(n3c(=O)[nH]c4ccccc43)CC2)c(F)c1F
ZINC001143967709,COc1ccc(F)c(CN2CCC(n3c(=O)[nH]c4ccccc43)CC2)c1F
ZINC001144544744,O=c1[nH]c2ccccc2n1C1CCN(Cc2c(F)cc(O)cc2F)CC1
ZINC001144647665,O=c1[nH]c2ccccc2n1C1CCN(Cc2cc(F)c(O)cc2F)CC1
ZINC001144750185,COc1c(F)ccc(F)c1CN1CCC(n2c(=O)[nH]c3ccccc32)CC1
ZINC001184829928,COC(=O)c1cnc(NC[C@@H](C(C)C)N2CCC(C)CC2)c(Cl)c1
ZINC001184829931,COC(=O)c1cnc(NC[C@H](C(C)C)N2CCC(C)CC2)c(Cl)c1
ZINC001186413005,CCCN(CCN1CCCCC1)c1cc(C(F)(F)F)c(C(=O)OC)cn1
ZINC000568030791,COc1ccc(CN2CCC(n3c(=O)[nH]c4ccccc43)CC2)c(F)c1
ZINC000578372746,O=C(Cc1cccc(Cl)c1F)N[C@H](CN1CCCC1)c1ccccc1
ZINC000779542775,COc1ccc([C@@H](CN2CCCC2)NC(=O)C(F)(F)c2ccccc2)cc1
ZINC000755453593,COc1ccc(C(F)(F)C(=O)N[C@H](CN2CCCC2)c2ccccc2)cc1
ZINC000757648338,COc1ccc(CN2CCC(n3c(=O)[nH]c4ccccc43)CC2)c(C)c1
ZINC001137627410,COc1ccc([C@@H](CN2CCCC2)NC(=O)Cc2cc(C)ccc2F)cc1
ZINC001137653369,Cn1c(=O)n(C2CCN(Cc3ccc(Cl)c(F)c3)CC2)c2ccccc21
ZINC001137660476,Cn1c(=O)n(C2CCN(Cc3ccc(Cl)cc3F)CC2)c2ccccc21
ZINC001137677588,Cc1cccc(CN2CCC(n3c(=O)n(C)c4ccccc43)CC2)c1F
ZINC001137868957,O=c1[nH]c2ccccc2n1C1CCN(Cc2cc(F)cc(F)c2F)CC1
ZINC001137927045,O=c1[nH]c2ccccc2n1C1CCN(Cc2c(F)ccc(F)c2F)CC1
ZINC001137961670,Cn1c(=O)n(C2CCN(Cc3cccc(Cl)c3F)CC2)c2ccccc21
ZINC001137969881,Cc1ccc(CN2CCC(n3c(=O)n(C)c4ccccc43)CC2)c(F)c1F
ZINC001138038391,CC(=O)Oc1cccc(CN2CCC(n3c(=O)[nH]c4ccccc43)CC2)c1
ZINC001138099926,CCOc1cccc(CN2CCC(n3c(=O)n(C)c4ccccc43)CC2)c1
ZINC001138119664,Cc1ccc(F)c(CN2CCC(n3c(=O)n(C)c4ccccc43)CC2)c1F
ZINC001138379980,COc1cccc(F)c1CN1CCC(n2c(=O)[nH]c3ccccc32)CC1
ZINC001138422613,COc1c(F)cc(CN2CCC(n3c(=O)[nH]c4ccccc43)CC2)cc1F
ZINC001138673699,Cn1c(=O)n(C2CCN(Cc3cc(F)ccc3Cl)CC2)c2ccccc21
ZINC001139710293,Cc1cc(O)cc(C)c1CN1CCC(n2c(=O)[nH]c3ccccc32)CC1
ZINC001140082006,O=c1[nH]c2ccccc2n1C1CCN(Cc2ccc(O)cc2Cl)CC1
ZINC001140085566,Cn1c(=O)n(C2CCN(Cc3ccc(O)cc3Cl)CC2)c2ccccc21
ZINC001140199687,Cc1cc(CN2CCC(n3c(=O)[nH]c4ccccc43)CC2)c(C)cc1O
ZINC001140531381,O=c1[nH]c2ccccc2n1C1CCN(Cc2c(F)cc(F)cc2F)CC1
ZINC001140538980,Cn1c(=O)n(C2CCN(Cc3cc(F)cc(Cl)c3)CC2)c2ccccc21
ZINC001140562608,Cn1c(=O)n(C2CCN(Cc3cccc(F)c3Cl)CC2)c2ccccc21
ZINC001140593070,Cc1ccc(F)cc1CN1CCC(n2c(=O)n(C)c3ccccc32)CC1
ZINC001140714009,Nc1ccc(Cl)cc1CN1CCC(n2c(=O)[nH]c3ccccc32)CC1
ZINC001140782049,Cc1cc(F)ccc1CN1CCC(n2c(=O)n(C)c3ccccc32)CC1
ZINC001140787369,O=c1[nH]c2ccccc2n1C1CCN(Cc2cc(O)cc(Cl)c2)CC1
ZINC001140794460,Cn1c(=O)n(C2CCN(Cc3cc(O)cc(Cl)c3)CC2)c2ccccc21
ZINC001140825658,COc1cc(F)c(CN2CCC(n3c(=O)[nH]c4ccccc43)CC2)c(F)c1
ZINC001140888676,O=c1[nH]c2ccccc2n1C1CCN(Cc2ccc(O)c(F)c2F)CC1
ZINC001140988660,O=c1[nH]c2ccccc2n1C1CCN(Cc2cc(F)c(O)c(F)c2)CC1
ZINC001141196939,Cc1ccc(CN2CCC(n3c(=O)n(C)c4ccccc43)CC2)c(F)c1
ZINC001143152414,COc1cc(C)cc(CN2CCC(n3c(=O)[nH]c4ccccc43)CC2)c1
ZINC001143314739,COc1c(F)ccc(CN2CCC(n3c(=O)[nH]c4ccccc43)CC2)c1F
ZINC001160753076,CC(C)(C)OC(=O)Nc1ccc(NCCN2CCC(F)(F)CC2)nc1
ZINC001203382865,Cn1c(=O)n(C2CCN(Cc3ccccc3Cl)CC2)c2ccccc21
ZINC001203406391,Cn1c(=O)n(C2CCN(Cc3c(F)cccc3Cl)CC2)c2ccccc21
ZINC001203543847,CCOc1ccccc1CN1CCC(n2c(=O)n(C)c3ccccc32)CC1
ZINC001203800594,Cn1c(=O)n(C2CCN(Cc3cccc(Cl)c3)CC2)c2ccccc21
ZINC001203921299,Cn1c(=O)n(C2CCN(Cc3ccc(Cl)cc3)CC2)c2ccccc21
ZINC001203968597,CCOc1ccc(CN2CCC(n3c(=O)n(C)c4ccccc43)CC2)cc1
ZINC001204141906,CSc1ccc(CN2CCC(n3c(=O)n(C)c4ccccc43)CC2)cc1
ZINC001204250864,COc1cccc(OC)c1CN1CCC(n2c(=O)[nH]c3ccccc32)CC1
ZINC001204284930,Cn1c(=O)n(C2CCN(Cc3ccc(F)c(Cl)c3)CC2)c2ccccc21
ZINC001204436221,Cn1c(=O)n(C2CCN(Cc3ccc(F)cc3Cl)CC2)c2ccccc21
ZINC001204513372,Cc1c(F)cccc1CN1CCC(n2c(=O)n(C)c3ccccc32)CC1
ZINC001204557568,COc1cc(CN2CCC(n3c(=O)[nH]c4ccccc43)CC2)ccc1F
ZINC001205124121,CNc1ccc(C)cc1CN1CCC(n2c(=O)[nH]c3ccccc32)CC1
ZINC001205186773,Cc1cc(CN2CCC(n3c(=O)n(C)c4ccccc43)CC2)ccc1F
ZINC001205236255,Cc1ccc(CN2CCC(n3c(=O)n(C)c4ccccc43)CC2)cc1F
ZINC001205649070,Cc1ccc(F)c(CN2CCC(n3c(=O)n(C)c4ccccc43)CC2)c1
ZINC001206020585,Cn1c(=O)n(C2CCN(Cc3cc(Cl)ccc3F)CC2)c2ccccc21
ZINC001223024200,CC(C)O[C@H]1c2ccccc2N(C)S(=O)(=O)c2cc(Cl)ccc21
ZINC001223024203,CC(C)O[C@@H]1c2ccccc2N(C)S(=O)(=O)c2cc(Cl)ccc21
ZINC001231477258,Cc1c(F)ccc(CN2CCC(n3c(=O)n(C)c4ccccc43)CC2)c1F
ZINC001231599972,COc1cc(F)ccc1CN1CCC(n2c(=O)[nH]c3ccccc32)CC1
ZINC001231730891,O=c1[nH]c2ccccc2n1C1CCN(Cc2ccc(Cl)c(O)c2)CC1
ZINC001231734188,Cn1c(=O)n(C2CCN(Cc3ccc(Cl)c(O)c3)CC2)c2ccccc21
ZINC001231785609,CSc1ccccc1CN1CCC(n2c(=O)n(C)c3ccccc32)CC1
ZINC001232424843,Cc1c(F)cc(CN2CCC(n3c(=O)n(C)c4ccccc43)CC2)cc1F
ZINC001232485317,Cc1cccc(F)c1CN1CCC(n2c(=O)n(C)c3ccccc32)CC1
ZINC001232619579,COc1cccc(C)c1CN1CCC(n2c(=O)[nH]c3ccccc32)CC1
ZINC001232783197,Cc1cc(CN2CCC(n3c(=O)n(C)c4ccccc43)CC2)c(F)cc1F
ZINC001232788449,Cn1c(=O)n(C2CCN(Cc3cccc(O)c3Cl)CC2)c2ccccc21
ZINC001232934967,O=c1[nH]c2ccccc2n1C1CCN(Cc2ccc(F)c(O)c2F)CC1
ZINC001232972054,O=c1[nH]c2ccccc2n1C1CCN(Cc2cc(O)c(F)c(F)c2)CC1
ZINC001233279639,COCOc1cccc(CN2CCC(n3c(=O)[nH]c4ccccc43)CC2)c1
ZINC001233341645,COc1cc(F)c(CN2CCC(n3c(=O)[nH]c4ccccc43)CC2)cc1F
ZINC001233373933,Nc1ccc(CN2CCC(n3c(=O)[nH]c4ccccc43)CC2)c(Cl)c1
ZINC001235202258,Cc1cc(F)c(CN2CCC(n3c(=O)n(C)c4ccccc43)CC2)c(F)c1
ZINC001235392894,CCOc1cc(O)cc(CN2CCC(n3c(=O)[nH]c4ccccc43)CC2)c1
ZINC001235439019,COc1cc(CN2CCC(n3c(=O)[nH]c4ccccc43)CC2)cc(F)c1F
ZINC001236823406,COc1cc(CN2CCC(n3c(=O)[nH]c4ccccc43)CC2)c(F)cc1F
ZINC001237160952,Cc1c(CN2CCC(n3c(=O)n(C)c4ccccc43)CC2)ccc(F)c1F
ZINC001237321054,Cc1cc(F)cc(C)c1CN1CCC(n2c(=O)n(C)c3ccccc32)CC1
ZINC001237503226,COc1c(C)cccc1CN1CCC(n2c(=O)[nH]c3ccccc32)CC1
ZINC001237707740,COc1ccc(C)c(CN2CCC(n3c(=O)[nH]c4ccccc43)CC2)c1
ZINC001238140065,Cc1cc(C(=O)O)ccc1CN1CCC(n2c(=O)[nH]c3ccccc32)CC1
ZINC001238469539,COc1c(CN2CCC(n3c(=O)[nH]c4ccccc43)CC2)ccc(F)c1F
ZINC001249950390,CN(C)c1cc(F)cc(CN2CCC(n3c(=O)[nH]c4ccccc43)CC2)c1
ZINC001306932734,COC(=O)c1cnc(NC[C@H](C)N2CCCC[C@H]2C)cc1C(F)(F)F
ZINC001306932736,COC(=O)c1cnc(NC[C@@H](C)N2CCCC[C@@H]2C)cc1C(F)(F)F
ZINC001306932738,COC(=O)c1cnc(NC[C@H](C)N2CCCC[C@@H]2C)cc1C(F)(F)F
ZINC001306932740,COC(=O)c1cnc(NC[C@@H](C)N2CCCC[C@H]2C)cc1C(F)(F)F
ZINC001308654415,CN(C)c1ccc(F)cc1CN1CCC(n2c(=O)[nH]c3ccccc32)CC1
ZINC001472685726,COC(=O)c1cnc(NCC(C)(C)N2CCC[C@@H](C)C2)cc1C(F)(F)F
ZINC001472685727,COC(=O)c1cnc(NCC(C)(C)N2CCC[C@H](C)C2)cc1C(F)(F)F
ZINC001538717479,O=C(Cc1ccc(O)c(Cl)c1)N[C@H](CN1CCCC1)c1ccccc1
ZINC001538718338,CCCOc1cccc(CC(=O)N[C@H](CN2CCCC2)c2ccccc2)c1
ZINC001540338195,Cc1cc(F)c(CC(=O)N[C@H](CN2CCCC2)c2ccccc2)cc1F
ZINC001559101811,CC[C@@H]1CCCCN1CCNc1cc(C(F)(F)F)c(C(=O)OC)cn1
ZINC001559101812,CC[C@H]1CCCCN1CCNc1cc(C(F)(F)F)c(C(=O)OC)cn1
ZINC001593621935,CC(Oc1ccc(F)cc1)C(=O)N[C@]1(C(=O)O)CC[C@H](C)c2ccccc21
ZINC001593621936,CC(Oc1ccc(F)cc1)C(=O)N[C@]1(C(=O)O)CC[C@@H](C)c2ccccc21
ZINC001593621937,CC(Oc1ccc(F)cc1)C(=O)N[C@@]1(C(=O)O)CC[C@H](C)c2ccccc21
ZINC001593621938,CC(Oc1ccc(F)cc1)C(=O)N[C@@]1(C(=O)O)CC[C@@H](C)c2ccccc21
ZINC001593651512,CC(Oc1ccccc1F)C(=O)N[C@]1(C(=O)O)CC[C@H](C)c2ccccc21
ZINC001593651515,CC(Oc1ccccc1F)C(=O)N[C@]1(C(=O)O)CC[C@@H](C)c2ccccc21
ZINC001593651517,CC(Oc1ccccc1F)C(=O)N[C@@]1(C(=O)O)CC[C@H](C)c2ccccc21
ZINC001593651519,CC(Oc1ccccc1F)C(=O)N[C@@]1(C(=O)O)CC[C@@H](C)c2ccccc21
ZINC001594227177,C[C@@H]1C[C@H](C)CN(C[C@@H](C)Nc2ncc(C(=O)O)cc2C(F)(F)F)C1
ZINC001594227178,C[C@@H]1C[C@@H](C)CN(C[C@@H](C)Nc2ncc(C(=O)O)cc2C(F)(F)F)C1
ZINC001594227179,C[C@@H]1C[C@H](C)CN(C[C@H](C)Nc2ncc(C(=O)O)cc2C(F)(F)F)C1
ZINC001594227180,C[C@@H]1C[C@@H](C)CN(C[C@H](C)Nc2ncc(C(=O)O)cc2C(F)(F)F)C1
ZINC001595878408,CCCN(CCN1CCCCC1)c1cc(C(F)(F)F)c(C(=O)O)cn1
ZINC001600192677,Cc1cc(CN2CCC(n3c(=O)[nH]c4ccccc43)CC2)ccc1C(=O)O
ZINC001600429926,Cc1ccc(F)c(OCC(=O)N[C@]2(C(=O)O)CC[C@H](C)c3ccccc32)c1
ZINC001600429927,Cc1ccc(F)c(OCC(=O)N[C@@]2(C(=O)O)CC[C@H](C)c3ccccc32)c1
ZINC001600429928,Cc1ccc(F)c(OCC(=O)N[C@]2(C(=O)O)CC[C@@H](C)c3ccccc32)c1
ZINC001600429929,Cc1ccc(F)c(OCC(=O)N[C@@]2(C(=O)O)CC[C@@H](C)c3ccccc32)c1
ZINC001600466185,Cc1ccc(OC(C)C(=O)N[C@@]2(C(=O)O)CC[C@H](C)c3ccccc32)cc1
ZINC001600466187,Cc1ccc(OC(C)C(=O)N[C@@]2(C(=O)O)CC[C@@H](C)c3ccccc32)cc1
ZINC001600466188,Cc1ccc(OC(C)C(=O)N[C@]2(C(=O)O)CC[C@H](C)c3ccccc32)cc1
ZINC001600466190,Cc1ccc(OC(C)C(=O)N[C@]2(C(=O)O)CC[C@@H](C)c3ccccc32)cc1
ZINC001600542834,Cc1cccc(OC(C)C(=O)N[C@@]2(C(=O)O)CC[C@H](C)c3ccccc32)c1
ZINC001600542835,Cc1cccc(OC(C)C(=O)N[C@@]2(C(=O)O)CC[C@@H](C)c3ccccc32)c1
ZINC001600542836,Cc1cccc(OC(C)C(=O)N[C@]2(C(=O)O)CC[C@H](C)c3ccccc32)c1
ZINC001600542837,Cc1cccc(OC(C)C(=O)N[C@]2(C(=O)O)CC[C@@H](C)c3ccccc32)c1
ZINC001604653802,C[C@@H]1C[C@H](C)CN(C[C@@H](C)Nc2cc(C(F)(F)F)c(C(=O)O)cn2)C1
ZINC001604653843,C[C@@H]1C[C@@H](C)CN(C[C@@H](C)Nc2cc(C(F)(F)F)c(C(=O)O)cn2)C1
ZINC001604653846,C[C@@H]1C[C@H](C)CN(C[C@H](C)Nc2cc(C(F)(F)F)c(C(=O)O)cn2)C1
ZINC001604653849,C[C@@H]1C[C@@H](C)CN(C[C@H](C)Nc2cc(C(F)(F)F)c(C(=O)O)cn2)C1
ZINC001604735264,C[C@@H]1CCCN(C(C)(C)CNc2ncc(C(=O)O)cc2C(F)(F)F)C1
ZINC001604735265,C[C@H]1CCCN(C(C)(C)CNc2ncc(C(=O)O)cc2C(F)(F)F)C1
ZINC001605831174,CCc1cccc(OCC(=O)N[C@]2(C(=O)O)CC[C@@H](C)c3ccccc32)c1
ZINC001605831175,CCc1cccc(OCC(=O)N[C@@]2(C(=O)O)CC[C@H](C)c3ccccc32)c1
ZINC001605831176,CCc1cccc(OCC(=O)N[C@]2(C(=O)O)CC[C@H](C)c3ccccc32)c1
ZINC001605831177,CCc1cccc(OCC(=O)N[C@@]2(C(=O)O)CC[C@@H](C)c3ccccc32)c1
ZINC001610529989,Cc1ccccc1C(C(=O)O)N1CCC(n2c(=O)[nH]c3ccccc32)CC1
ZINC001610529990,Cc1ccccc1C(C(=O)O)N1CCC(n2c(=O)[nH]c3ccccc32)CC1
ZINC001611853629,COC(=O)c1cnc(N[C@H](C)CN2C[C@H](C)C[C@H](C)C2)cc1C(F)(F)F
ZINC001611853630,COC(=O)c1cnc(N[C@H](C)CN2C[C@H](C)C[C@@H](C)C2)cc1C(F)(F)F
ZINC001611853631,COC(=O)c1cnc(N[C@H](C)CN2C[C@@H](C)C[C@H](C)C2)cc1C(F)(F)F
ZINC001611853632,COC(=O)c1cnc(N[C@@H](C)CN2C[C@H](C)C[C@H](C)C2)cc1C(F)(F)F
ZINC001618407172,O=C(Cc1ccc(F)c(Cl)c1)N[C@H](CN1CCCC1)c1ccccc1
ZINC001630884276,COc1ccc([C@@H](CN2CCCC2)NC(=O)Cc2cc(C)cc(C)c2)cc1
ZINC000060466166,O=c1[nH]c2ccccc2n1C1CCN(Cc2ccc(OC(F)F)cc2)CC1
ZINC001236772370,Cn1c(=O)n(C2CCN(Cc3cc(O)c(Br)cc3O)CC2)c2ccccc21
ZINC000135108729,CC(C)(C#N)c1ccccc1CN1CCC(n2c(=O)[nH]c3ccccc32)CC1
ZINC000186476667,N#Cc1cc(Cl)ccc1CN1CCC(n2c(=O)[nH]c3ccccc32)CC1
ZINC000611266389,N#Cc1cccc(CN2CCC(n3c(=O)[nH]c4ccccc43)CC2)c1F
ZINC001139877540,N#Cc1cc(F)cc(CN2CCC(n3c(=O)[nH]c4ccccc43)CC2)c1
ZINC001140753160,N#Cc1c(F)cc(CN2CCC(n3c(=O)[nH]c4ccccc43)CC2)cc1F
ZINC001143167497,N#Cc1ccc(F)c(CN2CCC(n3c(=O)[nH]c4ccccc43)CC2)c1F
ZINC001160752244,Cc1cnc(NCCN2CCC(F)(F)CC2)c(C#C[Si](C)(C)C)c1
ZINC001162140399,CC1CCN([C@@H](CNc2ncc(C#N)cc2Br)C(C)C)CC1
ZINC001162140443,CC1CCN([C@H](CNc2ncc(C#N)cc2Br)C(C)C)CC1
ZINC001223015296,C#C[C@H](C)O[C@@H]1c2ccccc2N(C)S(=O)(=O)c2cc(Cl)ccc21
ZINC001223015298,C#C[C@@H](C)O[C@@H]1c2ccccc2N(C)S(=O)(=O)c2cc(Cl)ccc21
ZINC001223015299,C#C[C@H](C)O[C@H]1c2ccccc2N(C)S(=O)(=O)c2cc(Cl)ccc21
ZINC001223015300,C#C[C@@H](C)O[C@H]1c2ccccc2N(C)S(=O)(=O)c2cc(Cl)ccc21
ZINC001237526531,N#Cc1cc(CN2CCC(n3c(=O)[nH]c4ccccc43)CC2)c(F)cc1F
ZINC001238779029,CCc1cc(CN2CCC(n3c(=O)n(C)c4ccccc43)CC2)ccc1C#N
ZINC001248751918,CCc1cc(C#N)ccc1CN1CCC(n2c(=O)n(C)c3ccccc32)CC1
ZINC001472685833,C[C@@H]1CCCN(C(C)(C)CNc2ncc(C#N)cc2Br)C1
ZINC001472685834,C[C@H]1CCCN(C(C)(C)CNc2ncc(C#N)cc2Br)C1
ZINC001472686094,C[C@@H]1CCCN(C(C)(C)CNc2ncc(Br)cc2C#N)C1
ZINC001472686095,C[C@H]1CCCN(C(C)(C)CNc2ncc(Br)cc2C#N)C1
ZINC000179554474,O=c1[nH]c2ccccc2n1C1CCN(Cc2ccccc2O)CC1
ZINC000237914158,Nc1ccc(CC(=O)N[C@H](CN2CCCC2)c2ccccc2)cc1
ZINC000357508290,CN(C)C1CCN(CCNc2nccc(C(N)=O)c2[N+](=O)[O-])CC1
ZINC000592976918,COC1CCN(CCNc2nc(C)cc(C(=O)O)c2[N+](=O)[O-])CC1
ZINC000301225507,C#CCNC(=O)c1ccc(NC[C@H](C(C)C)N2CCC(C)CC2)nc1
ZINC000301225508,C#CCNC(=O)c1ccc(NC[C@@H](C(C)C)N2CCC(C)CC2)nc1
ZINC000301984845,C=CCNC(=O)c1ccc(N[C@H](C)CN2C[C@H](C)C[C@@H](C)C2)nc1
ZINC000301984846,C=CCNC(=O)c1ccc(N[C@H](C)CN2C[C@@H](C)C[C@H](C)C2)nc1
ZINC000301984847,C=CCNC(=O)c1ccc(N[C@H](C)CN2C[C@H](C)C[C@H](C)C2)nc1
ZINC000301984848,C=CCNC(=O)c1ccc(N[C@@H](C)CN2C[C@H](C)C[C@H](C)C2)nc1
ZINC000443513185,C[C@@H]1CCCN([C@@H](C)CNc2ccc(C(F)(F)F)c(C#N)n2)C1
ZINC000443513188,C[C@H]1CCCN([C@H](C)CNc2ccc(C(F)(F)F)c(C#N)n2)C1
ZINC000443513190,C[C@H]1CCCN([C@@H](C)CNc2ccc(C(F)(F)F)c(C#N)n2)C1
ZINC000443513192,C[C@@H]1CCCN([C@H](C)CNc2ccc(C(F)(F)F)c(C#N)n2)C1
ZINC000443525274,C[C@@H]1CCCN(C[C@H](C)Nc2ccc(C(F)(F)F)c(C#N)n2)C1
ZINC000443525276,C[C@H]1CCCN(C[C@@H](C)Nc2ccc(C(F)(F)F)c(C#N)n2)C1
ZINC000443525278,C[C@H]1CCCN(C[C@H](C)Nc2ccc(C(F)(F)F)c(C#N)n2)C1
ZINC000443525280,C[C@@H]1CCCN(C[C@@H](C)Nc2ccc(C(F)(F)F)c(C#N)n2)C1
ZINC000450257748,C[C@@H]1CCCCN1[C@@H](C)CNc1ncc(Br)cc1C#N
ZINC000450257749,C[C@H](CNc1ncc(Br)cc1C#N)N1CCCC[C@@H]1C
ZINC000450257750,C[C@H]1CCCCN1[C@@H](C)CNc1ncc(Br)cc1C#N
ZINC000450257751,C[C@@H]1CCCCN1[C@H](C)CNc1ncc(Br)cc1C#N
ZINC000450257927,C[C@@H]1CCCN([C@@H](C)CNc2ncc(Br)cc2C#N)C1
ZINC000450257928,C[C@H]1CCCN([C@H](C)CNc2ncc(Br)cc2C#N)C1
ZINC000450257929,C[C@H]1CCCN([C@@H](C)CNc2ncc(Br)cc2C#N)C1
ZINC000450257930,C[C@@H]1CCCN([C@H](C)CNc2ncc(Br)cc2C#N)C1
ZINC000613426908,CN(C)C1CCN(CCNc2nc(C(C)(C)C)ccc2C#N)CC1
ZINC001160749320,N#Cc1cc(C#N)c(NCCN2CCC(F)(F)CC2)nc1Cl
ZINC001160749136,CCOC(=O)c1cc(C#N)c(Cl)nc1NCCN1CCC(F)(F)CC1
ZINC001160749458,CCOC(=O)c1cc(C)nc(NCCN2CCC(F)(F)CC2)c1C#N
ZINC001232679590,Cn1c(=O)n(C2CCN(Cc3cc(C#N)ccc3O)CC2)c2ccccc21
ZINC001233386468,Cn1c(=O)n(C2CCN(Cc3ccc(C#N)cc3O)CC2)c2ccccc21
ZINC001594312902,C[C@H]1CC[C@](NC(=O)COc2cccc(C#N)c2)(C(=O)O)c2ccccc21
ZINC001594312905,C[C@H]1CC[C@@](NC(=O)COc2cccc(C#N)c2)(C(=O)O)c2ccccc21
ZINC001594312907,C[C@@H]1CC[C@](NC(=O)COc2cccc(C#N)c2)(C(=O)O)c2ccccc21
ZINC001594312909,C[C@@H]1CC[C@@](NC(=O)COc2cccc(C#N)c2)(C(=O)O)c2ccccc21
ZINC001594313760,C[C@H]1CC[C@](NC(=O)COc2ccccc2C#N)(C(=O)O)c2ccccc21
ZINC001594313764,C[C@H]1CC[C@@](NC(=O)COc2ccccc2C#N)(C(=O)O)c2ccccc21
ZINC001594313767,C[C@@H]1CC[C@](NC(=O)COc2ccccc2C#N)(C(=O)O)c2ccccc21
ZINC001594313770,C[C@@H]1CC[C@@](NC(=O)COc2ccccc2C#N)(C(=O)O)c2ccccc21
ZINC000609784463,O=C(Cc1ccc([N+](=O)[O-])cc1Cl)N[C@H](CN1CCCC1)c1ccccc1
ZINC000177939477,O=c1[nH]c2ccccc2n1C1CCN(Cc2ccc(Cl)c([N+](=O)[O-])c2)CC1
ZINC000509845747,O=c1[nH]c2ccccc2n1C1CCN(Cc2c(F)cc([N+](=O)[O-])cc2F)CC1
ZINC000182601865,Cc1ccc([N+](=O)[O-])cc1[C@@H](C)N1CCC(n2c(=O)[nH]c3ccccc32)CC1
ZINC000182601886,Cc1ccc([N+](=O)[O-])cc1[C@H](C)N1CCC(n2c(=O)[nH]c3ccccc32)CC1
ZINC000515963296,COc1ccc([C@@H](CN2CCCC2)NC(=O)C(C)c2cccc([N+](=O)[O-])c2)cc1
ZINC000515963298,COc1ccc([C@@H](CN2CCCC2)NC(=O)C(C)c2cccc([N+](=O)[O-])c2)cc1
ZINC000163273090,O=c1[nH]c2ccccc2n1C1CCN(Cc2c(Cl)cccc2[N+](=O)[O-])CC1
ZINC000174812737,O=c1[nH]c2ccccc2n1C1CCN(Cc2cc(Cl)ccc2[N+](=O)[O-])CC1
ZINC000172174259,O=c1[nH]c2ccccc2n1C1CCN(Cc2cc([N+](=O)[O-])ccc2Cl)CC1
ZINC000492419474,CCOc1cc(CN2CCC(n3c(=O)[nH]c4ccccc43)CC2)ccc1[N+](=O)[O-]
ZINC000182011101,O=c1[nH]c2ccccc2n1C1CCN(Cc2ccc([N+](=O)[O-])cc2Cl)CC1
ZINC000182536071,CC(C(=O)N[C@H](CN1CCCC1)c1ccccc1)c1ccc([N+](=O)[O-])cc1F
ZINC000182536089,CC(C(=O)N[C@H](CN1CCCC1)c1ccccc1)c1ccc([N+](=O)[O-])cc1F
ZINC000116271155,O=c1[nH]c2ccccc2n1C1CCN(Cc2ccc(Cl)cc2[N+](=O)[O-])CC1
ZINC000777929834,O=C(N[C@H](CN1CCCC1)c1ccccc1)C(F)(F)c1ccc([N+](=O)[O-])cc1
ZINC000609671570,N#Cc1ccc(C(C(N)=O)N2CCC(n3c(=O)[nH]c4ccccc43)CC2)cc1
ZINC000609671573,N#Cc1ccc(C(C(N)=O)N2CCC(n3c(=O)[nH]c4ccccc43)CC2)cc1
ZINC000500387428,COc1ccc([C@@H](CN2CCCC2)NC(=O)Cc2ccc([N+](=O)[O-])cc2F)cc1
ZINC000541856507,COc1ccc([C@@H](CN2CCCC2)NC(=O)Cc2ccc(OC)c([N+](=O)[O-])c2)cc1
ZINC000589494588,COC(=O)c1ccc([N+](=O)[O-])c(CN2CCC(n3c(=O)[nH]c4ccccc43)CC2)c1
ZINC000121804722,COc1cccc(CN2CCC(n3c(=O)[nH]c4ccccc43)CC2)c1O
ZINC000179624077,COc1ccc(O)c(CN2CCC(n3c(=O)[nH]c4ccccc43)CC2)c1
ZINC000843495518,COc1ccc([C@@H](CN2CCCC2)NC(=O)Cc2ccc(N)cc2)cc1
ZINC001140749374,Cc1c(O)ccc(CN2CCC(n3c(=O)n(C)c4ccccc43)CC2)c1O
ZINC001141160247,Cn1c(=O)n(C2CCN(Cc3cc(O)ccc3O)CC2)c2ccccc21
ZINC001144504180,O=c1[nH]c2ccccc2n1C1CCN(Cc2c(O)cc(O)cc2O)CC1
ZINC001203595455,COc1cccc(CN2CCC(n3c(=O)n(C)c4ccccc43)CC2)c1O
ZINC001203627796,COc1ccc(CN2CCC(n3c(=O)n(C)c4ccccc43)CC2)c(O)c1
ZINC001203678380,COc1ccc(O)c(CN2CCC(n3c(=O)n(C)c4ccccc43)CC2)c1
ZINC001203882317,Cn1c(=O)n(C2CCN(Cc3ccc(O)c(O)c3)CC2)c2ccccc21
ZINC001204278305,Cn1c(=O)n(C2CCN(Cc3ccc(O)cc3O)CC2)c2ccccc21
ZINC001204347876,COc1cc(CN2CCC(n3c(=O)[nH]c4ccccc43)CC2)cc(O)c1O
ZINC001231449307,O=C(O)c1ccc(CN2CCC(n3c(=O)[nH]c4ccccc43)CC2)c(O)c1
ZINC001231563422,O=C(O)c1ccc(O)c(CN2CCC(n3c(=O)[nH]c4ccccc43)CC2)c1
ZINC001231633799,COc1cc(CN2CCC(n3c(=O)[nH]c4ccccc43)CC2)c(O)cc1O
ZINC001233014256,O=c1[nH]c2ccccc2n1C1CCN(Cc2cc(O)c(O)c(O)c2)CC1
ZINC001233484071,O=c1[nH]c2ccccc2n1C1CCN(Cc2cc(O)c(O)cc2O)CC1
ZINC000053897097,N#Cc1ccc(CN2CCC(n3c(=O)[nH]c4ccccc43)CC2)c(F)c1
ZINC000053944364,N#Cc1ccc(F)c(CN2CCC(n3c(=O)[nH]c4ccccc43)CC2)c1
ZINC000089695842,N#CCOc1cccc(CC(=O)N[C@H](CN2CCCC2)c2ccccc2)c1
ZINC000103139295,N#Cc1cc(F)ccc1CN1CCC(n2c(=O)[nH]c3ccccc32)CC1
ZINC000110197285,N#CCOc1ccc(CC(=O)N[C@H](CN2CCCC2)c2ccccc2)cc1
ZINC000134956774,COc1ccc(CN2CCC(n3c(=O)[nH]c4ccccc43)CC2)cc1C#N
ZINC000157404706,COc1ccc(C#N)cc1CN1CCC(n2c(=O)[nH]c3ccccc32)CC1
ZINC000160596152,N#Cc1cc(CN2CCC(n3c(=O)[nH]c4ccccc43)CC2)ccc1F
ZINC000177259445,N#Cc1ccc(F)cc1CN1CCC(n2c(=O)[nH]c3ccccc32)CC1
ZINC000179653510,COc1cc(C#N)ccc1CN1CCC(n2c(=O)[nH]c3ccccc32)CC1
ZINC000179782905,C#CCOc1ccc(CN2CCC(n3c(=O)[nH]c4ccccc43)CC2)cc1
ZINC000179782994,C#CCOc1ccccc1CN1CCC(n2c(=O)[nH]c3ccccc32)CC1
ZINC000191881120,N#Cc1ccc(CN2CCC(n3c(=O)[nH]c4ccccc43)CC2)cc1F
ZINC000264557870,N#CCOc1ccc(CN2CCC(n3c(=O)[nH]c4ccccc43)CC2)cc1
ZINC000272707097,COc1ccc([C@@H](CN2CCCC2)NC(=O)Cc2ccc(C#N)cc2)cc1
ZINC000442795957,COc1cc(CN2CCC(n3c(=O)[nH]c4ccccc43)CC2)ccc1C#N
ZINC000505235112,N#Cc1cccc(F)c1CC(=O)N[C@H](CN1CCCC1)c1ccccc1
ZINC000506104625,COc1cc(C#N)ccc1OCC(=O)N[C@@]1(C)CCCc2ccccc21
ZINC000506104636,COc1cc(C#N)ccc1OCC(=O)N[C@]1(C)CCCc2ccccc21
ZINC000813506334,C#Cc1ccccc1CC(=O)N[C@H](CN1CCCC1)c1ccc(OC)cc1
ZINC001137699489,COc1ccc(CN2CCC(n3c(=O)[nH]c4ccccc43)CC2)c(C#N)c1
ZINC001139529124,Cn1c(=O)n(C2CCN(Cc3ccc(C#N)c(F)c3)CC2)c2ccccc21
ZINC001139651843,Cn1c(=O)n(C2CCN(Cc3cc(C#N)ccc3F)CC2)c2ccccc21
ZINC001139726604,Cc1ccc(CN2CCC(n3c(=O)n(C)c4ccccc43)CC2)cc1C#N
ZINC001139875547,Cn1c(=O)n(C2CCN(Cc3cc(F)cc(C#N)c3)CC2)c2ccccc21
ZINC001140139296,Cn1c(=O)n(C2CCN(Cc3ccc(C#N)cc3F)CC2)c2ccccc21
ZINC001141166394,Cn1c(=O)n(C2CCN(Cc3ccc(F)cc3C#N)CC2)c2ccccc21
ZINC001205493779,Cn1c(=O)n(C2CCN(Cc3ccc(F)c(C#N)c3)CC2)c2ccccc21
ZINC001223023581,C#CC(C#C)O[C@H]1c2ccccc2N(C)S(=O)(=O)c2cc(Cl)ccc21
ZINC001223023583,C#CC(C#C)O[C@@H]1c2ccccc2N(C)S(=O)(=O)c2cc(Cl)ccc21
ZINC001232891779,Cn1c(=O)n(C2CCN(Cc3cc(F)ccc3C#N)CC2)c2ccccc21
ZINC001232965975,Cc1ccc(CN2CCC(n3c(=O)n(C)c4ccccc43)CC2)c(C#N)c1
ZINC001233082413,Cc1cc(C#N)ccc1CN1CCC(n2c(=O)n(C)c3ccccc32)CC1
ZINC001235522263,Cn1c(=O)n(C2CCN(Cc3ccccc3CC#N)CC2)c2ccccc21
ZINC001249686194,Cn1c(=O)n(C2CCN(Cc3cccc(C#N)c3F)CC2)c2ccccc21
ZINC001306941672,C[C@@H]1C[C@H](C)CN(C[C@@H](C)Nc2ncc(Br)cc2C#N)C1
ZINC001306941673,C[C@@H]1C[C@@H](C)CN(C[C@@H](C)Nc2ncc(Br)cc2C#N)C1
ZINC001306941674,C[C@@H]1C[C@@H](C)CN(C[C@H](C)Nc2ncc(Br)cc2C#N)C1
ZINC001306941675,C[C@@H]1C[C@H](C)CN(C[C@H](C)Nc2ncc(Br)cc2C#N)C1
ZINC001458119606,C[C@@H]1C[C@H](C)CN(C[C@@H](C)Nc2ncc(C#N)cc2Br)C1
ZINC001458119610,C[C@@H]1C[C@@H](C)CN(C[C@@H](C)Nc2ncc(C#N)cc2Br)C1
ZINC001458119612,C[C@@H]1C[C@@H](C)CN(C[C@H](C)Nc2ncc(C#N)cc2Br)C1
ZINC001458119613,C[C@@H]1C[C@H](C)CN(C[C@H](C)Nc2ncc(C#N)cc2Br)C1
ZINC001642680341,CCCN(CCN1CCCCC1)c1ncc(Br)cc1C#N
ZINC000476548621,COc1ccc([C@@H](CN2CCCC2)NC(=O)Cc2ccc(S(=O)(=O)N(C)C)cc2)cc1
ZINC000500411530,CNC(=O)COc1cccc(CC(=O)N[C@H](CN2CCCC2)c2ccc(OC)cc2)c1
ZINC000506147530,COc1cc(CN2CCC(n3c(=O)[nH]c4ccccc43)CC2)cc(OC)c1OCC(N)=O
ZINC000546117940,CCNS(=O)(=O)c1ccc(CC(=O)N[C@H](CN2CCCC2)c2ccc(OC)cc2)cc1
ZINC001116576532,CNS(=O)(=O)c1ccc(CC(=O)N[C@H](CN2CCCC2)c2ccc(OC)cc2)cc1
ZINC001223018232,CN1c2ccccc2[C@@H](OC(=O)C(O)CCC(=O)O)c2ccc(Cl)cc2S1(=O)=O
ZINC001223018240,CN1c2ccccc2[C@H](OC(=O)C(O)CCC(=O)O)c2ccc(Cl)cc2S1(=O)=O
ZINC000507594535,Cc1[nH]c2ccccc2c1CCNC1CCC(C#N)(c2ccccc2)CC1
ZINC000507609401,Cc1cccc2c(CCNC3CCC(C#N)(c4ccccc4)CC3)c[nH]c12
ZINC000507639636,Cc1cccc2[nH]cc(CCNC3CCC(C#N)(c4ccccc4)CC3)c12
ZINC000507659972,Cc1ccc2c(CCNC3CCC(C#N)(c4ccccc4)CC3)c[nH]c2c1
ZINC000012906048,O=C(Cc1ccc(Cl)cc1)N[C@H](CN1CCCC1)c1ccccc1
ZINC000029177801,O=C(Cc1ccccc1Cl)N[C@H](CN1CCCC1)c1ccccc1
ZINC000033997619,O=c1[nH]c2ccccc2n1C1CCN(Cc2ccc(Cl)cc2)CC1
ZINC000052712614,O=c1[nH]c2ccccc2n1C1CCN(Cc2ccccc2Cl)CC1
ZINC000056282094,C[C@@H](c1cccc(F)c1)N1CCC(n2c(=O)[nH]c3ccccc32)CC1
ZINC000056282095,C[C@H](c1cccc(F)c1)N1CCC(n2c(=O)[nH]c3ccccc32)CC1
ZINC000071949620,C[C@@H](c1ccccc1F)N1CCC(n2c(=O)[nH]c3ccccc32)CC1
ZINC000071949621,C[C@H](c1ccccc1F)N1CCC(n2c(=O)[nH]c3ccccc32)CC1
ZINC000078916407,CC(C(=O)N[C@H](CN1CCCC1)c1ccccc1)c1ccccc1F
ZINC000078916411,CC(C(=O)N[C@H](CN1CCCC1)c1ccccc1)c1ccccc1F
ZINC000302812665,Cc1ccc(C)c(CN2CCC(n3c(=O)[nH]c4ccccc43)CC2)c1
ZINC000302812736,Cc1cc(C)cc(CN2CCC(n3c(=O)[nH]c4ccccc43)CC2)c1
ZINC000302813247,C[C@@H](c1ccc(F)cc1)N1CCC(n2c(=O)[nH]c3ccccc32)CC1
ZINC000302813249,C[C@H](c1ccc(F)cc1)N1CCC(n2c(=O)[nH]c3ccccc32)CC1
ZINC000303763356,Cc1cccc(C)c1CN1CCC(n2c(=O)[nH]c3ccccc32)CC1
ZINC000303904772,CCc1ccc(CC(=O)N[C@H](CN2CCCC2)c2ccccc2)cc1
ZINC000303905531,CC(C(=O)N[C@H](CN1CCCC1)c1ccccc1)c1cccc(F)c1
ZINC000303905535,CC(C(=O)N[C@H](CN1CCCC1)c1ccccc1)c1cccc(F)c1
ZINC000338646572,C[C@@H]1CCCN([C@@H](C)CNc2cccc(C(=O)OC(C)(C)C)n2)C1
ZINC000338646573,C[C@H]1CCCN([C@@H](C)CNc2cccc(C(=O)OC(C)(C)C)n2)C1
ZINC000338646574,C[C@@H]1CCCN([C@H](C)CNc2cccc(C(=O)OC(C)(C)C)n2)C1
ZINC000338646575,C[C@H]1CCCN([C@H](C)CNc2cccc(C(=O)OC(C)(C)C)n2)C1
ZINC000506097727,COc1cc(C)ccc1OCC(=O)N[C@@]1(C)CCCc2ccccc21
ZINC000506097728,COc1cc(C)ccc1OCC(=O)N[C@]1(C)CCCc2ccccc21
ZINC000506105539,CC(=O)c1cccc(OCC(=O)N[C@@]2(C)CCCc3ccccc32)c1
ZINC000506105540,CC(=O)c1cccc(OCC(=O)N[C@]2(C)CCCc3ccccc32)c1
ZINC000506118577,CCOc1ccccc1OCC(=O)N[C@@]1(C)CCCc2ccccc21
ZINC000506118578,CCOc1ccccc1OCC(=O)N[C@]1(C)CCCc2ccccc21
ZINC000506132917,C[C@]1(NC(=O)COc2ccc(F)cc2F)CCCc2ccccc21
ZINC000506132918,C[C@@]1(NC(=O)COc2ccc(F)cc2F)CCCc2ccccc21
ZINC000524312688,O=C(Cc1cccc(Cl)c1)N[C@H](CN1CCCC1)c1ccccc1
ZINC000590138930,CC1(C)CCCN(CCNc2cccc(C(=O)OC(C)(C)C)n2)C1
ZINC000590216911,Cc1ccc(C)c(CC(=O)N[C@H](CN2CCCC2)c2ccccc2)c1
ZINC000641947718,Cc1ccc(CC(=O)N[C@H](CN2CCCC2)c2ccccc2)cc1C
ZINC000647448604,CC1CCN([C@@H](CNc2ncc(C(=O)O)cc2Cl)C(C)C)CC1
ZINC000647448605,CC1CCN([C@H](CNc2ncc(C(=O)O)cc2Cl)C(C)C)CC1
ZINC000681375740,C[C@@H]1CCCN([C@H](C)CNc2ncc(Br)cc2F)C1
ZINC000681375741,C[C@@H]1CCCN([C@@H](C)CNc2ncc(Br)cc2F)C1
ZINC000681375742,C[C@H]1CCCN([C@@H](C)CNc2ncc(Br)cc2F)C1
ZINC000681375743,C[C@H]1CCCN([C@H](C)CNc2ncc(Br)cc2F)C1
ZINC000769370382,O=C(N[C@H](CN1CCCC1)c1ccccc1)C(F)c1ccccc1
ZINC000769370393,O=C(N[C@H](CN1CCCC1)c1ccccc1)C(F)c1ccccc1
ZINC000795958779,CC(Oc1ccc(C=O)cc1)C(=O)N[C@@]1(C)CCCc2ccccc21
ZINC000795958780,CC(Oc1ccc(C=O)cc1)C(=O)N[C@]1(C)CCCc2ccccc21
ZINC000795958781,CC(Oc1ccc(C=O)cc1)C(=O)N[C@@]1(C)CCCc2ccccc21
ZINC000795958782,CC(Oc1ccc(C=O)cc1)C(=O)N[C@]1(C)CCCc2ccccc21
ZINC000916048395,O=C(N[C@H](CN1CCCC1)c1ccccc1)C(F)(F)c1ccccc1
ZINC001137851705,Cc1cccc(C)c1CN1CCC(n2c(=O)n(C)c3ccccc32)CC1
ZINC001140572848,Cc1cc(CN2CCC(n3c(=O)[nH]c4ccccc43)CC2)ccc1O
ZINC001141228043,CCc1ccccc1CN1CCC(n2c(=O)n(C)c3ccccc32)CC1
ZINC001144111855,Cc1c(O)cccc1CN1CCC(n2c(=O)[nH]c3ccccc32)CC1
ZINC001144323674,CCc1cccc(CN2CCC(n3c(=O)n(C)c4ccccc43)CC2)c1
ZINC001186267312,CC(=O)c1ccc(C(F)(F)F)nc1NCCN1CCCC(C)(C)C1
ZINC001203736172,Cc1ccc(CN2CCC(n3c(=O)n(C)c4ccccc43)CC2)c(C)c1
ZINC001203749644,Cc1ccc(C)c(CN2CCC(n3c(=O)n(C)c4ccccc43)CC2)c1
ZINC001204177255,CCc1ccc(CN2CCC(n3c(=O)n(C)c4ccccc43)CC2)cc1
ZINC001204354291,Cc1ccc(CN2CCC(n3c(=O)n(C)c4ccccc43)CC2)cc1C
ZINC001204526309,Cc1cc(C)cc(CN2CCC(n3c(=O)n(C)c4ccccc43)CC2)c1
ZINC001205089499,Cc1cccc(CN2CCC(n3c(=O)n(C)c4ccccc43)CC2)c1C
ZINC001232669589,CNc1ccccc1CN1CCC(n2c(=O)[nH]c3ccccc32)CC1
ZINC001232878729,Cc1cc(O)cc(CN2CCC(n3c(=O)[nH]c4ccccc43)CC2)c1
ZINC001233229705,Cc1ccc(CN2CCC(n3c(=O)[nH]c4ccccc43)CC2)cc1O
ZINC001233259046,O=c1[nH]c2ccccc2n1C1CCN(Cc2ccc(S)cc2)CC1
ZINC001238093329,Cc1ccc(O)cc1CN1CCC(n2c(=O)[nH]c3ccccc32)CC1
ZINC001266564653,Cc1ccc(F)c(OCC(=O)N[C@@]2(C)CCCc3ccccc32)c1
ZINC001266564654,Cc1ccc(F)c(OCC(=O)N[C@]2(C)CCCc3ccccc32)c1
ZINC001306930883,CC(=O)c1ccc(C(F)(F)F)nc1NC[C@H](C)N1CCCC[C@H]1C
ZINC001306930884,CC(=O)c1ccc(C(F)(F)F)nc1NC[C@@H](C)N1CCCC[C@@H]1C
ZINC001306930885,CC(=O)c1ccc(C(F)(F)F)nc1NC[C@H](C)N1CCCC[C@@H]1C
ZINC001306930886,CC(=O)c1ccc(C(F)(F)F)nc1NC[C@@H](C)N1CCCC[C@H]1C
ZINC001307165110,CC(=O)c1ccc(C(F)(F)F)nc1N[C@H](C)CN1CCC(C)CC1
ZINC001307165111,CC(=O)c1ccc(C(F)(F)F)nc1N[C@@H](C)CN1CCC(C)CC1
ZINC001435659482,CCOc1ccc(OCC(=O)N[C@@]2(C)CCCc3ccccc32)cc1
ZINC001435659484,CCOc1ccc(OCC(=O)N[C@]2(C)CCCc3ccccc32)cc1
ZINC001440534553,Cc1cc(C)cc(CC(=O)N[C@H](CN2CCCC2)c2ccccc2)c1
ZINC001458244587,COc1ccc(OCC(=O)N[C@@]2(C)CCCc3ccccc32)cc1C
ZINC001458244588,COc1ccc(OCC(=O)N[C@]2(C)CCCc3ccccc32)cc1C
ZINC001458247018,C[C@]1(NC(=O)COc2cc(F)cc(F)c2)CCCc2ccccc21
ZINC001458247019,C[C@@]1(NC(=O)COc2cc(F)cc(F)c2)CCCc2ccccc21
ZINC001520402927,CC(Oc1ccccc1F)C(=O)N[C@]1(C)CCCc2ccccc21
ZINC001520402928,CC(Oc1ccccc1F)C(=O)N[C@]1(C)CCCc2ccccc21
ZINC001520402929,CC(Oc1ccccc1F)C(=O)N[C@@]1(C)CCCc2ccccc21
ZINC001520402930,CC(Oc1ccccc1F)C(=O)N[C@@]1(C)CCCc2ccccc21
ZINC001534735725,C[C@]1(NC(=O)COc2ccc(F)c(F)c2)CCCc2ccccc21
ZINC001534735727,C[C@@]1(NC(=O)COc2ccc(F)c(F)c2)CCCc2ccccc21
ZINC001534737331,CC(Oc1ccc(F)cc1)C(=O)N[C@]1(C)CCCc2ccccc21
ZINC001534737332,CC(Oc1ccc(F)cc1)C(=O)N[C@]1(C)CCCc2ccccc21
ZINC001534737333,CC(Oc1ccc(F)cc1)C(=O)N[C@@]1(C)CCCc2ccccc21
ZINC001534737334,CC(Oc1ccc(F)cc1)C(=O)N[C@@]1(C)CCCc2ccccc21
ZINC001540412045,CCc1ccccc1CC(=O)N[C@H](CN1CCCC1)c1ccccc1
ZINC001559189294,CCCN(CCN1CCCCC1)c1ncccc1Br
ZINC001583360975,CC(Oc1cccc(F)c1)C(=O)N[C@]1(C)CCCc2ccccc21
ZINC001583360977,CC(Oc1cccc(F)c1)C(=O)N[C@]1(C)CCCc2ccccc21
ZINC001583360978,CC(Oc1cccc(F)c1)C(=O)N[C@@]1(C)CCCc2ccccc21
ZINC001583360981,CC(Oc1cccc(F)c1)C(=O)N[C@@]1(C)CCCc2ccccc21
ZINC001587056553,Cc1ccc(F)c(CC(=O)N[C@H](CN2CCCC2)c2ccccc2)c1
ZINC001650711304,C[C@@H]1CCCN(C(C)(C)CNc2ncccc2Br)C1
ZINC001650711305,C[C@H]1CCCN(C(C)(C)CNc2ncccc2Br)C1
ZINC001651362559,CC(=O)c1ccc(C(F)(F)F)nc1N[C@H](C)CN1CCCCC1
ZINC001651362560,CC(=O)c1ccc(C(F)(F)F)nc1N[C@@H](C)CN1CCCCC1
ZINC001651373403,CC(=O)c1ccc(C(F)(F)F)nc1NC[C@H](C)N1CCC[C@@H](C)C1
ZINC001651373404,CC(=O)c1ccc(C(F)(F)F)nc1NC[C@@H](C)N1CCC[C@H](C)C1
ZINC001651373405,CC(=O)c1ccc(C(F)(F)F)nc1NC[C@H](C)N1CCC[C@H](C)C1
ZINC001651373406,CC(=O)c1ccc(C(F)(F)F)nc1NC[C@@H](C)N1CCC[C@@H](C)C1
ZINC001651419412,C[C@@H]1C[C@H](C)CN(C[C@@H](C)Nc2ncccc2Br)C1
ZINC001651419413,C[C@@H]1C[C@@H](C)CN(C[C@@H](C)Nc2ncccc2Br)C1
ZINC001651419414,C[C@@H]1C[C@@H](C)CN(C[C@H](C)Nc2ncccc2Br)C1
ZINC001651419415,C[C@@H]1C[C@H](C)CN(C[C@H](C)Nc2ncccc2Br)C1
ZINC001655024735,CC(=O)c1ccc(C(F)(F)F)nc1N[C@@H](C)CN1CCC[C@@H](C)C1
ZINC001655024736,CC(=O)c1ccc(C(F)(F)F)nc1N[C@H](C)CN1CCC[C@H](C)C1
ZINC001655024737,CC(=O)c1ccc(C(F)(F)F)nc1N[C@@H](C)CN1CCC[C@H](C)C1
ZINC001655024738,CC(=O)c1ccc(C(F)(F)F)nc1N[C@H](C)CN1CCC[C@@H](C)C1
ZINC001655119781,CC[C@@H]1CCCCN1CCNc1nc(C(F)(F)F)ccc1C(C)=O
ZINC001655119782,CC[C@H]1CCCCN1CCNc1nc(C(F)(F)F)ccc1C(C)=O
ZINC001138662419,C=C(C)COc1ccccc1CN1CCC(n2c(=O)[nH]c3ccccc32)CC1
ZINC001223015301,C=CC[C@@H](C=C)O[C@@H]1c2ccccc2N(C)S(=O)(=O)c2cc(Cl)ccc21
ZINC001223015304,C=CC[C@H](C=C)O[C@@H]1c2ccccc2N(C)S(=O)(=O)c2cc(Cl)ccc21
ZINC001223015305,C=CC[C@@H](C=C)O[C@H]1c2ccccc2N(C)S(=O)(=O)c2cc(Cl)ccc21
ZINC001223015306,C=CC[C@H](C=C)O[C@H]1c2ccccc2N(C)S(=O)(=O)c2cc(Cl)ccc21
ZINC001223016630,C=C[C@H](CCC)O[C@@H]1c2ccccc2N(C)S(=O)(=O)c2cc(Cl)ccc21
ZINC001223016634,C=C[C@@H](CCC)O[C@@H]1c2ccccc2N(C)S(=O)(=O)c2cc(Cl)ccc21
ZINC001223016637,C=C[C@H](CCC)O[C@H]1c2ccccc2N(C)S(=O)(=O)c2cc(Cl)ccc21
ZINC001223016641,C=C[C@@H](CCC)O[C@H]1c2ccccc2N(C)S(=O)(=O)c2cc(Cl)ccc21
ZINC001223021302,C=C[C@H](CC)O[C@@H]1c2ccccc2N(C)S(=O)(=O)c2cc(Cl)ccc21
ZINC001223021306,C=C[C@@H](CC)O[C@@H]1c2ccccc2N(C)S(=O)(=O)c2cc(Cl)ccc21
ZINC001223021308,C=C[C@H](CC)O[C@H]1c2ccccc2N(C)S(=O)(=O)c2cc(Cl)ccc21
ZINC001223021312,C=C[C@@H](CC)O[C@H]1c2ccccc2N(C)S(=O)(=O)c2cc(Cl)ccc21
ZINC001223022423,C=CC[C@@H](C)O[C@@H]1c2ccccc2N(C)S(=O)(=O)c2cc(Cl)ccc21
ZINC001223022424,C=CC[C@@H](C)O[C@H]1c2ccccc2N(C)S(=O)(=O)c2cc(Cl)ccc21
ZINC001254347998,Cn1cc(CCNC2CCC(C#N)(c3ccc(F)cc3)CC2)c2ccccc21
ZINC001141367510,O=c1[nH]c2ccccc2n1C1CCN(Cc2cc(Cl)cc(Br)c2O)CC1
ZINC000584898461,NC(=O)c1ccc(NCCN2CCC(CO)CC2)nc1
ZINC000322289530,O=[N+]([O-])c1ccc(NCCN2CCC(O)CC2)nc1
ZINC000290606804,NC(=O)c1ccnc(NCCN2CCCCC2)c1[N+](=O)[O-]
ZINC000413329605,O=[N+]([O-])c1cnc(NCCN2CCC(O)CC2)c(F)c1
ZINC000296160900,O=[N+]([O-])c1cccnc1NCCN1CCC(O)CC1
ZINC000905704477,NC1CCN(CCNc2ncc([N+](=O)[O-])cc2F)CC1
ZINC000596158240,COC1CCN(CCNc2ccc(N)c([N+](=O)[O-])n2)CC1
ZINC001161867648,NC1CCN(CCNc2cccc([N+](=O)[O-])n2)CC1
ZINC001161867767,COc1cc(NCCN2CCC(N)CC2)ncc1[N+](=O)[O-]
ZINC001161867788,COc1nc(NCCN2CCC(N)CC2)ccc1[N+](=O)[O-]
ZINC001161867870,COc1cnc(NCCN2CCC(N)CC2)c([N+](=O)[O-])c1
ZINC001161867958,Nc1cc(NCCN2CCC(N)CC2)ncc1[N+](=O)[O-]
ZINC001161870083,Nc1cc([N+](=O)[O-])cnc1NCCN1CCC(N)CC1
ZINC000721859064,NC1CCN(CCNc2ncc(F)cc2[N+](=O)[O-])CC1
ZINC000721964516,NC1CCN(CCNc2cc([N+](=O)[O-])ccn2)CC1
ZINC000721985316,Nc1nc(NCCN2CCC(N)CC2)ccc1[N+](=O)[O-]
ZINC000342817483,CN(C)C1CCN(CCNc2ccc(S(N)(=O)=O)cn2)CC1
ZINC000186521495,C[C@@H](c1cccc(C#N)c1)N1CCC(n2c(=O)[nH]c3ccccc32)CC1
ZINC000186521516,C[C@H](c1cccc(C#N)c1)N1CCC(n2c(=O)[nH]c3ccccc32)CC1
ZINC000049538510,CN1c2ccccc2[C@H](NCCCCCCC(=O)O)c2ccccc2S1(=O)=O
ZINC000049538511,CN1c2ccccc2[C@@H](NCCCCCCC(=O)O)c2ccccc2S1(=O)=O
ZINC000052723800,COC(=O)c1cccc(CN2CCC(n3c(=O)[nH]c4ccccc43)CC2)c1
ZINC000066870782,CNC(=O)c1ccc(CN2CCC(n3c(=O)[nH]c4ccccc43)CC2)cc1
ZINC000076921405,CC(C)N(C(C)C)S(=O)(=O)c1ccc(NCCN2CCCCC2)nc1
ZINC000108930528,CCC[C@@H](C)NS(=O)(=O)c1ccc(NCCN2CCC(C)CC2)nc1
ZINC000108930529,CCC[C@H](C)NS(=O)(=O)c1ccc(NCCN2CCC(C)CC2)nc1
ZINC000121793384,COC(=O)c1ccccc1CN1CCC(n2c(=O)[nH]c3ccccc32)CC1
ZINC000121801639,COc1ccc(CN2CCC(n3c(=O)[nH]c4ccccc43)CC2)cc1O
ZINC000129735285,COC(=O)c1cccc(CC(=O)N[C@H](CN2CCCC2)c2ccccc2)c1
ZINC000158128398,COc1cccc(C(O)C(=O)N[C@H](CN2CCCC2)c2ccccc2)c1
ZINC000158128550,COc1cccc(C(O)C(=O)N[C@H](CN2CCCC2)c2ccccc2)c1
ZINC000263477528,O=C(O)c1cccc(CN2CCC(n3c(=O)[nH]c4ccccc43)CC2)c1
ZINC000271405992,COc1ccc([C@@H](CN2CCCC2)NC(=O)Cc2ccc(O)cc2)cc1
ZINC000272311735,COc1c(O)cccc1CN1CCC(n2c(=O)[nH]c3ccccc32)CC1
ZINC000276922049,CN(C)C1CCN(CCNc2ncc(Br)cc2Cl)CC1
ZINC000278699049,CN(C)C1CCN(CCNc2ncc(Cl)cc2Br)CC1
ZINC000294575844,COc1cc(CC(=O)N[C@H](CN2CCCC2)c2ccccc2)ccc1O
ZINC000302810769,COC(=O)c1ccc(CN2CCC(n3c(=O)[nH]c4ccccc43)CC2)cc1
ZINC000303535393,COCCNC(=O)c1ccc(NC[C@H](C(C)C)N2CCC(C)CC2)nc1
ZINC000303535396,COCCNC(=O)c1ccc(NC[C@@H](C(C)C)N2CCC(C)CC2)nc1
ZINC000423892873,COc1ccc([C@@H](CN2CCCC2)NC(=O)Cc2cccc(N)c2)cc1
ZINC000436074593,C[S@@+]([O-])c1ccc(CC(=O)N[C@H](CN2CCCC2)c2ccccc2)cc1
ZINC000436074594,C[S@+]([O-])c1ccc(CC(=O)N[C@H](CN2CCCC2)c2ccccc2)cc1
ZINC000448647272,COC(=O)c1ccc(CC(=O)N[C@H](CN2CCCC2)c2ccccc2)cc1
ZINC000507097452,CCC(CC)NS(=O)(=O)c1ccc(NCCN2CCC(C)CC2)nc1
ZINC000507116793,CCC(CC)NS(=O)(=O)c1ccc(NCCN2CCC[C@H](C)C2)nc1
ZINC000507116794,CCC(CC)NS(=O)(=O)c1ccc(NCCN2CCC[C@@H](C)C2)nc1
ZINC000511741204,CCC[C@H](C)NS(=O)(=O)c1ccc(NCCN2CCC[C@@H](C)C2)nc1
ZINC000511741209,CCC[C@H](C)NS(=O)(=O)c1ccc(NCCN2CCC[C@H](C)C2)nc1
ZINC000511741210,CCC[C@@H](C)NS(=O)(=O)c1ccc(NCCN2CCC[C@@H](C)C2)nc1
ZINC000511741211,CCC[C@@H](C)NS(=O)(=O)c1ccc(NCCN2CCC[C@H](C)C2)nc1
ZINC000538829044,COC(=O)c1ccccc1CC(=O)N[C@H](CN1CCCC1)c1ccccc1
ZINC000562922225,COc1ccc([C@@H](CN2CCCC2)NC(=O)Cc2ccccc2N)cc1
ZINC000630681073,COc1ccc(CC(=O)N[C@H](CN2CCCC2)c2ccccc2)cc1O
ZINC000663693055,CC(=O)c1ccc(C(F)(F)F)nc1NCCN1CCC(N(C)C)CC1
ZINC000779542219,COc1ccc([C@@H](CN2CCCC2)NC(=O)C(O)c2ccccc2)cc1
ZINC000779542221,COc1ccc([C@@H](CN2CCCC2)NC(=O)C(O)c2ccccc2)cc1
ZINC000779826568,COc1ccc([C@@H](CN2CCCC2)NC(=O)Cc2ccccc2CO)cc1
ZINC000901967710,O=C(Cc1ccccc1C(=O)O)N[C@H](CN1CCCC1)c1ccccc1
ZINC000911197404,O=C(Cc1cccc(C(=O)O)c1)N[C@H](CN1CCCC1)c1ccccc1
ZINC000911199002,O=C(Cc1ccc(C(=O)O)cc1)N[C@H](CN1CCCC1)c1ccccc1
ZINC001118541646,CCN(CC)S(=O)(=O)c1ccc(N[C@@H](C)CN2CCC(C)CC2)nc1
ZINC001118541649,CCN(CC)S(=O)(=O)c1ccc(N[C@H](C)CN2CCC(C)CC2)nc1
ZINC001138329997,Cn1c(=O)n(C2CCN(Cc3cc(O)cc(O)c3)CC2)c2ccccc21
ZINC001138795633,O=c1[nH]c2ccccc2n1C1CCN(Cc2ccc(OCCO)cc2)CC1
ZINC001139142894,COc1cc(O)ccc1CN1CCC(n2c(=O)n(C)c3ccccc32)CC1
ZINC001140504224,Cn1c(=O)n(C2CCN(Cc3ccccc3C(=O)O)CC2)c2ccccc21
ZINC001140875734,Cn1c(=O)n(C2CCN(Cc3c(N)cccc3F)CC2)c2ccccc21
ZINC001140899761,COc1ccc(CN2CCC(n3c(=O)n(C)c4ccccc43)CC2)cc1N
ZINC001160749373,CON(C)C(=O)c1cc(Cl)nc(NCCN2CCC(F)(F)CC2)c1
ZINC001160749379,CCOC(=O)c1cnc(NCCN2CCC(F)(F)CC2)cc1OCC
ZINC001160752334,CC(C)(C)C(=O)Nc1ccc(CO)nc1NCCN1CCC(F)(F)CC1
ZINC001160753082,COC(=O)c1c(Cl)cnc(NCCN2CCC(F)(F)CC2)c1OC
ZINC001161873095,CC(C)(C)OC(=O)c1cnc(NCCN2CCC(N)CC2)c(Cl)c1
ZINC001203189337,Cn1c(=O)n(C2CCN(Cc3ccc(CO)cc3)CC2)c2ccccc21
ZINC001203869760,COc1ccc(CN2CCC(n3c(=O)n(C)c4ccccc43)CC2)cc1O
ZINC001204114999,COc1cc(CN2CCC(n3c(=O)n(C)c4ccccc43)CC2)ccc1O
ZINC001204155731,Cn1c(=O)n(C2CCN(Cc3ccc(C(=O)O)cc3)CC2)c2ccccc21
ZINC001232510755,Cn1c(=O)n(C2CCN(Cc3cc(F)ccc3N)CC2)c2ccccc21
ZINC001232775845,Cn1c(=O)n(C2CCN(Cc3ccc(CCO)cc3)CC2)c2ccccc21
ZINC001232805010,COc1cc(O)cc(CN2CCC(n3c(=O)n(C)c4ccccc43)CC2)c1
ZINC001233257240,COc1c(O)cccc1CN1CCC(n2c(=O)n(C)c3ccccc32)CC1
ZINC001237193694,O=c1[nH]c2ccccc2n1C1CCN(Cc2ccccc2OCCO)CC1
ZINC001317902469,CCN(CC)S(=O)(=O)c1ccc(NC[C@H](C)N2CCC[C@@H](C)C2)nc1
ZINC001317902470,CCN(CC)S(=O)(=O)c1ccc(NC[C@H](C)N2CCC[C@H](C)C2)nc1
ZINC001317902472,CCN(CC)S(=O)(=O)c1ccc(NC[C@@H](C)N2CCC[C@@H](C)C2)nc1
ZINC001317902473,CCN(CC)S(=O)(=O)c1ccc(NC[C@@H](C)N2CCC[C@H](C)C2)nc1
ZINC001317935143,CC1CCN([C@@H](CNc2ccc(S(=O)(=O)N(C)C)cn2)C(C)C)CC1
ZINC001317935144,CC1CCN([C@H](CNc2ccc(S(=O)(=O)N(C)C)cn2)C(C)C)CC1
ZINC001320932043,CCN(CC)S(=O)(=O)c1ccc(NCCN2CCCC(C)(C)C2)nc1
ZINC001321800546,CC[C@H]1CCCCN1CCNc1ccc(S(=O)(=O)N(CC)CC)cn1
ZINC001321800548,CC[C@@H]1CCCCN1CCNc1ccc(S(=O)(=O)N(CC)CC)cn1
ZINC001594315337,C[C@H]1CC[C@](NC(=O)COc2ccc(CO)cc2)(C(=O)O)c2ccccc21
ZINC001594315338,C[C@H]1CC[C@@](NC(=O)COc2ccc(CO)cc2)(C(=O)O)c2ccccc21
ZINC001594315408,C[C@@H]1CC[C@](NC(=O)COc2ccc(CO)cc2)(C(=O)O)c2ccccc21
ZINC001594315411,C[C@@H]1CC[C@@](NC(=O)COc2ccc(CO)cc2)(C(=O)O)c2ccccc21
ZINC001604703679,C[C@H]1CC[C@@](NC(=O)COc2ccc(O)cc2)(C(=O)O)c2ccccc21
ZINC001604703683,C[C@H]1CC[C@](NC(=O)COc2ccc(O)cc2)(C(=O)O)c2ccccc21
ZINC001604703687,C[C@@H]1CC[C@@](NC(=O)COc2ccc(O)cc2)(C(=O)O)c2ccccc21
ZINC001604703690,C[C@@H]1CC[C@](NC(=O)COc2ccc(O)cc2)(C(=O)O)c2ccccc21
ZINC000002522694,O=C1CC[C@@]2(O)[C@H]3Cc4ccc(O)c5c4[C@@]2(CCN3)C1O5
ZINC000584902840,CNC(=O)c1cccnc1NCCN1CCC(CO)CC1
ZINC000534577411,Cc1ccc(C(N)=O)c(NCCN2CCC(CO)CC2)n1
ZINC000534660423,NC(=O)c1cccnc1NCCN1CCC(CO)CC1
ZINC000670440177,NC(=O)c1cccnc1NCCN1CCC[C@@H](CO)C1
ZINC000670440178,NC(=O)c1cccnc1NCCN1CCC[C@H](CO)C1
ZINC000828711072,CNC(=O)c1ccnc(NCCN2CCC[C@@H](CO)C2)c1
ZINC000828711073,CNC(=O)c1ccnc(NCCN2CCC[C@H](CO)C2)c1
ZINC000828711136,NC(=O)c1ccc(NCCN2CCC[C@@H](CO)C2)nc1
ZINC000828711137,NC(=O)c1ccc(NCCN2CCC[C@H](CO)C2)nc1
ZINC000952863032,NC(=O)c1cccnc1NCCN1CCCC[C@@H]1CO
ZINC000952863034,NC(=O)c1cccnc1NCCN1CCCC[C@H]1CO
ZINC000952871966,NC(=O)c1ccnc(NCCN2CCC[C@@H](CO)C2)c1
ZINC000952871967,NC(=O)c1ccnc(NCCN2CCC[C@H](CO)C2)c1
ZINC001506396619,O=C(O)c1cccnc1NCCN1CCC[C@@H](CO)C1
ZINC001506396625,O=C(O)c1cccnc1NCCN1CCC[C@H](CO)C1
ZINC000029177436,COc1ccc(CC(=O)N[C@H](CN2CCCC2)c2ccccc2)cc1OC
ZINC000029178413,CC(=O)Nc1ccc(CC(=O)N[C@H](CN2CCCC2)c2ccccc2)cc1
ZINC000029178489,COc1ccc(C)cc1CC(=O)N[C@H](CN1CCCC1)c1ccccc1
ZINC000029178509,COc1ccc(CC(=O)N[C@H](CN2CCCC2)c2ccccc2)cc1F
ZINC000029179028,COc1cc(CC(=O)N[C@H](CN2CCCC2)c2ccccc2)ccc1C
ZINC000052723721,COc1ccc(C)cc1CN1CCC(n2c(=O)[nH]c3ccccc32)CC1
ZINC000052723827,COc1ccc(F)cc1CN1CCC(n2c(=O)[nH]c3ccccc32)CC1
ZINC000052724375,COc1ccc(CN2CCC(n3c(=O)[nH]c4ccccc43)CC2)cc1F
ZINC000097121373,COc1ccc(OC)c(CC(=O)N[C@H](CN2CCCC2)c2ccccc2)c1
ZINC000121799933,COCc1ccc(CN2CCC(n3c(=O)[nH]c4ccccc43)CC2)cc1
ZINC000121801487,CC(=O)Nc1ccc(CN2CCC(n3c(=O)[nH]c4ccccc43)CC2)cc1
ZINC000121810083,CC(=O)Nc1ccccc1CN1CCC(n2c(=O)[nH]c3ccccc32)CC1
ZINC000122160153,CN(C)c1ccccc1CN1CCC(n2c(=O)[nH]c3ccccc32)CC1
ZINC000155482096,COc1cccc(OC)c1CC(=O)N[C@H](CN1CCCC1)c1ccccc1
ZINC000170643154,CC(=O)Nc1cccc(CN2CCC(n3c(=O)[nH]c4ccccc43)CC2)c1
ZINC000177774865,CC(=O)Oc1ccc(CN2CCC(n3c(=O)[nH]c4ccccc43)CC2)cc1
ZINC000179186327,COCc1cccc(CN2CCC(n3c(=O)[nH]c4ccccc43)CC2)c1
ZINC000179782201,COc1ccc(CN2CCC(n3c(=O)[nH]c4ccccc43)CC2)c(OC)c1
ZINC000179782651,COc1cc(CN2CCC(n3c(=O)[nH]c4ccccc43)CC2)cc(OC)c1
ZINC000179782812,COc1cccc(CN2CCC(n3c(=O)[nH]c4ccccc43)CC2)c1OC
ZINC000179783015,COc1ccc(CN2CCC(n3c(=O)[nH]c4ccccc43)CC2)cc1OC
ZINC000185542049,COc1ccc(F)cc1CC(=O)N[C@H](CN1CCCC1)c1ccccc1
ZINC000186471240,COCc1cccc(CC(=O)N[C@H](CN2CCCC2)c2ccccc2)c1
ZINC000192937515,COc1cccc(CN2CCC(n3c(=O)[nH]c4ccccc43)CC2)c1F
ZINC000193643373,COc1cc(CN2CCC(n3c(=O)[nH]c4ccccc43)CC2)ccc1C
ZINC000267144127,CN(C)C1CCN(CCNc2ncc(C(F)(F)F)cc2Cl)CC1
ZINC000267199153,CN(C)C1CCN(CCNc2ccc(C(F)(F)F)c(Cl)n2)CC1
ZINC000413672238,COc1ccc([C@@H](CN2CCCC2)NC(=O)C(OC)c2ccccc2)cc1
ZINC000424561246,CC(=O)Nc1cccc(CC(=O)N[C@H](CN2CCCC2)c2ccccc2)c1
ZINC000435449433,CC(=O)Nc1ccccc1CC(=O)N[C@H](CN1CCCC1)c1ccccc1
ZINC000435880319,COc1ccc(CC(=O)N[C@H](CN2CCCC2)c2ccccc2)c(F)c1
ZINC000450522780,COc1ccc([C@@H](CN2CCCC2)NC(=O)Cc2ccc(O)c(F)c2)cc1
ZINC000480414003,C[C@@H]1C[C@H](C)CN(C[C@@H](C)Nc2ncc(C(=O)N(C)C)cc2Cl)C1
ZINC000480414008,C[C@@H]1C[C@@H](C)CN(C[C@H](C)Nc2ncc(C(=O)N(C)C)cc2Cl)C1
ZINC000480414010,C[C@@H]1C[C@@H](C)CN(C[C@@H](C)Nc2ncc(C(=O)N(C)C)cc2Cl)C1
ZINC000480414013,C[C@@H]1C[C@H](C)CN(C[C@H](C)Nc2ncc(C(=O)N(C)C)cc2Cl)C1
ZINC000500389778,COc1ccc([C@@H](CN2CCCC2)NC(=O)Cc2ccc(F)cc2F)cc1
ZINC000500409588,COc1ccc([C@@H](CN2CCCC2)NC(=O)Cc2c(F)cccc2F)cc1
ZINC000500410466,COc1ccc([C@@H](CN2CCCC2)NC(=O)Cc2ccc(F)c(F)c2)cc1
ZINC000500410949,COc1ccc([C@@H](CN2CCCC2)NC(=O)Cc2cccc(F)c2F)cc1
ZINC000500413049,COc1ccc([C@@H](CN2CCCC2)NC(=O)Cc2ccc(C)c(O)c2)cc1
ZINC000505228539,O=C(N[C@H](CN1CCCC1)c1ccccc1)C(CO)c1ccc(Cl)cc1
ZINC000505228540,O=C(N[C@H](CN1CCCC1)c1ccccc1)C(CO)c1ccc(Cl)cc1
ZINC000506159421,C[S@@+]([O-])c1ccc(CN2CCC(n3c(=O)[nH]c4ccccc43)CC2)cc1
ZINC000506159422,C[S@+]([O-])c1ccc(CN2CCC(n3c(=O)[nH]c4ccccc43)CC2)cc1
ZINC000508830032,COc1ccc([C@@H](CN2CCCC2)NC(=O)C(OC)c2ccccc2)cc1
ZINC000536096668,COc1ccc([C@@H](CN2CCCC2)NC(=O)Cc2ccccc2C)cc1
ZINC000536096977,COc1ccc([C@@H](CN2CCCC2)NC(=O)Cc2ccccc2OC)cc1
ZINC000537728731,COc1ccc([C@@H](CN2CCCC2)NC(=O)Cc2cccc(F)c2)cc1
ZINC000537728794,COc1ccc([C@@H](CN2CCCC2)NC(=O)Cc2ccc(C)cc2)cc1
ZINC000537729242,COc1ccc([C@@H](CN2CCCC2)NC(=O)Cc2ccccc2F)cc1
ZINC000537731159,COc1ccc([C@@H](CN2CCCC2)NC(=O)Cc2cc(F)ccc2F)cc1
ZINC000539930458,COc1ccc(CC(=O)N[C@H](CN2CCCC2)c2ccc(OC)cc2)cc1
ZINC000539932661,COc1ccc([C@@H](CN2CCCC2)NC(=O)Cc2cccc(C)c2)cc1
ZINC000539932845,COc1ccc([C@@H](CN2CCCC2)NC(=O)Cc2cccc(OC)c2)cc1
ZINC000575855615,COc1ccc([C@@H](CN2CCCC2)NC(=O)Cc2ccc(F)cc2)cc1
ZINC000591920347,COC1CCN(CCNc2ncc(C(=O)OC(C)(C)C)cc2Cl)CC1
ZINC000610129342,C[C@@H]1CCCN([C@@H](C)CNc2ncccc2I)C1
ZINC000610129345,C[C@H]1CCCN([C@H](C)CNc2ncccc2I)C1
ZINC000610129347,C[C@H]1CCCN([C@@H](C)CNc2ncccc2I)C1
ZINC000610129348,C[C@@H]1CCCN([C@H](C)CNc2ncccc2I)C1
ZINC000610130893,CC[C@@H]1CCCCN1CCNc1ncccc1I
ZINC000610130894,CC[C@H]1CCCCN1CCNc1ncccc1I
ZINC000610556909,COC(=O)C(c1ccccc1)N1CCC(n2c(=O)[nH]c3ccccc32)CC1
ZINC000610556911,COC(=O)C(c1ccccc1)N1CCC(n2c(=O)[nH]c3ccccc32)CC1
ZINC000623786304,COC(C(=O)N[C@H](CN1CCCC1)c1ccccc1)c1ccc(F)cc1
ZINC000623786306,COC(C(=O)N[C@H](CN1CCCC1)c1ccccc1)c1ccc(F)cc1
ZINC000643141454,CC(=O)c1ccc(CC(=O)N[C@H](CN2CCCC2)c2ccccc2)cc1
ZINC000665989795,COc1cccc(C(OC)C(=O)N[C@H](CN2CCCC2)c2ccccc2)c1
ZINC000665989796,COc1cccc(C(OC)C(=O)N[C@H](CN2CCCC2)c2ccccc2)c1
ZINC000731625219,COc1cc(C=O)ccc1OCC(=O)N[C@@]1(C)CCCc2ccccc21
ZINC000731625220,COc1cc(C=O)ccc1OCC(=O)N[C@]1(C)CCCc2ccccc21
ZINC000734430606,COc1ccc(C=O)c(OCC(=O)N[C@@]2(C)CCCc3ccccc32)c1
ZINC000734430607,COc1ccc(C=O)c(OCC(=O)N[C@]2(C)CCCc3ccccc32)c1
ZINC000739514803,O=C(O)C(c1ccc(F)cc1)N1CCC(n2c(=O)[nH]c3ccccc32)CC1
ZINC000739514807,O=C(O)C(c1ccc(F)cc1)N1CCC(n2c(=O)[nH]c3ccccc32)CC1
ZINC000740079703,O=C(O)c1cc(F)ccc1CN1CCC(n2c(=O)[nH]c3ccccc32)CC1
ZINC000764754386,O=C(N[C@H](CN1CCCC1)c1ccccc1)C(O)c1ccccc1Cl
ZINC000813405399,O=C(N[C@H](CN1CCCC1)c1ccccc1)C(O)c1ccc(Cl)cc1
ZINC000813405404,O=C(N[C@H](CN1CCCC1)c1ccccc1)C(O)c1ccc(Cl)cc1
ZINC000833173642,O=C(O)C(c1ccccc1F)N1CCC(n2c(=O)[nH]c3ccccc32)CC1
ZINC000833173643,O=C(O)C(c1ccccc1F)N1CCC(n2c(=O)[nH]c3ccccc32)CC1
ZINC000833173888,O=C(O)C(c1ccccc1)N1CCC(n2c(=O)[nH]c3ccccc32)CC1
ZINC000833173889,O=C(O)C(c1ccccc1)N1CCC(n2c(=O)[nH]c3ccccc32)CC1
ZINC000833313594,O=C(O)c1ccc(CN2CCC(n3c(=O)[nH]c4ccccc43)CC2)cc1F
ZINC000860517256,COc1ccc([C@@H](CN2CCCC2)NC(=O)Cc2ccc(C=O)cc2)cc1
ZINC001137627595,COc1ccc([C@@H](CN2CCCC2)NC(=O)C(C)c2cccc(O)c2)cc1
ZINC001137627597,COc1ccc([C@@H](CN2CCCC2)NC(=O)C(C)c2cccc(O)c2)cc1
ZINC001137996211,COc1ccc(F)c(CN2CCC(n3c(=O)n(C)c4ccccc43)CC2)c1
ZINC001138373678,COc1ccc(F)cc1CN1CCC(n2c(=O)n(C)c3ccccc32)CC1
ZINC001138385524,COc1cccc(F)c1CN1CCC(n2c(=O)n(C)c3ccccc32)CC1
ZINC001138487104,COc1ccc(C)cc1CN1CCC(n2c(=O)n(C)c3ccccc32)CC1
ZINC001139141608,COc1cc(O)ccc1CN1CCC(n2c(=O)[nH]c3ccccc32)CC1
ZINC001139714840,Cc1cc(O)cc(C)c1CN1CCC(n2c(=O)n(C)c3ccccc32)CC1
ZINC001140048237,Cn1c(=O)n(C2CCN(Cc3cc(O)ccc3F)CC2)c2ccccc21
ZINC001140129195,Cn1c(=O)n(C2CCN(Cc3ccc(O)cc3F)CC2)c2ccccc21
ZINC001140159540,COc1cc(CN2CCC(n3c(=O)n(C)c4ccccc43)CC2)ccc1C
ZINC001140201469,Cc1cc(CN2CCC(n3c(=O)n(C)c4ccccc43)CC2)c(C)cc1O
ZINC001140482804,COc1cc(F)cc(CN2CCC(n3c(=O)n(C)c4ccccc43)CC2)c1
ZINC001140500297,O=C(O)c1ccccc1CN1CCC(n2c(=O)[nH]c3ccccc32)CC1
ZINC001140579520,Cc1cc(CN2CCC(n3c(=O)n(C)c4ccccc43)CC2)ccc1O
ZINC001140658693,Cc1cc(CN2CCC(n3c(=O)n(C)c4ccccc43)CC2)cc(C)c1O
ZINC001140678337,COc1ccc(CN2CCC(n3c(=O)n(C)c4ccccc43)CC2)c(C)c1
ZINC001140717363,Cn1c(=O)n(C2CCN(Cc3cc(Cl)ccc3N)CC2)c2ccccc21
ZINC001140893051,Cn1c(=O)n(C2CCN(Cc3ccc(O)c(F)c3F)CC2)c2ccccc21
ZINC001140897934,COc1ccc(CN2CCC(n3c(=O)[nH]c4ccccc43)CC2)cc1N
ZINC001140991740,Cn1c(=O)n(C2CCN(Cc3cc(F)c(O)c(F)c3)CC2)c2ccccc21
ZINC001141223323,COc1cccc(CN2CCC(n3c(=O)n(C)c4ccccc43)CC2)c1F
ZINC001141266196,CN(C)c1cccc(CN2CCC(n3c(=O)n(C)c4ccccc43)CC2)c1
ZINC001143155914,COc1cc(C)cc(CN2CCC(n3c(=O)n(C)c4ccccc43)CC2)c1
ZINC001143529729,COc1c(F)cccc1CN1CCC(n2c(=O)n(C)c3ccccc32)CC1
ZINC001144119122,Cc1c(O)cccc1CN1CCC(n2c(=O)n(C)c3ccccc32)CC1
ZINC001144555146,Cn1c(=O)n(C2CCN(Cc3c(F)cc(O)cc3F)CC2)c2ccccc21
ZINC001144657991,Cn1c(=O)n(C2CCN(Cc3cc(F)c(O)cc3F)CC2)c2ccccc21
ZINC001160748149,CCOC(=O)c1c(Cl)cc(C)nc1NCCN1CCC(F)(F)CC1
ZINC001160748974,CC(C)(C)NC(=O)c1ccc(Cl)nc1NCCN1CCC(F)(F)CC1
ZINC001160749176,CC(C)(C)NC(=O)c1cc(Cl)nc(NCCN2CCC(F)(F)CC2)c1
ZINC001160749221,CCOC(=O)c1c(C)cc(Cl)nc1NCCN1CCC(F)(F)CC1
ZINC001160749223,CCOC(=O)c1cc(Cl)nc(NCCN2CCC(F)(F)CC2)c1C
ZINC001160749328,CCN(CC)C(=O)c1cc(Cl)nc(NCCN2CCC(F)(F)CC2)c1
ZINC001185016443,COC(=O)c1cnc(N[C@@H](C)CN2CCC[C@@H](C)C2)cc1C(F)(F)F
ZINC001185016445,COC(=O)c1cnc(N[C@H](C)CN2CCC[C@H](C)C2)cc1C(F)(F)F
ZINC001185016447,COC(=O)c1cnc(N[C@@H](C)CN2CCC[C@H](C)C2)cc1C(F)(F)F
ZINC001185016449,COC(=O)c1cnc(N[C@H](C)CN2CCC[C@@H](C)C2)cc1C(F)(F)F
ZINC001203433843,COc1ccccc1CN1CCC(n2c(=O)n(C)c3ccccc32)CC1
ZINC001203794176,COc1ccc(CN2CCC(n3c(=O)n(C)c4ccccc43)CC2)cc1F
ZINC001203822292,COc1cccc(CN2CCC(n3c(=O)n(C)c4ccccc43)CC2)c1
ZINC001203898320,COc1ccc(CN2CCC(n3c(=O)n(C)c4ccccc43)CC2)cc1C
ZINC001203956336,COc1ccc(CN2CCC(n3c(=O)n(C)c4ccccc43)CC2)cc1
ZINC001204198045,Cn1c(=O)n(C2CCN(Cc3cccc(F)c3F)CC2)c2ccccc21
ZINC001204205473,Cn1c(=O)n(C2CCN(Cc3c(F)cccc3F)CC2)c2ccccc21
ZINC001204211134,Cn1c(=O)n(C2CCN(Cc3ccc(F)cc3F)CC2)c2ccccc21
ZINC001204219684,Cn1c(=O)n(C2CCN(Cc3cc(F)ccc3F)CC2)c2ccccc21
ZINC001204222419,Cn1c(=O)n(C2CCN(Cc3ccc(F)c(F)c3)CC2)c2ccccc21
ZINC001204234819,Cn1c(=O)n(C2CCN(Cc3cc(F)cc(F)c3)CC2)c2ccccc21
ZINC001204558296,COc1cc(CN2CCC(n3c(=O)n(C)c4ccccc43)CC2)ccc1F
ZINC001204928013,COc1ccc(CN2CCC(n3c(=O)n(C)c4ccccc43)CC2)c(F)c1
ZINC001206771144,COc1cc(C)ccc1CN1CCC(n2c(=O)n(C)c3ccccc32)CC1
ZINC001209527454,COc1cc(CN2CCC(n3c(=O)[nH]c4ccccc43)CC2)cc(F)c1O
ZINC001209778267,CN(C)c1ccccc1CN1CCC(n2c(=O)n(C)c3ccccc32)CC1
ZINC001231459278,O=C(O)c1ccc(F)c(CN2CCC(n3c(=O)[nH]c4ccccc43)CC2)c1
ZINC001231604035,COc1cc(F)ccc1CN1CCC(n2c(=O)n(C)c3ccccc32)CC1
ZINC001232301991,COCc1ccc(CN2CCC(n3c(=O)n(C)c4ccccc43)CC2)cc1
ZINC001232628501,COc1cccc(C)c1CN1CCC(n2c(=O)n(C)c3ccccc32)CC1
ZINC001232670428,CNc1ccccc1CN1CCC(n2c(=O)n(C)c3ccccc32)CC1
ZINC001232776267,O=c1[nH]c2ccccc2n1C1CCN(Cc2ccc(CCO)cc2)CC1
ZINC001232805579,COc1cc(O)cc(CN2CCC(n3c(=O)[nH]c4ccccc43)CC2)c1
ZINC001232885214,Cc1cc(O)cc(CN2CCC(n3c(=O)n(C)c4ccccc43)CC2)c1
ZINC001232935924,Cn1c(=O)n(C2CCN(Cc3ccc(F)c(O)c3F)CC2)c2ccccc21
ZINC001232973105,Cn1c(=O)n(C2CCN(Cc3cc(O)c(F)c(F)c3)CC2)c2ccccc21
ZINC001233053476,Cn1c(=O)n(C2CCN(Cc3cccc(O)c3F)CC2)c2ccccc21
ZINC001233234023,Cc1ccc(CN2CCC(n3c(=O)n(C)c4ccccc43)CC2)cc1O
ZINC001233261675,Cn1c(=O)n(C2CCN(Cc3ccc(S)cc3)CC2)c2ccccc21
ZINC001233376384,Cn1c(=O)n(C2CCN(Cc3ccc(N)cc3Cl)CC2)c2ccccc21
ZINC001233378886,Nc1cc(F)c(F)cc1CN1CCC(n2c(=O)[nH]c3ccccc32)CC1
ZINC001233381017,Cn1c(=O)n(C2CCN(Cc3cc(F)c(F)cc3N)CC2)c2ccccc21
ZINC001233395531,Cn1c(=O)n(C2CCN(Cc3c(F)ccc(O)c3F)CC2)c2ccccc21
ZINC001235431190,Nc1ccc(F)c(CN2CCC(n3c(=O)[nH]c4ccccc43)CC2)c1F
ZINC001235819174,Cn1c(=O)n(C2CCN(Cc3c(F)ccc(N)c3F)CC2)c2ccccc21
ZINC001236706144,Cn1c(=O)n(C2CCN(Cc3ccc(F)c(O)c3)CC2)c2ccccc21
ZINC001237279490,Cn1c(=O)n(C2CCN(Cc3cc(O)cc(F)c3)CC2)c2ccccc21
ZINC001237512632,COc1c(C)cccc1CN1CCC(n2c(=O)n(C)c3ccccc32)CC1
ZINC001237712558,COc1ccc(C)c(CN2CCC(n3c(=O)n(C)c4ccccc43)CC2)c1
ZINC001238104917,Cc1ccc(O)cc1CN1CCC(n2c(=O)n(C)c3ccccc32)CC1
ZINC001238362921,COc1ccc(CN2CCC(n3c(=O)[nH]c4ccccc43)CC2)c(F)c1O
ZINC001295212840,COc1ccc([C@@H](CN2CCCC2)NC(=O)Cc2cc(F)ccc2O)cc1
ZINC001463640500,COc1ccc(CC(=O)N[C@H](CN2CCCC2)c2ccccc2)c(C)c1
ZINC001559236395,COC(=O)c1cnc(N[C@H](C)CN2CCC(C)CC2)cc1C(F)(F)F
ZINC001559236396,COC(=O)c1cnc(N[C@@H](C)CN2CCC(C)CC2)cc1C(F)(F)F
ZINC001594312486,C[C@H]1CC[C@@](NC(=O)COc2ccc(F)cc2)(C(=O)O)c2ccccc21
ZINC001594312488,C[C@H]1CC[C@](NC(=O)COc2ccc(F)cc2)(C(=O)O)c2ccccc21
ZINC001594312490,C[C@@H]1CC[C@@](NC(=O)COc2ccc(F)cc2)(C(=O)O)c2ccccc21
ZINC001594312492,C[C@@H]1CC[C@](NC(=O)COc2ccc(F)cc2)(C(=O)O)c2ccccc21
ZINC001600467965,Cc1ccc(OCC(=O)N[C@@]2(C(=O)O)CC[C@H](C)c3ccccc32)cc1
ZINC001600467966,Cc1ccc(OCC(=O)N[C@]2(C(=O)O)CC[C@@H](C)c3ccccc32)cc1
ZINC001600467967,Cc1ccc(OCC(=O)N[C@@]2(C(=O)O)CC[C@@H](C)c3ccccc32)cc1
ZINC001600467968,Cc1ccc(OCC(=O)N[C@]2(C(=O)O)CC[C@H](C)c3ccccc32)cc1
ZINC001600584783,Cc1ccccc1OCC(=O)N[C@]1(C(=O)O)CC[C@H](C)c2ccccc21
ZINC001600584784,Cc1ccccc1OCC(=O)N[C@@]1(C(=O)O)CC[C@H](C)c2ccccc21
ZINC001600584785,Cc1ccccc1OCC(=O)N[C@]1(C(=O)O)CC[C@@H](C)c2ccccc21
ZINC001600584786,Cc1ccccc1OCC(=O)N[C@@]1(C(=O)O)CC[C@@H](C)c2ccccc21
ZINC001604439519,CC(Oc1ccccc1)C(=O)N[C@@]1(C(=O)O)CC[C@H](C)c2ccccc21
ZINC001604439521,CC(Oc1ccccc1)C(=O)N[C@]1(C(=O)O)CC[C@@H](C)c2ccccc21
ZINC001604439523,CC(Oc1ccccc1)C(=O)N[C@]1(C(=O)O)CC[C@H](C)c2ccccc21
ZINC001604439525,CC(Oc1ccccc1)C(=O)N[C@@]1(C(=O)O)CC[C@@H](C)c2ccccc21
ZINC001610826518,O=C(O)c1ccc(CN2CCC(n3c(=O)[nH]c4ccccc43)CC2)c(F)c1
ZINC001650627836,COC(=O)c1cnc(NC[C@H](C)N2CCC[C@@H](C)C2)cc1C(F)(F)F
ZINC001650627837,COC(=O)c1cnc(NC[C@@H](C)N2CCC[C@H](C)C2)cc1C(F)(F)F
ZINC001650627938,COC(=O)c1cnc(NC[C@H](C)N2CCC[C@H](C)C2)cc1C(F)(F)F
ZINC001650627939,COC(=O)c1cnc(NC[C@@H](C)N2CCC[C@@H](C)C2)cc1C(F)(F)F
ZINC001651012633,COC(=O)c1cnc(NCCN2CCCC(C)(C)C2)cc1C(F)(F)F
ZINC000040444306,CC1CCN(CCNc2ncc(Cl)cc2Cl)CC1
ZINC000049502195,C[C@@H](CN1CCCCC1)Nc1ncc(Cl)cc1Cl
ZINC000049502197,C[C@H](CN1CCCCC1)Nc1ncc(Cl)cc1Cl
ZINC000301571833,CC[C@@H]1CCCCN1CCNc1ncc(Cl)cc1F
ZINC000301571835,CC[C@H]1CCCCN1CCNc1ncc(Cl)cc1F
ZINC000613491168,C[C@H]1CCCN(CCNc2ncc(Cl)cc2Cl)C1
ZINC000613491170,C[C@@H]1CCCN(CCNc2ncc(Cl)cc2Cl)C1
ZINC001160753718,CC(C)(C)c1ccc(NCCN2CCC(F)(F)CC2)nc1
ZINC000040444302,CC1CCN(CCNc2ncc(C(F)(F)F)cc2Cl)CC1
ZINC000048065700,FC(F)(F)c1cnc(NCCN2CCCCC2)c(Cl)c1
ZINC000095958478,C[C@]1(NC(=O)COc2ccccc2F)CCCc2ccccc21
ZINC000095958479,C[C@@]1(NC(=O)COc2ccccc2F)CCCc2ccccc21
ZINC000107681105,C[C@@H]1CCCN(CCNc2ncc(C(F)(F)F)cc2Cl)C1
ZINC000107681108,C[C@H]1CCCN(CCNc2ncc(C(F)(F)F)cc2Cl)C1
ZINC000119305197,CC(C(=O)N[C@H](CN1CCCC1)c1ccccc1)c1ccccc1
ZINC000119305329,CC(C(=O)N[C@H](CN1CCCC1)c1ccccc1)c1ccccc1
ZINC000146360296,C[C@@H](c1ccccc1)N1CCC(n2c(=O)[nH]c3ccccc32)CC1
ZINC000146360485,C[C@H](c1ccccc1)N1CCC(n2c(=O)[nH]c3ccccc32)CC1
ZINC000301073461,C[C@@H]1CCCN([C@@H](C)CNc2ccc(C(F)(F)F)cn2)C1
ZINC000301075446,C[C@H]1CCCN([C@H](C)CNc2ccc(C(F)(F)F)cn2)C1
ZINC000301075448,C[C@H]1CCCN([C@@H](C)CNc2ccc(C(F)(F)F)cn2)C1
ZINC000301075450,C[C@@H]1CCCN([C@H](C)CNc2ccc(C(F)(F)F)cn2)C1
ZINC000301108133,C[C@@H]1CCCN(C[C@H](C)Nc2ccc(C(F)(F)F)cn2)C1
ZINC000301108135,C[C@H]1CCCN(C[C@@H](C)Nc2ccc(C(F)(F)F)cn2)C1
ZINC000301108136,C[C@H]1CCCN(C[C@H](C)Nc2ccc(C(F)(F)F)cn2)C1
ZINC000301108137,C[C@@H]1CCCN(C[C@@H](C)Nc2ccc(C(F)(F)F)cn2)C1
ZINC000301114446,C[C@@H]1CCCN([C@@H](C)CNc2ncccc2C(F)(F)F)C1
ZINC000301114447,C[C@H]1CCCN([C@H](C)CNc2ncccc2C(F)(F)F)C1
ZINC000301114448,C[C@H]1CCCN([C@@H](C)CNc2ncccc2C(F)(F)F)C1
ZINC000301114449,C[C@@H]1CCCN([C@H](C)CNc2ncccc2C(F)(F)F)C1
ZINC000301125239,C[C@@H]1CCCN([C@@H](C)CNc2cccc(C(F)(F)F)n2)C1
ZINC000301125240,C[C@H]1CCCN([C@H](C)CNc2cccc(C(F)(F)F)n2)C1
ZINC000301125241,C[C@H]1CCCN([C@@H](C)CNc2cccc(C(F)(F)F)n2)C1
ZINC000301125242,C[C@@H]1CCCN([C@H](C)CNc2cccc(C(F)(F)F)n2)C1
ZINC000301346419,CC[C@@H]1CCCCN1CCNc1ccc(Br)cn1
ZINC000301346421,CC[C@H]1CCCCN1CCNc1ccc(Br)cn1
ZINC000301546571,C[C@@H]1CCCN([C@@H](C)CNc2cc(C(F)(F)F)ccn2)C1
ZINC000301546572,C[C@H]1CCCN([C@H](C)CNc2cc(C(F)(F)F)ccn2)C1
ZINC000301546573,C[C@H]1CCCN([C@@H](C)CNc2cc(C(F)(F)F)ccn2)C1
ZINC000301546574,C[C@@H]1CCCN([C@H](C)CNc2cc(C(F)(F)F)ccn2)C1
ZINC000303052057,C[C@@H]1C[C@H](C)CN(C[C@@H](C)Nc2ccc(C(F)(F)F)cn2)C1
ZINC000303052060,C[C@@H]1C[C@@H](C)CN(C[C@@H](C)Nc2ccc(C(F)(F)F)cn2)C1
ZINC000303052061,C[C@@H]1C[C@@H](C)CN(C[C@H](C)Nc2ccc(C(F)(F)F)cn2)C1
ZINC000303052064,C[C@@H]1C[C@H](C)CN(C[C@H](C)Nc2ccc(C(F)(F)F)cn2)C1
ZINC000303451865,C[C@@H]1C[C@H](C)CN(C[C@@H](C)Nc2ncccc2C(F)(F)F)C1
ZINC000303451866,C[C@@H]1C[C@@H](C)CN(C[C@@H](C)Nc2ncccc2C(F)(F)F)C1
ZINC000303451867,C[C@@H]1C[C@@H](C)CN(C[C@H](C)Nc2ncccc2C(F)(F)F)C1
ZINC000303451868,C[C@@H]1C[C@H](C)CN(C[C@H](C)Nc2ncccc2C(F)(F)F)C1
ZINC000303503070,C[C@@H]1C[C@H](C)CN(C[C@@H](C)Nc2cccc(C(F)(F)F)n2)C1
ZINC000303503076,C[C@@H]1C[C@@H](C)CN(C[C@@H](C)Nc2cccc(C(F)(F)F)n2)C1
ZINC000303503083,C[C@@H]1C[C@@H](C)CN(C[C@H](C)Nc2cccc(C(F)(F)F)n2)C1
ZINC000303503089,C[C@@H]1C[C@H](C)CN(C[C@H](C)Nc2cccc(C(F)(F)F)n2)C1
ZINC000303510100,CC[C@@H]1CCCCN1CCNc1ccc(C(F)(F)F)cn1
ZINC000303510102,CC[C@H]1CCCCN1CCNc1ccc(C(F)(F)F)cn1
ZINC000303529665,CC[C@@H]1CCCCN1CCNc1ncccc1C(F)(F)F
ZINC000303529667,CC[C@H]1CCCCN1CCNc1ncccc1C(F)(F)F
ZINC000342119414,CC[C@@H]1CCCCN1CCNc1ncccc1Br
ZINC000342119415,CC[C@H]1CCCCN1CCNc1ncccc1Br
ZINC000359600781,CC[C@@H]1CCCCN1CCNc1cc(Br)ccn1
ZINC000359600782,CC[C@H]1CCCCN1CCNc1cc(Br)ccn1
ZINC000500410046,CC[C@@H]1CCCCN1CCNc1cccc(C(F)(F)F)n1
ZINC000500410049,CC[C@H]1CCCCN1CCNc1cccc(C(F)(F)F)n1
ZINC000506081773,C[C@]1(NC(=O)COc2ccc(F)cc2)CCCc2ccccc21
ZINC000506081774,C[C@@]1(NC(=O)COc2ccc(F)cc2)CCCc2ccccc21
ZINC000506117057,C[C@]1(NC(=O)COc2cccc(F)c2)CCCc2ccccc21
ZINC000506117058,C[C@@]1(NC(=O)COc2cccc(F)c2)CCCc2ccccc21
ZINC000510095666,C[C@@H]1CCCN([C@H](C)CNc2ncc(Cl)cc2Cl)C1
ZINC000510095667,C[C@@H]1CCCN([C@@H](C)CNc2ncc(Cl)cc2Cl)C1
ZINC000510095668,C[C@H]1CCCN([C@@H](C)CNc2ncc(Cl)cc2Cl)C1
ZINC000510095669,C[C@H]1CCCN([C@H](C)CNc2ncc(Cl)cc2Cl)C1
ZINC000728199682,FC(F)(F)c1ccc(NCCN2CCCCC2)nc1Cl
ZINC000917068318,CC1CCN(CCNc2ccc(C(F)(F)F)c(Cl)n2)CC1
ZINC000917068978,C[C@H]1CCCN(CCNc2ccc(C(F)(F)F)c(Cl)n2)C1
ZINC000917068979,C[C@@H]1CCCN(CCNc2ccc(C(F)(F)F)c(Cl)n2)C1
ZINC001127490407,CCc1ccccc1OCC(=O)N[C@@]1(C)CCCc2ccccc21
ZINC001127490409,CCc1ccccc1OCC(=O)N[C@]1(C)CCCc2ccccc21
ZINC001160747608,FC1(F)CCN(CCNc2cc(Cl)cc(Cl)n2)CC1
ZINC001160748187,FC1(F)CCN(CCNc2ncc(Cl)cc2Cl)CC1
ZINC001160749202,FC1(F)CCN(CCNc2nc(Cl)ccc2Cl)CC1
ZINC001160751874,CSc1cc(Cl)cnc1NCCN1CCC(F)(F)CC1
ZINC001160752065,Cc1nc(NCCN2CCC(F)(F)CC2)c(Cl)cc1Cl
ZINC001357510244,Cc1ccccc1OCC(=O)N[C@@]1(C)CCCc2ccccc21
ZINC001357510245,Cc1ccccc1OCC(=O)N[C@]1(C)CCCc2ccccc21
ZINC001357510865,Cc1cccc(OCC(=O)N[C@@]2(C)CCCc3ccccc32)c1
ZINC001357510866,Cc1cccc(OCC(=O)N[C@]2(C)CCCc3ccccc32)c1
ZINC001472831359,CC1CCN(C[C@@H](C)Nc2ccc(C(F)(F)F)cn2)CC1
ZINC001472831361,CC1CCN(C[C@H](C)Nc2ccc(C(F)(F)F)cn2)CC1
ZINC001520402843,CC(Oc1ccccc1)C(=O)N[C@]1(C)CCCc2ccccc21
ZINC001520402844,CC(Oc1ccccc1)C(=O)N[C@]1(C)CCCc2ccccc21
ZINC001520402845,CC(Oc1ccccc1)C(=O)N[C@@]1(C)CCCc2ccccc21
ZINC001520402846,CC(Oc1ccccc1)C(=O)N[C@@]1(C)CCCc2ccccc21
ZINC001534736208,Cc1ccc(OCC(=O)N[C@@]2(C)CCCc3ccccc32)cc1
ZINC001534736209,Cc1ccc(OCC(=O)N[C@]2(C)CCCc3ccccc32)cc1
ZINC001536643170,CCc1cccc(OCC(=O)N[C@@]2(C)CCCc3ccccc32)c1
ZINC001536643172,CCc1cccc(OCC(=O)N[C@]2(C)CCCc3ccccc32)c1
ZINC001559176572,CC1(C)CCCN(CCNc2ccc(C(F)(F)F)cn2)C1
ZINC001559219664,CN(CCN1CCCCC1)c1ncc(C(F)(F)F)cc1Cl
ZINC001583361421,CCc1ccc(OCC(=O)N[C@@]2(C)CCCc3ccccc32)cc1
ZINC001583361422,CCc1ccc(OCC(=O)N[C@]2(C)CCCc3ccccc32)cc1
ZINC001639901537,CCCN(CCN1CCCCC1)c1ccc(C(F)(F)F)cn1
ZINC001650629659,C[C@@H]1CCCCN1[C@@H](C)CNc1ncccc1Br
ZINC001650629660,C[C@H](CNc1ncccc1Br)N1CCCC[C@@H]1C
ZINC001650629661,C[C@H]1CCCCN1[C@@H](C)CNc1ncccc1Br
ZINC001650629662,C[C@@H]1CCCCN1[C@H](C)CNc1ncccc1Br
ZINC000297519526,CN(C)C1CCN(CCNc2ncc(Br)cc2C#N)CC1
ZINC000882056034,CN(C)C1CCN(CCNc2ncc(C#N)cc2Br)CC1
ZINC001120820681,CN(C)C1CCN(CCNc2nc(Br)ccc2C#N)CC1
ZINC000500413021,COc1ccc([C@@H](CN2CCCC2)NC(=O)Cc2cccc(OCC(F)(F)F)c2)cc1
ZINC000432937142,COC(=O)c1cccc(Br)c1CN1CCC(n2c(=O)[nH]c3ccccc32)CC1
ZINC000501266796,COC(=O)C(c1cccc(Br)c1)N1CCC(n2c(=O)[nH]c3ccccc32)CC1
ZINC000501266798,COC(=O)C(c1cccc(Br)c1)N1CCC(n2c(=O)[nH]c3ccccc32)CC1
ZINC000506126024,COc1cc(Br)c(CN2CCC(n3c(=O)[nH]c4ccccc43)CC2)c(OC)c1
ZINC000441250276,O=c1[nH]c2ccccc2n1C1CCN(Cc2ccc(I)cc2)CC1
ZINC001141915623,Cn1c(=O)n(C2CCN(Cc3cc(F)c(Br)cc3F)CC2)c2ccccc21
ZINC000615089965,COc1ccc(CN2CCC(n3c(=O)[nH]c4ccccc43)CC2)c(Br)c1OC
ZINC000481900868,CCS(=O)(=O)c1c(Cl)cccc1CN1CCC(n2c(=O)[nH]c3ccccc32)CC1
ZINC000491090076,COc1cc(Br)c(CN2CCC(n3c(=O)[nH]c4ccccc43)CC2)cc1O
ZINC000506136567,COc1cc(Br)c(CN2CCC(n3c(=O)[nH]c4ccccc43)CC2)cc1OC
ZINC000556601698,COC(=O)c1ccc(CN2CCC(n3c(=O)[nH]c4ccccc43)CC2)c(Br)c1
ZINC000543020045,COC(=O)C(c1ccccc1C(F)(F)F)N1CCC(n2c(=O)[nH]c3ccccc32)CC1
ZINC000543020046,COC(=O)C(c1ccccc1C(F)(F)F)N1CCC(n2c(=O)[nH]c3ccccc32)CC1
ZINC000768217112,O=c1[nH]c2ccccc2n1C1CCN(Cc2ccccc2I)CC1
ZINC000769023074,CNC(=O)C(Cc1c[nH]c2ccccc12)NC1CCC(O)(c2ccc(C(C)C)cc2)CC1
ZINC001136854284,Cn1c(=O)n(C2CCN(Cc3cc(Br)c(F)cc3F)CC2)c2ccccc21
ZINC001143820083,Cn1c(=O)n(C2CCN(Cc3c(F)ccc(F)c3Br)CC2)c2ccccc21
ZINC001143879059,COc1ccc(CN2CCC(n3c(=O)n(C)c4ccccc43)CC2)cc1OC(F)(F)F
ZINC001144005460,COc1ccc(OC(F)(F)F)cc1CN1CCC(n2c(=O)n(C)c3ccccc32)CC1
ZINC001144057006,COc1ccc(CN2CCC(n3c(=O)n(C)c4ccccc43)CC2)c(OC(F)(F)F)c1
ZINC001144589024,Cc1cc(CN2CCC(n3c(=O)n(C)c4ccccc43)CC2)c(F)cc1Br
ZINC000546961736,COc1ccc(CN2CCC(n3c(=O)[nH]c4ccccc43)CC2)c(Br)c1O
ZINC000579407113,COc1cc(CN2CCC(n3c(=O)[nH]c4ccccc43)CC2)cc(OC)c1OCC(F)F
ZINC001137627266,COc1ccc([C@@H](CN2CCCC2)NC(=O)Cc2ccc(F)c(Br)c2)cc1
ZINC001138200318,CCOc1cc(CN2CCC(n3c(=O)[nH]c4ccccc43)CC2)cc(Br)c1O
ZINC001138849165,COc1cc(OC(F)(F)F)ccc1CN1CCC(n2c(=O)n(C)c3ccccc32)CC1
ZINC001138914102,COc1cc(CN2CCC(n3c(=O)[nH]c4ccccc43)CC2)c(OC)cc1Br
ZINC001138994442,CCOc1ccc(Br)cc1CN1CCC(n2c(=O)n(C)c3ccccc32)CC1
ZINC001139859586,COc1cc(OC)c(CN2CCC(n3c(=O)[nH]c4ccccc43)CC2)cc1Br
ZINC001140554626,Cc1c(F)cc(CN2CCC(n3c(=O)n(C)c4ccccc43)CC2)cc1Br
ZINC001140697846,Cc1cc(F)c(CN2CCC(n3c(=O)n(C)c4ccccc43)CC2)cc1Br
ZINC001140794989,Cc1cc(Br)c(F)cc1CN1CCC(n2c(=O)n(C)c3ccccc32)CC1
ZINC001140881033,Cn1c(=O)n(C2CCN(Cc3cc(F)c(C(F)(F)F)c(F)c3)CC2)c2ccccc21
ZINC001141561831,Cn1c(=O)n(C2CCN(Cc3c(F)cc(Br)cc3F)CC2)c2ccccc21
ZINC001141749640,Cn1c(=O)n(C2CCN(Cc3ccc(Br)c(F)c3F)CC2)c2ccccc21
ZINC001141776106,Cn1c(=O)n(C2CCN(Cc3c(F)ccc(Br)c3F)CC2)c2ccccc21
ZINC001141802989,Cn1c(=O)n(C2CCN(Cc3cc(Br)cc(F)c3F)CC2)c2ccccc21
ZINC001142013309,Cn1c(=O)n(C2CCN(Cc3cc(F)c(F)cc3Br)CC2)c2ccccc21
ZINC001142888281,COc1c(Br)ccc(F)c1CN1CCC(n2c(=O)[nH]c3ccccc32)CC1
ZINC001142892496,COc1c(Br)ccc(F)c1CN1CCC(n2c(=O)n(C)c3ccccc32)CC1
ZINC001143310946,COc1ccc(F)c(C(F)(F)F)c1CN1CCC(n2c(=O)n(C)c3ccccc32)CC1
ZINC001143336091,Cn1c(=O)n(C2CCN(Cc3c(Br)ccc(F)c3F)CC2)c2ccccc21
ZINC001204101452,COc1cc(CN2CCC(n3c(=O)[nH]c4ccccc43)CC2)cc(Br)c1O
ZINC001205123809,COc1cc(CN2CCC(n3c(=O)[nH]c4ccccc43)CC2)c(F)cc1Br
ZINC001223016699,CCC[C@@H](CC(=O)OC)O[C@H]1c2ccccc2N(C)S(=O)(=O)c2cc(Cl)ccc21
ZINC001223016702,CCC[C@H](CC(=O)OC)O[C@@H]1c2ccccc2N(C)S(=O)(=O)c2cc(Cl)ccc21
ZINC001223016703,CCC[C@H](CC(=O)OC)O[C@H]1c2ccccc2N(C)S(=O)(=O)c2cc(Cl)ccc21
ZINC001223016704,CCC[C@@H](CC(=O)OC)O[C@@H]1c2ccccc2N(C)S(=O)(=O)c2cc(Cl)ccc21
ZINC001223017575,CCOCC(COCC)O[C@H]1c2ccccc2N(C)S(=O)(=O)c2cc(Cl)ccc21
ZINC001223017578,CCOCC(COCC)O[C@@H]1c2ccccc2N(C)S(=O)(=O)c2cc(Cl)ccc21
ZINC001223017917,CCCC(O[C@@H]1c2ccccc2N(C)S(=O)(=O)c2cc(Cl)ccc21)C(=O)OCC
ZINC001223017919,CCCC(O[C@H]1c2ccccc2N(C)S(=O)(=O)c2cc(Cl)ccc21)C(=O)OCC
ZINC001223017920,CCCC(O[C@H]1c2ccccc2N(C)S(=O)(=O)c2cc(Cl)ccc21)C(=O)OCC
ZINC001223017922,CCCC(O[C@@H]1c2ccccc2N(C)S(=O)(=O)c2cc(Cl)ccc21)C(=O)OCC
ZINC001223017925,CCCCOC(=O)C(C)O[C@@H]1c2ccccc2N(C)S(=O)(=O)c2cc(Cl)ccc21
ZINC001223017926,CCCCOC(=O)C(C)O[C@@H]1c2ccccc2N(C)S(=O)(=O)c2cc(Cl)ccc21
ZINC001223017928,CCCCOC(=O)C(C)O[C@H]1c2ccccc2N(C)S(=O)(=O)c2cc(Cl)ccc21
ZINC001223017929,CCCCOC(=O)C(C)O[C@H]1c2ccccc2N(C)S(=O)(=O)c2cc(Cl)ccc21
ZINC001223019910,COC[C@H](C)OC[C@H](C)O[C@H]1c2ccccc2N(C)S(=O)(=O)c2cc(Cl)ccc21
ZINC001223019911,COC[C@H](C)OC[C@@H](C)O[C@@H]1c2ccccc2N(C)S(=O)(=O)c2cc(Cl)ccc21
ZINC001223019912,COC[C@H](C)OC[C@H](C)O[C@@H]1c2ccccc2N(C)S(=O)(=O)c2cc(Cl)ccc21
ZINC001223019913,COC[C@H](C)OC[C@@H](C)O[C@H]1c2ccccc2N(C)S(=O)(=O)c2cc(Cl)ccc21
ZINC001223020787,CC(O[C@@H]1c2ccccc2N(C)S(=O)(=O)c2cc(Cl)ccc21)C(=O)OC(C)(C)C
ZINC001223021074,CC(O[C@H]1c2ccccc2N(C)S(=O)(=O)c2cc(Cl)ccc21)C(=O)OC(C)(C)C
ZINC001223024088,CO[C@H](C)CO[C@@H](C)CO[C@@H]1c2ccccc2N(C)S(=O)(=O)c2cc(Cl)ccc21
ZINC001223024094,CO[C@H](C)CO[C@H](C)CO[C@H]1c2ccccc2N(C)S(=O)(=O)c2cc(Cl)ccc21
ZINC001223024098,CO[C@H](C)CO[C@H](C)CO[C@@H]1c2ccccc2N(C)S(=O)(=O)c2cc(Cl)ccc21
ZINC001223024102,CO[C@H](C)CO[C@@H](C)CO[C@H]1c2ccccc2N(C)S(=O)(=O)c2cc(Cl)ccc21
ZINC001231470882,COc1cc(CN2CCC(n3c(=O)[nH]c4ccccc43)CC2)c(Br)cc1O
ZINC001231539844,COCCCOc1ccc(CN2CCC(n3c(=O)[nH]c4ccccc43)CC2)cc1OC
ZINC001231550496,CCOc1cc(CN2CCC(n3c(=O)[nH]c4ccccc43)CC2)ccc1OCCCOC
ZINC001231607224,COCCCOc1cc(CN2CCC(n3c(=O)[nH]c4ccccc43)CC2)ccc1OC
ZINC001231857368,Cn1c(=O)n(C2CCN(Cc3ccc(C(F)(F)F)c(F)c3F)CC2)c2ccccc21
ZINC001232404897,COC(=O)c1cc(Br)ccc1CN1CCC(n2c(=O)[nH]c3ccccc32)CC1
ZINC001232470177,Cc1cc(Br)c(CN2CCC(n3c(=O)n(C)c4ccccc43)CC2)cc1F
ZINC001232568062,COc1cc(CN2CCC(n3c(=O)[nH]c4ccccc43)CC2)cc(OC)c1Br
ZINC001232593527,CCOC(=O)c1ccc(CN2CCC(n3c(=O)n(C)c4ccccc43)CC2)c(Cl)c1
ZINC001232694985,COc1cc(Br)cc(OC)c1CN1CCC(n2c(=O)[nH]c3ccccc32)CC1
ZINC001233062520,COc1cc(Br)cc(F)c1CN1CCC(n2c(=O)[nH]c3ccccc32)CC1
ZINC001233066562,COc1cc(Br)cc(F)c1CN1CCC(n2c(=O)n(C)c3ccccc32)CC1
ZINC001234760882,Cn1c(=O)n(C2CCN(Cc3c(F)cc(F)cc3Br)CC2)c2ccccc21
ZINC001234821653,COC(=O)/C=C/c1cc(F)c(CN2CCC(n3c(=O)[nH]c4ccccc43)CC2)c(F)c1
ZINC001235279765,COC(=O)c1cc(Br)cc(CN2CCC(n3c(=O)[nH]c4ccccc43)CC2)c1
ZINC001235450072,CCOc1cc(CN2CCC(n3c(=O)n(C)c4ccccc43)CC2)ccc1Br
ZINC001235463651,Cc1cc(F)c(CN2CCC(n3c(=O)n(C)c4ccccc43)CC2)c(Br)c1
ZINC001235477721,COc1ccc(Br)c(F)c1CN1CCC(n2c(=O)[nH]c3ccccc32)CC1
ZINC001235482166,COc1ccc(Br)c(F)c1CN1CCC(n2c(=O)n(C)c3ccccc32)CC1
ZINC001235729391,Cc1cc(Br)cc(CN2CCC(n3c(=O)n(C)c4ccccc43)CC2)c1F
ZINC001235749579,Cc1ccc(Br)c(CN2CCC(n3c(=O)n(C)c4ccccc43)CC2)c1F
ZINC001235764227,Cc1ccc(F)c(CN2CCC(n3c(=O)n(C)c4ccccc43)CC2)c1Br
ZINC001235820702,Cn1c(=O)n(C2CCN(Cc3cc(Br)c(Cl)cc3N)CC2)c2ccccc21
ZINC001236670223,CCOc1ccc(CN2CCC(n3c(=O)n(C)c4ccccc43)CC2)cc1Br
ZINC001236695225,CN(C)c1ccc(Br)cc1CN1CCC(n2c(=O)[nH]c3ccccc32)CC1
ZINC001236705202,CN(C)c1ccc(Br)cc1CN1CCC(n2c(=O)n(C)c3ccccc32)CC1
ZINC001236861566,Cn1c(=O)n(C2CCN(Cc3cc(F)c(F)c(Br)c3)CC2)c2ccccc21
ZINC001237507386,Cc1cc(CN2CCC(n3c(=O)n(C)c4ccccc43)CC2)c(Br)cc1F
ZINC001237535245,COC(=O)c1ccc(Br)c(CN2CCC(n3c(=O)[nH]c4ccccc43)CC2)c1
ZINC001237707445,Cn1c(=O)n(C2CCN(Cc3c(F)cc(C(F)(F)F)cc3F)CC2)c2ccccc21
ZINC001237764344,COc1ccc(CN2CCC(n3c(=O)n(C)c4ccccc43)CC2)c(C(F)(F)F)c1OC
ZINC001237922036,COc1ccc(Br)c(CN2CCC(n3c(=O)[nH]c4ccccc43)CC2)c1F
ZINC001237937504,COc1ccc(Br)c(CN2CCC(n3c(=O)n(C)c4ccccc43)CC2)c1F
ZINC001238042686,CCOC(=O)c1c(Cl)cccc1CN1CCC(n2c(=O)n(C)c3ccccc32)CC1
ZINC001238078612,Cn1c(=O)n(C2CCN(Cc3cc(F)cc(Br)c3F)CC2)c2ccccc21
ZINC001238250024,CCOc1cc(Br)cc(CN2CCC(n3c(=O)n(C)c4ccccc43)CC2)c1
ZINC001238251518,Cn1c(=O)n(C2CCN(Cc3ccc(F)c(C(F)(F)F)c3F)CC2)c2ccccc21
ZINC001238314483,COc1ccc(F)c(CN2CCC(n3c(=O)[nH]c4ccccc43)CC2)c1Br
ZINC001238316860,COc1ccc(F)c(CN2CCC(n3c(=O)n(C)c4ccccc43)CC2)c1Br
ZINC001238322647,COc1c(Br)cc(C)cc1CN1CCC(n2c(=O)n(C)c3ccccc32)CC1
ZINC001238325997,COc1c(Br)cc(F)cc1CN1CCC(n2c(=O)[nH]c3ccccc32)CC1
ZINC001238328808,COc1c(Br)cc(F)cc1CN1CCC(n2c(=O)n(C)c3ccccc32)CC1
ZINC001238566348,Cc1cc(F)cc(Br)c1CN1CCC(n2c(=O)n(C)c3ccccc32)CC1
ZINC001238687206,CCOc1cccc(CN2CCC(n3c(=O)n(C)c4ccccc43)CC2)c1Br
ZINC001238769105,Cn1c(=O)n(C2CCN(Cc3ccc(F)c(F)c3Br)CC2)c2ccccc21
ZINC001249461639,Cc1ccc(CN2CCC(n3c(=O)n(C)c4ccccc43)CC2)c(F)c1Br
ZINC001249748346,COc1ccc(Br)c(OC)c1CN1CCC(n2c(=O)[nH]c3ccccc32)CC1
ZINC001249990914,COc1cc(CN2CCC(n3c(=O)n(C)c4ccccc43)CC2)ccc1OC(F)(F)F
ZINC001250083587,COc1cc(C)c(Br)cc1CN1CCC(n2c(=O)n(C)c3ccccc32)CC1
ZINC001250223703,COc1c(C)cc(Br)cc1CN1CCC(n2c(=O)n(C)c3ccccc32)CC1
ZINC001250571364,COC(=O)c1cc(CN2CCC(n3c(=O)[nH]c4ccccc43)CC2)ccc1Br
ZINC001545890559,COc1ccc([C@@H](CN2CCCC2)NC(=O)Cc2ccc(C)c(Br)c2)cc1
ZINC001545890825,COc1ccc([C@@H](CN2CCCC2)NC(=O)Cc2ccc(Br)c(F)c2)cc1
ZINC001446347294,COc1ccc([C@@H](CN2CCCC2)NC(=O)Cc2cccc(C)c2Br)cc1
ZINC001466170346,COc1ccc([C@@H](CN2CCCC2)NC(=O)Cc2ccc(F)cc2Br)cc1
ZINC001466170765,COc1ccc([C@@H](CN2CCCC2)NC(=O)Cc2ccc(Br)cc2C)cc1
ZINC001466170821,COc1ccc([C@@H](CN2CCCC2)NC(=O)Cc2cc(F)ccc2Br)cc1
ZINC001466171197,COc1ccc([C@@H](CN2CCCC2)NC(=O)Cc2cc(Br)ccc2C)cc1
ZINC001566502065,COc1ccc([C@@H](CN2CCCC2)NC(=O)Cc2ccc(Br)cc2F)cc1
ZINC001596564530,COc1ccc([C@@H](CN2CCCC2)NC(=O)C(OC)c2ccccc2Br)cc1
ZINC001596564532,COc1ccc([C@@H](CN2CCCC2)NC(=O)C(OC)c2ccccc2Br)cc1
ZINC001623325838,COc1ccc([C@@H](CN2CCCC2)NC(=O)Cc2cc(Br)ccc2F)cc1
ZINC001623326338,COc1ccc([C@@H](CN2CCCC2)NC(=O)Cc2cccc(Br)c2C)cc1
ZINC001630884337,COc1ccc([C@@H](CN2CCCC2)NC(=O)C(F)(F)c2cc(Cl)ccc2OC)cc1
ZINC000001757905,C=CCN1CC[C@]23c4c5ccc(OC(=O)CCCCCCCC)c4OC2C(=O)CC[C@@]3(O)[C@H]1C5
ZINC000437419763,N#Cc1ccc(CN2CCC(n3c(=O)[nH]c4ccccc43)CC2)c(OC(F)F)c1
ZINC001138665463,C=C(C)COc1ccccc1CN1CCC(n2c(=O)n(C)c3ccccc32)CC1
ZINC001223015499,C#CC[C@@H](CC)O[C@@H]1c2ccccc2N(C)S(=O)(=O)c2cc(Cl)ccc21
ZINC001223015500,C#CC[C@H](CC)O[C@@H]1c2ccccc2N(C)S(=O)(=O)c2cc(Cl)ccc21
ZINC001223015501,C#CC[C@@H](CC)O[C@H]1c2ccccc2N(C)S(=O)(=O)c2cc(Cl)ccc21
ZINC001223015502,C#CC[C@H](CC)O[C@H]1c2ccccc2N(C)S(=O)(=O)c2cc(Cl)ccc21
ZINC001223018914,C=CC(C=C)O[C@H]1c2ccccc2N(C)S(=O)(=O)c2cc(Cl)ccc21
ZINC001223018918,C=CC(C=C)O[C@@H]1c2ccccc2N(C)S(=O)(=O)c2cc(Cl)ccc21
ZINC001223018959,CC#C[C@@H](CC)O[C@@H]1c2ccccc2N(C)S(=O)(=O)c2cc(Cl)ccc21
ZINC001223018962,CC#C[C@H](CC)O[C@@H]1c2ccccc2N(C)S(=O)(=O)c2cc(Cl)ccc21
ZINC001223018968,CC#C[C@@H](CC)O[C@H]1c2ccccc2N(C)S(=O)(=O)c2cc(Cl)ccc21
ZINC001223018973,CC#C[C@H](CC)O[C@H]1c2ccccc2N(C)S(=O)(=O)c2cc(Cl)ccc21
ZINC001223019062,C[C@H](S)[C@@H](C)O[C@@H]1c2ccccc2N(C)S(=O)(=O)c2cc(Cl)ccc21
ZINC001223019069,C[C@H](S)[C@@H](C)O[C@H]1c2ccccc2N(C)S(=O)(=O)c2cc(Cl)ccc21
ZINC001223019914,CCC#C[C@@H](C)O[C@@H]1c2ccccc2N(C)S(=O)(=O)c2cc(Cl)ccc21
ZINC001223019915,CCC#C[C@H](C)O[C@@H]1c2ccccc2N(C)S(=O)(=O)c2cc(Cl)ccc21
ZINC001223019916,CCC#C[C@@H](C)O[C@H]1c2ccccc2N(C)S(=O)(=O)c2cc(Cl)ccc21
ZINC001223019917,CCC#C[C@H](C)O[C@H]1c2ccccc2N(C)S(=O)(=O)c2cc(Cl)ccc21
ZINC001223021415,C#C[C@H](CCC)O[C@@H]1c2ccccc2N(C)S(=O)(=O)c2cc(Cl)ccc21
ZINC001223021419,C#C[C@@H](CCC)O[C@@H]1c2ccccc2N(C)S(=O)(=O)c2cc(Cl)ccc21
ZINC001223021424,C#C[C@H](CCC)O[C@H]1c2ccccc2N(C)S(=O)(=O)c2cc(Cl)ccc21
ZINC001223021429,C#C[C@@H](CCC)O[C@H]1c2ccccc2N(C)S(=O)(=O)c2cc(Cl)ccc21
ZINC001223023552,C#C[C@H](O[C@@H]1c2ccccc2N(C)S(=O)(=O)c2cc(Cl)ccc21)C(C)C
ZINC001223023554,C#C[C@H](O[C@H]1c2ccccc2N(C)S(=O)(=O)c2cc(Cl)ccc21)C(C)C
ZINC001223023556,C#C[C@@H](O[C@H]1c2ccccc2N(C)S(=O)(=O)c2cc(Cl)ccc21)C(C)C
ZINC001223023558,C#C[C@@H](O[C@@H]1c2ccccc2N(C)S(=O)(=O)c2cc(Cl)ccc21)C(C)C
ZINC001534736024,C[C@]1(NC(=O)COc2cccc(Br)c2C#N)CCCc2ccccc21
ZINC001534736025,C[C@@]1(NC(=O)COc2cccc(Br)c2C#N)CCCc2ccccc21
ZINC001536655714,C[C@]1(NC(=O)COc2ccc(C#N)c(Br)c2)CCCc2ccccc21
ZINC001536655715,C[C@@]1(NC(=O)COc2ccc(C#N)c(Br)c2)CCCc2ccccc21
ZINC001138204284,CCOc1cc(CN2CCC(n3c(=O)n(C)c4ccccc43)CC2)cc(Br)c1O
ZINC001140090546,O=c1[nH]c2ccccc2n1C1CCN(Cc2c(F)cccc2I)CC1
ZINC001140596544,Cn1c(=O)n(C2CCN(Cc3ccc(CNC(=O)OC(C)(C)C)cc3)CC2)c2ccccc21
ZINC001140984006,O=c1[nH]c2ccccc2n1C1CCN(Cc2cc(F)ccc2I)CC1
ZINC001141509273,Cn1c(=O)n(C2CCN(Cc3ccc(I)c(F)c3F)CC2)c2ccccc21
ZINC001142818340,Cn1c(=O)n(C2CCN(Cc3ccc(OC(F)F)c(OC(F)F)c3)CC2)c2ccccc21
ZINC001223015570,COC[C@H](C)OC[C@H](C)OC[C@@H](C)O[C@H]1c2ccccc2N(C)S(=O)(=O)c2cc(Cl)ccc21
ZINC001223015572,COC[C@H](C)OC[C@H](C)OC[C@H](C)O[C@H]1c2ccccc2N(C)S(=O)(=O)c2cc(Cl)ccc21
ZINC001223015573,COC[C@H](C)OC[C@H](C)OC[C@H](C)O[C@@H]1c2ccccc2N(C)S(=O)(=O)c2cc(Cl)ccc21
ZINC001223015574,COC[C@H](C)OC[C@H](C)OC[C@@H](C)O[C@@H]1c2ccccc2N(C)S(=O)(=O)c2cc(Cl)ccc21
ZINC001223016071,CC(C)OCCOCCOCCO[C@@H]1c2ccccc2N(C)S(=O)(=O)c2cc(Cl)ccc21
ZINC001223016080,CC(C)OCCOCCOCCO[C@H]1c2ccccc2N(C)S(=O)(=O)c2cc(Cl)ccc21
ZINC001223017547,CCOC(=O)C(O[C@H]1c2ccccc2N(C)S(=O)(=O)c2cc(Cl)ccc21)C(F)(F)F
ZINC001223017549,CCOC(=O)C(O[C@@H]1c2ccccc2N(C)S(=O)(=O)c2cc(Cl)ccc21)C(F)(F)F
ZINC001223017551,CCOC(=O)C(O[C@H]1c2ccccc2N(C)S(=O)(=O)c2cc(Cl)ccc21)C(F)(F)F
ZINC001223017553,CCOC(=O)C(O[C@@H]1c2ccccc2N(C)S(=O)(=O)c2cc(Cl)ccc21)C(F)(F)F
ZINC001223023053,CCOC(=O)C[C@H](O[C@H]1c2ccccc2N(C)S(=O)(=O)c2cc(Cl)ccc21)C(F)(F)F
ZINC001223023054,CCOC(=O)C[C@@H](O[C@@H]1c2ccccc2N(C)S(=O)(=O)c2cc(Cl)ccc21)C(F)(F)F
ZINC001223023055,CCOC(=O)C[C@@H](O[C@H]1c2ccccc2N(C)S(=O)(=O)c2cc(Cl)ccc21)C(F)(F)F
ZINC001223023056,CCOC(=O)C[C@H](O[C@@H]1c2ccccc2N(C)S(=O)(=O)c2cc(Cl)ccc21)C(F)(F)F
ZINC001231559075,CCOc1cc(CN2CCC(n3c(=O)n(C)c4ccccc43)CC2)ccc1OC(=O)C(C)C
ZINC001231688350,COc1cc(CN2CCC(n3c(=O)[nH]c4ccccc43)CC2)c(Br)cc1OC(C)=O
ZINC001231748382,Cn1c(=O)n(C2CCN(Cc3cc(Cl)c(O)c(Br)c3)CC2)c2ccccc21
ZINC001231802438,COc1cc(CN2CCC(n3c(=O)[nH]c4ccccc43)CC2)cc(I)c1OC
ZINC001233065979,Cn1c(=O)n(C2CCN(Cc3c(F)cc(Br)c(F)c3F)CC2)c2ccccc21
ZINC001235154235,O=c1[nH]c2ccccc2n1C1CCN(Cc2cccc(F)c2I)CC1
ZINC001235573173,Cn1c(=O)n(C2CCN(Cc3c(Cl)cccc3I)CC2)c2ccccc21
ZINC001235610592,Cn1c(=O)n(C2CCN(Cc3c(F)cc(I)cc3F)CC2)c2ccccc21
ZINC001235785133,Cc1ccc(I)cc1CN1CCC(n2c(=O)n(C)c3ccccc32)CC1
ZINC001235847686,Cn1c(=O)n(C2CCN(Cc3cccc(CNC(=O)OC(C)(C)C)c3)CC2)c2ccccc21
ZINC001236595534,COc1cccc(I)c1CN1CCC(n2c(=O)[nH]c3ccccc32)CC1
ZINC001236638978,COc1ccc(CN2CCC(n3c(=O)[nH]c4ccccc43)CC2)cc1I
ZINC001237071827,COc1cc(CN2CCC(n3c(=O)[nH]c4ccccc43)CC2)ccc1I
ZINC001237867760,Cn1c(=O)n(C2CCN(Cc3c(F)cc(C(=O)OC(C)(C)C)cc3F)CC2)c2ccccc21
ZINC001237953387,COc1cc(CN2CCC(n3c(=O)[nH]c4ccccc43)CC2)c(Br)c(OC)c1OC
ZINC001238123312,CS(=O)(=O)c1ccc(CN2CCC(n3c(=O)[nH]c4ccccc43)CC2)c(C(F)(F)F)c1
ZINC001238239333,Cn1c(=O)n(C2CCN(Cc3c(F)ccc(I)c3F)CC2)c2ccccc21
ZINC001238285014,CCOc1ccc(Br)c(CN2CCC(n3c(=O)n(C)c4ccccc43)CC2)c1F
ZINC001238574147,Cn1c(=O)n(C2CCN(Cc3cc(F)c(I)c(F)c3)CC2)c2ccccc21
ZINC001238580351,COc1c(I)ccc(F)c1CN1CCC(n2c(=O)[nH]c3ccccc32)CC1
ZINC001238726900,Cc1cc(CN2CCC(n3c(=O)n(C)c4ccccc43)CC2)cc(C)c1I
ZINC001238814697,Cc1ccc(I)c(CN2CCC(n3c(=O)n(C)c4ccccc43)CC2)c1
ZINC001248762349,Cc1ccc(CN2CCC(n3c(=O)n(C)c4ccccc43)CC2)cc1I
ZINC001249858369,Cc1c(I)cccc1CN1CCC(n2c(=O)n(C)c3ccccc32)CC1
ZINC000054059295,C[C@@H]1CCCN([C@@H](C)CNc2ncc(C(N)=O)cc2Cl)C1
ZINC000054059296,C[C@H]1CCCN([C@@H](C)CNc2ncc(C(N)=O)cc2Cl)C1
ZINC000068670120,C[C@@H]1CCCN(C[C@@H](C)Nc2ncc(C(N)=O)cc2Cl)C1
ZINC000068670121,C[C@H]1CCCN(C[C@@H](C)Nc2ncc(C(N)=O)cc2Cl)C1
ZINC000079302315,CN(C)C1CCN(CCNc2ncc(Cl)cc2F)CC1
ZINC000080249725,COC1CCN(CCNc2ccc(Br)cn2)CC1
ZINC000091733197,CN(C)C1CCN(CCNc2ccc(OC(F)F)cn2)CC1
ZINC000091735007,COC1CCN(CCNc2ccc(OC(F)F)cn2)CC1
ZINC000263987664,CN(C)C(=O)c1cnc(NCCN2CCCCC2)c(Cl)c1
ZINC000264881593,C[C@H]1CCCN([C@@H](C)CNc2ccc(C(=O)N(C)C)cn2)C1
ZINC000264881597,C[C@@H]1CCCN([C@@H](C)CNc2ccc(C(=O)N(C)C)cn2)C1
ZINC000264881601,C[C@H]1CCCN([C@H](C)CNc2ccc(C(=O)N(C)C)cn2)C1
ZINC000264881606,C[C@@H]1CCCN([C@H](C)CNc2ccc(C(=O)N(C)C)cn2)C1
ZINC000264889474,CCNC(=O)c1ccc(NC[C@H](C)N2CCC[C@H](C)C2)nc1
ZINC000264889475,CCNC(=O)c1ccc(NC[C@H](C)N2CCC[C@@H](C)C2)nc1
ZINC000264889476,CCNC(=O)c1ccc(NC[C@@H](C)N2CCC[C@H](C)C2)nc1
ZINC000264889477,CCNC(=O)c1ccc(NC[C@@H](C)N2CCC[C@@H](C)C2)nc1
ZINC000264950569,CC[C@H]1CCCCN1CCNc1ccc(C(=O)N(C)C)cn1
ZINC000264950570,CC[C@@H]1CCCCN1CCNc1ccc(C(=O)N(C)C)cn1
ZINC000289235125,OC[C@@H](CN1CCCCC1)Nc1ccc(C(F)(F)F)cn1
ZINC000289235127,OC[C@H](CN1CCCCC1)Nc1ccc(C(F)(F)F)cn1
ZINC000301116280,C[C@@H]1CCCN([C@H](C)CNc2ncc(C(N)=O)cc2Cl)C1
ZINC000301116282,C[C@H]1CCCN([C@H](C)CNc2ncc(C(N)=O)cc2Cl)C1
ZINC000301157135,C[C@@H]1CCCN(C[C@H](C)Nc2ncc(C(N)=O)cc2Cl)C1
ZINC000301157137,C[C@H]1CCCN(C[C@H](C)Nc2ncc(C(N)=O)cc2Cl)C1
ZINC000301252521,CCCNC(=O)c1ccc(NCCN2CCC(C)CC2)nc1
ZINC000301539283,CCCNC(=O)c1ccc(NCCN2CCC[C@H](C)C2)nc1
ZINC000301539284,CCCNC(=O)c1ccc(NCCN2CCC[C@@H](C)C2)nc1
ZINC000302697237,CC[C@@H]1CCCCN1CCNc1ncccc1S(C)(=O)=O
ZINC000302697241,CC[C@H]1CCCCN1CCNc1ncccc1S(C)(=O)=O
ZINC000302737454,C[C@@H]1CCCN([C@H](C)CNc2ncccc2S(C)(=O)=O)C1
ZINC000302737456,C[C@@H]1CCCN([C@@H](C)CNc2ncccc2S(C)(=O)=O)C1
ZINC000302737457,C[C@H]1CCCN([C@H](C)CNc2ncccc2S(C)(=O)=O)C1
ZINC000302737459,C[C@H]1CCCN([C@@H](C)CNc2ncccc2S(C)(=O)=O)C1
ZINC000341841173,C[C@@H]1CCCN(C[C@@H](C)Nc2ccc(S(C)(=O)=O)cn2)C1
ZINC000341841174,C[C@@H]1CCCN(C[C@H](C)Nc2ccc(S(C)(=O)=O)cn2)C1
ZINC000341841175,C[C@H]1CCCN(C[C@@H](C)Nc2ccc(S(C)(=O)=O)cn2)C1
ZINC000341841176,C[C@H]1CCCN(C[C@H](C)Nc2ccc(S(C)(=O)=O)cn2)C1
ZINC000354653657,CCCNC(=O)c1ccc(NCCN2CCCC[C@@H]2CC)nc1
ZINC000354653659,CCCNC(=O)c1ccc(NCCN2CCCC[C@H]2CC)nc1
ZINC000354663057,CCOC(=O)c1ccc(NCCN2CCCC[C@@H]2CC)nc1
ZINC000354663059,CCOC(=O)c1ccc(NCCN2CCCC[C@H]2CC)nc1
ZINC000358933572,CCOC(=O)c1cc(NCCN2CCCCC2)ncc1Cl
ZINC000443956265,CCOC(=O)c1ccc(NCCN2CCCC(C)(C)C2)nc1
ZINC000443956577,CC1(C)CCCN(CCNc2ncccc2S(C)(=O)=O)C1
ZINC000443959717,CCCNC(=O)c1ccc(NCCN2CCCC(C)(C)C2)nc1
ZINC000443963838,CC1(C)CCCN(CCNc2ncc(C(N)=O)cc2Cl)C1
ZINC000520447806,CC1CCN([C@@H](CNc2ccc(C(N)=O)cn2)C(C)C)CC1
ZINC000520447809,CC1CCN([C@H](CNc2ccc(C(N)=O)cn2)C(C)C)CC1
ZINC000568244067,CC(C)Oc1nc(NCCN2CCCCC2)ccc1[N+](=O)[O-]
ZINC000572291282,CC[C@@H]1CCCCN1CCNc1ncc(C(=O)O)cc1[N+](=O)[O-]
ZINC000572291283,CC[C@H]1CCCCN1CCNc1ncc(C(=O)O)cc1[N+](=O)[O-]
ZINC000613046688,COC1CCN(CCNc2ncccc2C(=O)OC(C)C)CC1
ZINC000621313882,OC[C@@H](CN1CCCCC1)Nc1ncccc1Br
ZINC000621313883,OC[C@H](CN1CCCCC1)Nc1ncccc1Br
ZINC000651476897,CCCNC(=O)c1ccc(N(C)CCN2CCCCC2)nc1
ZINC000651477372,CN(C)C(=O)c1cnc(N(C)CCN2CCCCC2)c(Cl)c1
ZINC000664455410,CC1CCN(C[C@H](C)Nc2ccc(C(=O)N(C)C)cn2)CC1
ZINC000664455411,CC1CCN(C[C@@H](C)Nc2ccc(C(=O)N(C)C)cn2)CC1
ZINC000664456374,CC1CCN(C[C@@H](C)Nc2ncc(C(N)=O)cc2Cl)CC1
ZINC000664456375,CC1CCN(C[C@H](C)Nc2ncc(C(N)=O)cc2Cl)CC1
ZINC000664457543,CCNC(=O)c1ccc(N[C@@H](C)CN2CCC(C)CC2)nc1
ZINC000664457544,CCNC(=O)c1ccc(N[C@H](C)CN2CCC(C)CC2)nc1
ZINC000664458255,CC1CCN(C[C@@H](C)Nc2ncccc2S(C)(=O)=O)CC1
ZINC000664458256,CC1CCN(C[C@H](C)Nc2ncccc2S(C)(=O)=O)CC1
ZINC000672164162,C[C@@H]1CCCN([C@H](C)CNc2ccc(S(C)(=O)=O)cn2)C1
ZINC000672164163,C[C@@H]1CCCN([C@@H](C)CNc2ccc(S(C)(=O)=O)cn2)C1
ZINC000672164164,C[C@H]1CCCN([C@H](C)CNc2ccc(S(C)(=O)=O)cn2)C1
ZINC000672164165,C[C@H]1CCCN([C@@H](C)CNc2ccc(S(C)(=O)=O)cn2)C1
ZINC000672232357,COC1CCN(CCNc2ncccc2Br)CC1
ZINC000681391037,COC1CCN(CCNc2cc(Br)ccn2)CC1
ZINC000865594779,COC1CCN(CCNc2cccc(Br)n2)CC1
ZINC000865791440,OC[C@@H](CN1CCCCC1)Nc1cccc(Br)n1
ZINC000865791441,OC[C@H](CN1CCCCC1)Nc1cccc(Br)n1
ZINC001160746734,COC(=O)c1cc(C)nc(NCCN2CCC(F)(F)CC2)c1
ZINC001160746787,COC(=O)c1cc(F)cnc1NCCN1CCC(F)(F)CC1
ZINC001160747355,CCOC(=O)c1ccc(NCCN2CCC(F)(F)CC2)nc1
ZINC001160748285,COC(=O)c1ccnc(NCCN2CCC(F)(F)CC2)c1C
ZINC001160748310,COC(=O)c1ccc(C)nc1NCCN1CCC(F)(F)CC1
ZINC001160748472,CCOC(=O)c1cccnc1NCCN1CCC(F)(F)CC1
ZINC001160748811,COC(=O)c1cnc(NCCN2CCC(F)(F)CC2)c(F)c1
ZINC001160749038,CCOC(=O)c1cccc(NCCN2CCC(F)(F)CC2)n1
ZINC001160749068,COC(=O)c1cnc(NCCN2CCC(F)(F)CC2)c(C)c1
ZINC001160749156,COC(=O)c1cc(NCCN2CCC(F)(F)CC2)ncc1C
ZINC001160749184,COCOc1ccc(NCCN2CCC(F)(F)CC2)nc1
ZINC001160749188,COc1cc(NCCN2CCC(F)(F)CC2)nc(OC)c1
ZINC001160749284,COC(=O)c1cc(C)cc(NCCN2CCC(F)(F)CC2)n1
ZINC001160749451,COC(=O)c1ccc(NCCN2CCC(F)(F)CC2)nc1C
ZINC001160749502,COC(=O)c1cc(NCCN2CCC(F)(F)CC2)ncc1F
ZINC001160752099,CC(=O)Nc1c(C)ccnc1NCCN1CCC(F)(F)CC1
ZINC001413896179,COC(=O)c1cnc(N(C)CCN2CCCCC2)c(Cl)c1
ZINC001649890077,CC1CCN(C[C@@H](C)Nc2ccc(S(C)(=O)=O)cn2)CC1
ZINC001649890078,CC1CCN(C[C@H](C)Nc2ccc(S(C)(=O)=O)cn2)CC1
ZINC000193643162,O=c1[nH]c2ccccc2n1C1CCN(Cc2ccc([N+](=O)[O-])cc2[N+](=O)[O-])CC1
ZINC000828178674,COc1ccc([C@@H](CN2CCCC2)NC(=O)C(O)c2cccc([N+](=O)[O-])c2)cc1
ZINC000828178678,COc1ccc([C@@H](CN2CCCC2)NC(=O)C(O)c2cccc([N+](=O)[O-])c2)cc1
ZINC000004215661,Cc1ccc2c(c1)[C@]13CCCC[C@@H]1[C@H](C2)N(C)CC3
ZINC001506424998,Cc1ccc(C(=O)O)c(N(C)CCN2CCCCC2)n1
ZINC001529133661,Cc1nc(NCCN2CCCC[C@@H]2CO)ccc1Cl
ZINC001529133663,Cc1nc(NCCN2CCCC[C@H]2CO)ccc1Cl
ZINC001529153889,OC[C@H]1CCCCN1CCNc1ncc(Cl)cc1F
ZINC001529153890,OC[C@@H]1CCCCN1CCNc1ncc(Cl)cc1F
ZINC001704343310,Cc1cc(C(N)=O)c(NC[C@@H](C)N2CCCCC2)nc1C
ZINC001704343312,Cc1cc(C(N)=O)c(NC[C@H](C)N2CCCCC2)nc1C
ZINC000487734907,C[C@@H](c1ccccc1[N+](=O)[O-])N1CCC(n2c(=O)[nH]c3ccccc32)CC1
ZINC000487734910,C[C@H](c1ccccc1[N+](=O)[O-])N1CCC(n2c(=O)[nH]c3ccccc32)CC1
ZINC001161866843,Nc1ccnc(NCCN2CCC(N)CC2)c1
ZINC001161866913,Nc1cccnc1NCCN1CCC(N)CC1
ZINC001161867006,Nc1cccc(NCCN2CCC(N)CC2)n1
ZINC001161867312,Nc1ccc(NCCN2CCC(N)CC2)nc1
ZINC001161870915,Cc1cnc(NCCN2CCC(N)CC2)cc1N
ZINC001161871189,Cc1cnc(NCCN2CCC(N)CC2)c(N)c1
ZINC000080250162,COC1CCN(CCNc2nc(C(F)(F)F)ccc2C#N)CC1
ZINC000091458777,C#CCNC(=O)c1ccc(N[C@H](C)CN2C[C@H](C)C[C@H](C)C2)nc1
ZINC000091458778,C#CCNC(=O)c1ccc(N[C@H](C)CN2C[C@@H](C)C[C@H](C)C2)nc1
ZINC000091458780,C#CCNC(=O)c1ccc(N[C@H](C)CN2C[C@H](C)C[C@@H](C)C2)nc1
ZINC000267203691,CN(C)C1CCN(CCNc2nc(C(F)(F)F)ccc2C#N)CC1
ZINC000289105908,N#Cc1ccc(C(F)(F)F)nc1N[C@@H](CO)CN1CCCCC1
ZINC000289105910,N#Cc1ccc(C(F)(F)F)nc1N[C@H](CO)CN1CCCCC1
ZINC000301988650,C#CCNC(=O)c1ccc(N[C@@H](C)CN2C[C@H](C)C[C@H](C)C2)nc1
ZINC000853407118,C#CCCCOc1cccnc1NCCN1CCC(N(C)C)CC1
ZINC000882065081,COC1CCN(CCNc2ncc(C#N)cc2Br)CC1
ZINC001161867265,Cc1c(Cl)c(Cl)nc(NCCN2CCC(N)CC2)c1C#N
ZINC001161870126,Cc1cnc(NCCN2CCC(N)CC2)c(C#C[Si](C)(C)C)c1
ZINC001337066476,COC1CCN(CCNc2nc(Br)ccc2C#N)CC1
ZINC000080250248,COC1CCN(CCNc2ncc([N+](=O)[O-])cc2Br)CC1
ZINC000267229143,CN(C)C1CCN(CCNc2ncc([N+](=O)[O-])cc2Br)CC1
ZINC000268483140,CN(C)C1CCN(CCNc2ncc(Br)cc2[N+](=O)[O-])CC1
ZINC000301673435,COC1CCN(CCNc2ncc(Br)cc2[N+](=O)[O-])CC1
ZINC000413176760,CN(C)C1CCN(CCNc2ncc([N+](=O)[O-])cc2C(F)(F)F)CC1
ZINC000450522598,Cc1c([N+](=O)[O-])cnc(N[C@@H](CO)CN2CCCCC2)c1Br
ZINC000450522599,Cc1c([N+](=O)[O-])cnc(N[C@H](CO)CN2CCCCC2)c1Br
ZINC000516892356,O=[N+]([O-])c1cnc(N[C@H](CO)CN2CCCCC2)c(Br)c1
ZINC000516892357,O=[N+]([O-])c1cnc(N[C@@H](CO)CN2CCCCC2)c(Br)c1
ZINC000519559501,CC(C)Oc1nc(NCCN2CCC(N(C)C)CC2)ccc1[N+](=O)[O-]
ZINC001160752348,CCOC(=O)c1cc([N+](=O)[O-])cnc1NCCN1CCC(F)(F)CC1
ZINC001160753388,CCOC(=O)c1ccnc(NCCN2CCC(F)(F)CC2)c1[N+](=O)[O-]
ZINC000085221179,O=c1[nH]c2cc(Cl)ccc2n1C1CCN(Cc2ccccc2)CC1
ZINC000100058213,C[C@H]1[C@@H]2Cc3ccc(O)cc3[C@]1(C)CCN2CC1CC1
ZINC000100218256,C[C@@H]1[C@@H]2Cc3ccc(O)cc3[C@]1(C)CCN2CC1CC1
ZINC000001602383,CCCN(CCN1CCCCC1)c1cc(C)ccn1
ZINC000095887560,C[C@H]1C2CCN(CC3CC3)[C@H]1Cc1ccc(O)cc12
ZINC000302979731,O=c1[nH]c2ccccc2n1C1CCN(Cc2cc(Br)ccc2OC(F)F)CC1
ZINC001137626875,COc1ccc([C@@H](CN2CCCC2)NC(=O)Cc2ccccc2NC(=O)OC(C)(C)C)cc1
ZINC001142088998,Cn1c(=O)n(C2CCN(Cc3c(F)ccc(Br)c3Cl)CC2)c2ccccc21
ZINC001144212380,Cn1c(=O)n(C2CCN(Cc3ccc(Br)c(Br)c3)CC2)c2ccccc21
ZINC001180453017,O=c1[nH]c2ccccc2n1C1CCN(Cc2cc(OC(F)F)ccc2Br)CC1
ZINC001223016129,CCC[C@@H](CC(=O)OCC)O[C@H]1c2ccccc2N(C)S(=O)(=O)c2cc(Cl)ccc21
ZINC001223016131,CCC[C@@H](CC(=O)OCC)O[C@@H]1c2ccccc2N(C)S(=O)(=O)c2cc(Cl)ccc21
ZINC001223016133,CCC[C@H](CC(=O)OCC)O[C@@H]1c2ccccc2N(C)S(=O)(=O)c2cc(Cl)ccc21
ZINC001223016135,CCC[C@H](CC(=O)OCC)O[C@H]1c2ccccc2N(C)S(=O)(=O)c2cc(Cl)ccc21
ZINC001223021096,C[C@@H](CC(=O)OC(C)(C)C)O[C@@H]1c2ccccc2N(C)S(=O)(=O)c2cc(Cl)ccc21
ZINC001223021097,C[C@@H](CC(=O)OC(C)(C)C)O[C@H]1c2ccccc2N(C)S(=O)(=O)c2cc(Cl)ccc21
ZINC001223021340,CCOC(=O)C(C)[C@H](O[C@@H]1c2ccccc2N(C)S(=O)(=O)c2cc(Cl)ccc21)C(F)(F)F
ZINC001223021346,CCOC(=O)C(C)[C@H](O[C@H]1c2ccccc2N(C)S(=O)(=O)c2cc(Cl)ccc21)C(F)(F)F
ZINC001223021351,CCOC(=O)C(C)[C@@H](O[C@@H]1c2ccccc2N(C)S(=O)(=O)c2cc(Cl)ccc21)C(F)(F)F
ZINC001223021359,CCOC(=O)C(C)[C@@H](O[C@H]1c2ccccc2N(C)S(=O)(=O)c2cc(Cl)ccc21)C(F)(F)F
ZINC001231725122,CC(C)Oc1ccc(CN2CCC(n3c(=O)n(C)c4ccccc43)CC2)cc1Br
ZINC001231726040,COc1c(Cl)cc(CN2CCC(n3c(=O)n(C)c4ccccc43)CC2)cc1Br
ZINC001232695519,Cn1c(=O)n(C2CCN(Cc3c(F)ccc(Cl)c3Br)CC2)c2ccccc21
ZINC001232763887,Cn1c(=O)n(C2CCN(Cc3cccc(Br)c3Br)CC2)c2ccccc21
ZINC001233127257,COc1cccc(CN2CCC(n3c(=O)[nH]c4ccccc43)CC2)c1NC(=O)OC(C)(C)C
ZINC001233130097,COc1cccc(CN2CCC(n3c(=O)n(C)c4ccccc43)CC2)c1NC(=O)OC(C)(C)C
ZINC001233440741,Cn1c(=O)n(C2CCN(Cc3cc(Br)c(Cl)cc3F)CC2)c2ccccc21
ZINC001237036929,Cn1c(=O)n(C2CCN(Cc3ccc(NC(=O)OC(C)(C)C)c(F)c3)CC2)c2ccccc21
ZINC001237236632,Cn1c(=O)n(C2CCN(Cc3cc(OC(F)F)ccc3Br)CC2)c2ccccc21
ZINC001237253755,Cn1c(=O)n(C2CCN(Cc3c(Br)cccc3OC(F)F)CC2)c2ccccc21
ZINC001237372107,Cn1c(=O)n(C2CCN(Cc3cccc(F)c3NC(=O)OC(C)(C)C)CC2)c2ccccc21
ZINC001237424434,Cn1c(=O)n(C2CCN(Cc3cc(Br)ccc3OC(F)F)CC2)c2ccccc21
ZINC001237898050,Cn1c(=O)n(C2CCN(Cc3ccc(Br)c(Cl)c3F)CC2)c2ccccc21
ZINC001238129923,CN(C(=O)OC(C)(C)C)c1ccc(CN2CCC(n3c(=O)n(C)c4ccccc43)CC2)cc1
ZINC001238292895,Cn1c(=O)n(C2CCN(Cc3c(F)ccc(Br)c3Br)CC2)c2ccccc21
ZINC001238678049,Cn1c(=O)n(C2CCN(Cc3cc(Cl)ccc3NC(=O)C(C)(C)C)CC2)c2ccccc21
ZINC001249384961,Cn1c(=O)n(C2CCN(Cc3c(F)cccc3NC(=O)OC(C)(C)C)CC2)c2ccccc21
ZINC001249876244,Cc1c(F)cc(Br)c(CN2CCC(n3c(=O)n(C)c4ccccc43)CC2)c1F
ZINC001249886648,CSc1ccc(F)c(CN2CCC(n3c(=O)n(C)c4ccccc43)CC2)c1Br
ZINC001308655138,O=c1[nH]c2ccccc2n1C1CCN(Cc2cccc(Br)c2OC(F)F)CC1
ZINC001446348612,COc1ccc([C@@H](CN2CCCC2)NC(=O)Cc2cc(Cl)ccc2Br)cc1
ZINC001446349645,COc1ccc([C@@H](CN2CCCC2)NC(=O)C(F)(F)c2ccccc2Br)cc1
ZINC001466173135,COc1ccc([C@@H](CN2CCCC2)NC(=O)Cc2cc(Br)ccc2Cl)cc1
ZINC001623324363,COc1ccc([C@@H](CN2CCCC2)NC(=O)Cc2cccc(NC(=O)OC(C)(C)C)c2)cc1
ZINC001623325826,COc1ccc([C@@H](CN2CCCC2)NC(=O)Cc2ccc(Br)c(Cl)c2)cc1
ZINC001632045850,COc1ccc([C@@H](CN2CCCC2)NC(=O)Cc2ccc(NC(=O)OC(C)(C)C)cc2)cc1
ZINC001632046008,COc1ccc([C@@H](CN2CCCC2)NC(=O)C(F)(F)c2ccc(Br)cc2)cc1
ZINC001632046616,COc1ccc([C@@H](CN2CCCC2)NC(=O)Cc2c(Cl)cccc2Br)cc1
ZINC001632046912,COc1ccc([C@@H](CN2CCCC2)NC(=O)Cc2ccc(Br)cc2Cl)cc1
ZINC001636587627,COc1ccc([C@@H](CN2CCCC2)NC(=O)Cc2ccc(Cl)cc2Br)cc1
ZINC000085893471,C=CCN1CC[C@]23c4c5ccc(OC(=O)CCCCCCCCCCCCCC)c4OC2C(=O)CC[C@@]3(O)[C@H]1C5
ZINC000085893475,C=CCN1CC[C@]23c4c5ccc(OC(=O)CCCCCCCCCCCCCC)c4OC2C(=O)CC[C@@]3(O)[C@H]1C5
ZINC000085893479,C=CCN1CC[C@]23c4c5ccc(OC(=O)CCCCCCCCCCCCCCC)c4OC2C(=O)CC[C@@]3(O)[C@H]1C5
ZINC000085893482,C=CCN1CC[C@]23c4c5ccc(OC(=O)CCCCCCCCCCCCCCC)c4OC2C(=O)CC[C@@]3(O)[C@H]1C5
ZINC000085893497,C=CCN1CC[C@]23c4c5ccc(OC(=O)CCCCCCCCCCCCC)c4OC2C(=O)CC[C@@]3(O)[C@H]1C5
ZINC000085893502,C=CCN1CC[C@]23c4c5ccc(OC(=O)CCCCCCCCCCCCC)c4OC2C(=O)CC[C@@]3(O)[C@H]1C5
ZINC000085893506,C=CCN1CC[C@]23c4c5ccc(OC(=O)CCCCCCCCCCC)c4OC2C(=O)CC[C@@]3(O)[C@H]1C5
ZINC000085893509,C=CCN1CC[C@]23c4c5ccc(OC(=O)CCCCCCCCCCC)c4OC2C(=O)CC[C@@]3(O)[C@H]1C5
ZINC000085893517,C=CCN1CC[C@]23c4c5ccc(OC(=O)CCCCCCCCCCCC)c4OC2C(=O)CC[C@@]3(O)[C@H]1C5
ZINC000085893521,C=CCN1CC[C@]23c4c5ccc(OC(=O)CCCCCCCCCCCC)c4OC2C(=O)CC[C@@]3(O)[C@H]1C5
ZINC001141814868,Cn1c(=O)n(C2CCN(Cc3ccc(Br)cc3C#N)CC2)c2ccccc21
ZINC001141903118,Cn1c(=O)n(C2CCN(Cc3cc(Br)ccc3C#N)CC2)c2ccccc21
ZINC001137637929,Cn1c(=O)n(C2CCN(Cc3ccc(C#N)cc3Br)CC2)c2ccccc21
ZINC001141660699,Cn1c(=O)n(C2CCN(Cc3cc(C#N)ccc3Br)CC2)c2ccccc21
ZINC001223017618,CCOC(=O)C[C@@H](CC#N)O[C@@H]1c2ccccc2N(C)S(=O)(=O)c2cc(Cl)ccc21
ZINC001223017619,CCOC(=O)C[C@@H](CC#N)O[C@H]1c2ccccc2N(C)S(=O)(=O)c2cc(Cl)ccc21
ZINC001223018922,CN1c2ccccc2[C@H](O[C@H](CC#N)C[N+](C)(C)C)c2ccc(Cl)cc2S1(=O)=O
ZINC001223018927,CN1c2ccccc2[C@@H](O[C@H](CC#N)C[N+](C)(C)C)c2ccc(Cl)cc2S1(=O)=O
ZINC001223023029,CC[C@@H](C#CC(=O)OC)O[C@H]1c2ccccc2N(C)S(=O)(=O)c2cc(Cl)ccc21
ZINC001223023030,CC[C@H](C#CC(=O)OC)O[C@@H]1c2ccccc2N(C)S(=O)(=O)c2cc(Cl)ccc21
ZINC001223023031,CC[C@H](C#CC(=O)OC)O[C@H]1c2ccccc2N(C)S(=O)(=O)c2cc(Cl)ccc21
ZINC001223023032,CC[C@@H](C#CC(=O)OC)O[C@@H]1c2ccccc2N(C)S(=O)(=O)c2cc(Cl)ccc21
ZINC001232895736,Cn1c(=O)n(C2CCN(Cc3ccc(Br)c(C#N)c3)CC2)c2ccccc21
ZINC001236863881,Cn1c(=O)n(C2CCN(Cc3ccc(C#N)c(Br)c3)CC2)c2ccccc21
ZINC000952963353,Cc1nc(NCCN2CCCC[C@@H]2CO)c(C#N)cc1C(=O)O
ZINC000952963356,Cc1nc(NCCN2CCCC[C@H]2CO)c(C#N)cc1C(=O)O
ZINC000049575632,O=C(O)c1ccc(NCCN2CCCCC2)nc1
ZINC000049575633,O=C(O)c1cccnc1NCCN1CCCCC1
ZINC000051043882,O=C(O)c1cccc(NCCN2CCCCC2)n1
ZINC000112590180,NC(=O)c1ccc(NCCN2CCCCC2)nc1
ZINC000127943786,COc1cccnc1NCCN1CCCCC1
ZINC000267146723,CN(C)C1CCN(CCNc2ccccn2)CC1
ZINC000301574727,COC1CCN(CCNc2ccccn2)CC1
ZINC000301617315,COC1CCN(CCNc2cc(C)ccn2)CC1
ZINC000641291704,C[C@H](CN1CCCCC1)Nc1cc(CO)ccn1
ZINC000641291706,C[C@@H](CN1CCCCC1)Nc1cc(CO)ccn1
ZINC000641292479,CC1CCN(CCNc2cc(CO)ccn2)CC1
ZINC000641293469,C[C@@H]1CCCN(CCNc2cc(CO)ccn2)C1
ZINC000641293470,C[C@H]1CCCN(CCNc2cc(CO)ccn2)C1
ZINC000641293684,OCc1ccnc(NCCN2CCCCC2)c1
ZINC000641652528,CN(CCN1CCCCC1)c1cc(CO)ccn1
ZINC000663390842,Cc1cc(CO)cc(NCCN2CCCCC2)n1
ZINC000681208353,COC1CCN(CCNc2cccc(C)n2)CC1
ZINC001161867011,Cc1ccc(NCCN2CCC(N)CC2)nc1C
ZINC001161867034,NC1CCN(CCNc2cc(F)ccn2)CC1
ZINC001161870455,C=Cc1ccc(NCCN2CCC(N)CC2)nc1
ZINC001161870466,Cc1cnc(NCCN2CCC(N)CC2)cc1C
ZINC000267241540,C=CCNC(=O)c1ccc(NCCN2CCC(N(C)C)CC2)nc1
ZINC000295722809,N#Cc1cc(Br)cnc1N[C@@H](CO)CN1CCCCC1
ZINC000295722813,N#Cc1cc(Br)cnc1N[C@H](CO)CN1CCCCC1
ZINC000296007502,N#Cc1cc(Br)cnc1NCCN1CCC(O)CC1
ZINC000572565608,CN(C)C1CCN(CCNc2ccc(C(F)(F)F)c(C#N)n2)CC1
ZINC000590702008,N#Cc1nc(N[C@@H](CO)CN2CCCCC2)ccc1C(F)(F)F
ZINC000590702012,N#Cc1nc(N[C@H](CO)CN2CCCCC2)ccc1C(F)(F)F
ZINC000882429761,N#Cc1cnc(NCCN2CCC(O)CC2)c(Br)c1
ZINC001161867476,CCOC(=O)c1cc(C)nc(NCCN2CCC(N)CC2)c1C#N
ZINC001161871288,CC(C)(C)C(=O)Nc1ccc(C#N)nc1NCCN1CCC(N)CC1
ZINC000301259392,C[C@@H]1C[C@H](C)CN(C[C@@H](C)Nc2nc(C(F)(F)F)ccc2C#N)C1
ZINC000301259395,C[C@@H]1C[C@@H](C)CN(C[C@@H](C)Nc2nc(C(F)(F)F)ccc2C#N)C1
ZINC000301259397,C[C@@H]1C[C@@H](C)CN(C[C@H](C)Nc2nc(C(F)(F)F)ccc2C#N)C1
ZINC000301259401,C[C@@H]1C[C@H](C)CN(C[C@H](C)Nc2nc(C(F)(F)F)ccc2C#N)C1
ZINC000301279599,CC[C@@H]1CCCCN1CCNc1nc(C(F)(F)F)ccc1C#N
ZINC000301279600,CC[C@H]1CCCCN1CCNc1nc(C(F)(F)F)ccc1C#N
ZINC000301279667,C[C@@H]1CCCN([C@@H](C)CNc2nc(C(F)(F)F)ccc2C#N)C1
ZINC000301279668,C[C@H]1CCCN([C@H](C)CNc2nc(C(F)(F)F)ccc2C#N)C1
ZINC000301279669,C[C@H]1CCCN([C@@H](C)CNc2nc(C(F)(F)F)ccc2C#N)C1
ZINC000301279670,C[C@@H]1CCCN([C@H](C)CNc2nc(C(F)(F)F)ccc2C#N)C1
ZINC000301285399,C[C@@H]1CCCN(C(C)(C)CNc2nc(C(F)(F)F)ccc2C#N)C1
ZINC000301285401,C[C@H]1CCCN(C(C)(C)CNc2nc(C(F)(F)F)ccc2C#N)C1
ZINC000342766517,N#CCc1ccc(CN2CCC(n3c(=O)[nH]c4ccccc43)CC2)cc1
ZINC000362965570,Cc1cc(CN2CCC(n3c(=O)[nH]c4ccccc43)CC2)ccc1C#N
ZINC000461889643,CC(C(=O)N[C@H](CN1CCCC1)c1ccccc1)c1cccc(C#N)c1
ZINC000461889644,CC(C(=O)N[C@H](CN1CCCC1)c1ccccc1)c1cccc(C#N)c1
ZINC000506062597,CC(Oc1ccc(C#N)cc1)C(=O)N[C@@]1(C)CCCc2ccccc21
ZINC000506062598,CC(Oc1ccc(C#N)cc1)C(=O)N[C@]1(C)CCCc2ccccc21
ZINC000506062599,CC(Oc1ccc(C#N)cc1)C(=O)N[C@@]1(C)CCCc2ccccc21
ZINC000506062600,CC(Oc1ccc(C#N)cc1)C(=O)N[C@]1(C)CCCc2ccccc21
ZINC000571663163,CCCN(CCN1CCCCC1)c1nc(C(F)(F)F)ccc1C#N
ZINC000595287199,N#C[C@@H](c1ccccc1)N1CCC(n2c(=O)[nH]c3ccccc32)CC1
ZINC000595287200,N#C[C@H](c1ccccc1)N1CCC(n2c(=O)[nH]c3ccccc32)CC1
ZINC000596488192,CC1CCN(C[C@@H](C)Nc2nc(C(F)(F)F)ccc2C#N)CC1
ZINC000596488193,CC1CCN(C[C@H](C)Nc2nc(C(F)(F)F)ccc2C#N)CC1
ZINC000809540398,C#Cc1ccc(CN2CCC(n3c(=O)[nH]c4ccccc43)CC2)cc1
ZINC001160747613,Cc1c(Cl)c(Cl)nc(NCCN2CCC(F)(F)CC2)c1C#N
ZINC001160749046,CCCc1cc(C#N)c(NCCN2CCC(F)(F)CC2)nc1Cl
ZINC001231654957,C#Cc1cccc(CN2CCC(n3c(=O)[nH]c4ccccc43)CC2)c1
ZINC001232963887,Cc1ccc(CN2CCC(n3c(=O)[nH]c4ccccc43)CC2)c(C#N)c1
ZINC001235516286,N#CCc1ccccc1CN1CCC(n2c(=O)[nH]c3ccccc32)CC1
ZINC001612370635,CCCN(CCN1CCCCC1)c1nc(C(C)(C)C)ccc1C#N
ZINC001141373333,Cn1c(=O)n(C2CCN(Cc3cc(Cl)cc(Br)c3O)CC2)c2ccccc21
ZINC001203567080,Cn1c(=O)n(C2CCN(Cc3cc(Br)cc(Br)c3O)CC2)c2ccccc21
ZINC001249730024,CCOC(=O)CCCOc1ccc(CN2CCC(n3c(=O)[nH]c4ccccc43)CC2)c(O)c1
ZINC000413055065,O=[N+]([O-])c1cnc(NCCN2CCCCC2)c(C(F)(F)F)c1
ZINC000413280380,CCCN(CCN1CCCCC1)c1ncc([N+](=O)[O-])cc1F
ZINC000577362009,C[C@@H]1C[C@H](C)CN(C[C@@H](C)Nc2ncc([N+](=O)[O-])cc2F)C1
ZINC000577362010,C[C@@H]1C[C@@H](C)CN(C[C@@H](C)Nc2ncc([N+](=O)[O-])cc2F)C1
ZINC000577362011,C[C@@H]1C[C@H](C)CN(C[C@H](C)Nc2ncc([N+](=O)[O-])cc2F)C1
ZINC000577362012,C[C@@H]1C[C@@H](C)CN(C[C@H](C)Nc2ncc([N+](=O)[O-])cc2F)C1
ZINC001160747922,O=[N+]([O-])c1cnc(NCCN2CCC(F)(F)CC2)c(Cl)c1
ZINC001160747924,O=[N+]([O-])c1cc(Cl)cnc1NCCN1CCC(F)(F)CC1
ZINC001160748480,O=[N+]([O-])c1c(Cl)ccnc1NCCN1CCC(F)(F)CC1
ZINC001160748661,O=[N+]([O-])c1cc(Cl)nc(NCCN2CCC(F)(F)CC2)c1
ZINC001160749084,O=[N+]([O-])c1cc(Cl)cc(NCCN2CCC(F)(F)CC2)n1
ZINC001160749099,Cc1c([N+](=O)[O-])cnc(NCCN2CCC(F)(F)CC2)c1C
ZINC001160749368,Cc1cc(C)c([N+](=O)[O-])c(NCCN2CCC(F)(F)CC2)n1
ZINC000091458935,C[C@@H]1C[C@H](C)CN(C[C@@H](C)Nc2ncccc2S(N)(=O)=O)C1
ZINC000091458938,C[C@@H]1C[C@@H](C)CN(C[C@@H](C)Nc2ncccc2S(N)(=O)=O)C1
ZINC000264846027,COCCNC(=O)c1ccc(NC[C@H](C)N2CCC[C@@H](C)C2)nc1
ZINC000264846029,COCCNC(=O)c1ccc(NC[C@H](C)N2CCC[C@H](C)C2)nc1
ZINC000264846031,COCCNC(=O)c1ccc(NC[C@@H](C)N2CCC[C@@H](C)C2)nc1
ZINC000264846033,COCCNC(=O)c1ccc(NC[C@@H](C)N2CCC[C@H](C)C2)nc1
ZINC000267186120,CCCNC(=O)c1ccc(NCCN2CCC(N(C)C)CC2)nc1
ZINC000278010883,CC(C)NS(=O)(=O)c1cccnc1NCCN1CCCCC1
ZINC000301222578,CNS(=O)(=O)c1ccc(NC[C@@H](C)N2CCC[C@@H](C)C2)nc1
ZINC000301222579,CNS(=O)(=O)c1ccc(NC[C@H](C)N2CCC[C@@H](C)C2)nc1
ZINC000301222580,CNS(=O)(=O)c1ccc(NC[C@@H](C)N2CCC[C@H](C)C2)nc1
ZINC000301222581,CNS(=O)(=O)c1ccc(NC[C@H](C)N2CCC[C@H](C)C2)nc1
ZINC000301237354,CNS(=O)(=O)c1ccc(N[C@H](C)CN2C[C@H](C)C[C@H](C)C2)nc1
ZINC000301237355,CNS(=O)(=O)c1ccc(N[C@H](C)CN2C[C@@H](C)C[C@H](C)C2)nc1
ZINC000301237357,CNS(=O)(=O)c1ccc(N[C@H](C)CN2C[C@H](C)C[C@@H](C)C2)nc1
ZINC000301237359,CNS(=O)(=O)c1ccc(N[C@@H](C)CN2C[C@H](C)C[C@H](C)C2)nc1
ZINC000301275082,CC[C@@H]1CCCCN1CCNc1ccc(S(=O)(=O)NC)cn1
ZINC000301275085,CC[C@H]1CCCCN1CCNc1ccc(S(=O)(=O)NC)cn1
ZINC000301300932,CC1CCN([C@@H](CNc2ncccc2S(N)(=O)=O)C(C)C)CC1
ZINC000301300933,CC1CCN([C@H](CNc2ncccc2S(N)(=O)=O)C(C)C)CC1
ZINC000301512055,CN(C)C1CCN(CCNc2ncc(C(N)=O)cc2Cl)CC1
ZINC000302004458,C[C@@H]1C[C@@H](C)CN(C[C@H](C)Nc2ncccc2S(N)(=O)=O)C1
ZINC000302004460,C[C@@H]1C[C@H](C)CN(C[C@H](C)Nc2ncccc2S(N)(=O)=O)C1
ZINC000318243873,C[C@H](CN1CCCCC1)Nc1ccc(S(=O)(=O)N(C)C)cn1
ZINC000318243874,C[C@@H](CN1CCCCC1)Nc1ccc(S(=O)(=O)N(C)C)cn1
ZINC000321249059,O=C(O)c1ccc(C(F)(F)F)nc1NCCN1CCC(O)CC1
ZINC000341523679,CC1CCN([C@@H](CNc2ccc(S(N)(=O)=O)cn2)C(C)C)CC1
ZINC000341523680,CC1CCN([C@H](CNc2ccc(S(N)(=O)=O)cn2)C(C)C)CC1
ZINC000341826409,C[C@@H]1C[C@H](C)CN(C[C@@H](C)Nc2ccc(S(N)(=O)=O)cn2)C1
ZINC000341826410,C[C@@H]1C[C@@H](C)CN(C[C@@H](C)Nc2ccc(S(N)(=O)=O)cn2)C1
ZINC000341826411,C[C@@H]1C[C@@H](C)CN(C[C@H](C)Nc2ccc(S(N)(=O)=O)cn2)C1
ZINC000341826412,C[C@@H]1C[C@H](C)CN(C[C@H](C)Nc2ccc(S(N)(=O)=O)cn2)C1
ZINC000443957684,COCCNC(=O)c1ccc(NCCN2CCCC(C)(C)C2)nc1
ZINC000574894784,CC1CCN(CCNc2ncccc2S(=O)(=O)NC(C)C)CC1
ZINC000647451022,CN(C)C1CCN(CCNc2ncc(C(=O)O)cc2Cl)CC1
ZINC000651477993,CC(C)NS(=O)(=O)c1cccnc1N(C)CCN1CCCCC1
ZINC000664457042,COCCNC(=O)c1ccc(N[C@@H](C)CN2CCC(C)CC2)nc1
ZINC000664457043,COCCNC(=O)c1ccc(N[C@H](C)CN2CCC(C)CC2)nc1
ZINC000664457517,CNS(=O)(=O)c1ccc(N[C@H](C)CN2CCC(C)CC2)nc1
ZINC000664457518,CNS(=O)(=O)c1ccc(N[C@@H](C)CN2CCC(C)CC2)nc1
ZINC000674330653,COC1CCN(CCNc2ncc(C(=O)N(C)C)cc2Cl)CC1
ZINC000683352184,CC(C)NS(=O)(=O)c1cccnc1NCCN1CCC[C@H](C)C1
ZINC000683352185,CC(C)NS(=O)(=O)c1cccnc1NCCN1CCC[C@@H](C)C1
ZINC000829283938,COC(=O)c1cnc(NCCN2CCC(O)CC2)cc1C(F)(F)F
ZINC000882054857,COC(=O)c1cnc(NCCN2CCC(N(C)C)CC2)c(Cl)c1
ZINC000882347675,COC(=O)c1cnc(N[C@@H](CO)CN2CCCCC2)c(Cl)c1
ZINC000882347676,COC(=O)c1cnc(N[C@H](CO)CN2CCCCC2)c(Cl)c1
ZINC000543714818,COc1ccc([C@@H](CN2CCCC2)NC(=O)Cc2ccc(S(N)(=O)=O)cc2)cc1
ZINC001235819141,Cn1c(=O)n(C2CCN(Cc3cccc(C(=O)NCCN)c3)CC2)c2ccccc21
ZINC001341404241,O=C(Cc1ccc(S(=O)(=O)CCO)cc1)N[C@H](CN1CCCC1)c1ccccc1
ZINC000504039737,C[C@@H](CN1CCCCC1)Nc1ncc(Br)cc1S(N)(=O)=O
ZINC000504039738,C[C@H](CN1CCCCC1)Nc1ncc(Br)cc1S(N)(=O)=O
ZINC000591427293,NS(=O)(=O)c1ccc(CC(=O)N[C@H](CN2CCCC2)c2ccccc2)cc1
ZINC000176816288,CCC(CC)NS(=O)(=O)c1ccc(NCCN2CCC(N(C)C)CC2)nc1
ZINC000674330228,COC1CCN(CCNc2ccc(S(=O)(=O)NCCC(C)C)cn2)CC1
ZINC000676496941,CC1CCN(CCNc2ncc(Br)cc2S(N)(=O)=O)CC1
ZINC000484810088,CC(C)CCNS(=O)(=O)c1ccc(NCCN2CCC(N(C)C)CC2)nc1
ZINC000484831471,CCC[C@@H](C)NS(=O)(=O)c1ccc(NCCN2CCC(N(C)C)CC2)nc1
ZINC000484831469,CCC[C@H](C)NS(=O)(=O)c1ccc(NCCN2CCC(N(C)C)CC2)nc1
ZINC000651478294,CN(CCN1CCCCC1)c1ncc(Br)cc1S(N)(=O)=O
ZINC000679465881,C[C@H]1CCCN(CCNc2ncc(Br)cc2S(N)(=O)=O)C1
ZINC000679465882,C[C@@H]1CCCN(CCNc2ncc(Br)cc2S(N)(=O)=O)C1
ZINC000679470775,COC1CCN(CCNc2ncc(Br)cc2S(N)(=O)=O)CC1
ZINC001161871365,COC(=O)c1ccc(NC(=O)C(C)(C)C)c(NCCN2CCC(N)CC2)n1
ZINC001330962479,CCN(CC)S(=O)(=O)c1ccc(NCCN2CCC(N(C)C)CC2)nc1
ZINC001139257829,COc1cc(CN2CCC(n3c(=O)n(C)c4ccccc43)CC2)cc(CN(C)C)c1O
ZINC001249201256,COC(=O)Cc1ccc(CN2CCC(n3c(=O)n(C)c4ccccc43)CC2)c(O)c1
ZINC001139672700,Cc1cc(CN2CCC(n3c(=O)n(C)c4ccccc43)CC2)ccc1N(C)C
ZINC001140924049,CN(C)c1ccc(CN2CCC(n3c(=O)n(C)c4ccccc43)CC2)c(Cl)c1
ZINC001231852181,COc1cc(N(C)C)ccc1CN1CCC(n2c(=O)[nH]c3ccccc32)CC1
ZINC001231870869,Cc1cc(O)c(CN2CCC(n3c(=O)n(C)c4ccccc43)CC2)cc1Cl
ZINC001232268875,COc1cc(O)c(CN2CCC(n3c(=O)[nH]c4ccccc43)CC2)cc1Cl
ZINC001236795118,COc1cc(O)c(CN2CCC(n3c(=O)[nH]c4ccccc43)CC2)c(Cl)c1
ZINC001236802828,COc1ccc(CN2CCC(n3c(=O)[nH]c4ccccc43)CC2)c(O)c1Cl
ZINC001237123087,Cn1c(=O)n(C2CCN(Cc3c(O)ccc(F)c3Cl)CC2)c2ccccc21
ZINC001237619952,Cn1c(=O)n(C2CCN(Cc3cc(Cl)cc(F)c3O)CC2)c2ccccc21
ZINC001237686084,Cc1cc(Cl)cc(CN2CCC(n3c(=O)n(C)c4ccccc43)CC2)c1O
ZINC001237800443,Cn1c(=O)n(C2CCN(Cc3cc(F)cc(Cl)c3O)CC2)c2ccccc21
ZINC001237938087,Cn1c(=O)n(C2CCN(Cc3cc(F)c(Cl)cc3O)CC2)c2ccccc21
ZINC000267158069,C#CCNC(=O)c1ccc(NCCN2CCC(N(C)C)CC2)nc1
ZINC000044136635,COC(=O)CCCCN[C@H]1c2ccccc2N(C)S(=O)(=O)c2cc(Cl)ccc21
ZINC000044136637,COC(=O)CCCCN[C@@H]1c2ccccc2N(C)S(=O)(=O)c2cc(Cl)ccc21
ZINC000480654765,N#Cc1ccc(CN2CCC(n3c(=O)[nH]c4ccccc43)CC2)c(Br)c1
ZINC000492418125,N#Cc1ccc(Br)c(CN2CCC(n3c(=O)[nH]c4ccccc43)CC2)c1
ZINC000506152993,COc1ccc(CN2CCC(n3c(=O)[nH]c4ccccc43)CC2)cc1OCCCC#N
ZINC000553871571,N#Cc1cc(Br)ccc1CN1CCC(n2c(=O)[nH]c3ccccc32)CC1
ZINC000567415720,CC(C)([C@@H](NC(=O)Cc1c(F)cccc1C#N)c1ccc(F)c(F)c1)N1CCCC1
ZINC001141897161,N#Cc1ccc(Br)cc1CN1CCC(n2c(=O)[nH]c3ccccc32)CC1
ZINC001232896203,N#Cc1cc(CN2CCC(n3c(=O)[nH]c4ccccc43)CC2)ccc1Br
ZINC001236858839,N#Cc1ccc(CN2CCC(n3c(=O)[nH]c4ccccc43)CC2)cc1Br
ZINC001223020471,C=C(C)C(=O)OC[C@@H](C)O[C@@H]1c2ccccc2N(C)S(=O)(=O)c2cc(Cl)ccc21
ZINC001223020473,C=C(C)C(=O)OC[C@H](C)O[C@@H]1c2ccccc2N(C)S(=O)(=O)c2cc(Cl)ccc21
ZINC001223020474,C=C(C)C(=O)OC[C@@H](C)O[C@H]1c2ccccc2N(C)S(=O)(=O)c2cc(Cl)ccc21
ZINC001223020476,C=C(C)C(=O)OC[C@H](C)O[C@H]1c2ccccc2N(C)S(=O)(=O)c2cc(Cl)ccc21
ZINC001357506491,CCOc1cc(C#N)cc(Br)c1OCC(=O)N[C@]1(C)CCCc2ccccc21
ZINC001357506496,CCOc1cc(C#N)cc(Br)c1OCC(=O)N[C@@]1(C)CCCc2ccccc21
ZINC000341532705,NS(=O)(=O)c1ccc(NCCN2CCCCC2)nc1
ZINC000647450998,CN(C)C1CCN(CCNc2ccc(C(=O)O)cn2)CC1
ZINC000613491424,C[C@@H]1CCCN(CCNc2ccc(C(N)=O)cn2)C1
ZINC000613491428,C[C@H]1CCCN(CCNc2ccc(C(N)=O)cn2)C1
ZINC000651476509,CN(CCN1CCCCC1)c1ncccc1S(N)(=O)=O
ZINC000301232866,NS(=O)(=O)c1cccnc1NCCN1CCCCC1
ZINC000301234397,CNS(=O)(=O)c1ccc(NCCN2CCCCC2)nc1
ZINC000301241266,CC1CCN(CCNc2ncccc2S(N)(=O)=O)CC1
ZINC000905704563,CCNC(=O)c1ccc(NCCN2CCC(N)CC2)nc1
ZINC000905706321,CNC(=O)c1cccnc1NCCN1CCC(N)CC1
ZINC000388872912,Nc1ccc(NCCN2CCCCC2)nc1[N+](=O)[O-]
ZINC001161867275,NC(=O)c1cc(Cl)nc(NCCN2CCC(N)CC2)c1
ZINC001161867782,CN(C)c1ccnc(NCCN2CCC(N)CC2)c1
ZINC000381924573,CS(=O)(=O)c1ccc(NCCN2CCCCC2)nc1
ZINC000338987759,C[C@@H]1CCCCN1CCNc1ccc(S(N)(=O)=O)cn1
ZINC000338987760,C[C@H]1CCCCN1CCNc1ccc(S(N)(=O)=O)cn1
ZINC000338992018,C[C@@H]1CCCN(CCNc2ccc(S(N)(=O)=O)cn2)C1
ZINC000338992019,C[C@H]1CCCN(CCNc2ccc(S(N)(=O)=O)cn2)C1
ZINC000339002930,CC1CCN(CCNc2ccc(S(N)(=O)=O)cn2)CC1
ZINC000267217798,CN(C)C1CCN(CCNc2ccc(C(N)=O)cn2)CC1
ZINC001161866926,COc1ccnc(NCCN2CCC(N)CC2)c1
ZINC001161866969,COC(=O)c1cc(F)cnc1NCCN1CCC(N)CC1
ZINC001161867036,COC(=O)c1cnc(NCCN2CCC(N)CC2)c(F)c1
ZINC001161867059,COC(=O)Cc1cccc(NCCN2CCC(N)CC2)n1
ZINC001161867116,CC(=O)Nc1cccc(NCCN2CCC(N)CC2)n1
ZINC001161867269,CN(C)c1cccc(NCCN2CCC(N)CC2)n1
ZINC001161867277,COC(=O)c1cccc(NCCN2CCC(N)CC2)n1
ZINC001161867358,COC(=O)c1cc(NCCN2CCC(N)CC2)ncc1N
ZINC001161867509,NC(=O)c1cc(Cl)cnc1NCCN1CCC(N)CC1
ZINC001161867731,COc1cc(NCCN2CCC(N)CC2)nc(OC)c1
ZINC001161867672,NC(=O)c1cc(NCCN2CCC(N)CC2)ncc1Cl
ZINC001161867746,COCOc1ccc(NCCN2CCC(N)CC2)nc1
ZINC001161867912,COC(=O)c1cc(NCCN2CCC(N)CC2)ncc1F
ZINC001161867920,NC(=O)c1ccc(Cl)nc1NCCN1CCC(N)CC1
ZINC001161867935,CCNC(=O)c1cccnc1NCCN1CCC(N)CC1
ZINC001161870033,Cc1cnc(NCCN2CCC(N)CC2)c(CN)c1
ZINC001161870510,NC(=O)c1cc(F)cnc1NCCN1CCC(N)CC1
ZINC001161871388,CNC(=O)c1ccnc(NCCN2CCC(N)CC2)c1
ZINC001161872484,NC(=S)Nc1ccc(NCCN2CCC(N)CC2)nc1
ZINC001161873122,CN(C)Cc1ccnc(NCCN2CCC(N)CC2)c1
ZINC000721959954,NC(=O)c1ccnc(NCCN2CCC(N)CC2)c1
ZINC000721960973,NC(=O)c1cccc(NCCN2CCC(N)CC2)n1
ZINC000721981004,COC(=O)c1cccnc1NCCN1CCC(N)CC1
ZINC000721981508,Cc1ccnc(NCCN2CCC(N)CC2)c1C(N)=O
ZINC000721982000,Cc1cc(C(N)=O)cc(NCCN2CCC(N)CC2)n1
ZINC000721983952,COC(=O)c1ccnc(NCCN2CCC(N)CC2)c1
ZINC000721984011,Cc1ccc(C(N)=O)c(NCCN2CCC(N)CC2)n1
ZINC000905707100,NC(=O)c1cnc(NCCN2CCC(N)CC2)c(Cl)c1
ZINC001458386395,NC(=O)c1cnc(NCCN2CCC(O)CC2)c(Cl)c1
ZINC000321274591,O=C(O)c1ccc(NCCN2CCC(O)CC2)nc1
ZINC000321393214,Cc1nc(NCCN2CCC(O)CC2)ccc1C(=O)O
ZINC000321763563,CS(=O)(=O)c1ccc(NCCN2CCC(O)CC2)nc1
ZINC000089929804,C[C@@H]1CCCN(CCNc2ncccc2S(N)(=O)=O)C1
ZINC000089929805,C[C@H]1CCCN(CCNc2ncccc2S(N)(=O)=O)C1
ZINC000486569392,CC(C)([C@@H](NC(=O)Cc1ccc([N+](=O)[O-])cc1F)c1ccc(F)c(F)c1)N1CCCC1
ZINC000768216943,O=c1[nH]c2ccccc2n1C1CCN(Cc2ccc(Br)c([N+](=O)[O-])c2)CC1
ZINC000768219326,O=c1[nH]c2ccccc2n1C1CCN(Cc2c(Br)cccc2[N+](=O)[O-])CC1
ZINC001255176602,O=c1[nH]c2ccccc2n1C1CCN(Cc2ccc([N+](=O)[O-])cc2Br)CC1
ZINC000176816249,CCOC(=O)c1ccnc(NCCN2CCC(N(C)C)CC2)c1[N+](=O)[O-]
ZINC000189339436,COC(=O)c1cnc(NCCN2CCC(N(C)C)CC2)c([N+](=O)[O-])c1
ZINC000288582913,COC(=O)c1ccc([N+](=O)[O-])c(NCCN2CCC(N(C)C)CC2)n1
ZINC000289160718,CCOC(=O)c1ccnc(N[C@@H](CO)CN2CCCCC2)c1[N+](=O)[O-]
ZINC000289160722,CCOC(=O)c1ccnc(N[C@H](CO)CN2CCCCC2)c1[N+](=O)[O-]
ZINC000321782514,Cc1c([N+](=O)[O-])cnc(NCCN2CCC(O)CC2)c1Br
ZINC000610573669,CCOC(=O)c1ccnc(NCCN2CCC(OC)CC2)c1[N+](=O)[O-]
ZINC000044317970,N#Cc1cccnc1NCCN1CCCCC1
ZINC000049575292,N#Cc1ccc(NCCN2CCCCC2)nc1
ZINC000049575304,N#Cc1ccnc(NCCN2CCCCC2)c1
ZINC000080117830,N#Cc1cccc(NCCN2CCCCC2)n1
ZINC000413054624,N#Cc1cnc(NCCN2CCCCC2)c(F)c1
ZINC000593516171,CN(CCN1CCCCC1)c1ncccc1C#N
ZINC000593517395,CN(CCN1CCCCC1)c1ccc(C#N)cn1
ZINC000853164203,C#Cc1cccnc1NCCN1CCCCC1
ZINC000853717145,C#Cc1cccnc1N(C)CCN1CCCCC1
ZINC001262678675,C#Cc1ccc(NCCN2CCCCC2)nc1
ZINC001338029681,C#Cc1ccc(N(C)CCN2CCCCC2)nc1
ZINC001248511711,O=c1[nH]c2cc(Cl)c(Cl)cc2n1C1CCN(Cc2ccc(Cl)cc2)CC1
ZINC000084486368,OCC1CCN(CCNc2ncccc2F)CC1
ZINC000584891891,Cc1ccc(C(=O)O)c(NCCN2CCC(CO)CC2)n1
ZINC000341111506,C[C@@H]1CCC[C@H](C)N1CCNc1ccc(C(N)=O)cn1
ZINC000032576279,O[C@@H]1CCCN(CCNc2ncc(Cl)cc2F)C1
ZINC000032576280,O[C@H]1CCCN(CCNc2ncc(Cl)cc2F)C1
ZINC000670462296,CCC1CCN(CCNc2ccc(C(N)=O)cn2)CC1
ZINC000088721902,OCC1CCN(CCNc2ncccc2Cl)CC1
ZINC000823737619,Cc1cc(C(N)=O)c(N(C)CCN2CCCCC2)nc1C
ZINC000952870174,OC[C@@H]1CCCN(CCNc2ncccc2F)C1
ZINC000952870176,OC[C@H]1CCCN(CCNc2ncccc2F)C1
ZINC000952962389,OC[C@@H]1CCCN(CCNc2ccc(Cl)cn2)C1
ZINC000952962391,OC[C@H]1CCCN(CCNc2ccc(Cl)cn2)C1
ZINC000952984431,CC(=O)c1ccc(NCCN2CCC[C@@H](CO)C2)nc1
ZINC000952984432,CC(=O)c1ccc(NCCN2CCC[C@H](CO)C2)nc1
ZINC001506397436,CC(=O)c1ccc(NCCN2CCCC[C@H]2CO)nc1
ZINC001506397438,CC(=O)c1ccc(NCCN2CCCC[C@@H]2CO)nc1
ZINC001506413820,Cc1ccc(C(=O)O)c(NCCN2CCC[C@@H](CO)C2)n1
ZINC001506413825,Cc1ccc(C(=O)O)c(NCCN2CCC[C@H](CO)C2)n1
ZINC001506427121,OC[C@H]1CCCCN1CCNc1ncccc1Cl
ZINC001506427126,OC[C@@H]1CCCCN1CCNc1ncccc1Cl
ZINC001529168203,C=Cc1ccc(NCCN2CCCC[C@H]2CO)nc1
ZINC001529168204,C=Cc1ccc(NCCN2CCCC[C@@H]2CO)nc1
ZINC001529179629,Cc1ccc(C(=O)O)c(NCCN2CCCC[C@H]2CO)n1
ZINC001529179628,Cc1ccc(C(=O)O)c(NCCN2CCCC[C@@H]2CO)n1
ZINC000301382349,CNC(=O)c1cccnc1NCCN1CCCCC1
ZINC000891532407,COc1ccc(CN2CCC(n3c(=O)[nH]c4ccccc43)CC2)c(O)c1OC
ZINC000177238721,CC(=O)c1cc(F)cc(CN2CCC(n3c(=O)[nH]c4ccccc43)CC2)c1O
ZINC000373924227,COc1c([N+](=O)[O-])ccc(CN2CCC(n3c(=O)[nH]c4ccccc43)CC2)c1O
ZINC001141026169,COc1cc(O)c(CN2CCC(n3c(=O)[nH]c4ccccc43)CC2)c(OC)c1
ZINC001203608908,CCOc1cccc(CN2CCC(n3c(=O)n(C)c4ccccc43)CC2)c1O
ZINC001231854052,COc1cc(N(C)C)ccc1CN1CCC(n2c(=O)n(C)c3ccccc32)CC1
ZINC001232264332,Cn1c(=O)n(C2CCN(Cc3cc(Cl)c(O)cc3O)CC2)c2ccccc21
ZINC001236810042,COc1cc(C)c(CN2CCC(n3c(=O)n(C)c4ccccc43)CC2)c(O)c1
ZINC001237045203,CCOc1ccc(CN2CCC(n3c(=O)n(C)c4ccccc43)CC2)c(O)c1
ZINC001237669829,COc1cc(CN2CCC(n3c(=O)[nH]c4ccccc43)CC2)c(O)c(OC)c1
ZINC001249177669,COC(=O)Cc1ccc(CN2CCC(n3c(=O)[nH]c4ccccc43)CC2)c(O)c1
ZINC000060876292,CC[C@H](c1ccccc1)N1CCC(n2c(=O)[nH]c3ccccc32)CC1
ZINC000064950682,Cc1cc(C)c(CN2CCC(n3c(=O)[nH]c4ccccc43)CC2)c(C)c1
ZINC000445800722,CCc1ccccc1CN1CCC(n2c(=O)[nH]c3ccccc32)CC1
ZINC000463381909,CCC(C(=O)N[C@H](CN1CCCC1)c1ccccc1)c1ccccc1
ZINC000463381910,CCC(C(=O)N[C@H](CN1CCCC1)c1ccccc1)c1ccccc1
ZINC000468837512,CCc1cccc(CN2CCC(n3c(=O)[nH]c4ccccc43)CC2)c1
ZINC000483408078,Cc1ccccc1[C@H](C)N1CCC(n2c(=O)[nH]c3ccccc32)CC1
ZINC000483408079,Cc1ccccc1[C@@H](C)N1CCC(n2c(=O)[nH]c3ccccc32)CC1
ZINC000487724099,Cc1cccc([C@H](C)N2CCC(n3c(=O)[nH]c4ccccc43)CC2)c1
ZINC000487724102,Cc1cccc([C@@H](C)N2CCC(n3c(=O)[nH]c4ccccc43)CC2)c1
ZINC000491089293,Cc1ccc(F)cc1CN1CCC(n2c(=O)[nH]c3ccccc32)CC1
ZINC000506134834,Cc1cc(CN2CCC(n3c(=O)[nH]c4ccccc43)CC2)ccc1F
ZINC000506135298,Cc1cccc(CN2CCC(n3c(=O)[nH]c4ccccc43)CC2)c1C
ZINC000506135838,Cc1ccc(CN2CCC(n3c(=O)[nH]c4ccccc43)CC2)c(C)c1
ZINC000506140953,Cc1cc(F)ccc1CN1CCC(n2c(=O)[nH]c3ccccc32)CC1
ZINC000506147132,Cc1ccc(CN2CCC(n3c(=O)[nH]c4ccccc43)CC2)cc1C
ZINC000506152708,Cc1ccc(F)c(CN2CCC(n3c(=O)[nH]c4ccccc43)CC2)c1
ZINC000506160853,Cc1ccc(CN2CCC(n3c(=O)[nH]c4ccccc43)CC2)cc1F
ZINC000506161500,CCc1ccc(CN2CCC(n3c(=O)[nH]c4ccccc43)CC2)cc1
ZINC000531966784,OC[C@@H](Cc1c[nH]c2ccccc12)NC1CCC(c2ccccc2)CC1
ZINC000531966785,OC[C@H](Cc1c[nH]c2ccccc12)NC1CCC(c2ccccc2)CC1
ZINC000606765638,Cc1cccc(C(C)C(=O)N[C@H](CN2CCCC2)c2ccccc2)c1
ZINC000606765641,Cc1cccc(C(C)C(=O)N[C@H](CN2CCCC2)c2ccccc2)c1
ZINC000777538742,O=c1[nH]c2ccccc2n1C1CCN(Cc2ccc(CF)cc2)CC1
ZINC000917065339,C[C@@H]1CCCCN1[C@H](C)CNc1ccc(C(F)(F)F)c(Cl)n1
ZINC000917065340,C[C@@H]1CCCCN1[C@@H](C)CNc1ccc(C(F)(F)F)c(Cl)n1
ZINC000917065341,C[C@H]1CCCCN1[C@@H](C)CNc1ccc(C(F)(F)F)c(Cl)n1
ZINC000917065342,C[C@H](CNc1ccc(C(F)(F)F)c(Cl)n1)N1CCCC[C@@H]1C
ZINC000917068366,C[C@@H]1CCCN([C@H](C)CNc2ccc(C(F)(F)F)c(Cl)n2)C1
ZINC000917068367,C[C@@H]1CCCN([C@@H](C)CNc2ccc(C(F)(F)F)c(Cl)n2)C1
ZINC000917068368,C[C@H]1CCCN([C@@H](C)CNc2ccc(C(F)(F)F)c(Cl)n2)C1
ZINC000917068369,C[C@H]1CCCN([C@H](C)CNc2ccc(C(F)(F)F)c(Cl)n2)C1
ZINC000919802638,C[C@@H]1CCCN(C[C@@H](C)Nc2ccc(C(F)(F)F)c(Cl)n2)C1
ZINC000919802639,C[C@@H]1CCCN(C[C@H](C)Nc2ccc(C(F)(F)F)c(Cl)n2)C1
ZINC000919802640,C[C@H]1CCCN(C[C@H](C)Nc2ccc(C(F)(F)F)c(Cl)n2)C1
ZINC000919802641,C[C@H]1CCCN(C[C@@H](C)Nc2ccc(C(F)(F)F)c(Cl)n2)C1
ZINC001127404463,CC(Oc1ccccc1Cl)C(=O)N[C@]1(C)CCCc2ccccc21
ZINC001127404464,CC(Oc1ccccc1Cl)C(=O)N[C@]1(C)CCCc2ccccc21
ZINC001127404465,CC(Oc1ccccc1Cl)C(=O)N[C@@]1(C)CCCc2ccccc21
ZINC001127404466,CC(Oc1ccccc1Cl)C(=O)N[C@@]1(C)CCCc2ccccc21
ZINC001137673831,Cc1cccc(CN2CCC(n3c(=O)[nH]c4ccccc43)CC2)c1F
ZINC001141192849,Cc1ccc(CN2CCC(n3c(=O)[nH]c4ccccc43)CC2)c(F)c1
ZINC001143586371,Cc1cc(F)cc(CN2CCC(n3c(=O)[nH]c4ccccc43)CC2)c1
ZINC001160752719,CCCCOc1cnc(NCCN2CCC(F)(F)CC2)c(Cl)c1
ZINC001162257740,C[C@@H]1CCCN(C[C@@H](C)Nc2ncc(C(F)(F)F)cc2Cl)C1
ZINC001162257742,C[C@@H]1CCCN(C[C@H](C)Nc2ncc(C(F)(F)F)cc2Cl)C1
ZINC001162257744,C[C@H]1CCCN(C[C@H](C)Nc2ncc(C(F)(F)F)cc2Cl)C1
ZINC001162257746,C[C@H]1CCCN(C[C@@H](C)Nc2ncc(C(F)(F)F)cc2Cl)C1
ZINC001163278206,CCCN(CCN1CCCCC1)c1ncc(C(F)(F)F)cc1Cl
ZINC001184830826,CC1CCN([C@@H](CNc2ccc(C(F)(F)F)cn2)C(C)C)CC1
ZINC001184830827,CC1CCN([C@H](CNc2ccc(C(F)(F)F)cn2)C(C)C)CC1
ZINC001204509262,Cc1c(F)cccc1CN1CCC(n2c(=O)[nH]c3ccccc32)CC1
ZINC001232490836,Cc1cccc(F)c1CN1CCC(n2c(=O)[nH]c3ccccc32)CC1
ZINC001306930298,CC1CCN([C@@H](CNc2ncccc2Br)C(C)C)CC1
ZINC001306930299,CC1CCN([C@H](CNc2ncccc2Br)C(C)C)CC1
ZINC001435658082,Cc1c(Cl)cccc1OCC(=O)N[C@@]1(C)CCCc2ccccc21
ZINC001435658083,Cc1c(Cl)cccc1OCC(=O)N[C@]1(C)CCCc2ccccc21
ZINC001435658539,CC(Oc1cccc(Cl)c1)C(=O)N[C@]1(C)CCCc2ccccc21
ZINC001435658541,CC(Oc1cccc(Cl)c1)C(=O)N[C@]1(C)CCCc2ccccc21
ZINC001435658543,CC(Oc1cccc(Cl)c1)C(=O)N[C@@]1(C)CCCc2ccccc21
ZINC001435658545,CC(Oc1cccc(Cl)c1)C(=O)N[C@@]1(C)CCCc2ccccc21
ZINC001458174074,CC[C@@H]1CCCCN1CCNc1ncc(C(F)(F)F)cc1Cl
ZINC001458174076,CC[C@H]1CCCCN1CCNc1ncc(C(F)(F)F)cc1Cl
ZINC001472770206,CC1(C)CCCN(CCNc2ncc(C(F)(F)F)cc2Cl)C1
ZINC001519901264,C[C@]1(NC(=O)COc2ccc(F)c(Cl)c2)CCCc2ccccc21
ZINC001519901265,C[C@@]1(NC(=O)COc2ccc(F)c(Cl)c2)CCCc2ccccc21
ZINC001519901462,Cc1ccc(Cl)c(OCC(=O)N[C@@]2(C)CCCc3ccccc32)c1
ZINC001519901463,Cc1ccc(Cl)c(OCC(=O)N[C@]2(C)CCCc3ccccc32)c1
ZINC001520402847,C[C@]1(NC(=O)COc2cccc(Cl)c2)CCCc2ccccc21
ZINC001520402848,C[C@@]1(NC(=O)COc2cccc(Cl)c2)CCCc2ccccc21
ZINC001520403244,C[C@]1(NC(=O)COc2ccc(F)cc2Cl)CCCc2ccccc21
ZINC001520403245,C[C@@]1(NC(=O)COc2ccc(F)cc2Cl)CCCc2ccccc21
ZINC001520403302,Cc1cc(Cl)ccc1OCC(=O)N[C@@]1(C)CCCc2ccccc21
ZINC001520403303,Cc1cc(Cl)ccc1OCC(=O)N[C@]1(C)CCCc2ccccc21
ZINC001520404047,Cc1cc(OCC(=O)N[C@@]2(C)CCCc3ccccc32)ccc1Cl
ZINC001520404048,Cc1cc(OCC(=O)N[C@]2(C)CCCc3ccccc32)ccc1Cl
ZINC001526801723,C[C@]1(NC(=O)COc2ccc(Cl)cc2)CCCc2ccccc21
ZINC001526801724,C[C@@]1(NC(=O)COc2ccc(Cl)cc2)CCCc2ccccc21
ZINC001526808522,CC(Oc1ccc(F)c(F)c1)C(=O)N[C@@]1(C)CCCc2ccccc21
ZINC001526808526,CC(Oc1ccc(F)c(F)c1)C(=O)N[C@]1(C)CCCc2ccccc21
ZINC001526808527,CC(Oc1ccc(F)c(F)c1)C(=O)N[C@@]1(C)CCCc2ccccc21
ZINC001526808528,CC(Oc1ccc(F)c(F)c1)C(=O)N[C@]1(C)CCCc2ccccc21
ZINC001526810552,CCC(Oc1ccccc1F)C(=O)N[C@]1(C)CCCc2ccccc21
ZINC001526810553,CCC(Oc1ccccc1F)C(=O)N[C@@]1(C)CCCc2ccccc21
ZINC001526810554,CCC(Oc1ccccc1F)C(=O)N[C@@]1(C)CCCc2ccccc21
ZINC001526810555,CCC(Oc1ccccc1F)C(=O)N[C@]1(C)CCCc2ccccc21
ZINC001534727284,Cc1cc(C)c(OCC(=O)N[C@]2(C)CCCc3ccccc32)c(C)c1
ZINC001534727285,Cc1cc(C)c(OCC(=O)N[C@@]2(C)CCCc3ccccc32)c(C)c1
ZINC001534727487,C[C@]1(NC(=O)COc2ccccc2Cl)CCCc2ccccc21
ZINC001534727488,C[C@@]1(NC(=O)COc2ccccc2Cl)CCCc2ccccc21
ZINC001534735981,CC(Oc1ccc(Cl)cc1)C(=O)N[C@]1(C)CCCc2ccccc21
ZINC001534735982,CC(Oc1ccc(Cl)cc1)C(=O)N[C@@]1(C)CCCc2ccccc21
ZINC001536655802,C[C@]1(NC(=O)COc2ccc(Cl)c(F)c2)CCCc2ccccc21
ZINC001536655803,C[C@@]1(NC(=O)COc2ccc(Cl)c(F)c2)CCCc2ccccc21
ZINC001536656197,Cc1ccc(Cl)cc1OCC(=O)N[C@@]1(C)CCCc2ccccc21
ZINC001536656198,Cc1ccc(Cl)cc1OCC(=O)N[C@]1(C)CCCc2ccccc21
ZINC001540337856,Cc1ccccc1C(C)C(=O)N[C@H](CN1CCCC1)c1ccccc1
ZINC001540337859,Cc1ccccc1C(C)C(=O)N[C@H](CN1CCCC1)c1ccccc1
ZINC001559070282,C[C@@H]1CCCCN1[C@H](C)CNc1ncc(C(F)(F)F)cc1Cl
ZINC001559070283,C[C@@H]1CCCCN1[C@@H](C)CNc1ncc(C(F)(F)F)cc1Cl
ZINC001559070284,C[C@H]1CCCCN1[C@@H](C)CNc1ncc(C(F)(F)F)cc1Cl
ZINC001559070285,C[C@H](CNc1ncc(C(F)(F)F)cc1Cl)N1CCCC[C@@H]1C
ZINC001559236341,CC1CCN(C[C@@H](C)Nc2ncc(C(F)(F)F)cc2Cl)CC1
ZINC001559236342,CC1CCN(C[C@H](C)Nc2ncc(C(F)(F)F)cc2Cl)CC1
ZINC001583361201,CC(C)(Oc1ccc(F)cc1)C(=O)N[C@@]1(C)CCCc2ccccc21
ZINC001583361202,CC(C)(Oc1ccc(F)cc1)C(=O)N[C@]1(C)CCCc2ccccc21
ZINC001651373937,C[C@@H]1CCCN([C@H](C)CNc2ncc(C(F)(F)F)cc2Cl)C1
ZINC001651373938,C[C@@H]1CCCN([C@@H](C)CNc2ncc(C(F)(F)F)cc2Cl)C1
ZINC001651373939,C[C@H]1CCCN([C@@H](C)CNc2ncc(C(F)(F)F)cc2Cl)C1
ZINC001651373940,C[C@H]1CCCN([C@H](C)CNc2ncc(C(F)(F)F)cc2Cl)C1
ZINC000773732489,CCN(C)c1ccc(CN2CCC(n3c(=O)[nH]c4ccccc43)CC2)cc1
ZINC000775645208,Cc1cc(Cl)cc(CN2CCC(n3c(=O)[nH]c4ccccc43)CC2)c1O
ZINC001231867590,Cc1cc(O)c(CN2CCC(n3c(=O)[nH]c4ccccc43)CC2)cc1Cl
ZINC001237051875,CC(C)c1ccc(CN2CCC(n3c(=O)[nH]c4ccccc43)CC2)c(O)c1
ZINC000047873380,C[C@@H](CN1CCCCC1)Nc1ncc(C(F)(F)F)cc1Cl
ZINC000047873381,C[C@H](CN1CCCCC1)Nc1ncc(C(F)(F)F)cc1Cl
ZINC000915211897,C[C@@H](CN1CCCCC1)Nc1ccc(C(F)(F)F)c(Cl)n1
ZINC000915211898,C[C@H](CN1CCCCC1)Nc1ccc(C(F)(F)F)c(Cl)n1
ZINC001127405260,Cc1cccc(OC(C)C(=O)N[C@]2(C)CCCc3ccccc32)c1
ZINC001127405261,Cc1cccc(OC(C)C(=O)N[C@@]2(C)CCCc3ccccc32)c1
ZINC001127405262,Cc1cccc(OC(C)C(=O)N[C@]2(C)CCCc3ccccc32)c1
ZINC001127405263,Cc1cccc(OC(C)C(=O)N[C@@]2(C)CCCc3ccccc32)c1
ZINC001127489632,Cc1ccc(OCC(=O)N[C@@]2(C)CCCc3ccccc32)c(C)c1
ZINC001127489633,Cc1ccc(OCC(=O)N[C@]2(C)CCCc3ccccc32)c(C)c1
ZINC001266563494,Cc1ccc(OC(C)C(=O)N[C@]2(C)CCCc3ccccc32)cc1
ZINC001266563495,Cc1ccc(OC(C)C(=O)N[C@@]2(C)CCCc3ccccc32)cc1
ZINC001266563496,Cc1ccc(OC(C)C(=O)N[C@]2(C)CCCc3ccccc32)cc1
ZINC001266563497,Cc1ccc(OC(C)C(=O)N[C@@]2(C)CCCc3ccccc32)cc1
ZINC001458248297,Cc1ccc(C)c(OCC(=O)N[C@@]2(C)CCCc3ccccc32)c1
ZINC001458248301,Cc1ccc(C)c(OCC(=O)N[C@]2(C)CCCc3ccccc32)c1
ZINC001520402888,Cc1ccc(OCC(=O)N[C@@]2(C)CCCc3ccccc32)cc1C
ZINC001520402889,Cc1ccc(OCC(=O)N[C@]2(C)CCCc3ccccc32)cc1C
ZINC001526803553,Cc1cc(C)cc(OCC(=O)N[C@@]2(C)CCCc3ccccc32)c1
ZINC001526803556,Cc1cc(C)cc(OCC(=O)N[C@]2(C)CCCc3ccccc32)c1
ZINC001534726352,Cc1cccc(C)c1OCC(=O)N[C@@]1(C)CCCc2ccccc21
ZINC001534726354,Cc1cccc(C)c1OCC(=O)N[C@]1(C)CCCc2ccccc21
ZINC001639393676,C[C@@H]1CCCN(C(C)(C)CNc2ccc(C(F)(F)F)cn2)C1
ZINC001639393751,C[C@H]1CCCN(C(C)(C)CNc2ccc(C(F)(F)F)cn2)C1
ZINC001137461035,COc1cc(Br)c(CN2CCC(n3c(=O)n(C)c4ccccc43)CC2)c(OC)c1
ZINC001138366698,CS(=O)(=O)c1cc(Br)ccc1CN1CCC(n2c(=O)[nH]c3ccccc32)CC1
ZINC001138913294,COc1cc(CN2CCC(n3c(=O)n(C)c4ccccc43)CC2)c(OC)cc1Br
ZINC001139238976,O=C(O)COc1ccc(Br)cc1CN1CCC(n2c(=O)[nH]c3ccccc32)CC1
ZINC001139511757,Cn1c(=O)n(C2CCN(Cc3ccc(F)c(I)c3)CC2)c2ccccc21
ZINC001139859886,COc1cc(OC)c(CN2CCC(n3c(=O)n(C)c4ccccc43)CC2)cc1Br
ZINC001140091557,Cn1c(=O)n(C2CCN(Cc3c(F)cccc3I)CC2)c2ccccc21
ZINC001140736152,Cn1c(=O)n(C2CCN(Cc3ccc(I)cc3F)CC2)c2ccccc21
ZINC001140985990,Cn1c(=O)n(C2CCN(Cc3cc(F)ccc3I)CC2)c2ccccc21
ZINC001141449121,Cn1c(=O)n(C2CCN(Cc3cc(I)ccc3F)CC2)c2ccccc21
ZINC001203338862,COc1cc(Br)c(CN2CCC(n3c(=O)n(C)c4ccccc43)CC2)cc1OC
ZINC001203776877,COc1cc(CN2CCC(n3c(=O)n(C)c4ccccc43)CC2)cc(Br)c1OC
ZINC001204104498,COc1cc(CN2CCC(n3c(=O)[nH]c4ccccc43)CC2)cc(I)c1O
ZINC001223019930,CCOC(=O)CCC(O[C@@H]1c2ccccc2N(C)S(=O)(=O)c2cc(Cl)ccc21)C(=O)OCC
ZINC001223019931,CCOC(=O)CCC(O[C@H]1c2ccccc2N(C)S(=O)(=O)c2cc(Cl)ccc21)C(=O)OCC
ZINC001223019932,CCOC(=O)CCC(O[C@@H]1c2ccccc2N(C)S(=O)(=O)c2cc(Cl)ccc21)C(=O)OCC
ZINC001223019933,CCOC(=O)CCC(O[C@H]1c2ccccc2N(C)S(=O)(=O)c2cc(Cl)ccc21)C(=O)OCC
ZINC001223021364,CCOC(=O)CC(CC(=O)OCC)O[C@@H]1c2ccccc2N(C)S(=O)(=O)c2cc(Cl)ccc21
ZINC001223021370,CCOC(=O)CC(CC(=O)OCC)O[C@H]1c2ccccc2N(C)S(=O)(=O)c2cc(Cl)ccc21
ZINC001231547463,CCOc1cc(CN2CCC(n3c(=O)n(C)c4ccccc43)CC2)ccc1OCCCOC
ZINC001231689207,COc1cc(CN2CCC(n3c(=O)n(C)c4ccccc43)CC2)c(Br)cc1OC(C)=O
ZINC001232407240,COC(=O)c1cc(Br)ccc1CN1CCC(n2c(=O)n(C)c3ccccc32)CC1
ZINC001232492263,Cn1c(=O)n(C2CCN(Cc3ccc(I)c(F)c3)CC2)c2ccccc21
ZINC001232567061,COc1cc(CN2CCC(n3c(=O)n(C)c4ccccc43)CC2)cc(OC)c1Br
ZINC001232697723,COc1cc(Br)cc(OC)c1CN1CCC(n2c(=O)n(C)c3ccccc32)CC1
ZINC001232725548,COC(=O)c1ccc(CN2CCC(n3c(=O)n(C)c4ccccc43)CC2)c(Br)c1
ZINC001233085675,COCCOc1ccc(CN2CCC(n3c(=O)[nH]c4ccccc43)CC2)cc1OCCOC
ZINC001233202378,COc1ccc(CN2CCC(n3c(=O)n(C)c4ccccc43)CC2)c(Br)c1OC
ZINC001233476935,CC(C)(C)OC(=O)NCCNC(=O)c1cccc(CN2CCC(n3c(=O)[nH]c4ccccc43)CC2)c1
ZINC001235163473,Cn1c(=O)n(C2CCN(Cc3cccc(F)c3I)CC2)c2ccccc21
ZINC001235283647,COC(=O)c1cc(Br)cc(CN2CCC(n3c(=O)n(C)c4ccccc43)CC2)c1
ZINC001235476723,Cn1c(=O)n(C2CCN(Cc3cccc(I)c3F)CC2)c2ccccc21
ZINC001236599533,COc1cccc(I)c1CN1CCC(n2c(=O)n(C)c3ccccc32)CC1
ZINC001236646600,COc1ccc(CN2CCC(n3c(=O)n(C)c4ccccc43)CC2)cc1I
ZINC001236942564,CS(=O)(=O)c1ccc(CN2CCC(n3c(=O)[nH]c4ccccc43)CC2)cc1Br
ZINC001237074435,COc1cc(CN2CCC(n3c(=O)n(C)c4ccccc43)CC2)ccc1I
ZINC001237377924,Cn1c(=O)n(C2CCN(Cc3cc(F)cc(I)c3)CC2)c2ccccc21
ZINC001237532134,COC(=O)c1ccc(Br)c(CN2CCC(n3c(=O)n(C)c4ccccc43)CC2)c1
ZINC001237962216,COc1cc(CN2CCC(n3c(=O)n(C)c4ccccc43)CC2)c(Br)c(OC)c1OC
ZINC001238124228,Cn1c(=O)n(C2CCN(Cc3ccc(S(C)(=O)=O)cc3C(F)(F)F)CC2)c2ccccc21
ZINC001238575854,COc1c(I)ccc(F)c1CN1CCC(n2c(=O)n(C)c3ccccc32)CC1
ZINC001249755071,COc1ccc(Br)c(OC)c1CN1CCC(n2c(=O)n(C)c3ccccc32)CC1
ZINC001250577187,COC(=O)c1cc(CN2CCC(n3c(=O)n(C)c4ccccc43)CC2)ccc1Br
ZINC001440539251,O=C(Cc1ccc(S(=O)(=O)CC(F)(F)F)cc1)N[C@H](CN1CCCC1)c1ccccc1
ZINC000052723782,CN(C)S(=O)(=O)c1cccc(CN2CCC(n3c(=O)[nH]c4ccccc43)CC2)c1
ZINC000474698580,CN(C)S(=O)(=O)c1ccc(CC(=O)N[C@H](CN2CCCC2)c2ccccc2)cc1
ZINC000484828680,CC(C)N(C(C)C)S(=O)(=O)c1ccc(NCCN2CCC(N(C)C)CC2)nc1
ZINC000504055134,C[C@@H]1C[C@H](C)CN(C[C@@H](C)Nc2ncc(Br)cc2S(N)(=O)=O)C1
ZINC000504055135,C[C@@H]1C[C@@H](C)CN(C[C@@H](C)Nc2ncc(Br)cc2S(N)(=O)=O)C1
ZINC000504055136,C[C@@H]1C[C@H](C)CN(C[C@H](C)Nc2ncc(Br)cc2S(N)(=O)=O)C1
ZINC000504055137,C[C@@H]1C[C@@H](C)CN(C[C@H](C)Nc2ncc(Br)cc2S(N)(=O)=O)C1
ZINC000544723229,CCNS(=O)(=O)c1ccc(CC(=O)N[C@H](CN2CCCC2)c2ccccc2)cc1
ZINC001138595502,COc1cc(CN2CCC(n3c(=O)[nH]c4ccccc43)CC2)ccc1OCC(N)=O
ZINC001138597335,COc1cc(CN2CCC(n3c(=O)n(C)c4ccccc43)CC2)ccc1OCC(N)=O
ZINC001161871197,COC(=O)C=Cc1ccc(NC(=O)C(C)(C)C)c(NCCN2CCC(N)CC2)n1
ZINC001233301477,COc1ccc(CN2CCC(n3c(=O)[nH]c4ccccc43)CC2)cc1S(N)(=O)=O
ZINC001320277274,CNS(=O)(=O)c1ccc(CC(=O)N[C@H](CN2CCCC2)c2ccccc2)cc1
ZINC001320474899,COc1ccc(CN2CCC(n3c(=O)[nH]c4ccccc43)CC2)cc1OCC(N)=O
ZINC001203565240,O=c1[nH]c2ccccc2n1C1CCN(Cc2cc(Br)cc(Br)c2O)CC1
ZINC001237792613,Cn1c(=O)n(C2CCN(Cc3cc(Br)cc(C(F)(F)F)c3O)CC2)c2ccccc21
ZINC000001602368,CCN(CCN1CCCCC1)c1ccccn1
ZINC000001602384,Cc1ccnc(N(C)CCN2CCCCC2)c1
ZINC000054700836,Fc1cccnc1NCCN1CCCCC1
ZINC001223015503,C=CCOC[C@H](CS(=O)(=O)O)O[C@@H]1c2ccccc2N(C)S(=O)(=O)c2cc(Cl)ccc21
ZINC001223015504,C=CCOC[C@@H](CS(=O)(=O)O)O[C@@H]1c2ccccc2N(C)S(=O)(=O)c2cc(Cl)ccc21
ZINC001223015505,C=CCOC[C@H](CS(=O)(=O)O)O[C@H]1c2ccccc2N(C)S(=O)(=O)c2cc(Cl)ccc21
ZINC001223015506,C=CCOC[C@@H](CS(=O)(=O)O)O[C@H]1c2ccccc2N(C)S(=O)(=O)c2cc(Cl)ccc21
ZINC000549747265,O=c1[nH]c2ccccc2n1C1CCN(Cc2cc([N+](=O)[O-])ccc2C(F)(F)F)CC1
ZINC000809931137,O=c1[nH]c2ccccc2n1C1CCN(Cc2cc(Cl)cc(Cl)c2[N+](=O)[O-])CC1