protocol,candidate_id,model_name,model_type,stage,metric,mean,std,ci95_low,ci95_high
scaffold,rf__ecfp_2048,Random Forest,ECFP4 (2048-bit),valid,AUROC,0.8733010521281683,0.0478564658504314,0.8138794014004196,0.9327227028559172
scaffold,rf__ecfp_2048,Random Forest,ECFP4 (2048-bit),valid,AUPRC,0.7419476137362734,0.1038254328769021,0.6130313116351023,0.8708639158374445
scaffold,rf__ecfp_2048,Random Forest,ECFP4 (2048-bit),valid,Accuracy,0.8462378017462763,0.0440084583462017,0.7915940834013475,0.900881520091205
scaffold,rf__ecfp_2048,Random Forest,ECFP4 (2048-bit),valid,F1,0.617262443438914,0.1046698224571939,0.4872976931954362,0.7472271936823918
scaffold,rf__ecfp_2048,Random Forest,ECFP4 (2048-bit),valid,MCC,0.541993877252503,0.1294941496097728,0.3812056537040358,0.7027821008009703
scaffold,rf__ecfp_2048,Random Forest,ECFP4 (2048-bit),test,AUROC,0.9539710144927536,0.0152998456267532,0.9349737469999388,0.9729682819855684
scaffold,rf__ecfp_2048,Random Forest,ECFP4 (2048-bit),test,AUPRC,0.9299630737136628,0.0099988893994491,0.9175478127243456,0.9423783347029802
scaffold,rf__ecfp_2048,Random Forest,ECFP4 (2048-bit),test,Accuracy,0.926530612244898,0.0085373472095313,0.9159300955746574,0.9371311289151384
scaffold,rf__ecfp_2048,Random Forest,ECFP4 (2048-bit),test,F1,0.84054457619675,0.0198854926563529,0.8158534758788112,0.8652356765146889
scaffold,rf__ecfp_2048,Random Forest,ECFP4 (2048-bit),test,MCC,0.793244722876733,0.0249079369667823,0.7623174342755507,0.8241720114779153
scaffold,rf__ecfp_1024,Random Forest,ECFP4 (1024-bit),valid,AUROC,0.8761231999574898,0.0497587649845264,0.814339532881121,0.9379068670338584
scaffold,rf__ecfp_1024,Random Forest,ECFP4 (1024-bit),valid,AUPRC,0.7418948246725696,0.1059855296393203,0.6102964081888673,0.8734932411562719
scaffold,rf__ecfp_1024,Random Forest,ECFP4 (1024-bit),valid,Accuracy,0.8428479712378018,0.0457774970394576,0.7860077012360277,0.8996882412395758
scaffold,rf__ecfp_1024,Random Forest,ECFP4 (1024-bit),valid,F1,0.6140940231514292,0.1067907460018219,0.4814957984996441,0.7466922478032144
scaffold,rf__ecfp_1024,Random Forest,ECFP4 (1024-bit),valid,MCC,0.5358110762755933,0.1321277199362762,0.3717528432659691,0.6998693092852175
scaffold,rf__ecfp_1024,Random Forest,ECFP4 (1024-bit),test,AUROC,0.9495652173913044,0.0116988035191945,0.935039234239461,0.9640912005431478
scaffold,rf__ecfp_1024,Random Forest,ECFP4 (1024-bit),test,AUPRC,0.912035496302318,0.027823938443174,0.8774875136491911,0.946583478955445
scaffold,rf__ecfp_1024,Random Forest,ECFP4 (1024-bit),test,Accuracy,0.93265306122449,0.0136902121071416,0.9156544177232788,0.9496517047257008
scaffold,rf__ecfp_1024,Random Forest,ECFP4 (1024-bit),test,F1,0.8532718489240227,0.0300491230716654,0.8159609346283416,0.8905827632197039
scaffold,rf__ecfp_1024,Random Forest,ECFP4 (1024-bit),test,MCC,0.8102331053218382,0.0387116857731285,0.7621661987875675,0.8583000118561089
scaffold,tabpfn__ecfp_2048_rdkit2d_normalized_200,TabPFN,ECFP4 (2048-bit) + RDKit2D (200-d),valid,AUROC,0.8808860725862161,0.0416995993139863,0.8291091813785167,0.9326629637939154
scaffold,tabpfn__ecfp_2048_rdkit2d_normalized_200,TabPFN,ECFP4 (2048-bit) + RDKit2D (200-d),valid,AUPRC,0.7619269511774837,0.0897184579887153,0.6505267719185387,0.8733271304364286
scaffold,tabpfn__ecfp_2048_rdkit2d_normalized_200,TabPFN,ECFP4 (2048-bit) + RDKit2D (200-d),valid,Accuracy,0.8598035439137135,0.0447596336547018,0.8042271182318805,0.9153799695955464
scaffold,tabpfn__ecfp_2048_rdkit2d_normalized_200,TabPFN,ECFP4 (2048-bit) + RDKit2D (200-d),valid,F1,0.6474246424350666,0.103328327945133,0.5191255776310028,0.7757237072391304
scaffold,tabpfn__ecfp_2048_rdkit2d_normalized_200,TabPFN,ECFP4 (2048-bit) + RDKit2D (200-d),valid,MCC,0.5857050691053357,0.130697854459861,0.4234222485800507,0.7479878896306207
scaffold,tabpfn__ecfp_2048_rdkit2d_normalized_200,TabPFN,ECFP4 (2048-bit) + RDKit2D (200-d),test,AUROC,0.9544927536231884,0.0148534817105147,0.936049720135264,0.9729357871111126
scaffold,tabpfn__ecfp_2048_rdkit2d_normalized_200,TabPFN,ECFP4 (2048-bit) + RDKit2D (200-d),test,AUPRC,0.9200047357354172,0.004816486504809,0.9140242778445612,0.9259851936262729
scaffold,tabpfn__ecfp_2048_rdkit2d_normalized_200,TabPFN,ECFP4 (2048-bit) + RDKit2D (200-d),test,Accuracy,0.9244897959183674,0.0154752560082684,0.905274727669914,0.943704864166821
scaffold,tabpfn__ecfp_2048_rdkit2d_normalized_200,TabPFN,ECFP4 (2048-bit) + RDKit2D (200-d),test,F1,0.8377899251534775,0.0362021304023632,0.792839043174585,0.88274080713237
scaffold,tabpfn__ecfp_2048_rdkit2d_normalized_200,TabPFN,ECFP4 (2048-bit) + RDKit2D (200-d),test,MCC,0.789069724669413,0.045865656602191,0.7321199901124955,0.8460194592263306
scaffold,tabpfn__ecfp_1024,TabPFN,ECFP4 (1024-bit),valid,AUROC,0.8761051331101546,0.049674036421167,0.8144266704405287,0.9377835957797804
scaffold,tabpfn__ecfp_1024,TabPFN,ECFP4 (1024-bit),valid,AUPRC,0.7442533866194295,0.1026226695144496,0.6168305124837742,0.8716762607550849
scaffold,tabpfn__ecfp_1024,TabPFN,ECFP4 (1024-bit),valid,Accuracy,0.8598099640472521,0.0444013762025338,0.8046783737458644,0.9149415543486398
scaffold,tabpfn__ecfp_1024,TabPFN,ECFP4 (1024-bit),valid,F1,0.6581634757431388,0.10015398066825,0.5338058836705768,0.7825210678157009
scaffold,tabpfn__ecfp_1024,TabPFN,ECFP4 (1024-bit),valid,MCC,0.5884096598880391,0.1286181549055234,0.4287091274264554,0.7481101923496227
scaffold,tabpfn__ecfp_1024,TabPFN,ECFP4 (1024-bit),test,AUROC,0.9514202898550724,0.0191299956032153,0.9276672630287636,0.9751733166813812
scaffold,tabpfn__ecfp_1024,TabPFN,ECFP4 (1024-bit),test,AUPRC,0.9233982814509668,0.0108926863403863,0.9098732249783832,0.9369233379235504
scaffold,tabpfn__ecfp_1024,TabPFN,ECFP4 (1024-bit),test,Accuracy,0.926530612244898,0.0085373472095313,0.9159300955746574,0.9371311289151384
scaffold,tabpfn__ecfp_1024,TabPFN,ECFP4 (1024-bit),test,F1,0.8406785754409617,0.0179338115987331,0.8184108072282457,0.8629463436536777
scaffold,tabpfn__ecfp_1024,TabPFN,ECFP4 (1024-bit),test,MCC,0.7936872457201846,0.0233871799789302,0.764648226320835,0.8227262651195342
scaffold,tabpfn__ecfp_1024_rdkit2d_normalized_200,TabPFN,ECFP4 (1024-bit) + RDKit2D (200-d),valid,AUROC,0.8774904351984697,0.0473883408609235,0.8186500384168525,0.9363308319800868
scaffold,tabpfn__ecfp_1024_rdkit2d_normalized_200,TabPFN,ECFP4 (1024-bit) + RDKit2D (200-d),valid,AUPRC,0.765310964956781,0.0819643478263813,0.663538785124512,0.8670831447890499
scaffold,tabpfn__ecfp_1024_rdkit2d_normalized_200,TabPFN,ECFP4 (1024-bit) + RDKit2D (200-d),valid,Accuracy,0.866570364663585,0.0301268109751844,0.8291629880950083,0.9039777412321616
scaffold,tabpfn__ecfp_1024_rdkit2d_normalized_200,TabPFN,ECFP4 (1024-bit) + RDKit2D (200-d),valid,F1,0.6776812148030951,0.0644125136017366,0.5977025156300082,0.7576599139761819
scaffold,tabpfn__ecfp_1024_rdkit2d_normalized_200,TabPFN,ECFP4 (1024-bit) + RDKit2D (200-d),valid,MCC,0.6097174404845986,0.0840366218312915,0.5053721926260193,0.714062688343178
scaffold,tabpfn__ecfp_1024_rdkit2d_normalized_200,TabPFN,ECFP4 (1024-bit) + RDKit2D (200-d),test,AUROC,0.9604057971014492,0.0154490306422144,0.9412232919458648,0.9795883022570336
scaffold,tabpfn__ecfp_1024_rdkit2d_normalized_200,TabPFN,ECFP4 (1024-bit) + RDKit2D (200-d),test,AUPRC,0.9295236424913136,0.0166630226807588,0.9088337671273624,0.9502135178552644
scaffold,tabpfn__ecfp_1024_rdkit2d_normalized_200,TabPFN,ECFP4 (1024-bit) + RDKit2D (200-d),test,Accuracy,0.9285714285714286,0.0176739878323354,0.9066262741753264,0.9505165829675308
scaffold,tabpfn__ecfp_1024_rdkit2d_normalized_200,TabPFN,ECFP4 (1024-bit) + RDKit2D (200-d),test,F1,0.8425406746943652,0.0401761790896472,0.7926553595333633,0.8924259898553671
scaffold,tabpfn__ecfp_1024_rdkit2d_normalized_200,TabPFN,ECFP4 (1024-bit) + RDKit2D (200-d),test,MCC,0.7976120767544659,0.0509354581548519,0.7343673521315718,0.86085680137736
scaffold,tabpfn__ecfp_2048,TabPFN,ECFP4 (2048-bit),valid,AUROC,0.8611589351187631,0.0554336404756304,0.7923289794508016,0.9299888907867244
scaffold,tabpfn__ecfp_2048,TabPFN,ECFP4 (2048-bit),valid,AUPRC,0.7203206893409977,0.1057950470780028,0.588958788195969,0.8516825904860263
scaffold,tabpfn__ecfp_2048,TabPFN,ECFP4 (2048-bit),valid,Accuracy,0.8405688238315356,0.0390039070017081,0.7921390767182269,0.8889985709448444
scaffold,tabpfn__ecfp_2048,TabPFN,ECFP4 (2048-bit),valid,F1,0.5820695572613731,0.1242340473824501,0.4278126132754439,0.7363265012473023
scaffold,tabpfn__ecfp_2048,TabPFN,ECFP4 (2048-bit),valid,MCC,0.5153266338050618,0.1233666174719911,0.3621467463099146,0.668506521300209
scaffold,tabpfn__ecfp_2048,TabPFN,ECFP4 (2048-bit),test,AUROC,0.946144927536232,0.0168245826887535,0.9252544489268044,0.9670354061456596
scaffold,tabpfn__ecfp_2048,TabPFN,ECFP4 (2048-bit),test,AUPRC,0.920526766522159,0.0101573100012724,0.907914800374984,0.933138732669334
scaffold,tabpfn__ecfp_2048,TabPFN,ECFP4 (2048-bit),test,Accuracy,0.926530612244898,0.0085373472095313,0.9159300955746574,0.9371311289151384
scaffold,tabpfn__ecfp_2048,TabPFN,ECFP4 (2048-bit),test,F1,0.8375165201049933,0.0213475461885131,0.8110100405527245,0.8640229996572621
scaffold,tabpfn__ecfp_2048,TabPFN,ECFP4 (2048-bit),test,MCC,0.7913887678142448,0.0260221921799641,0.7590779486300437,0.8236995869984459
scaffold,rf__ecfp_2048_rdkit2d_normalized_200,Random Forest,ECFP4 (2048-bit) + RDKit2D (200-d),valid,AUROC,0.8779391838036027,0.0504765036212853,0.8152643265018507,0.9406140411053548
scaffold,rf__ecfp_2048_rdkit2d_normalized_200,Random Forest,ECFP4 (2048-bit) + RDKit2D (200-d),valid,AUPRC,0.7643993654533687,0.0943146891650023,0.6472922114154065,0.881506519491331
scaffold,rf__ecfp_2048_rdkit2d_normalized_200,Random Forest,ECFP4 (2048-bit) + RDKit2D (200-d),valid,Accuracy,0.8631869542886491,0.0338019268691667,0.8212163186252882,0.90515758995201
scaffold,rf__ecfp_2048_rdkit2d_normalized_200,Random Forest,ECFP4 (2048-bit) + RDKit2D (200-d),valid,F1,0.6327816091954024,0.108638337069134,0.497889297231933,0.7676739211588718
scaffold,rf__ecfp_2048_rdkit2d_normalized_200,Random Forest,ECFP4 (2048-bit) + RDKit2D (200-d),valid,MCC,0.5848572268380655,0.1090443752499889,0.4494607518835324,0.7202537017925985
scaffold,rf__ecfp_2048_rdkit2d_normalized_200,Random Forest,ECFP4 (2048-bit) + RDKit2D (200-d),test,AUROC,0.9546666666666668,0.0132790324652669,0.9381785701235658,0.9711547632097676
scaffold,rf__ecfp_2048_rdkit2d_normalized_200,Random Forest,ECFP4 (2048-bit) + RDKit2D (200-d),test,AUPRC,0.9102998850389764,0.0070408576496601,0.9015575055789156,0.9190422644990368
scaffold,rf__ecfp_2048_rdkit2d_normalized_200,Random Forest,ECFP4 (2048-bit) + RDKit2D (200-d),test,Accuracy,0.9244897959183674,0.0091268080714277,0.91315736691756,0.9358222249191748
scaffold,rf__ecfp_2048_rdkit2d_normalized_200,Random Forest,ECFP4 (2048-bit) + RDKit2D (200-d),test,F1,0.8325252525252524,0.0207796216090889,0.8067239444769497,0.8583265605735552
scaffold,rf__ecfp_2048_rdkit2d_normalized_200,Random Forest,ECFP4 (2048-bit) + RDKit2D (200-d),test,MCC,0.7850313100615076,0.0264923442522933,0.7521367199754144,0.8179259001476008
scaffold,rf__ecfp_1024_rdkit2d_normalized_200,Random Forest,ECFP4 (1024-bit) + RDKit2D (200-d),valid,AUROC,0.8763589988841065,0.0513407065054221,0.812611091973978,0.9401069057942352
scaffold,rf__ecfp_1024_rdkit2d_normalized_200,Random Forest,ECFP4 (1024-bit) + RDKit2D (200-d),valid,AUPRC,0.7720477857120145,0.0827921065820664,0.6692478076336135,0.8748477637904155
scaffold,rf__ecfp_1024_rdkit2d_normalized_200,Random Forest,ECFP4 (1024-bit) + RDKit2D (200-d),valid,Accuracy,0.8541474062660503,0.0396415147192334,0.8049259646049135,0.9033688479271872
scaffold,rf__ecfp_1024_rdkit2d_normalized_200,Random Forest,ECFP4 (1024-bit) + RDKit2D (200-d),valid,F1,0.6019222280196814,0.1377585684489327,0.4308723731325524,0.7729720829068105
scaffold,rf__ecfp_1024_rdkit2d_normalized_200,Random Forest,ECFP4 (1024-bit) + RDKit2D (200-d),valid,MCC,0.5581223011555532,0.128438769853136,0.3986445046553349,0.7176000976557714
scaffold,rf__ecfp_1024_rdkit2d_normalized_200,Random Forest,ECFP4 (1024-bit) + RDKit2D (200-d),test,AUROC,0.9540289855072464,0.0092970760332658,0.942485140908177,0.9655728301063156
scaffold,rf__ecfp_1024_rdkit2d_normalized_200,Random Forest,ECFP4 (1024-bit) + RDKit2D (200-d),test,AUPRC,0.8903735748972526,0.0159468041484537,0.870573002299711,0.910174147494794
scaffold,rf__ecfp_1024_rdkit2d_normalized_200,Random Forest,ECFP4 (1024-bit) + RDKit2D (200-d),test,Accuracy,0.9244897959183674,0.0154752560082684,0.905274727669914,0.943704864166821
scaffold,rf__ecfp_1024_rdkit2d_normalized_200,Random Forest,ECFP4 (1024-bit) + RDKit2D (200-d),test,F1,0.8320789288231148,0.0370099484047865,0.7861250083135124,0.8780328493327173
scaffold,rf__ecfp_1024_rdkit2d_normalized_200,Random Forest,ECFP4 (1024-bit) + RDKit2D (200-d),test,MCC,0.7847583471071637,0.0457533073961938,0.7279481125145597,0.8415685816997678
scaffold,svm__ecfp_2048_rdkit2d_normalized_200,SVM (RBF),ECFP4 (2048-bit) + RDKit2D (200-d),valid,AUROC,0.8543616823423136,0.05206338066298,0.7897164569483132,0.919006907736314
scaffold,svm__ecfp_2048_rdkit2d_normalized_200,SVM (RBF),ECFP4 (2048-bit) + RDKit2D (200-d),valid,AUPRC,0.6942972844700103,0.0931839689421074,0.5785941050248575,0.810000463915163
scaffold,svm__ecfp_2048_rdkit2d_normalized_200,SVM (RBF),ECFP4 (2048-bit) + RDKit2D (200-d),valid,Accuracy,0.8292308680020545,0.0266394581352798,0.7961536119038211,0.8623081241002879
scaffold,svm__ecfp_2048_rdkit2d_normalized_200,SVM (RBF),ECFP4 (2048-bit) + RDKit2D (200-d),valid,F1,0.5579335105847282,0.1012831750040327,0.432173838558449,0.6836931826110073
scaffold,svm__ecfp_2048_rdkit2d_normalized_200,SVM (RBF),ECFP4 (2048-bit) + RDKit2D (200-d),valid,MCC,0.478902210678296,0.0954150858933083,0.360428733639055,0.597375687717537
scaffold,svm__ecfp_2048_rdkit2d_normalized_200,SVM (RBF),ECFP4 (2048-bit) + RDKit2D (200-d),test,AUROC,0.918782608695652,0.0096795972010397,0.9067638013340072,0.930801416057297
scaffold,svm__ecfp_2048_rdkit2d_normalized_200,SVM (RBF),ECFP4 (2048-bit) + RDKit2D (200-d),test,AUPRC,0.7864875739240562,0.0170055692095582,0.7653723708675852,0.8076027769805272
scaffold,svm__ecfp_2048_rdkit2d_normalized_200,SVM (RBF),ECFP4 (2048-bit) + RDKit2D (200-d),test,Accuracy,0.9,0.0167670170664846,0.8791809985512778,0.9208190014487222
scaffold,svm__ecfp_2048_rdkit2d_normalized_200,SVM (RBF),ECFP4 (2048-bit) + RDKit2D (200-d),test,F1,0.764299474395901,0.0463768443933521,0.7067150163623774,0.8218839324294245
scaffold,svm__ecfp_2048_rdkit2d_normalized_200,SVM (RBF),ECFP4 (2048-bit) + RDKit2D (200-d),test,MCC,0.7087035662289619,0.051649490261985,0.6445722536450791,0.7728348788128447
scaffold,svm__ecfp_2048,SVM (RBF),ECFP4 (2048-bit),valid,AUROC,0.847836893565014,0.0569719209617338,0.7770969103983186,0.9185768767317094
scaffold,svm__ecfp_2048,SVM (RBF),ECFP4 (2048-bit),valid,AUPRC,0.6842058942785988,0.1030772485056827,0.5562185857751895,0.8121932027820081
scaffold,svm__ecfp_2048,SVM (RBF),ECFP4 (2048-bit),valid,Accuracy,0.8280945043656909,0.0264195164798567,0.7952903419027016,0.8608986668286801
scaffold,svm__ecfp_2048,SVM (RBF),ECFP4 (2048-bit),valid,F1,0.5518138257478697,0.0968286251816424,0.4315852078642577,0.6720424436314818
scaffold,svm__ecfp_2048,SVM (RBF),ECFP4 (2048-bit),valid,MCC,0.4742112490665752,0.092303747311867,0.3596010091301322,0.5888214890030181
scaffold,svm__ecfp_2048,SVM (RBF),ECFP4 (2048-bit),test,AUROC,0.916,0.0108345329179284,0.9025471505384548,0.9294528494615454
scaffold,svm__ecfp_2048,SVM (RBF),ECFP4 (2048-bit),test,AUPRC,0.7890751073115371,0.016520154755545,0.768562625906822,0.8095875887162521
scaffold,svm__ecfp_2048,SVM (RBF),ECFP4 (2048-bit),test,Accuracy,0.8979591836734693,0.0190900887080303,0.8742557078021918,0.9216626595447468
scaffold,svm__ecfp_2048,SVM (RBF),ECFP4 (2048-bit),test,F1,0.7516879021162988,0.0635352167616692,0.6727985108452617,0.8305772933873359
scaffold,svm__ecfp_2048,SVM (RBF),ECFP4 (2048-bit),test,MCC,0.7015348354250923,0.0621365057427554,0.6243821732701312,0.7786874975800534
scaffold,xgb__ecfp_1024_rdkit2d_normalized_200,XGBoost,ECFP4 (1024-bit) + RDKit2D (200-d),valid,AUROC,0.8661364844040598,0.0720310885726108,0.7766980749720221,0.9555748938360974
scaffold,xgb__ecfp_1024_rdkit2d_normalized_200,XGBoost,ECFP4 (1024-bit) + RDKit2D (200-d),valid,AUPRC,0.7486318270185338,0.0762526959297803,0.6539515997165467,0.8433120543205209
scaffold,xgb__ecfp_1024_rdkit2d_normalized_200,XGBoost,ECFP4 (1024-bit) + RDKit2D (200-d),valid,Accuracy,0.860914227015922,0.0319150256082599,0.8212864887163944,0.9005419653154496
scaffold,xgb__ecfp_1024_rdkit2d_normalized_200,XGBoost,ECFP4 (1024-bit) + RDKit2D (200-d),valid,F1,0.6670647686173579,0.0805527283825362,0.5670453458276759,0.7670841914070399
scaffold,xgb__ecfp_1024_rdkit2d_normalized_200,XGBoost,ECFP4 (1024-bit) + RDKit2D (200-d),valid,MCC,0.5940913046054537,0.0948660793925777,0.4762995091729497,0.7118831000379576
scaffold,xgb__ecfp_1024_rdkit2d_normalized_200,XGBoost,ECFP4 (1024-bit) + RDKit2D (200-d),test,AUROC,0.9412753623188406,0.006912906752818,0.9326918548809268,0.9498588697567544
scaffold,xgb__ecfp_1024_rdkit2d_normalized_200,XGBoost,ECFP4 (1024-bit) + RDKit2D (200-d),test,AUPRC,0.8782788935340864,0.0390989944351652,0.8297310797779723,0.9268267072902004
scaffold,xgb__ecfp_1024_rdkit2d_normalized_200,XGBoost,ECFP4 (1024-bit) + RDKit2D (200-d),test,Accuracy,0.9244897959183674,0.0091268080714277,0.91315736691756,0.9358222249191748
scaffold,xgb__ecfp_1024_rdkit2d_normalized_200,XGBoost,ECFP4 (1024-bit) + RDKit2D (200-d),test,F1,0.8363428445763923,0.0257301778595343,0.8043946090608289,0.8682910800919557
scaffold,xgb__ecfp_1024_rdkit2d_normalized_200,XGBoost,ECFP4 (1024-bit) + RDKit2D (200-d),test,MCC,0.7881851664336013,0.0297842161241328,0.7512031775575453,0.8251671553096572
scaffold,svm__ecfp_1024_rdkit2d_normalized_200,SVM (RBF),ECFP4 (1024-bit) + RDKit2D (200-d),valid,AUROC,0.8554719963866304,0.049298720227913,0.794259550322111,0.9166844424511498
scaffold,svm__ecfp_1024_rdkit2d_normalized_200,SVM (RBF),ECFP4 (1024-bit) + RDKit2D (200-d),valid,AUPRC,0.691698624536869,0.0829268122113092,0.5887313873282819,0.7946658617454562
scaffold,svm__ecfp_1024_rdkit2d_normalized_200,SVM (RBF),ECFP4 (1024-bit) + RDKit2D (200-d),valid,Accuracy,0.8269581407293272,0.023907257548711,0.7972733597353073,0.856642921723347
scaffold,svm__ecfp_1024_rdkit2d_normalized_200,SVM (RBF),ECFP4 (1024-bit) + RDKit2D (200-d),valid,F1,0.55525147541644,0.0878129854291936,0.4462172528342184,0.6642856979986617
scaffold,svm__ecfp_1024_rdkit2d_normalized_200,SVM (RBF),ECFP4 (1024-bit) + RDKit2D (200-d),valid,MCC,0.4733067583025413,0.0773829506187595,0.3772231344444476,0.569390382160635
scaffold,svm__ecfp_1024_rdkit2d_normalized_200,SVM (RBF),ECFP4 (1024-bit) + RDKit2D (200-d),test,AUROC,0.9224927536231884,0.0121697715522737,0.9073819864203658,0.9376035208260112
scaffold,svm__ecfp_1024_rdkit2d_normalized_200,SVM (RBF),ECFP4 (1024-bit) + RDKit2D (200-d),test,AUPRC,0.7524613741723921,0.0236618775931818,0.7230812726350339,0.7818414757097504
scaffold,svm__ecfp_1024_rdkit2d_normalized_200,SVM (RBF),ECFP4 (1024-bit) + RDKit2D (200-d),test,Accuracy,0.9081632653061223,0.0190900887080303,0.8844597894348448,0.9318667411774
scaffold,svm__ecfp_1024_rdkit2d_normalized_200,SVM (RBF),ECFP4 (1024-bit) + RDKit2D (200-d),test,F1,0.7877287582903011,0.0489511852274593,0.7269478339239608,0.8485096826566414
scaffold,svm__ecfp_1024_rdkit2d_normalized_200,SVM (RBF),ECFP4 (1024-bit) + RDKit2D (200-d),test,MCC,0.7337859191855857,0.0580322164309445,0.6617294053073128,0.8058424330638585
scaffold,svm__ecfp_1024,SVM (RBF),ECFP4 (1024-bit),valid,AUROC,0.8501361655773421,0.0559067928764671,0.7807187136075979,0.9195536175470862
scaffold,svm__ecfp_1024,SVM (RBF),ECFP4 (1024-bit),valid,AUPRC,0.6839955216328101,0.0864420227565364,0.5766635740441081,0.7913274692215121
scaffold,svm__ecfp_1024,SVM (RBF),ECFP4 (1024-bit),valid,Accuracy,0.8280945043656909,0.0276012584316047,0.7938230154660492,0.8623659932653326
scaffold,svm__ecfp_1024,SVM (RBF),ECFP4 (1024-bit),valid,F1,0.5551084048086047,0.0902757388587056,0.4430162699565051,0.6672005396607043
scaffold,svm__ecfp_1024,SVM (RBF),ECFP4 (1024-bit),valid,MCC,0.4760087693026505,0.086582568774594,0.3685023107832356,0.5835152278220656
scaffold,svm__ecfp_1024,SVM (RBF),ECFP4 (1024-bit),test,AUROC,0.916927536231884,0.0113555140818463,0.9028278032153596,0.9310272692484086
scaffold,svm__ecfp_1024,SVM (RBF),ECFP4 (1024-bit),test,AUPRC,0.760184056586802,0.0269232898522417,0.7267543768640686,0.7936137363095354
scaffold,svm__ecfp_1024,SVM (RBF),ECFP4 (1024-bit),test,Accuracy,0.9102040816326532,0.0196279429200728,0.8858327715500002,0.934575391715306
scaffold,svm__ecfp_1024,SVM (RBF),ECFP4 (1024-bit),test,F1,0.7932255870429439,0.0508733056297508,0.7300580349728654,0.8563931391130224
scaffold,svm__ecfp_1024,SVM (RBF),ECFP4 (1024-bit),test,MCC,0.7401524967224464,0.059937522542471,0.6657302328399334,0.8145747606049595
scaffold,xgb__ecfp_2048_rdkit2d_normalized_200,XGBoost,ECFP4 (2048-bit) + RDKit2D (200-d),valid,AUROC,0.8651010946383973,0.0669418734254558,0.7819817804336954,0.9482204088430992
scaffold,xgb__ecfp_2048_rdkit2d_normalized_200,XGBoost,ECFP4 (2048-bit) + RDKit2D (200-d),valid,AUPRC,0.7473454185387911,0.0837535281877353,0.6433516778655358,0.8513391592120464
scaffold,xgb__ecfp_2048_rdkit2d_normalized_200,XGBoost,ECFP4 (2048-bit) + RDKit2D (200-d),valid,Accuracy,0.8575243965074474,0.0360801908822561,0.8127249224406301,0.9023238705742648
scaffold,xgb__ecfp_2048_rdkit2d_normalized_200,XGBoost,ECFP4 (2048-bit) + RDKit2D (200-d),valid,F1,0.6588442051603945,0.0866716531575295,0.5512271337698863,0.7664612765509028
scaffold,xgb__ecfp_2048_rdkit2d_normalized_200,XGBoost,ECFP4 (2048-bit) + RDKit2D (200-d),valid,MCC,0.5829242680809317,0.1023129912065733,0.4558859103511909,0.7099626258106724
scaffold,xgb__ecfp_2048_rdkit2d_normalized_200,XGBoost,ECFP4 (2048-bit) + RDKit2D (200-d),test,AUROC,0.940231884057971,0.0061432866280528,0.9326039862212712,0.9478597818946708
scaffold,xgb__ecfp_2048_rdkit2d_normalized_200,XGBoost,ECFP4 (2048-bit) + RDKit2D (200-d),test,AUPRC,0.8872740911120408,0.0311998082435072,0.8485344124652168,0.9260137697588648
scaffold,xgb__ecfp_2048_rdkit2d_normalized_200,XGBoost,ECFP4 (2048-bit) + RDKit2D (200-d),test,Accuracy,0.9224489795918368,0.0154752560082684,0.9032339113433832,0.9416640478402905
scaffold,xgb__ecfp_2048_rdkit2d_normalized_200,XGBoost,ECFP4 (2048-bit) + RDKit2D (200-d),test,F1,0.832777544174399,0.036995394200328,0.7868416950964953,0.8787133932523027
scaffold,xgb__ecfp_2048_rdkit2d_normalized_200,XGBoost,ECFP4 (2048-bit) + RDKit2D (200-d),test,MCC,0.7827047501589061,0.0462232821396152,0.7253109648473307,0.8400985354704814
scaffold,rf__rdkit2d_normalized_200,Random Forest,RDKit2D (200-d),valid,AUROC,0.8652214517243213,0.0487495432467142,0.8046908989459987,0.925752004502644
scaffold,rf__rdkit2d_normalized_200,Random Forest,RDKit2D (200-d),valid,AUPRC,0.7402567852420446,0.0844854356014479,0.635354261483164,0.8451593090009253
scaffold,rf__rdkit2d_normalized_200,Random Forest,RDKit2D (200-d),valid,Accuracy,0.8575243965074474,0.0305729967818319,0.8195630070862471,0.8954857859286477
scaffold,rf__rdkit2d_normalized_200,Random Forest,RDKit2D (200-d),valid,F1,0.6164884298260608,0.1177540886947835,0.470277417252455,0.7626994423996666
scaffold,rf__rdkit2d_normalized_200,Random Forest,RDKit2D (200-d),valid,MCC,0.5659680742916444,0.104115549572471,0.4366915447343076,0.6952446038489812
scaffold,rf__rdkit2d_normalized_200,Random Forest,RDKit2D (200-d),test,AUROC,0.9521159420289856,0.0095902176582285,0.9402081140278252,0.964023770030146
scaffold,rf__rdkit2d_normalized_200,Random Forest,RDKit2D (200-d),test,AUPRC,0.8531683195827636,0.0270956485515607,0.8195246282683086,0.8868120108972186
scaffold,rf__rdkit2d_normalized_200,Random Forest,RDKit2D (200-d),test,Accuracy,0.9081632653061223,0.0124973966468529,0.8926456978184526,0.923680832793792
scaffold,rf__rdkit2d_normalized_200,Random Forest,RDKit2D (200-d),test,F1,0.7899298634182355,0.0337039732138834,0.7480808532821323,0.8317788735543387
scaffold,rf__rdkit2d_normalized_200,Random Forest,RDKit2D (200-d),test,MCC,0.7349093000301801,0.0390187957403058,0.6864610661061759,0.7833575339541843
scaffold,xgb__rdkit2d_normalized_200,XGBoost,RDKit2D (200-d),valid,AUROC,0.8594546734683032,0.0573884356604876,0.7881975189954424,0.930711827941164
scaffold,xgb__rdkit2d_normalized_200,XGBoost,RDKit2D (200-d),valid,AUPRC,0.7238086174495764,0.0905872441988518,0.611329697631369,0.8362875372677837
scaffold,xgb__rdkit2d_normalized_200,XGBoost,RDKit2D (200-d),valid,Accuracy,0.843939393939394,0.0278908217309139,0.8093083647157989,0.8785704231629891
scaffold,xgb__rdkit2d_normalized_200,XGBoost,RDKit2D (200-d),valid,F1,0.6199145089005225,0.0826115522461741,0.5173387186407186,0.7224902991603264
scaffold,xgb__rdkit2d_normalized_200,XGBoost,RDKit2D (200-d),valid,MCC,0.5393128867536302,0.0856969476311165,0.4329060721241192,0.6457197013831412
scaffold,xgb__rdkit2d_normalized_200,XGBoost,RDKit2D (200-d),test,AUROC,0.9384927536231884,0.0099534729420682,0.9261338846139272,0.95085162263245
scaffold,xgb__rdkit2d_normalized_200,XGBoost,RDKit2D (200-d),test,AUPRC,0.8645791844355658,0.0377478661636829,0.8177090180111065,0.9114493508600252
scaffold,xgb__rdkit2d_normalized_200,XGBoost,RDKit2D (200-d),test,Accuracy,0.9163265306122448,0.0151350989532564,0.8975338231327348,0.935119238091755
scaffold,xgb__rdkit2d_normalized_200,XGBoost,RDKit2D (200-d),test,F1,0.8184820908784509,0.0379254412640641,0.7713914358448709,0.8655727459120309
scaffold,xgb__rdkit2d_normalized_200,XGBoost,RDKit2D (200-d),test,MCC,0.7652828188967644,0.0462941939942871,0.707800984888197,0.8227646529053319
scaffold,lgbm__ecfp_1024_rdkit2d_normalized_200,LightGBM,ECFP4 (1024-bit) + RDKit2D (200-d),valid,AUROC,0.8560557149689144,0.0718335186392438,0.766862621010266,0.9452488089275628
scaffold,lgbm__ecfp_1024_rdkit2d_normalized_200,LightGBM,ECFP4 (1024-bit) + RDKit2D (200-d),valid,AUPRC,0.7434655075285158,0.0645787952127458,0.6632803424654756,0.823650672591556
scaffold,lgbm__ecfp_1024_rdkit2d_normalized_200,LightGBM,ECFP4 (1024-bit) + RDKit2D (200-d),valid,Accuracy,0.8597778633795583,0.0281496353990821,0.8248254745419556,0.894730252217161
scaffold,lgbm__ecfp_1024_rdkit2d_normalized_200,LightGBM,ECFP4 (1024-bit) + RDKit2D (200-d),valid,F1,0.6632706296973326,0.0777704890086957,0.5667058133725333,0.7598354460221319
scaffold,lgbm__ecfp_1024_rdkit2d_normalized_200,LightGBM,ECFP4 (1024-bit) + RDKit2D (200-d),valid,MCC,0.5873939447348636,0.0839647906841412,0.4831378870256504,0.6916500024440768
scaffold,lgbm__ecfp_1024_rdkit2d_normalized_200,LightGBM,ECFP4 (1024-bit) + RDKit2D (200-d),test,AUROC,0.9518260869565218,0.009415606416604,0.9401350674477682,0.9635171064652754
scaffold,lgbm__ecfp_1024_rdkit2d_normalized_200,LightGBM,ECFP4 (1024-bit) + RDKit2D (200-d),test,AUPRC,0.8892177961881321,0.0229478002991692,0.860724338718684,0.9177112536575802
scaffold,lgbm__ecfp_1024_rdkit2d_normalized_200,LightGBM,ECFP4 (1024-bit) + RDKit2D (200-d),test,Accuracy,0.9224489795918368,0.0091268080714277,0.9111165505910296,0.933781408592644
scaffold,lgbm__ecfp_1024_rdkit2d_normalized_200,LightGBM,ECFP4 (1024-bit) + RDKit2D (200-d),test,F1,0.8333333333333334,0.0192450089729875,0.8094374985464663,0.8572291681202004
scaffold,lgbm__ecfp_1024_rdkit2d_normalized_200,LightGBM,ECFP4 (1024-bit) + RDKit2D (200-d),test,MCC,0.7833362293712314,0.0250340613063317,0.7522523367183332,0.8144201220241295
scaffold,chemprop_morgan,Chemprop,Graph + Morgan,valid,AUROC,0.8657101865136297,0.0470680288416739,0.8072675096345067,0.9241528633927528
scaffold,chemprop_morgan,Chemprop,Graph + Morgan,valid,AUPRC,0.7431040990237655,0.0775671898870019,0.64679171189924,0.839416486148291
scaffold,chemprop_morgan,Chemprop,Graph + Morgan,valid,Accuracy,0.8597778633795583,0.0316208392524989,0.8205154056867419,0.8990403210723747
scaffold,chemprop_morgan,Chemprop,Graph + Morgan,valid,F1,0.6587607973907486,0.1454196525971865,0.4781984501295231,0.839323144651974
scaffold,chemprop_morgan,Chemprop,Graph + Morgan,valid,MCC,0.5960708565300935,0.1153640169960479,0.4528275099379334,0.7393142031222536
scaffold,chemprop_morgan,Chemprop,Graph + Morgan,test,AUROC,0.9445797101449276,0.0056888442552333,0.937516077041816,0.951643343248039
scaffold,chemprop_morgan,Chemprop,Graph + Morgan,test,AUPRC,0.9256597016045168,0.0151013107105333,0.9069089477695588,0.9444104554394752
scaffold,chemprop_morgan,Chemprop,Graph + Morgan,test,Accuracy,0.9306122448979592,0.0085373472095313,0.9200117282277186,0.9412127615681996
scaffold,chemprop_morgan,Chemprop,Graph + Morgan,test,F1,0.8423128308254167,0.0316166435335395,0.8030555828057787,0.8815700788450548
scaffold,chemprop_morgan,Chemprop,Graph + Morgan,test,MCC,0.8039631813436637,0.0250275109690698,0.7728874220087198,0.8350389406786076
scaffold,tabpfn__rdkit2d_normalized_200,TabPFN,RDKit2D (200-d),valid,AUROC,0.8600038524895053,0.0571823670051737,0.7890025660471062,0.9310051389319044
scaffold,tabpfn__rdkit2d_normalized_200,TabPFN,RDKit2D (200-d),valid,AUPRC,0.7255154866214919,0.0884425671234996,0.6156995351155223,0.8353314381274615
scaffold,tabpfn__rdkit2d_normalized_200,TabPFN,RDKit2D (200-d),valid,Accuracy,0.8496276322547509,0.041052936358462,0.7986536791578982,0.9006015853516036
scaffold,tabpfn__rdkit2d_normalized_200,TabPFN,RDKit2D (200-d),valid,F1,0.620660590202345,0.1244720442958114,0.4661081340174113,0.7752130463872786
scaffold,tabpfn__rdkit2d_normalized_200,TabPFN,RDKit2D (200-d),valid,MCC,0.5493937697840436,0.1287945394591364,0.3894742269723995,0.7093133125956878
scaffold,tabpfn__rdkit2d_normalized_200,TabPFN,RDKit2D (200-d),test,AUROC,0.9426666666666668,0.0134187559770746,0.9260050804692516,0.959328252864082
scaffold,tabpfn__rdkit2d_normalized_200,TabPFN,RDKit2D (200-d),test,AUPRC,0.8472073870255435,0.0264647153099228,0.8143471028025003,0.8800676712485868
scaffold,tabpfn__rdkit2d_normalized_200,TabPFN,RDKit2D (200-d),test,Accuracy,0.9244897959183674,0.0091268080714277,0.91315736691756,0.9358222249191748
scaffold,tabpfn__rdkit2d_normalized_200,TabPFN,RDKit2D (200-d),test,F1,0.8325252525252524,0.0207796216090889,0.8067239444769497,0.8583265605735552
scaffold,tabpfn__rdkit2d_normalized_200,TabPFN,RDKit2D (200-d),test,MCC,0.7850313100615076,0.0264923442522934,0.7521367199754144,0.8179259001476008
scaffold,chemprop_morgan_rdkit2d,Chemprop,Graph + Morgan + RDKit2D,valid,AUROC,0.8649484563473087,0.0397704113395902,0.8155669683931847,0.9143299443014328
scaffold,chemprop_morgan_rdkit2d,Chemprop,Graph + Morgan + RDKit2D,valid,AUPRC,0.7323320757444846,0.0849934442678489,0.6267987759137583,0.8378653755752108
scaffold,chemprop_morgan_rdkit2d,Chemprop,Graph + Morgan + RDKit2D,valid,Accuracy,0.8563880328710838,0.0365690744376607,0.8109815296942068,0.9017945360479608
scaffold,chemprop_morgan_rdkit2d,Chemprop,Graph + Morgan + RDKit2D,valid,F1,0.6701073673669262,0.1012087175397588,0.5444401464934335,0.7957745882404189
scaffold,chemprop_morgan_rdkit2d,Chemprop,Graph + Morgan + RDKit2D,valid,MCC,0.589620260540835,0.113603225200903,0.4485632257290389,0.7306772953526313
scaffold,chemprop_morgan_rdkit2d,Chemprop,Graph + Morgan + RDKit2D,test,AUROC,0.9521159420289856,0.0027066939199835,0.9487551376343848,0.9554767464235862
scaffold,chemprop_morgan_rdkit2d,Chemprop,Graph + Morgan + RDKit2D,test,AUPRC,0.9273210523255256,0.0119433363746424,0.9124914415306944,0.9421506631203566
scaffold,chemprop_morgan_rdkit2d,Chemprop,Graph + Morgan + RDKit2D,test,Accuracy,0.936734693877551,0.0167670170664846,0.9159156924288288,0.9575536953262732
scaffold,chemprop_morgan_rdkit2d,Chemprop,Graph + Morgan + RDKit2D,test,F1,0.8601846856917816,0.0466018867438552,0.8023208006735671,0.918048570709996
scaffold,chemprop_morgan_rdkit2d,Chemprop,Graph + Morgan + RDKit2D,test,MCC,0.8216570266704109,0.0526447999712806,0.7562898738534329,0.8870241794873888
scaffold,lgbm__ecfp_2048_rdkit2d_normalized_200,LightGBM,ECFP4 (2048-bit) + RDKit2D (200-d),valid,AUROC,0.8563253892342845,0.0722806159530086,0.7665771506374408,0.946073627831128
scaffold,lgbm__ecfp_2048_rdkit2d_normalized_200,LightGBM,ECFP4 (2048-bit) + RDKit2D (200-d),valid,AUPRC,0.7416404881832331,0.0859888868201676,0.6348711831730126,0.8484097931934537
scaffold,lgbm__ecfp_2048_rdkit2d_normalized_200,LightGBM,ECFP4 (2048-bit) + RDKit2D (200-d),valid,Accuracy,0.8552516692347201,0.0287600342433774,0.8195413701276107,0.8909619683418294
scaffold,lgbm__ecfp_2048_rdkit2d_normalized_200,LightGBM,ECFP4 (2048-bit) + RDKit2D (200-d),valid,F1,0.6511581929931081,0.0743323427502451,0.5588623990979859,0.7434539868882303
scaffold,lgbm__ecfp_2048_rdkit2d_normalized_200,LightGBM,ECFP4 (2048-bit) + RDKit2D (200-d),valid,MCC,0.5746046272880582,0.0836638530996609,0.4707222329432006,0.6784870216329157
scaffold,lgbm__ecfp_2048_rdkit2d_normalized_200,LightGBM,ECFP4 (2048-bit) + RDKit2D (200-d),test,AUROC,0.9488115942028984,0.0055209592815346,0.941956417827468,0.955666770578329
scaffold,lgbm__ecfp_2048_rdkit2d_normalized_200,LightGBM,ECFP4 (2048-bit) + RDKit2D (200-d),test,AUPRC,0.8898551549119688,0.0481102243318433,0.830118421413612,0.9495918884103256
scaffold,lgbm__ecfp_2048_rdkit2d_normalized_200,LightGBM,ECFP4 (2048-bit) + RDKit2D (200-d),test,Accuracy,0.926530612244898,0.0085373472095313,0.9159300955746574,0.9371311289151384
scaffold,lgbm__ecfp_2048_rdkit2d_normalized_200,LightGBM,ECFP4 (2048-bit) + RDKit2D (200-d),test,F1,0.8400505050505049,0.0235401759484787,0.8108215160638966,0.8692794940371132
scaffold,lgbm__ecfp_2048_rdkit2d_normalized_200,LightGBM,ECFP4 (2048-bit) + RDKit2D (200-d),test,MCC,0.7933473672858387,0.0284778404941213,0.7579874579976988,0.8287072765739785
scaffold,lgbm__rdkit2d_normalized_200,LightGBM,RDKit2D (200-d),valid,AUROC,0.8512087517934003,0.0643031739508166,0.771365815728437,0.9310516878583636
scaffold,lgbm__rdkit2d_normalized_200,LightGBM,RDKit2D (200-d),valid,AUPRC,0.721664319071442,0.0789076677006335,0.6236875089053392,0.8196411292375448
scaffold,lgbm__rdkit2d_normalized_200,LightGBM,RDKit2D (200-d),valid,Accuracy,0.8461928608115048,0.0206295634620717,0.8205778745619905,0.8718078470610191
scaffold,lgbm__rdkit2d_normalized_200,LightGBM,RDKit2D (200-d),valid,F1,0.6295769230769231,0.064014035022141,0.5500930004101755,0.7090608457436708
scaffold,lgbm__rdkit2d_normalized_200,LightGBM,RDKit2D (200-d),valid,MCC,0.5434420244443645,0.0667189779935395,0.4605994714728371,0.6262845774158919
scaffold,lgbm__rdkit2d_normalized_200,LightGBM,RDKit2D (200-d),test,AUROC,0.9446376811594204,0.0111283210553347,0.9308200455445582,0.9584553167742824
scaffold,lgbm__rdkit2d_normalized_200,LightGBM,RDKit2D (200-d),test,AUPRC,0.8659454628907165,0.0379271745321857,0.8188526557205106,0.9130382700609224
scaffold,lgbm__rdkit2d_normalized_200,LightGBM,RDKit2D (200-d),test,Accuracy,0.9081632653061223,0.0144307506364601,0.8902451217737737,0.926081408838471
scaffold,lgbm__rdkit2d_normalized_200,LightGBM,RDKit2D (200-d),test,F1,0.8032573655145349,0.031511362451846,0.7641308412237275,0.8423838898053422
scaffold,lgbm__rdkit2d_normalized_200,LightGBM,RDKit2D (200-d),test,MCC,0.7442257693339587,0.0406967339044398,0.6936941000003372,0.7947574386675802
scaffold,xgb__ecfp_1024,XGBoost,ECFP4 (1024-bit),valid,AUROC,0.8681775067750678,0.03859320655644,0.8202577116186947,0.9160973019314408
scaffold,xgb__ecfp_1024,XGBoost,ECFP4 (1024-bit),valid,AUPRC,0.740325617075877,0.0841895896020164,0.6357904346435029,0.844860799508251
scaffold,xgb__ecfp_1024,XGBoost,ECFP4 (1024-bit),valid,Accuracy,0.8563880328710838,0.0338493922735808,0.8143584611239018,0.8984176046182658
scaffold,xgb__ecfp_1024,XGBoost,ECFP4 (1024-bit),valid,F1,0.6638954378954379,0.069014292589191,0.5782028754259384,0.7495880003649374
scaffold,xgb__ecfp_1024,XGBoost,ECFP4 (1024-bit),valid,MCC,0.5818398517822366,0.0951193987168193,0.4637335188647725,0.6999461846997007
scaffold,xgb__ecfp_1024,XGBoost,ECFP4 (1024-bit),test,AUROC,0.9636521739130436,0.0155466112852051,0.944348506386136,0.9829558414399512
scaffold,xgb__ecfp_1024,XGBoost,ECFP4 (1024-bit),test,AUPRC,0.9086155244766304,0.0128112686583098,0.8927082334122908,0.9245228155409698
scaffold,xgb__ecfp_1024,XGBoost,ECFP4 (1024-bit),test,Accuracy,0.9306122448979592,0.0167670170664847,0.909793243449237,0.9514312463466812
scaffold,xgb__ecfp_1024,XGBoost,ECFP4 (1024-bit),test,F1,0.8500511689187119,0.0334798968301417,0.8084803863611485,0.8916219514762753
scaffold,xgb__ecfp_1024,XGBoost,ECFP4 (1024-bit),test,MCC,0.8062483164138996,0.0453152488835384,0.7499820033055665,0.8625146295222327
scaffold,logreg_l2_c0_1__ecfp_2048_rdkit2d_normalized_200,"Logistic Regression (L2, C=0.1)",ECFP4 (2048-bit) + RDKit2D (200-d),valid,AUROC,0.8483850098304904,0.0411394580372293,0.7973036258800481,0.8994663937809326
scaffold,logreg_l2_c0_1__ecfp_2048_rdkit2d_normalized_200,"Logistic Regression (L2, C=0.1)",ECFP4 (2048-bit) + RDKit2D (200-d),valid,AUPRC,0.6721337833778966,0.0987967787051476,0.5494613801212103,0.794806186634583
scaffold,logreg_l2_c0_1__ecfp_2048_rdkit2d_normalized_200,"Logistic Regression (L2, C=0.1)",ECFP4 (2048-bit) + RDKit2D (200-d),valid,Accuracy,0.8235490498202364,0.0389177035723207,0.7752263384017195,0.8718717612387532
scaffold,logreg_l2_c0_1__ecfp_2048_rdkit2d_normalized_200,"Logistic Regression (L2, C=0.1)",ECFP4 (2048-bit) + RDKit2D (200-d),valid,F1,0.6340465992700076,0.0599832342733107,0.5595675767770154,0.7085256217629998
scaffold,logreg_l2_c0_1__ecfp_2048_rdkit2d_normalized_200,"Logistic Regression (L2, C=0.1)",ECFP4 (2048-bit) + RDKit2D (200-d),valid,MCC,0.5223298406544454,0.0833392959768737,0.4188504372043133,0.6258092441045776
scaffold,logreg_l2_c0_1__ecfp_2048_rdkit2d_normalized_200,"Logistic Regression (L2, C=0.1)",ECFP4 (2048-bit) + RDKit2D (200-d),test,AUROC,0.9259710144927537,0.0123819356056545,0.910596810823135,0.9413452181623724
scaffold,logreg_l2_c0_1__ecfp_2048_rdkit2d_normalized_200,"Logistic Regression (L2, C=0.1)",ECFP4 (2048-bit) + RDKit2D (200-d),test,AUPRC,0.8033866602020444,0.0254769390222657,0.7717528622336643,0.8350204581704245
scaffold,logreg_l2_c0_1__ecfp_2048_rdkit2d_normalized_200,"Logistic Regression (L2, C=0.1)",ECFP4 (2048-bit) + RDKit2D (200-d),test,Accuracy,0.9,0.0045634040357138,0.8943337854995963,0.9056662145004036
scaffold,logreg_l2_c0_1__ecfp_2048_rdkit2d_normalized_200,"Logistic Regression (L2, C=0.1)",ECFP4 (2048-bit) + RDKit2D (200-d),test,F1,0.7810094869669337,0.0218833785205818,0.7538376836988617,0.8081812902350057
scaffold,logreg_l2_c0_1__ecfp_2048_rdkit2d_normalized_200,"Logistic Regression (L2, C=0.1)",ECFP4 (2048-bit) + RDKit2D (200-d),test,MCC,0.7197698470968537,0.0212013322473954,0.6934449161313062,0.7460947780624011
scaffold,logreg_l2_c0_1__ecfp_2048,"Logistic Regression (L2, C=0.1)",ECFP4 (2048-bit),valid,AUROC,0.8455118497263404,0.0417842381156242,0.7936298655657962,0.8973938338868847
scaffold,logreg_l2_c0_1__ecfp_2048,"Logistic Regression (L2, C=0.1)",ECFP4 (2048-bit),valid,AUPRC,0.6655405057591431,0.0920768598345152,0.5512119838349712,0.7798690276833151
scaffold,logreg_l2_c0_1__ecfp_2048,"Logistic Regression (L2, C=0.1)",ECFP4 (2048-bit),valid,Accuracy,0.826964560862866,0.0318864966346678,0.7873722459627532,0.8665568757629787
scaffold,logreg_l2_c0_1__ecfp_2048,"Logistic Regression (L2, C=0.1)",ECFP4 (2048-bit),valid,F1,0.63354008146558,0.0533791731338379,0.5672610839314078,0.6998190789997523
scaffold,logreg_l2_c0_1__ecfp_2048,"Logistic Regression (L2, C=0.1)",ECFP4 (2048-bit),valid,MCC,0.5252248504073036,0.0728180425809202,0.434809308514906,0.6156403922997011
scaffold,logreg_l2_c0_1__ecfp_2048,"Logistic Regression (L2, C=0.1)",ECFP4 (2048-bit),test,AUROC,0.916231884057971,0.0158070703819547,0.8966048138476247,0.9358589542683172
scaffold,logreg_l2_c0_1__ecfp_2048,"Logistic Regression (L2, C=0.1)",ECFP4 (2048-bit),test,AUPRC,0.8039200530981205,0.0234320287678835,0.7748253465721646,0.8330147596240765
scaffold,logreg_l2_c0_1__ecfp_2048,"Logistic Regression (L2, C=0.1)",ECFP4 (2048-bit),test,Accuracy,0.9040816326530612,0.0055890056888282,0.8971419655034871,0.9110212998026352
scaffold,logreg_l2_c0_1__ecfp_2048,"Logistic Regression (L2, C=0.1)",ECFP4 (2048-bit),test,F1,0.7889640591966173,0.0099302755435156,0.7766339935619906,0.801294124831244
scaffold,logreg_l2_c0_1__ecfp_2048,"Logistic Regression (L2, C=0.1)",ECFP4 (2048-bit),test,MCC,0.7300374168522508,0.0121456108439282,0.7149566491311519,0.7451181845733497
scaffold,svm__rdkit2d_normalized_200,SVM (RBF),RDKit2D (200-d),valid,AUROC,0.8547509166268134,0.0336639075853903,0.8129516545391755,0.8965501787144512
scaffold,svm__rdkit2d_normalized_200,SVM (RBF),RDKit2D (200-d),valid,AUPRC,0.680050480512344,0.0941853689346137,0.5631038987486947,0.7969970622759932
scaffold,svm__rdkit2d_normalized_200,SVM (RBF),RDKit2D (200-d),valid,Accuracy,0.8382511556240371,0.0271611714653292,0.8045261068664983,0.8719762043815759
scaffold,svm__rdkit2d_normalized_200,SVM (RBF),RDKit2D (200-d),valid,F1,0.6306945612559574,0.057229074423868,0.5596352798933164,0.7017538426185983
scaffold,svm__rdkit2d_normalized_200,SVM (RBF),RDKit2D (200-d),valid,MCC,0.5358678494486684,0.0638089855126823,0.456638529375665,0.6150971695216717
scaffold,svm__rdkit2d_normalized_200,SVM (RBF),RDKit2D (200-d),test,AUROC,0.9431304347826088,0.0101623039592473,0.9305122678176077,0.9557486017476098
scaffold,svm__rdkit2d_normalized_200,SVM (RBF),RDKit2D (200-d),test,AUPRC,0.7575848071761395,0.0220326409171473,0.7302276701639664,0.7849419441883126
scaffold,svm__rdkit2d_normalized_200,SVM (RBF),RDKit2D (200-d),test,Accuracy,0.9102040816326532,0.0111780113776564,0.896324747333505,0.9240834159318012
scaffold,svm__rdkit2d_normalized_200,SVM (RBF),RDKit2D (200-d),test,F1,0.7912655196319405,0.0340868199836714,0.748941142444963,0.8335898968189179
scaffold,svm__rdkit2d_normalized_200,SVM (RBF),RDKit2D (200-d),test,MCC,0.7402195988560247,0.035761146526693,0.6958162706793404,0.7846229270327091
scaffold,logreg_l1_c0_1__ecfp_2048,"Logistic Regression (L1, C=0.1)",ECFP4 (2048-bit),valid,AUROC,0.8281124129868749,0.0618873243698214,0.751269150371709,0.9049556756020408
scaffold,logreg_l1_c0_1__ecfp_2048,"Logistic Regression (L1, C=0.1)",ECFP4 (2048-bit),valid,AUPRC,0.6412311465694456,0.1303878925830752,0.4793331945473811,0.80312909859151
scaffold,logreg_l1_c0_1__ecfp_2048,"Logistic Regression (L1, C=0.1)",ECFP4 (2048-bit),valid,Accuracy,0.8202234206471495,0.0510030294666658,0.7568947951590647,0.8835520461352343
scaffold,logreg_l1_c0_1__ecfp_2048,"Logistic Regression (L1, C=0.1)",ECFP4 (2048-bit),valid,F1,0.6265186779605416,0.1025227234583911,0.4992199032444566,0.7538174526766266
scaffold,logreg_l1_c0_1__ecfp_2048,"Logistic Regression (L1, C=0.1)",ECFP4 (2048-bit),valid,MCC,0.5114194864896258,0.1338701526273228,0.3451977375382357,0.6776412354410158
scaffold,logreg_l1_c0_1__ecfp_2048,"Logistic Regression (L1, C=0.1)",ECFP4 (2048-bit),test,AUROC,0.9314202898550724,0.0282319435764036,0.8963657019169318,0.9664748777932128
scaffold,logreg_l1_c0_1__ecfp_2048,"Logistic Regression (L1, C=0.1)",ECFP4 (2048-bit),test,AUPRC,0.8877083530020531,0.0253642042098048,0.8562145337916499,0.9192021722124564
scaffold,logreg_l1_c0_1__ecfp_2048,"Logistic Regression (L1, C=0.1)",ECFP4 (2048-bit),test,Accuracy,0.8979591836734693,0.0216461259546902,0.8710819683749462,0.9248363989719924
scaffold,logreg_l1_c0_1__ecfp_2048,"Logistic Regression (L1, C=0.1)",ECFP4 (2048-bit),test,F1,0.7885001179009994,0.0421759615711645,0.7361317448284588,0.84086849097354
scaffold,logreg_l1_c0_1__ecfp_2048,"Logistic Regression (L1, C=0.1)",ECFP4 (2048-bit),test,MCC,0.7227220360117911,0.0559981627474608,0.6531911333627136,0.7922529386608685
scaffold,logreg_l1_c1__ecfp_2048_rdkit2d_normalized_200,"Logistic Regression (L1, C=1)",ECFP4 (2048-bit) + RDKit2D (200-d),valid,AUROC,0.8360352569211967,0.0447964936795101,0.7804130634735864,0.8916574503688071
scaffold,logreg_l1_c1__ecfp_2048_rdkit2d_normalized_200,"Logistic Regression (L1, C=1)",ECFP4 (2048-bit) + RDKit2D (200-d),valid,AUPRC,0.6443626660821716,0.1127041336223334,0.5044220009145736,0.7843033312497697
scaffold,logreg_l1_c1__ecfp_2048_rdkit2d_normalized_200,"Logistic Regression (L1, C=1)",ECFP4 (2048-bit) + RDKit2D (200-d),valid,Accuracy,0.8236196712891628,0.0490960356101875,0.7626588914174629,0.8845804511608627
scaffold,logreg_l1_c1__ecfp_2048_rdkit2d_normalized_200,"Logistic Regression (L1, C=1)",ECFP4 (2048-bit) + RDKit2D (200-d),valid,F1,0.6368469151645958,0.0875238855670919,0.5281716574730314,0.7455221728561602
scaffold,logreg_l1_c1__ecfp_2048_rdkit2d_normalized_200,"Logistic Regression (L1, C=1)",ECFP4 (2048-bit) + RDKit2D (200-d),valid,MCC,0.523514057818414,0.1192181492137801,0.3754851740071785,0.6715429416296494
scaffold,logreg_l1_c1__ecfp_2048_rdkit2d_normalized_200,"Logistic Regression (L1, C=1)",ECFP4 (2048-bit) + RDKit2D (200-d),test,AUROC,0.9190144927536232,0.0172963591882171,0.8975382262496131,0.9404907592576334
scaffold,logreg_l1_c1__ecfp_2048_rdkit2d_normalized_200,"Logistic Regression (L1, C=1)",ECFP4 (2048-bit) + RDKit2D (200-d),test,AUPRC,0.8065885094438151,0.0121110011294475,0.791550715359175,0.8216263035284552
scaffold,logreg_l1_c1__ecfp_2048_rdkit2d_normalized_200,"Logistic Regression (L1, C=1)",ECFP4 (2048-bit) + RDKit2D (200-d),test,Accuracy,0.9020408163265308,0.0211596340340078,0.8757676605313359,0.9283139721217254
scaffold,logreg_l1_c1__ecfp_2048_rdkit2d_normalized_200,"Logistic Regression (L1, C=1)",ECFP4 (2048-bit) + RDKit2D (200-d),test,F1,0.7749190641125326,0.0522974927596303,0.7099831501565774,0.8398549780684879
scaffold,logreg_l1_c1__ecfp_2048_rdkit2d_normalized_200,"Logistic Regression (L1, C=1)",ECFP4 (2048-bit) + RDKit2D (200-d),test,MCC,0.7181055153703427,0.0623163160147789,0.6407295892741028,0.7954814414665826
scaffold,lgbm__ecfp_1024,LightGBM,ECFP4 (1024-bit),valid,AUROC,0.8607398108294809,0.0420892453185597,0.8084791102058589,0.9130005114531028
scaffold,lgbm__ecfp_1024,LightGBM,ECFP4 (1024-bit),valid,AUPRC,0.7317830711657098,0.0809207429496415,0.6313066979372387,0.832259444394181
scaffold,lgbm__ecfp_1024,LightGBM,ECFP4 (1024-bit),valid,Accuracy,0.8541345659989726,0.0340187119327907,0.8118947561267615,0.8963743758711837
scaffold,lgbm__ecfp_1024,LightGBM,ECFP4 (1024-bit),valid,F1,0.6500159462625066,0.0839743382672871,0.5457480336630313,0.7542838588619819
scaffold,lgbm__ecfp_1024,LightGBM,ECFP4 (1024-bit),valid,MCC,0.5690409634606135,0.099351643214976,0.4456796049181923,0.6924023220030348
scaffold,lgbm__ecfp_1024,LightGBM,ECFP4 (1024-bit),test,AUROC,0.9554202898550724,0.0186031866873779,0.932321382693492,0.9785191970166532
scaffold,lgbm__ecfp_1024,LightGBM,ECFP4 (1024-bit),test,AUPRC,0.8944329451145523,0.0354745794785155,0.8503854369246614,0.9384804533044432
scaffold,lgbm__ecfp_1024,LightGBM,ECFP4 (1024-bit),test,Accuracy,0.936734693877551,0.0167670170664847,0.9159156924288288,0.9575536953262732
scaffold,lgbm__ecfp_1024,LightGBM,ECFP4 (1024-bit),test,F1,0.8555186415651532,0.0391023542348365,0.8069666560667461,0.9040706270635605
scaffold,lgbm__ecfp_1024,LightGBM,ECFP4 (1024-bit),test,MCC,0.8190691988953441,0.0493531979851457,0.757789109760966,0.8803492880297222
scaffold,logreg_l1_c1__ecfp_2048,"Logistic Regression (L1, C=1)",ECFP4 (2048-bit),valid,AUROC,0.8397719060523938,0.0449492463902592,0.7839600450632184,0.8955837670415693
scaffold,logreg_l1_c1__ecfp_2048,"Logistic Regression (L1, C=1)",ECFP4 (2048-bit),valid,AUPRC,0.6663926580698808,0.0999836373691451,0.5422465751391525,0.7905387410006091
scaffold,logreg_l1_c1__ecfp_2048,"Logistic Regression (L1, C=1)",ECFP4 (2048-bit),valid,Accuracy,0.8337827426810478,0.0452750530135399,0.7775663393373683,0.8899991460247273
scaffold,logreg_l1_c1__ecfp_2048,"Logistic Regression (L1, C=1)",ECFP4 (2048-bit),valid,F1,0.6515435187910902,0.079445313089254,0.552899133702137,0.7501879038800434
scaffold,logreg_l1_c1__ecfp_2048,"Logistic Regression (L1, C=1)",ECFP4 (2048-bit),valid,MCC,0.5457082672832909,0.1077237850427786,0.4119515216454313,0.6794650129211506
scaffold,logreg_l1_c1__ecfp_2048,"Logistic Regression (L1, C=1)",ECFP4 (2048-bit),test,AUROC,0.9119420289855074,0.0170280912500316,0.8907988611222144,0.9330851968488004
scaffold,logreg_l1_c1__ecfp_2048,"Logistic Regression (L1, C=1)",ECFP4 (2048-bit),test,AUPRC,0.8156264969681238,0.0138512951153408,0.7984278424949095,0.8328251514413382
scaffold,logreg_l1_c1__ecfp_2048,"Logistic Regression (L1, C=1)",ECFP4 (2048-bit),test,Accuracy,0.9,0.0221219218251824,0.8725320060985928,0.9274679939014072
scaffold,logreg_l1_c1__ecfp_2048,"Logistic Regression (L1, C=1)",ECFP4 (2048-bit),test,F1,0.7757611509307483,0.0492576967428245,0.7145996422507441,0.8369226596107524
scaffold,logreg_l1_c1__ecfp_2048,"Logistic Regression (L1, C=1)",ECFP4 (2048-bit),test,MCC,0.716881258358482,0.0595394416415787,0.6429532771989795,0.7908092395179845
scaffold,logreg_l2_c1__ecfp_2048_rdkit2d_normalized_200,"Logistic Regression (L2, C=1)",ECFP4 (2048-bit) + RDKit2D (200-d),valid,AUROC,0.8406215792550082,0.0406240263849484,0.7901801882307379,0.8910629702792786
scaffold,logreg_l2_c1__ecfp_2048_rdkit2d_normalized_200,"Logistic Regression (L2, C=1)",ECFP4 (2048-bit) + RDKit2D (200-d),valid,AUPRC,0.6625424212705032,0.0972792882345147,0.5417542312988191,0.7833306112421874
scaffold,logreg_l2_c1__ecfp_2048_rdkit2d_normalized_200,"Logistic Regression (L2, C=1)",ECFP4 (2048-bit) + RDKit2D (200-d),valid,Accuracy,0.8246982537236776,0.0324934400520613,0.7843523190332408,0.8650441884141143
scaffold,logreg_l2_c1__ecfp_2048_rdkit2d_normalized_200,"Logistic Regression (L2, C=1)",ECFP4 (2048-bit) + RDKit2D (200-d),valid,F1,0.6363950831635852,0.0538144011288711,0.5695756786969697,0.7032144876302007
scaffold,logreg_l2_c1__ecfp_2048_rdkit2d_normalized_200,"Logistic Regression (L2, C=1)",ECFP4 (2048-bit) + RDKit2D (200-d),valid,MCC,0.5237129125437778,0.073668102581733,0.4322418817520579,0.6151839433354978
scaffold,logreg_l2_c1__ecfp_2048_rdkit2d_normalized_200,"Logistic Regression (L2, C=1)",ECFP4 (2048-bit) + RDKit2D (200-d),test,AUROC,0.918782608695652,0.0141144837505235,0.9012571623693948,0.9363080550219092
scaffold,logreg_l2_c1__ecfp_2048_rdkit2d_normalized_200,"Logistic Regression (L2, C=1)",ECFP4 (2048-bit) + RDKit2D (200-d),test,AUPRC,0.7799024866701441,0.0210886386452695,0.7537174832931842,0.8060874900471039
scaffold,logreg_l2_c1__ecfp_2048_rdkit2d_normalized_200,"Logistic Regression (L2, C=1)",ECFP4 (2048-bit) + RDKit2D (200-d),test,Accuracy,0.8959183673469389,0.0133044947044952,0.8793986552580745,0.9124380794358032
scaffold,logreg_l2_c1__ecfp_2048_rdkit2d_normalized_200,"Logistic Regression (L2, C=1)",ECFP4 (2048-bit) + RDKit2D (200-d),test,F1,0.7666192058218636,0.0316212565681513,0.7273562299632257,0.8058821816805015
scaffold,logreg_l2_c1__ecfp_2048_rdkit2d_normalized_200,"Logistic Regression (L2, C=1)",ECFP4 (2048-bit) + RDKit2D (200-d),test,MCC,0.703718000878611,0.0380543451640597,0.6564672905131785,0.7509687112440435
scaffold,logreg_l1_c0_1__ecfp_2048_rdkit2d_normalized_200,"Logistic Regression (L1, C=0.1)",ECFP4 (2048-bit) + RDKit2D (200-d),valid,AUROC,0.8271138211382114,0.0572703343970942,0.7560033087522486,0.8982243335241742
scaffold,logreg_l1_c0_1__ecfp_2048_rdkit2d_normalized_200,"Logistic Regression (L1, C=0.1)",ECFP4 (2048-bit) + RDKit2D (200-d),valid,AUPRC,0.6339372319090578,0.1242971943267853,0.479601880635751,0.7882725831823647
scaffold,logreg_l1_c0_1__ecfp_2048_rdkit2d_normalized_200,"Logistic Regression (L1, C=0.1)",ECFP4 (2048-bit) + RDKit2D (200-d),valid,Accuracy,0.8179699537750386,0.0532896782970737,0.7518020787577014,0.8841378287923757
scaffold,logreg_l1_c0_1__ecfp_2048_rdkit2d_normalized_200,"Logistic Regression (L1, C=0.1)",ECFP4 (2048-bit) + RDKit2D (200-d),valid,F1,0.6176747693625331,0.1065488054456431,0.4853769535890606,0.7499725851360055
scaffold,logreg_l1_c0_1__ecfp_2048_rdkit2d_normalized_200,"Logistic Regression (L1, C=0.1)",ECFP4 (2048-bit) + RDKit2D (200-d),valid,MCC,0.5000533207649142,0.1408640050344142,0.3251475570708878,0.6749590844589405
scaffold,logreg_l1_c0_1__ecfp_2048_rdkit2d_normalized_200,"Logistic Regression (L1, C=0.1)",ECFP4 (2048-bit) + RDKit2D (200-d),test,AUROC,0.9495072463768116,0.0131723106118745,0.9331516625168896,0.9658628302367336
scaffold,logreg_l1_c0_1__ecfp_2048_rdkit2d_normalized_200,"Logistic Regression (L1, C=0.1)",ECFP4 (2048-bit) + RDKit2D (200-d),test,AUPRC,0.8907226136388428,0.0305494072349847,0.8527905145086965,0.928654712768989
scaffold,logreg_l1_c0_1__ecfp_2048_rdkit2d_normalized_200,"Logistic Regression (L1, C=0.1)",ECFP4 (2048-bit) + RDKit2D (200-d),test,Accuracy,0.9,0.0243619109924762,0.8697506921931978,0.9302493078068024
scaffold,logreg_l1_c0_1__ecfp_2048_rdkit2d_normalized_200,"Logistic Regression (L1, C=0.1)",ECFP4 (2048-bit) + RDKit2D (200-d),test,F1,0.7921716154855405,0.0468103746517292,0.7340488585380581,0.8502943724330229
scaffold,logreg_l1_c0_1__ecfp_2048_rdkit2d_normalized_200,"Logistic Regression (L1, C=0.1)",ECFP4 (2048-bit) + RDKit2D (200-d),test,MCC,0.7278610459121497,0.0625349774082411,0.6502136158358508,0.8055084759884487
scaffold,xgb__ecfp_2048,XGBoost,ECFP4 (2048-bit),valid,AUROC,0.8653683777033848,0.042607009936135,0.8124647873945757,0.918271968012194
scaffold,xgb__ecfp_2048,XGBoost,ECFP4 (2048-bit),valid,AUPRC,0.7281448071893725,0.0860052952952296,0.621355128366402,0.8349344860123429
scaffold,xgb__ecfp_2048,XGBoost,ECFP4 (2048-bit),valid,Accuracy,0.8416859270672831,0.030694419421868,0.803573771525383,0.8797980826091831
scaffold,xgb__ecfp_2048,XGBoost,ECFP4 (2048-bit),valid,F1,0.6205107527547556,0.0696004262829947,0.5340904091795258,0.7069310963299855
scaffold,xgb__ecfp_2048,XGBoost,ECFP4 (2048-bit),valid,MCC,0.5344984515239983,0.0839868668063159,0.4302149826886608,0.6387819203593358
scaffold,xgb__ecfp_2048,XGBoost,ECFP4 (2048-bit),test,AUROC,0.9535652173913044,0.0159267383851547,0.9337895597296476,0.9733408750529609
scaffold,xgb__ecfp_2048,XGBoost,ECFP4 (2048-bit),test,AUPRC,0.9173913580946748,0.0111649822555128,0.9035282015874208,0.931254514601929
scaffold,xgb__ecfp_2048,XGBoost,ECFP4 (2048-bit),test,Accuracy,0.936734693877551,0.0133044947044951,0.9202149817886868,0.9532544059664154
scaffold,xgb__ecfp_2048,XGBoost,ECFP4 (2048-bit),test,F1,0.8597996648466714,0.0284333804507146,0.8244949599937883,0.8951043696995544
scaffold,xgb__ecfp_2048,XGBoost,ECFP4 (2048-bit),test,MCC,0.8213849565438155,0.0373200846362555,0.7750459510410594,0.8677239620465715
scaffold,logreg_l2_c1__ecfp_2048,"Logistic Regression (L2, C=1)",ECFP4 (2048-bit),valid,AUROC,0.8392936659758755,0.0413818548561817,0.787911306622061,0.89067602532969
scaffold,logreg_l2_c1__ecfp_2048,"Logistic Regression (L2, C=1)",ECFP4 (2048-bit),valid,AUPRC,0.6575339129778186,0.0911755641058798,0.544324497511628,0.7707433284440092
scaffold,logreg_l2_c1__ecfp_2048,"Logistic Regression (L2, C=1)",ECFP4 (2048-bit),valid,Accuracy,0.8235747303543913,0.0384067821199302,0.7758864117092178,0.8712630489995649
scaffold,logreg_l2_c1__ecfp_2048,"Logistic Regression (L2, C=1)",ECFP4 (2048-bit),valid,F1,0.6358662223610677,0.0611957678267003,0.5598816406082175,0.7118508041139179
scaffold,logreg_l2_c1__ecfp_2048,"Logistic Regression (L2, C=1)",ECFP4 (2048-bit),valid,MCC,0.5230116068883234,0.0847532870095687,0.4177765016791109,0.6282467120975358
scaffold,logreg_l2_c1__ecfp_2048,"Logistic Regression (L2, C=1)",ECFP4 (2048-bit),test,AUROC,0.908463768115942,0.0146461447765545,0.8902781774344141,0.92664935879747
scaffold,logreg_l2_c1__ecfp_2048,"Logistic Regression (L2, C=1)",ECFP4 (2048-bit),test,AUPRC,0.7823720377783927,0.0252056489530316,0.7510750909220509,0.8136689846347345
scaffold,logreg_l2_c1__ecfp_2048,"Logistic Regression (L2, C=1)",ECFP4 (2048-bit),test,Accuracy,0.8918367346938776,0.0055890056888282,0.8848970675443035,0.8987764018434516
scaffold,logreg_l2_c1__ecfp_2048,"Logistic Regression (L2, C=1)",ECFP4 (2048-bit),test,F1,0.7525468724074995,0.0198181036323313,0.7279394466145624,0.7771542982004366
scaffold,logreg_l2_c1__ecfp_2048,"Logistic Regression (L2, C=1)",ECFP4 (2048-bit),test,MCC,0.689837074175075,0.018091180766249,0.6673739063326272,0.7123002420175228
scaffold,lgbm__ecfp_2048,LightGBM,ECFP4 (2048-bit),valid,AUROC,0.8530037462139328,0.0528123474890812,0.7874285556761135,0.9185789367517522
scaffold,lgbm__ecfp_2048,LightGBM,ECFP4 (2048-bit),valid,AUPRC,0.7092627012900078,0.0823925349711261,0.6069588568956157,0.8115665456843999
scaffold,lgbm__ecfp_2048,LightGBM,ECFP4 (2048-bit),valid,Accuracy,0.8371725731895223,0.0387941954571078,0.7890032173511513,0.8853419290278933
scaffold,lgbm__ecfp_2048,LightGBM,ECFP4 (2048-bit),valid,F1,0.6163102957862904,0.0874882962690424,0.5076792280448355,0.7249413635277453
scaffold,lgbm__ecfp_2048,LightGBM,ECFP4 (2048-bit),valid,MCC,0.5211657377133133,0.1077787227973982,0.3873407778434004,0.6549906975832263
scaffold,lgbm__ecfp_2048,LightGBM,ECFP4 (2048-bit),test,AUROC,0.9424347826086956,0.0228577879706124,0.914053090207011,0.9708164750103804
scaffold,lgbm__ecfp_2048,LightGBM,ECFP4 (2048-bit),test,AUPRC,0.8657281444060875,0.028036984386374,0.8309156302753257,0.9005406585368493
scaffold,lgbm__ecfp_2048,LightGBM,ECFP4 (2048-bit),test,Accuracy,0.936734693877551,0.0111780113776564,0.9228553595784028,0.9506140281766992
scaffold,lgbm__ecfp_2048,LightGBM,ECFP4 (2048-bit),test,F1,0.8569985569985569,0.0253369029405067,0.8255386367913465,0.8884584772057672
scaffold,lgbm__ecfp_2048,LightGBM,ECFP4 (2048-bit),test,MCC,0.8196417661923462,0.0323682303186965,0.779451299920053,0.8598322324646394
scaffold,logreg_l1_c0_1__ecfp_1024,"Logistic Regression (L1, C=0.1)",ECFP4 (1024-bit),valid,AUROC,0.819197885116106,0.0569450893197021,0.748491217833334,0.889904552398878
scaffold,logreg_l1_c0_1__ecfp_1024,"Logistic Regression (L1, C=0.1)",ECFP4 (1024-bit),valid,AUPRC,0.6355547809291231,0.0838225924285301,0.5314752856745095,0.7396342761837367
scaffold,logreg_l1_c0_1__ecfp_1024,"Logistic Regression (L1, C=0.1)",ECFP4 (1024-bit),valid,Accuracy,0.7873780174627633,0.0274799865237798,0.7532571075250611,0.8214989274004654
scaffold,logreg_l1_c0_1__ecfp_1024,"Logistic Regression (L1, C=0.1)",ECFP4 (1024-bit),valid,F1,0.5765089371583593,0.0605884696293611,0.5012784157133192,0.6517394586033993
scaffold,logreg_l1_c0_1__ecfp_1024,"Logistic Regression (L1, C=0.1)",ECFP4 (1024-bit),valid,MCC,0.4410288404348229,0.0751775711580935,0.3476835568554163,0.5343741240142296
scaffold,logreg_l1_c0_1__ecfp_1024,"Logistic Regression (L1, C=0.1)",ECFP4 (1024-bit),test,AUROC,0.9660869565217391,0.0051688563768483,0.9596689736467208,0.9725049393967576
scaffold,logreg_l1_c0_1__ecfp_1024,"Logistic Regression (L1, C=0.1)",ECFP4 (1024-bit),test,AUPRC,0.9043546095696016,0.0349537711576256,0.8609537703217246,0.9477554488174784
scaffold,logreg_l1_c0_1__ecfp_1024,"Logistic Regression (L1, C=0.1)",ECFP4 (1024-bit),test,Accuracy,0.9142857142857144,0.0116344431132565,0.8998396451328339,0.9287317834385946
scaffold,logreg_l1_c0_1__ecfp_1024,"Logistic Regression (L1, C=0.1)",ECFP4 (1024-bit),test,F1,0.8294780720798958,0.0207923462278461,0.8036609643305913,0.8552951798292002
scaffold,logreg_l1_c0_1__ecfp_1024,"Logistic Regression (L1, C=0.1)",ECFP4 (1024-bit),test,MCC,0.7758287108144941,0.0278951396783364,0.7411923201510383,0.8104651014779499
scaffold,logreg_l1_c0_1__ecfp_1024_rdkit2d_normalized_200,"Logistic Regression (L1, C=0.1)",ECFP4 (1024-bit) + RDKit2D (200-d),valid,AUROC,0.8249116584303098,0.0522293922343304,0.7600603024448783,0.8897630144157412
scaffold,logreg_l1_c0_1__ecfp_1024_rdkit2d_normalized_200,"Logistic Regression (L1, C=0.1)",ECFP4 (1024-bit) + RDKit2D (200-d),valid,AUPRC,0.6470557919158304,0.0823906605770498,0.5447542748890812,0.7493573089425796
scaffold,logreg_l1_c0_1__ecfp_1024_rdkit2d_normalized_200,"Logistic Regression (L1, C=0.1)",ECFP4 (1024-bit) + RDKit2D (200-d),valid,Accuracy,0.7670197740112994,0.027642238909967,0.732697401127046,0.8013421468955528
scaffold,logreg_l1_c0_1__ecfp_1024_rdkit2d_normalized_200,"Logistic Regression (L1, C=0.1)",ECFP4 (1024-bit) + RDKit2D (200-d),valid,F1,0.5636172248803828,0.0555129671496672,0.4946887721371726,0.6325456776235929
scaffold,logreg_l1_c0_1__ecfp_1024_rdkit2d_normalized_200,"Logistic Regression (L1, C=0.1)",ECFP4 (1024-bit) + RDKit2D (200-d),valid,MCC,0.4185193723524227,0.0696056386284052,0.3320925567955505,0.5049461879092949
scaffold,logreg_l1_c0_1__ecfp_1024_rdkit2d_normalized_200,"Logistic Regression (L1, C=0.1)",ECFP4 (1024-bit) + RDKit2D (200-d),test,AUROC,0.9653913043478262,0.0034637377962411,0.9610905058270158,0.9696921028686364
scaffold,logreg_l1_c0_1__ecfp_1024_rdkit2d_normalized_200,"Logistic Regression (L1, C=0.1)",ECFP4 (1024-bit) + RDKit2D (200-d),test,AUPRC,0.90120566053288,0.0296748089130591,0.8643595186519581,0.9380518024138018
scaffold,logreg_l1_c0_1__ecfp_1024_rdkit2d_normalized_200,"Logistic Regression (L1, C=0.1)",ECFP4 (1024-bit) + RDKit2D (200-d),test,Accuracy,0.926530612244898,0.0085373472095313,0.9159300955746574,0.9371311289151384
scaffold,logreg_l1_c0_1__ecfp_1024_rdkit2d_normalized_200,"Logistic Regression (L1, C=0.1)",ECFP4 (1024-bit) + RDKit2D (200-d),test,F1,0.8514255319148937,0.0142925046915377,0.8336790433952529,0.8691720204345345
scaffold,logreg_l1_c0_1__ecfp_1024_rdkit2d_normalized_200,"Logistic Regression (L1, C=0.1)",ECFP4 (1024-bit) + RDKit2D (200-d),test,MCC,0.805026004883277,0.0186237079293777,0.7819016172343067,0.8281503925322473
scaffold,knn_k5__ecfp_1024,k-Nearest Neighbors (k=5),ECFP4 (1024-bit),valid,AUROC,0.8156242361443222,0.0733595987944396,0.7245362633985941,0.9067122088900504
scaffold,knn_k5__ecfp_1024,k-Nearest Neighbors (k=5),ECFP4 (1024-bit),valid,AUPRC,0.6410316675716862,0.1369898498743674,0.4709363028633453,0.811127032280027
scaffold,knn_k5__ecfp_1024,k-Nearest Neighbors (k=5),ECFP4 (1024-bit),valid,Accuracy,0.8270351823317925,0.0607577385876179,0.7515944857152717,0.9024758789483134
scaffold,knn_k5__ecfp_1024,k-Nearest Neighbors (k=5),ECFP4 (1024-bit),valid,F1,0.5588686459497811,0.1647649457345721,0.3542859446651656,0.7634513472343967
scaffold,knn_k5__ecfp_1024,k-Nearest Neighbors (k=5),ECFP4 (1024-bit),valid,MCC,0.4719315957883849,0.1898370824107042,0.236217725034972,0.7076454665417979
scaffold,knn_k5__ecfp_1024,k-Nearest Neighbors (k=5),ECFP4 (1024-bit),test,AUROC,0.9327536231884056,0.0123316216731493,0.9174418925173868,0.9480653538594246
scaffold,knn_k5__ecfp_1024,k-Nearest Neighbors (k=5),ECFP4 (1024-bit),test,AUPRC,0.880605225251766,0.0354039314593919,0.8366454381637652,0.9245650123397668
scaffold,knn_k5__ecfp_1024,k-Nearest Neighbors (k=5),ECFP4 (1024-bit),test,Accuracy,0.9163265306122448,0.0167670170664847,0.8955075291635227,0.9371455320609672
scaffold,knn_k5__ecfp_1024,k-Nearest Neighbors (k=5),ECFP4 (1024-bit),test,F1,0.8177426438296003,0.0366163443306723,0.7722774473283718,0.8632078403308288
scaffold,knn_k5__ecfp_1024,k-Nearest Neighbors (k=5),ECFP4 (1024-bit),test,MCC,0.7639394169088896,0.0474705393023246,0.7049969572818762,0.822881876535903
scaffold,knn_k5__ecfp_2048_rdkit2d_normalized_200,k-Nearest Neighbors (k=5),ECFP4 (2048-bit) + RDKit2D (200-d),valid,AUROC,0.8163482384823848,0.0794470283919516,0.717701723563826,0.9149947534009436
scaffold,knn_k5__ecfp_2048_rdkit2d_normalized_200,k-Nearest Neighbors (k=5),ECFP4 (2048-bit) + RDKit2D (200-d),valid,AUPRC,0.6307209718374421,0.1455015777610199,0.4500569010497378,0.8113850426251464
scaffold,knn_k5__ecfp_2048_rdkit2d_normalized_200,k-Nearest Neighbors (k=5),ECFP4 (2048-bit) + RDKit2D (200-d),valid,Accuracy,0.8258602978941962,0.0383552769674527,0.778235931342576,0.8734846644458165
scaffold,knn_k5__ecfp_2048_rdkit2d_normalized_200,k-Nearest Neighbors (k=5),ECFP4 (2048-bit) + RDKit2D (200-d),valid,F1,0.5539112802775474,0.1211695049990941,0.4034594682400009,0.704363092315094
scaffold,knn_k5__ecfp_2048_rdkit2d_normalized_200,k-Nearest Neighbors (k=5),ECFP4 (2048-bit) + RDKit2D (200-d),valid,MCC,0.4676368767166246,0.1290145520658682,0.3074441521720507,0.6278296012611986
scaffold,knn_k5__ecfp_2048_rdkit2d_normalized_200,k-Nearest Neighbors (k=5),ECFP4 (2048-bit) + RDKit2D (200-d),test,AUROC,0.927072463768116,0.0100379452312437,0.9146087085585392,0.9395362189776926
scaffold,knn_k5__ecfp_2048_rdkit2d_normalized_200,k-Nearest Neighbors (k=5),ECFP4 (2048-bit) + RDKit2D (200-d),test,AUPRC,0.8299586306778541,0.0127666405391681,0.8141067527423603,0.8458105086133479
scaffold,knn_k5__ecfp_2048_rdkit2d_normalized_200,k-Nearest Neighbors (k=5),ECFP4 (2048-bit) + RDKit2D (200-d),test,Accuracy,0.9163265306122448,0.0151350989532564,0.8975338231327348,0.935119238091755
scaffold,knn_k5__ecfp_2048_rdkit2d_normalized_200,k-Nearest Neighbors (k=5),ECFP4 (2048-bit) + RDKit2D (200-d),test,F1,0.8154517878481478,0.0370370539435078,0.7694642113669632,0.8614393643293323
scaffold,knn_k5__ecfp_2048_rdkit2d_normalized_200,k-Nearest Neighbors (k=5),ECFP4 (2048-bit) + RDKit2D (200-d),test,MCC,0.7625660148485923,0.0455640335182225,0.7059907948160657,0.8191412348811189
scaffold,knn_k5__ecfp_1024_rdkit2d_normalized_200,k-Nearest Neighbors (k=5),ECFP4 (1024-bit) + RDKit2D (200-d),valid,AUROC,0.8045562994845635,0.0811792237943167,0.703758979897034,0.9053536190720932
scaffold,knn_k5__ecfp_1024_rdkit2d_normalized_200,k-Nearest Neighbors (k=5),ECFP4 (1024-bit) + RDKit2D (200-d),valid,AUPRC,0.6360067137813659,0.1345321079822961,0.4689630386972871,0.8030503888654446
scaffold,knn_k5__ecfp_1024_rdkit2d_normalized_200,k-Nearest Neighbors (k=5),ECFP4 (1024-bit) + RDKit2D (200-d),valid,Accuracy,0.8224961479198768,0.0519656253218435,0.7579723018135975,0.8870199940261561
scaffold,knn_k5__ecfp_1024_rdkit2d_normalized_200,k-Nearest Neighbors (k=5),ECFP4 (1024-bit) + RDKit2D (200-d),valid,F1,0.5498645735580764,0.1499077323806704,0.3637295392086329,0.7359996079075198
scaffold,knn_k5__ecfp_1024_rdkit2d_normalized_200,k-Nearest Neighbors (k=5),ECFP4 (1024-bit) + RDKit2D (200-d),valid,MCC,0.4591879368862159,0.166828151652701,0.2520434270921788,0.6663324466802529
scaffold,knn_k5__ecfp_1024_rdkit2d_normalized_200,k-Nearest Neighbors (k=5),ECFP4 (1024-bit) + RDKit2D (200-d),test,AUROC,0.9306666666666666,0.0142212244976648,0.9130086841975428,0.9483246491357904
scaffold,knn_k5__ecfp_1024_rdkit2d_normalized_200,k-Nearest Neighbors (k=5),ECFP4 (1024-bit) + RDKit2D (200-d),test,AUPRC,0.8700121115350239,0.0504505141205466,0.8073695244606703,0.9326546986093774
scaffold,knn_k5__ecfp_1024_rdkit2d_normalized_200,k-Nearest Neighbors (k=5),ECFP4 (1024-bit) + RDKit2D (200-d),test,Accuracy,0.9183673469387756,0.0144307506364601,0.900449203406427,0.9362854904711244
scaffold,knn_k5__ecfp_1024_rdkit2d_normalized_200,k-Nearest Neighbors (k=5),ECFP4 (1024-bit) + RDKit2D (200-d),test,F1,0.8209486166007907,0.0343896232951086,0.7782482594434647,0.8636489737581167
scaffold,knn_k5__ecfp_1024_rdkit2d_normalized_200,k-Nearest Neighbors (k=5),ECFP4 (1024-bit) + RDKit2D (200-d),test,MCC,0.7689325923854532,0.0429275300791803,0.7156310237543256,0.8222341610165808
scaffold,logreg_l2_c0_1__ecfp_1024_rdkit2d_normalized_200,"Logistic Regression (L2, C=0.1)",ECFP4 (1024-bit) + RDKit2D (200-d),valid,AUROC,0.8223291620171104,0.0341472299435403,0.7799297759578306,0.8647285480763901
scaffold,logreg_l2_c0_1__ecfp_1024_rdkit2d_normalized_200,"Logistic Regression (L2, C=0.1)",ECFP4 (1024-bit) + RDKit2D (200-d),valid,AUPRC,0.6597947360768026,0.0606554256216824,0.5844810777866332,0.7351083943669721
scaffold,logreg_l2_c0_1__ecfp_1024_rdkit2d_normalized_200,"Logistic Regression (L2, C=0.1)",ECFP4 (1024-bit) + RDKit2D (200-d),valid,Accuracy,0.8031972265023113,0.0349629060860635,0.7597850447426668,0.8466094082619557
scaffold,logreg_l2_c0_1__ecfp_1024_rdkit2d_normalized_200,"Logistic Regression (L2, C=0.1)",ECFP4 (1024-bit) + RDKit2D (200-d),valid,F1,0.5884556653314943,0.0486769452183219,0.5280152549113669,0.6488960757516217
scaffold,logreg_l2_c0_1__ecfp_1024_rdkit2d_normalized_200,"Logistic Regression (L2, C=0.1)",ECFP4 (1024-bit) + RDKit2D (200-d),valid,MCC,0.464353013020817,0.0689583464858806,0.3787299168136378,0.5499761092279962
scaffold,logreg_l2_c0_1__ecfp_1024_rdkit2d_normalized_200,"Logistic Regression (L2, C=0.1)",ECFP4 (1024-bit) + RDKit2D (200-d),test,AUROC,0.9448695652173914,0.0094778619780443,0.9331012452193094,0.9566378852154734
scaffold,logreg_l2_c0_1__ecfp_1024_rdkit2d_normalized_200,"Logistic Regression (L2, C=0.1)",ECFP4 (1024-bit) + RDKit2D (200-d),test,AUPRC,0.841808614177374,0.0358508345807689,0.7972939235728745,0.8863233047818734
scaffold,logreg_l2_c0_1__ecfp_1024_rdkit2d_normalized_200,"Logistic Regression (L2, C=0.1)",ECFP4 (1024-bit) + RDKit2D (200-d),test,Accuracy,0.920408163265306,0.0133044947044952,0.9038884511764416,0.9369278753541704
scaffold,logreg_l2_c0_1__ecfp_1024_rdkit2d_normalized_200,"Logistic Regression (L2, C=0.1)",ECFP4 (1024-bit) + RDKit2D (200-d),test,F1,0.8300942399491331,0.0233934439988161,0.8010474427418072,0.8591410371564591
scaffold,logreg_l2_c0_1__ecfp_1024_rdkit2d_normalized_200,"Logistic Regression (L2, C=0.1)",ECFP4 (1024-bit) + RDKit2D (200-d),test,MCC,0.7791805248345084,0.0323819478892927,0.7389730259486632,0.8193880237203536
scaffold,knn_k5__ecfp_2048,k-Nearest Neighbors (k=5),ECFP4 (2048-bit),valid,AUROC,0.8190657048727349,0.0765001557138465,0.7240782156658695,0.9140531940796004
scaffold,knn_k5__ecfp_2048,k-Nearest Neighbors (k=5),ECFP4 (2048-bit),valid,AUPRC,0.6341009700290648,0.140727596873784,0.4593645794371542,0.8088373606209754
scaffold,knn_k5__ecfp_2048,k-Nearest Neighbors (k=5),ECFP4 (2048-bit),valid,Accuracy,0.8247496147919877,0.0451361620062939,0.7687056674116798,0.8807935621722957
scaffold,knn_k5__ecfp_2048,k-Nearest Neighbors (k=5),ECFP4 (2048-bit),valid,F1,0.5213221962792429,0.1555568773444087,0.3281728220076914,0.7144715705507945
scaffold,knn_k5__ecfp_2048,k-Nearest Neighbors (k=5),ECFP4 (2048-bit),valid,MCC,0.4508148287158214,0.1529507426320548,0.260901398091069,0.6407282593405739
scaffold,knn_k5__ecfp_2048,k-Nearest Neighbors (k=5),ECFP4 (2048-bit),test,AUROC,0.9168115942028984,0.0164746340954217,0.8963556341630331,0.937267554242764
scaffold,knn_k5__ecfp_2048,k-Nearest Neighbors (k=5),ECFP4 (2048-bit),test,AUPRC,0.816936378774666,0.0205870279756853,0.7913742073072437,0.8424985502420882
scaffold,knn_k5__ecfp_2048,k-Nearest Neighbors (k=5),ECFP4 (2048-bit),test,Accuracy,0.9122448979591836,0.0170746944190627,0.8910438646187027,0.9334459312996648
scaffold,knn_k5__ecfp_2048,k-Nearest Neighbors (k=5),ECFP4 (2048-bit),test,F1,0.8008520829394341,0.0433861829416168,0.746981021561346,0.8547231443175222
scaffold,knn_k5__ecfp_2048,k-Nearest Neighbors (k=5),ECFP4 (2048-bit),test,MCC,0.7479412723780129,0.0518894566496785,0.683512002169752,0.8123705425862737
scaffold,logreg_l1_c1__ecfp_1024_rdkit2d_normalized_200,"Logistic Regression (L1, C=1)",ECFP4 (1024-bit) + RDKit2D (200-d),valid,AUROC,0.8184511663744087,0.0383993391941077,0.7707720893422703,0.8661302434065472
scaffold,logreg_l1_c1__ecfp_1024_rdkit2d_normalized_200,"Logistic Regression (L1, C=1)",ECFP4 (1024-bit) + RDKit2D (200-d),valid,AUPRC,0.6491538125838153,0.0599245332244124,0.5747476770698969,0.7235599480977337
scaffold,logreg_l1_c1__ecfp_1024_rdkit2d_normalized_200,"Logistic Regression (L1, C=1)",ECFP4 (1024-bit) + RDKit2D (200-d),valid,Accuracy,0.7794940934771443,0.0604662682819566,0.7044153050457084,0.8545728819085802
scaffold,logreg_l1_c1__ecfp_1024_rdkit2d_normalized_200,"Logistic Regression (L1, C=1)",ECFP4 (1024-bit) + RDKit2D (200-d),valid,F1,0.5662080911400841,0.0913472530867269,0.4527854956474873,0.6796306866326809
scaffold,logreg_l1_c1__ecfp_1024_rdkit2d_normalized_200,"Logistic Regression (L1, C=1)",ECFP4 (1024-bit) + RDKit2D (200-d),valid,MCC,0.424509342793635,0.1293372866662861,0.2639158903147475,0.5851027952725225
scaffold,logreg_l1_c1__ecfp_1024_rdkit2d_normalized_200,"Logistic Regression (L1, C=1)",ECFP4 (1024-bit) + RDKit2D (200-d),test,AUROC,0.941855072463768,0.0128153971665672,0.9259426551793588,0.9577674897481772
scaffold,logreg_l1_c1__ecfp_1024_rdkit2d_normalized_200,"Logistic Regression (L1, C=1)",ECFP4 (1024-bit) + RDKit2D (200-d),test,AUPRC,0.8476239474602669,0.0220009004408755,0.8203062214547664,0.8749416734657675
scaffold,logreg_l1_c1__ecfp_1024_rdkit2d_normalized_200,"Logistic Regression (L1, C=1)",ECFP4 (1024-bit) + RDKit2D (200-d),test,Accuracy,0.926530612244898,0.0111780113776564,0.91265127794575,0.940409946544046
scaffold,logreg_l1_c1__ecfp_1024_rdkit2d_normalized_200,"Logistic Regression (L1, C=1)",ECFP4 (1024-bit) + RDKit2D (200-d),test,F1,0.8374103229224457,0.0278649164108961,0.8028114594020785,0.8720091864428128
scaffold,logreg_l1_c1__ecfp_1024_rdkit2d_normalized_200,"Logistic Regression (L1, C=1)",ECFP4 (1024-bit) + RDKit2D (200-d),test,MCC,0.7917301741885814,0.0337934931692006,0.74977001034684,0.8336903380303228
scaffold,knn_k3__ecfp_1024,k-Nearest Neighbors (k=3),ECFP4 (1024-bit),valid,AUROC,0.8095333173919975,0.0622474712140755,0.7322428734062546,0.8868237613777404
scaffold,knn_k3__ecfp_1024,k-Nearest Neighbors (k=3),ECFP4 (1024-bit),valid,AUPRC,0.6173656862432574,0.0808355425952494,0.5169951032274691,0.7177362692590457
scaffold,knn_k3__ecfp_1024,k-Nearest Neighbors (k=3),ECFP4 (1024-bit),valid,Accuracy,0.8269774011299434,0.0360722960144692,0.7821877298362278,0.8717670724236591
scaffold,knn_k3__ecfp_1024,k-Nearest Neighbors (k=3),ECFP4 (1024-bit),valid,F1,0.5930962110682898,0.0755735696274401,0.4992592304461517,0.6869331916904279
scaffold,knn_k3__ecfp_1024,k-Nearest Neighbors (k=3),ECFP4 (1024-bit),valid,MCC,0.4937449335559335,0.0915712048463944,0.3800442652260232,0.6074456018858437
scaffold,knn_k3__ecfp_1024,k-Nearest Neighbors (k=3),ECFP4 (1024-bit),test,AUROC,0.9295652173913044,0.0150571270913307,0.9108693247656204,0.9482611100169884
scaffold,knn_k3__ecfp_1024,k-Nearest Neighbors (k=3),ECFP4 (1024-bit),test,AUPRC,0.867056617783558,0.0508226531817971,0.8039519590345244,0.9301612765325916
scaffold,knn_k3__ecfp_1024,k-Nearest Neighbors (k=3),ECFP4 (1024-bit),test,Accuracy,0.920408163265306,0.0111780113776564,0.906528828966158,0.9342874975644542
scaffold,knn_k3__ecfp_1024,k-Nearest Neighbors (k=3),ECFP4 (1024-bit),test,F1,0.8296863173828946,0.0234360851555768,0.8005865741863771,0.858786060579412
scaffold,knn_k3__ecfp_1024,k-Nearest Neighbors (k=3),ECFP4 (1024-bit),test,MCC,0.7781033839300495,0.0304498485959876,0.7402949031776562,0.8159118646824428
scaffold,logreg_l1_c1__ecfp_1024,"Logistic Regression (L1, C=1)",ECFP4 (1024-bit),valid,AUROC,0.802982358254955,0.0373624269649813,0.7565907778070201,0.8493739387028899
scaffold,logreg_l1_c1__ecfp_1024,"Logistic Regression (L1, C=1)",ECFP4 (1024-bit),valid,AUPRC,0.6326308738372215,0.0480545677155102,0.5729632471556274,0.6922985005188156
scaffold,logreg_l1_c1__ecfp_1024,"Logistic Regression (L1, C=1)",ECFP4 (1024-bit),valid,Accuracy,0.7760721623009759,0.0479556923217834,0.7165273056360806,0.8356170189658712
scaffold,logreg_l1_c1__ecfp_1024,"Logistic Regression (L1, C=1)",ECFP4 (1024-bit),valid,F1,0.5623122123738289,0.0713427844911325,0.4737284453395795,0.6508959794080782
scaffold,logreg_l1_c1__ecfp_1024,"Logistic Regression (L1, C=1)",ECFP4 (1024-bit),valid,MCC,0.4180426591814886,0.101043123081895,0.2925810509846275,0.5435042673783498
scaffold,logreg_l1_c1__ecfp_1024,"Logistic Regression (L1, C=1)",ECFP4 (1024-bit),test,AUROC,0.9376811594202898,0.0163710391263106,0.9173538295239648,0.958008489316615
scaffold,logreg_l1_c1__ecfp_1024,"Logistic Regression (L1, C=1)",ECFP4 (1024-bit),test,AUPRC,0.86042481361978,0.0133539275935213,0.8438437224922847,0.8770059047472752
scaffold,logreg_l1_c1__ecfp_1024,"Logistic Regression (L1, C=1)",ECFP4 (1024-bit),test,Accuracy,0.9224489795918368,0.0091268080714277,0.9111165505910294,0.9337814085926442
scaffold,logreg_l1_c1__ecfp_1024,"Logistic Regression (L1, C=1)",ECFP4 (1024-bit),test,F1,0.8297664422553093,0.025224186544941,0.7984464779384801,0.8610864065721384
scaffold,logreg_l1_c1__ecfp_1024,"Logistic Regression (L1, C=1)",ECFP4 (1024-bit),test,MCC,0.7807012575134771,0.0293813459646977,0.7442194980103424,0.8171830170166118
scaffold,logreg_l2_c1__ecfp_1024_rdkit2d_normalized_200,"Logistic Regression (L2, C=1)",ECFP4 (1024-bit) + RDKit2D (200-d),valid,AUROC,0.8133313406663479,0.0306352355476908,0.7752926716102879,0.851370009722408
scaffold,logreg_l2_c1__ecfp_1024_rdkit2d_normalized_200,"Logistic Regression (L2, C=1)",ECFP4 (1024-bit) + RDKit2D (200-d),valid,AUPRC,0.6476212821307958,0.0572553753999378,0.5765293437930514,0.7187132204685402
scaffold,logreg_l2_c1__ecfp_1024_rdkit2d_normalized_200,"Logistic Regression (L2, C=1)",ECFP4 (1024-bit) + RDKit2D (200-d),valid,Accuracy,0.8077170005136107,0.0288992311483543,0.7718338656209303,0.8436001354062912
scaffold,logreg_l2_c1__ecfp_1024_rdkit2d_normalized_200,"Logistic Regression (L2, C=1)",ECFP4 (1024-bit) + RDKit2D (200-d),valid,F1,0.6045514022661262,0.0316096627764013,0.565302822001307,0.6437999825309455
scaffold,logreg_l2_c1__ecfp_1024_rdkit2d_normalized_200,"Logistic Regression (L2, C=1)",ECFP4 (1024-bit) + RDKit2D (200-d),valid,MCC,0.4850341936004455,0.042308662202016,0.4325010509320377,0.5375673362688533
scaffold,logreg_l2_c1__ecfp_1024_rdkit2d_normalized_200,"Logistic Regression (L2, C=1)",ECFP4 (1024-bit) + RDKit2D (200-d),test,AUROC,0.9388405797101448,0.0118592884321615,0.9241153282196156,0.9535658312006744
scaffold,logreg_l2_c1__ecfp_1024_rdkit2d_normalized_200,"Logistic Regression (L2, C=1)",ECFP4 (1024-bit) + RDKit2D (200-d),test,AUPRC,0.8114481907929625,0.0405345759179656,0.7611178671931672,0.8617785143927578
scaffold,logreg_l2_c1__ecfp_1024_rdkit2d_normalized_200,"Logistic Regression (L2, C=1)",ECFP4 (1024-bit) + RDKit2D (200-d),test,Accuracy,0.9102040816326532,0.0221219218251824,0.8827360877312459,0.9376720755340604
scaffold,logreg_l2_c1__ecfp_1024_rdkit2d_normalized_200,"Logistic Regression (L2, C=1)",ECFP4 (1024-bit) + RDKit2D (200-d),test,F1,0.8014980293964008,0.0486511975171669,0.7410895889698341,0.8619064698229675
scaffold,logreg_l2_c1__ecfp_1024_rdkit2d_normalized_200,"Logistic Regression (L2, C=1)",ECFP4 (1024-bit) + RDKit2D (200-d),test,MCC,0.7456708602728099,0.0625565921111199,0.6679965919981146,0.8233451285475053
scaffold,logreg_l2_c0_1__ecfp_1024,"Logistic Regression (L2, C=0.1)",ECFP4 (1024-bit),valid,AUROC,0.8133781019182742,0.0322318434161318,0.7733569823527222,0.8533992214838262
scaffold,logreg_l2_c0_1__ecfp_1024,"Logistic Regression (L2, C=0.1)",ECFP4 (1024-bit),valid,AUPRC,0.6449955783697476,0.0537965017803276,0.57819839887981,0.7117927578596853
scaffold,logreg_l2_c0_1__ecfp_1024,"Logistic Regression (L2, C=0.1)",ECFP4 (1024-bit),valid,Accuracy,0.7998394966615305,0.0428654604641941,0.7466149976367137,0.8530639956863474
scaffold,logreg_l2_c0_1__ecfp_1024,"Logistic Regression (L2, C=0.1)",ECFP4 (1024-bit),valid,F1,0.5777047840903263,0.0741290730064941,0.485661382917944,0.6697481852627087
scaffold,logreg_l2_c0_1__ecfp_1024,"Logistic Regression (L2, C=0.1)",ECFP4 (1024-bit),valid,MCC,0.4517134127128551,0.0975632950287832,0.3305725817294825,0.5728542436962277
scaffold,logreg_l2_c0_1__ecfp_1024,"Logistic Regression (L2, C=0.1)",ECFP4 (1024-bit),test,AUROC,0.9364057971014492,0.0086219095385869,0.9257002824316162,0.9471113117712824
scaffold,logreg_l2_c0_1__ecfp_1024,"Logistic Regression (L2, C=0.1)",ECFP4 (1024-bit),test,AUPRC,0.837750903496399,0.0309619291475533,0.7993065907589463,0.8761952162338518
scaffold,logreg_l2_c0_1__ecfp_1024,"Logistic Regression (L2, C=0.1)",ECFP4 (1024-bit),test,Accuracy,0.9142857142857144,0.0116344431132565,0.8998396451328339,0.9287317834385946
scaffold,logreg_l2_c0_1__ecfp_1024,"Logistic Regression (L2, C=0.1)",ECFP4 (1024-bit),test,F1,0.8158188265635073,0.0228415181880813,0.7874573357650502,0.8441803173619645
scaffold,logreg_l2_c0_1__ecfp_1024,"Logistic Regression (L2, C=0.1)",ECFP4 (1024-bit),test,MCC,0.760908754623917,0.0301607802134066,0.7234591996751935,0.7983583095726406
scaffold,knn_k3__ecfp_1024_rdkit2d_normalized_200,k-Nearest Neighbors (k=3),ECFP4 (1024-bit) + RDKit2D (200-d),valid,AUROC,0.8056388490355492,0.0705518974910626,0.7180370979159341,0.8932406001551643
scaffold,knn_k3__ecfp_1024_rdkit2d_normalized_200,k-Nearest Neighbors (k=3),ECFP4 (1024-bit) + RDKit2D (200-d),valid,AUPRC,0.6204493232794019,0.0988167512915972,0.49775212078117,0.7431465257776338
scaffold,knn_k3__ecfp_1024_rdkit2d_normalized_200,k-Nearest Neighbors (k=3),ECFP4 (1024-bit) + RDKit2D (200-d),valid,Accuracy,0.8348934257832562,0.0328042093125899,0.7941616200902726,0.8756252314762398
scaffold,knn_k3__ecfp_1024_rdkit2d_normalized_200,k-Nearest Neighbors (k=3),ECFP4 (1024-bit) + RDKit2D (200-d),valid,F1,0.6119463141228736,0.0757001532474756,0.5179521591769751,0.7059404690687721
scaffold,knn_k3__ecfp_1024_rdkit2d_normalized_200,k-Nearest Neighbors (k=3),ECFP4 (1024-bit) + RDKit2D (200-d),valid,MCC,0.5163286195628729,0.0919415105800106,0.402168155935203,0.6304890831905429
scaffold,knn_k3__ecfp_1024_rdkit2d_normalized_200,k-Nearest Neighbors (k=3),ECFP4 (1024-bit) + RDKit2D (200-d),test,AUROC,0.92,0.0117274946806631,0.9054383920658944,0.9345616079341056
scaffold,knn_k3__ecfp_1024_rdkit2d_normalized_200,k-Nearest Neighbors (k=3),ECFP4 (1024-bit) + RDKit2D (200-d),test,AUPRC,0.8482471907154716,0.0405737728458701,0.7978681977014571,0.8986261837294861
scaffold,knn_k3__ecfp_1024_rdkit2d_normalized_200,k-Nearest Neighbors (k=3),ECFP4 (1024-bit) + RDKit2D (200-d),test,Accuracy,0.9224489795918368,0.0091268080714277,0.9111165505910296,0.933781408592644
scaffold,knn_k3__ecfp_1024_rdkit2d_normalized_200,k-Nearest Neighbors (k=3),ECFP4 (1024-bit) + RDKit2D (200-d),test,F1,0.833201581027668,0.0206140787516288,0.8076058215856331,0.8587973404697028
scaffold,knn_k3__ecfp_1024_rdkit2d_normalized_200,k-Nearest Neighbors (k=3),ECFP4 (1024-bit) + RDKit2D (200-d),test,MCC,0.7829667030760156,0.026167924001518,0.7504749339355984,0.8154584722164328
scaffold,knn_k3__ecfp_2048,k-Nearest Neighbors (k=3),ECFP4 (2048-bit),valid,AUROC,0.8071636378128488,0.0777185461303304,0.7106633170900789,0.9036639585356188
scaffold,knn_k3__ecfp_2048,k-Nearest Neighbors (k=3),ECFP4 (2048-bit),valid,AUPRC,0.6237430237813222,0.1249724815785537,0.4685691926390486,0.7789168549235957
scaffold,knn_k3__ecfp_2048,k-Nearest Neighbors (k=3),ECFP4 (2048-bit),valid,Accuracy,0.8405816640986131,0.0505764758991742,0.777782674818588,0.9033806533786384
scaffold,knn_k3__ecfp_2048,k-Nearest Neighbors (k=3),ECFP4 (2048-bit),valid,F1,0.6128813883815926,0.1094687159220444,0.4769580248915946,0.7488047518715906
scaffold,knn_k3__ecfp_2048,k-Nearest Neighbors (k=3),ECFP4 (2048-bit),valid,MCC,0.530335790089767,0.1367856136993817,0.3604940180870367,0.7001775620924972
scaffold,knn_k3__ecfp_2048,k-Nearest Neighbors (k=3),ECFP4 (2048-bit),test,AUROC,0.9246376811594204,0.0134462765272385,0.9079419236856558,0.9413334386331847
scaffold,knn_k3__ecfp_2048,k-Nearest Neighbors (k=3),ECFP4 (2048-bit),test,AUPRC,0.8151141540011434,0.0307238246846277,0.776965487003117,0.8532628209991698
scaffold,knn_k3__ecfp_2048,k-Nearest Neighbors (k=3),ECFP4 (2048-bit),test,Accuracy,0.920408163265306,0.0045634040357138,0.9147419487649024,0.9260743777657098
scaffold,knn_k3__ecfp_2048,k-Nearest Neighbors (k=3),ECFP4 (2048-bit),test,F1,0.8281774264382961,0.0097164583651324,0.8161128498962652,0.8402420029803269
scaffold,knn_k3__ecfp_2048,k-Nearest Neighbors (k=3),ECFP4 (2048-bit),test,MCC,0.7767433941357946,0.0123861107910437,0.7613640062887924,0.7921227819827968
scaffold,knn_k3__ecfp_2048_rdkit2d_normalized_200,k-Nearest Neighbors (k=3),ECFP4 (2048-bit) + RDKit2D (200-d),valid,AUROC,0.8024349062118071,0.0789909556063064,0.7043546804517444,0.9005151319718698
scaffold,knn_k3__ecfp_2048_rdkit2d_normalized_200,k-Nearest Neighbors (k=3),ECFP4 (2048-bit) + RDKit2D (200-d),valid,AUPRC,0.6159734109510564,0.1320882737628409,0.4519641568348537,0.7799826650672591
scaffold,knn_k3__ecfp_2048_rdkit2d_normalized_200,k-Nearest Neighbors (k=3),ECFP4 (2048-bit) + RDKit2D (200-d),valid,Accuracy,0.8394581407293271,0.0521577986597498,0.7746956799079551,0.9042206015506992
scaffold,knn_k3__ecfp_2048_rdkit2d_normalized_200,k-Nearest Neighbors (k=3),ECFP4 (2048-bit) + RDKit2D (200-d),valid,F1,0.6200839232168652,0.1120295079167547,0.480980916500147,0.7591869299335834
scaffold,knn_k3__ecfp_2048_rdkit2d_normalized_200,k-Nearest Neighbors (k=3),ECFP4 (2048-bit) + RDKit2D (200-d),valid,MCC,0.5306848127931479,0.1416758170636729,0.3547710513290824,0.7065985742572134
scaffold,knn_k3__ecfp_2048_rdkit2d_normalized_200,k-Nearest Neighbors (k=3),ECFP4 (2048-bit) + RDKit2D (200-d),test,AUROC,0.9241159420289856,0.0127229539013405,0.9083183082188848,0.9399135758390864
scaffold,knn_k3__ecfp_2048_rdkit2d_normalized_200,k-Nearest Neighbors (k=3),ECFP4 (2048-bit) + RDKit2D (200-d),test,AUPRC,0.8160099051303362,0.0311112574433077,0.7773801768241321,0.8546396334365404
scaffold,knn_k3__ecfp_2048_rdkit2d_normalized_200,k-Nearest Neighbors (k=3),ECFP4 (2048-bit) + RDKit2D (200-d),test,Accuracy,0.9224489795918368,0.0091268080714277,0.9111165505910296,0.933781408592644
scaffold,knn_k3__ecfp_2048_rdkit2d_normalized_200,k-Nearest Neighbors (k=3),ECFP4 (2048-bit) + RDKit2D (200-d),test,F1,0.8347826086956521,0.0194440693695633,0.8106396077808887,0.8589256096104155
scaffold,knn_k3__ecfp_2048_rdkit2d_normalized_200,k-Nearest Neighbors (k=3),ECFP4 (2048-bit) + RDKit2D (200-d),test,MCC,0.7841159420289856,0.0254069173095628,0.7525690875003613,0.8156627965576099
scaffold,knn_k5__rdkit2d_normalized_200,k-Nearest Neighbors (k=5),RDKit2D (200-d),valid,AUROC,0.8225329454274934,0.0563261090213682,0.7525948436967601,0.8924710471582268
scaffold,knn_k5__rdkit2d_normalized_200,k-Nearest Neighbors (k=5),RDKit2D (200-d),valid,AUPRC,0.6215724418220304,0.1269485429175045,0.4639450064569393,0.7791998771871216
scaffold,knn_k5__rdkit2d_normalized_200,k-Nearest Neighbors (k=5),RDKit2D (200-d),valid,Accuracy,0.8156972265023112,0.0436047818093205,0.7615547387801475,0.869839714224475
scaffold,knn_k5__rdkit2d_normalized_200,k-Nearest Neighbors (k=5),RDKit2D (200-d),valid,F1,0.5485279348870573,0.1243879940733544,0.3940798408373896,0.702976028936725
scaffold,knn_k5__rdkit2d_normalized_200,k-Nearest Neighbors (k=5),RDKit2D (200-d),valid,MCC,0.4456489468871588,0.1447532553174083,0.2659140411367349,0.6253838526375828
scaffold,knn_k5__rdkit2d_normalized_200,k-Nearest Neighbors (k=5),RDKit2D (200-d),test,AUROC,0.9162898550724636,0.0120462596415052,0.9013324481625916,0.931247261982336
scaffold,knn_k5__rdkit2d_normalized_200,k-Nearest Neighbors (k=5),RDKit2D (200-d),test,AUPRC,0.8415483933638388,0.0320738528953354,0.8017234449400172,0.8813733417876604
scaffold,knn_k5__rdkit2d_normalized_200,k-Nearest Neighbors (k=5),RDKit2D (200-d),test,Accuracy,0.9122448979591836,0.0055890056888282,0.9053052308096096,0.9191845651087578
scaffold,knn_k5__rdkit2d_normalized_200,k-Nearest Neighbors (k=5),RDKit2D (200-d),test,F1,0.8104347826086957,0.0142884145436129,0.7926933726784804,0.8281761925389111
scaffold,knn_k5__rdkit2d_normalized_200,k-Nearest Neighbors (k=5),RDKit2D (200-d),test,MCC,0.7535476573480484,0.0175325678823957,0.731778099012414,0.7753172156836828
scaffold,logreg_l2_c1__ecfp_1024,"Logistic Regression (L2, C=1)",ECFP4 (1024-bit),valid,AUROC,0.8076756203836549,0.0263779719543703,0.7749230422622846,0.8404281985050253
scaffold,logreg_l2_c1__ecfp_1024,"Logistic Regression (L2, C=1)",ECFP4 (1024-bit),valid,AUPRC,0.6372232116241556,0.050396168529723,0.5746481035133889,0.6997983197349223
scaffold,logreg_l2_c1__ecfp_1024,"Logistic Regression (L2, C=1)",ECFP4 (1024-bit),valid,Accuracy,0.795294042116076,0.0329975659141117,0.7543221524921677,0.8362659317399843
scaffold,logreg_l2_c1__ecfp_1024,"Logistic Regression (L2, C=1)",ECFP4 (1024-bit),valid,F1,0.5732404029423688,0.0588319412416484,0.5001908995581745,0.646289906326563
scaffold,logreg_l2_c1__ecfp_1024,"Logistic Regression (L2, C=1)",ECFP4 (1024-bit),valid,MCC,0.443850993455971,0.0764165813972989,0.3489672754691373,0.5387347114428047
scaffold,logreg_l2_c1__ecfp_1024,"Logistic Regression (L2, C=1)",ECFP4 (1024-bit),test,AUROC,0.9288695652173914,0.009867000454171,0.916618065983187,0.9411210644515958
scaffold,logreg_l2_c1__ecfp_1024,"Logistic Regression (L2, C=1)",ECFP4 (1024-bit),test,AUPRC,0.8204465853494055,0.0310067260973369,0.7819466498521771,0.8589465208466339
scaffold,logreg_l2_c1__ecfp_1024,"Logistic Regression (L2, C=1)",ECFP4 (1024-bit),test,Accuracy,0.9122448979591836,0.0136902121071416,0.8952462544579727,0.9292435414603948
scaffold,logreg_l2_c1__ecfp_1024,"Logistic Regression (L2, C=1)",ECFP4 (1024-bit),test,F1,0.804411900156581,0.0366278454212101,0.7589324231652917,0.8498913771478703
scaffold,logreg_l2_c1__ecfp_1024,"Logistic Regression (L2, C=1)",ECFP4 (1024-bit),test,MCC,0.7499290934725664,0.0432956418566506,0.6961704537000393,0.8036877332450936
scaffold,logreg_l2_c0_1__rdkit2d_normalized_200,"Logistic Regression (L2, C=0.1)",RDKit2D (200-d),valid,AUROC,0.7638871619108348,0.0611618202395791,0.6879447316547389,0.8398295921669308
scaffold,logreg_l2_c0_1__rdkit2d_normalized_200,"Logistic Regression (L2, C=0.1)",RDKit2D (200-d),valid,AUPRC,0.5013445743508382,0.0966965976429891,0.3812798903087434,0.621409258392933
scaffold,logreg_l2_c0_1__rdkit2d_normalized_200,"Logistic Regression (L2, C=0.1)",RDKit2D (200-d),valid,Accuracy,0.7274332306111967,0.0625795168650767,0.6497304974948455,0.8051359637275479
scaffold,logreg_l2_c0_1__rdkit2d_normalized_200,"Logistic Regression (L2, C=0.1)",RDKit2D (200-d),valid,F1,0.5199605176533885,0.0840865440977969,0.4155532831137805,0.6243677521929965
scaffold,logreg_l2_c0_1__rdkit2d_normalized_200,"Logistic Regression (L2, C=0.1)",RDKit2D (200-d),valid,MCC,0.3490529756598862,0.1247947646591011,0.1940998092183685,0.5040061421014039
scaffold,logreg_l2_c0_1__rdkit2d_normalized_200,"Logistic Regression (L2, C=0.1)",RDKit2D (200-d),test,AUROC,0.9650434782608694,0.0094849508810384,0.953266356227153,0.976820600294586
scaffold,logreg_l2_c0_1__rdkit2d_normalized_200,"Logistic Regression (L2, C=0.1)",RDKit2D (200-d),test,AUPRC,0.884772786078601,0.0283916122051092,0.8495199433525541,0.920025628804648
scaffold,logreg_l2_c0_1__rdkit2d_normalized_200,"Logistic Regression (L2, C=0.1)",RDKit2D (200-d),test,Accuracy,0.8938775510204081,0.0055890056888282,0.886937883870834,0.9008172181699822
scaffold,logreg_l2_c0_1__rdkit2d_normalized_200,"Logistic Regression (L2, C=0.1)",RDKit2D (200-d),test,F1,0.8030210181153578,0.0100760697362457,0.7905099250804709,0.8155321111502446
scaffold,logreg_l2_c0_1__rdkit2d_normalized_200,"Logistic Regression (L2, C=0.1)",RDKit2D (200-d),test,MCC,0.7436505410672936,0.0142775798878702,0.725922584139047,0.7613784979955401
scaffold,knn_k3__rdkit2d_normalized_200,k-Nearest Neighbors (k=3),RDKit2D (200-d),valid,AUROC,0.8035288803868431,0.0468676843980036,0.7453349639906657,0.8617227967830206
scaffold,knn_k3__rdkit2d_normalized_200,k-Nearest Neighbors (k=3),RDKit2D (200-d),valid,AUPRC,0.5886579698847004,0.1103505777689901,0.4516396302879604,0.7256763094814405
scaffold,knn_k3__rdkit2d_normalized_200,k-Nearest Neighbors (k=3),RDKit2D (200-d),valid,Accuracy,0.833776322547509,0.0333002647424871,0.7924285826861085,0.8751240624089095
scaffold,knn_k3__rdkit2d_normalized_200,k-Nearest Neighbors (k=3),RDKit2D (200-d),valid,F1,0.603985347985348,0.1019257160287455,0.4774278559013141,0.7305428400693819
scaffold,knn_k3__rdkit2d_normalized_200,k-Nearest Neighbors (k=3),RDKit2D (200-d),valid,MCC,0.5098242310360142,0.1120014079053348,0.3707561150918251,0.6488923469802031
scaffold,knn_k3__rdkit2d_normalized_200,k-Nearest Neighbors (k=3),RDKit2D (200-d),test,AUROC,0.9045797101449274,0.0048476040329551,0.8985606147396596,0.9105988055501952
scaffold,knn_k3__rdkit2d_normalized_200,k-Nearest Neighbors (k=3),RDKit2D (200-d),test,AUPRC,0.7868144722695025,0.0361036234167293,0.7419859028682433,0.8316430416707618
scaffold,knn_k3__rdkit2d_normalized_200,k-Nearest Neighbors (k=3),RDKit2D (200-d),test,Accuracy,0.9081632653061223,0.00721537531823,0.8992041935399481,0.9171223370722966
scaffold,knn_k3__rdkit2d_normalized_200,k-Nearest Neighbors (k=3),RDKit2D (200-d),test,F1,0.8012121212121212,0.0214916645169662,0.7745266951199309,0.8278975473043114
scaffold,knn_k3__rdkit2d_normalized_200,k-Nearest Neighbors (k=3),RDKit2D (200-d),test,MCC,0.7422303507056579,0.0256295144841621,0.7104071052792318,0.774053596132084
scaffold,logreg_l1_c1__rdkit2d_normalized_200,"Logistic Regression (L1, C=1)",RDKit2D (200-d),valid,AUROC,0.7494405919549392,0.0689488354639499,0.6638293052412775,0.8350518786686009
scaffold,logreg_l1_c1__rdkit2d_normalized_200,"Logistic Regression (L1, C=1)",RDKit2D (200-d),valid,AUPRC,0.4470804888278893,0.1009513113114338,0.3217328800010212,0.5724280976547573
scaffold,logreg_l1_c1__rdkit2d_normalized_200,"Logistic Regression (L1, C=1)",RDKit2D (200-d),valid,Accuracy,0.7285567539804828,0.0558154461520803,0.6592527239497636,0.797860784011202
scaffold,logreg_l1_c1__rdkit2d_normalized_200,"Logistic Regression (L1, C=1)",RDKit2D (200-d),valid,F1,0.516839670155892,0.0772018745659576,0.4209808819134993,0.6126984583982847
scaffold,logreg_l1_c1__rdkit2d_normalized_200,"Logistic Regression (L1, C=1)",RDKit2D (200-d),valid,MCC,0.3452255251022484,0.1121314058425492,0.2059959953995796,0.4844550548049173
scaffold,logreg_l1_c1__rdkit2d_normalized_200,"Logistic Regression (L1, C=1)",RDKit2D (200-d),test,AUROC,0.94,0.0136139345690635,0.923096067571692,0.956903932428308
scaffold,logreg_l1_c1__rdkit2d_normalized_200,"Logistic Regression (L1, C=1)",RDKit2D (200-d),test,AUPRC,0.8064520798705805,0.0408244685170621,0.7557618070671414,0.8571423526740197
scaffold,logreg_l1_c1__rdkit2d_normalized_200,"Logistic Regression (L1, C=1)",RDKit2D (200-d),test,Accuracy,0.8795918367346939,0.0111780113776564,0.8657125024355458,0.893471171033842
scaffold,logreg_l1_c1__rdkit2d_normalized_200,"Logistic Regression (L1, C=1)",RDKit2D (200-d),test,F1,0.7683606959078657,0.0214384924968072,0.7417412915988185,0.7949801002169129
scaffold,logreg_l1_c1__rdkit2d_normalized_200,"Logistic Regression (L1, C=1)",RDKit2D (200-d),test,MCC,0.6955026220905363,0.0293571294891562,0.6590509313132449,0.7319543128678276
scaffold,logreg_l1_c0_1__rdkit2d_normalized_200,"Logistic Regression (L1, C=0.1)",RDKit2D (200-d),valid,AUROC,0.7568166480684415,0.0507381419586734,0.6938169238626047,0.8198163722742783
scaffold,logreg_l1_c0_1__rdkit2d_normalized_200,"Logistic Regression (L1, C=0.1)",RDKit2D (200-d),valid,AUPRC,0.498727406343319,0.0735472059656952,0.407406488527238,0.5900483241594001
scaffold,logreg_l1_c0_1__rdkit2d_normalized_200,"Logistic Regression (L1, C=0.1)",RDKit2D (200-d),valid,Accuracy,0.7059514637904469,0.0471775443631804,0.6473728054310247,0.7645301221498692
scaffold,logreg_l1_c0_1__rdkit2d_normalized_200,"Logistic Regression (L1, C=0.1)",RDKit2D (200-d),valid,F1,0.5036596894455674,0.0732969847924708,0.4126494622518673,0.5946699166392675
scaffold,logreg_l1_c0_1__rdkit2d_normalized_200,"Logistic Regression (L1, C=0.1)",RDKit2D (200-d),valid,MCC,0.3249121510321975,0.1091270264057316,0.1894130511131687,0.4604112509512263
scaffold,logreg_l1_c0_1__rdkit2d_normalized_200,"Logistic Regression (L1, C=0.1)",RDKit2D (200-d),test,AUROC,0.9584347826086956,0.0112589202423747,0.9444549866850912,0.9724145785323
scaffold,logreg_l1_c0_1__rdkit2d_normalized_200,"Logistic Regression (L1, C=0.1)",RDKit2D (200-d),test,AUPRC,0.8855223271162863,0.0273267583537637,0.8515916750808039,0.9194529791517688
scaffold,logreg_l1_c0_1__rdkit2d_normalized_200,"Logistic Regression (L1, C=0.1)",RDKit2D (200-d),test,Accuracy,0.8591836734693878,0.023268886226513,0.8302915351636272,0.8880758117751485
scaffold,logreg_l1_c0_1__rdkit2d_normalized_200,"Logistic Regression (L1, C=0.1)",RDKit2D (200-d),test,F1,0.7559927596769702,0.0410323866945134,0.7050443223580176,0.8069411969959228
scaffold,logreg_l1_c0_1__rdkit2d_normalized_200,"Logistic Regression (L1, C=0.1)",RDKit2D (200-d),test,MCC,0.6860026024685504,0.059654208372756,0.6119321195907536,0.7600730853463472
scaffold,logreg_l2_c1__rdkit2d_normalized_200,"Logistic Regression (L2, C=1)",RDKit2D (200-d),valid,AUROC,0.7445038259206122,0.0668143684621135,0.6615428300384847,0.8274648218027396
scaffold,logreg_l2_c1__rdkit2d_normalized_200,"Logistic Regression (L2, C=1)",RDKit2D (200-d),valid,AUPRC,0.4431590622172846,0.1035894327406813,0.3145357929888301,0.5717823314457391
scaffold,logreg_l2_c1__rdkit2d_normalized_200,"Logistic Regression (L2, C=1)",RDKit2D (200-d),valid,Accuracy,0.7285888546481767,0.073493095868762,0.6373351233913969,0.8198425859049565
scaffold,logreg_l2_c1__rdkit2d_normalized_200,"Logistic Regression (L2, C=1)",RDKit2D (200-d),valid,F1,0.509566218571073,0.1012948231236366,0.3837920834940349,0.635340353648111
scaffold,logreg_l2_c1__rdkit2d_normalized_200,"Logistic Regression (L2, C=1)",RDKit2D (200-d),valid,MCC,0.335216177358096,0.1481336928573687,0.1512839040161268,0.5191484507000653
scaffold,logreg_l2_c1__rdkit2d_normalized_200,"Logistic Regression (L2, C=1)",RDKit2D (200-d),test,AUROC,0.9311884057971014,0.0130105865478401,0.915033628885134,0.9473431827090688
scaffold,logreg_l2_c1__rdkit2d_normalized_200,"Logistic Regression (L2, C=1)",RDKit2D (200-d),test,AUPRC,0.771479426895685,0.0487973744517062,0.7108894838321332,0.8320693699592369
scaffold,logreg_l2_c1__rdkit2d_normalized_200,"Logistic Regression (L2, C=1)",RDKit2D (200-d),test,Accuracy,0.8693877551020408,0.0085373472095313,0.8587872384318003,0.8799882717722813
scaffold,logreg_l2_c1__rdkit2d_normalized_200,"Logistic Regression (L2, C=1)",RDKit2D (200-d),test,F1,0.7498045371994951,0.0125293461584124,0.7342472991535617,0.7653617752454286
scaffold,logreg_l2_c1__rdkit2d_normalized_200,"Logistic Regression (L2, C=1)",RDKit2D (200-d),test,MCC,0.6705304479003525,0.0173559991319838,0.6489801286253123,0.6920807671753928
scaffold,chemprop_default,Chemprop,Graph,valid,AUROC,0.6373061799245443,0.0846441574827424,0.5322065769199331,0.7424057829291555
scaffold,chemprop_default,Chemprop,Graph,valid,AUPRC,0.3782746129340796,0.0457247212139215,0.3214998727748492,0.43504935309331
scaffold,chemprop_default,Chemprop,Graph,valid,Accuracy,0.7680983564458141,0.0005885900557106,0.7673675253639375,0.7688291875276908
scaffold,chemprop_default,Chemprop,Graph,valid,F1,0.0,0.0,0.0,0.0
scaffold,chemprop_default,Chemprop,Graph,valid,MCC,0.0,0.0,0.0,0.0
scaffold,chemprop_default,Chemprop,Graph,test,AUROC,0.7062028985507247,0.0057006468493632,0.6991246105913966,0.7132811865100528
scaffold,chemprop_default,Chemprop,Graph,test,AUPRC,0.4627950670559543,0.01229061775256,0.4475342494769164,0.4780558846349922
scaffold,chemprop_default,Chemprop,Graph,test,Accuracy,0.7653061224489796,0.0,0.7653061224489796,0.7653061224489796
scaffold,chemprop_default,Chemprop,Graph,test,F1,0.0,0.0,0.0,0.0
scaffold,chemprop_default,Chemprop,Graph,test,MCC,0.0,0.0,0.0,0.0
random,rf__ecfp_2048,Random Forest,ECFP4 (2048-bit),valid,AUROC,0.913011584037409,0.0256012541849687,0.8812234284070698,0.9447997396677482
random,rf__ecfp_2048,Random Forest,ECFP4 (2048-bit),valid,AUPRC,0.8002289484597798,0.053750622187798,0.7334887360081384,0.8669691609114212
random,rf__ecfp_2048,Random Forest,ECFP4 (2048-bit),valid,Accuracy,0.8755778120184899,0.0198858389817262,0.8508862816808035,0.9002693423561764
random,rf__ecfp_2048,Random Forest,ECFP4 (2048-bit),valid,F1,0.6954545454545455,0.04989869987906,0.6334971262575421,0.757411964651549
random,rf__ecfp_2048,Random Forest,ECFP4 (2048-bit),valid,MCC,0.6305162125501795,0.0591152416732225,0.5571149452194242,0.7039174798809349
random,rf__ecfp_2048,Random Forest,ECFP4 (2048-bit),test,AUROC,0.9537971014492754,0.0071106122488323,0.9449681102147136,0.9626260926838373
random,rf__ecfp_2048,Random Forest,ECFP4 (2048-bit),test,AUPRC,0.8966769196784712,0.0137713510283589,0.8795775288999315,0.9137763104570108
random,rf__ecfp_2048,Random Forest,ECFP4 (2048-bit),test,Accuracy,0.9081632653061223,0.00721537531823,0.899204193539948,0.9171223370722968
random,rf__ecfp_2048,Random Forest,ECFP4 (2048-bit),test,F1,0.7964371725342403,0.0136256541494905,0.7795186883248421,0.8133556567436385
random,rf__ecfp_2048,Random Forest,ECFP4 (2048-bit),test,MCC,0.7388084438017424,0.0183589984939029,0.7160127363287859,0.7616041512746988
random,rf__ecfp_1024,Random Forest,ECFP4 (1024-bit),valid,AUROC,0.9132253307827196,0.0228940706897598,0.8847985874349126,0.9416520741305264
random,rf__ecfp_1024,Random Forest,ECFP4 (1024-bit),valid,AUPRC,0.7964071951206357,0.0575191007004396,0.7249877985718427,0.8678265916694288
random,rf__ecfp_1024,Random Forest,ECFP4 (1024-bit),valid,Accuracy,0.8767205957883923,0.0199809780270576,0.8519109347232943,0.9015302568534904
random,rf__ecfp_1024,Random Forest,ECFP4 (1024-bit),valid,F1,0.6992072767415233,0.0479548521451425,0.639663463293715,0.7587510901893315
random,rf__ecfp_1024,Random Forest,ECFP4 (1024-bit),valid,MCC,0.6354118456741944,0.0581916430331783,0.5631573775235719,0.7076663138248169
random,rf__ecfp_1024,Random Forest,ECFP4 (1024-bit),test,AUROC,0.9545507246376812,0.007189340752662,0.9456239790542814,0.9634774702210808
random,rf__ecfp_1024,Random Forest,ECFP4 (1024-bit),test,AUPRC,0.8974180061262385,0.0144475292536228,0.8794790291890192,0.9153569830634576
random,rf__ecfp_1024,Random Forest,ECFP4 (1024-bit),test,Accuracy,0.9061224489795918,0.0111780113776564,0.8922431146804437,0.92000178327874
random,rf__ecfp_1024,Random Forest,ECFP4 (1024-bit),test,F1,0.7887526427061311,0.0273236491357015,0.7548258512747791,0.8226794341374831
random,rf__ecfp_1024,Random Forest,ECFP4 (1024-bit),test,MCC,0.7307068358718202,0.0335912176016329,0.6889978303200439,0.7724158414235964
random,tabpfn__ecfp_2048_rdkit2d_normalized_200,TabPFN,ECFP4 (2048-bit) + RDKit2D (200-d),valid,AUROC,0.9183779690738084,0.0233937342854434,0.8893308114280281,0.9474251267195886
random,tabpfn__ecfp_2048_rdkit2d_normalized_200,TabPFN,ECFP4 (2048-bit) + RDKit2D (200-d),valid,AUPRC,0.8193219260813761,0.0307974276326184,0.7810818689526678,0.8575619832100844
random,tabpfn__ecfp_2048_rdkit2d_normalized_200,TabPFN,ECFP4 (2048-bit) + RDKit2D (200-d),valid,Accuracy,0.8902863379558295,0.0220164764311195,0.8629492718040066,0.9176234041076524
random,tabpfn__ecfp_2048_rdkit2d_normalized_200,TabPFN,ECFP4 (2048-bit) + RDKit2D (200-d),valid,F1,0.7326843534952602,0.0499100001497944,0.6707129031589157,0.7946558038316046
random,tabpfn__ecfp_2048_rdkit2d_normalized_200,TabPFN,ECFP4 (2048-bit) + RDKit2D (200-d),valid,MCC,0.6763726641516083,0.0655890475195066,0.5949331051701608,0.7578122231330559
random,tabpfn__ecfp_2048_rdkit2d_normalized_200,TabPFN,ECFP4 (2048-bit) + RDKit2D (200-d),test,AUROC,0.9628985507246376,0.0066729648888239,0.9546129704609072,0.9711841309883682
random,tabpfn__ecfp_2048_rdkit2d_normalized_200,TabPFN,ECFP4 (2048-bit) + RDKit2D (200-d),test,AUPRC,0.9111882219039492,0.0097915455650981,0.8990304122889952,0.9233460315189032
random,tabpfn__ecfp_2048_rdkit2d_normalized_200,TabPFN,ECFP4 (2048-bit) + RDKit2D (200-d),test,Accuracy,0.9183673469387756,0.0124973966468529,0.9028497794511058,0.9338849144264456
random,tabpfn__ecfp_2048_rdkit2d_normalized_200,TabPFN,ECFP4 (2048-bit) + RDKit2D (200-d),test,F1,0.8146763314205174,0.0284629250690659,0.7793349420786867,0.8500177207623482
random,tabpfn__ecfp_2048_rdkit2d_normalized_200,TabPFN,ECFP4 (2048-bit) + RDKit2D (200-d),test,MCC,0.7658318517328577,0.0359172529210376,0.7212346918664262,0.8104290115992893
random,tabpfn__ecfp_1024,TabPFN,ECFP4 (1024-bit),valid,AUROC,0.9152249056804294,0.0241731305820628,0.8852099997128035,0.9452398116480552
random,tabpfn__ecfp_1024,TabPFN,ECFP4 (1024-bit),valid,AUPRC,0.8159709848838338,0.0428293568542307,0.7627913144117138,0.8691506553559538
random,tabpfn__ecfp_1024,TabPFN,ECFP4 (1024-bit),valid,Accuracy,0.8880264509501797,0.0144776573636043,0.8700500650234626,0.9060028368768968
random,tabpfn__ecfp_1024,TabPFN,ECFP4 (1024-bit),valid,F1,0.7199139723928821,0.0435428915587945,0.6658483315666363,0.773979613219128
random,tabpfn__ecfp_1024,TabPFN,ECFP4 (1024-bit),valid,MCC,0.6663627434326516,0.0478041424107218,0.6070060608362524,0.7257194260290507
random,tabpfn__ecfp_1024,TabPFN,ECFP4 (1024-bit),test,AUROC,0.9563478260869566,0.0063159147594039,0.9485055821144808,0.9641900700594322
random,tabpfn__ecfp_1024,TabPFN,ECFP4 (1024-bit),test,AUPRC,0.9038085123944052,0.0101645484071858,0.891187558579203,0.9164294662096072
random,tabpfn__ecfp_1024,TabPFN,ECFP4 (1024-bit),test,Accuracy,0.9102040816326532,0.0167670170664846,0.8893850801839309,0.9310230830813752
random,tabpfn__ecfp_1024,TabPFN,ECFP4 (1024-bit),test,F1,0.7944537136887133,0.0362020539983626,0.7495029265779176,0.839404500799509
random,tabpfn__ecfp_1024,TabPFN,ECFP4 (1024-bit),test,MCC,0.7429167002079012,0.0492958819838917,0.6817077782888012,0.8041256221270012
random,tabpfn__ecfp_1024_rdkit2d_normalized_200,TabPFN,ECFP4 (1024-bit) + RDKit2D (200-d),valid,AUROC,0.9205661831128116,0.0227706475983872,0.892292689774109,0.948839676451514
random,tabpfn__ecfp_1024_rdkit2d_normalized_200,TabPFN,ECFP4 (1024-bit) + RDKit2D (200-d),valid,AUPRC,0.8265181556959984,0.0301159076919425,0.7891243173416854,0.8639119940503114
random,tabpfn__ecfp_1024_rdkit2d_normalized_200,TabPFN,ECFP4 (1024-bit) + RDKit2D (200-d),valid,Accuracy,0.8868965074473548,0.0177377554274867,0.8648721751241011,0.9089208397706086
random,tabpfn__ecfp_1024_rdkit2d_normalized_200,TabPFN,ECFP4 (1024-bit) + RDKit2D (200-d),valid,F1,0.7274993480839675,0.0318393254198791,0.6879656039830095,0.7670330921849255
random,tabpfn__ecfp_1024_rdkit2d_normalized_200,TabPFN,ECFP4 (1024-bit) + RDKit2D (200-d),valid,MCC,0.6677269892545137,0.0491096742278705,0.6067492748022515,0.7287047037067759
random,tabpfn__ecfp_1024_rdkit2d_normalized_200,TabPFN,ECFP4 (1024-bit) + RDKit2D (200-d),test,AUROC,0.9637101449275364,0.0042322811010885,0.9584550738540364,0.968965216001036
random,tabpfn__ecfp_1024_rdkit2d_normalized_200,TabPFN,ECFP4 (1024-bit) + RDKit2D (200-d),test,AUPRC,0.919447871911441,0.0109960806767616,0.9057944344137618,0.93310130940912
random,tabpfn__ecfp_1024_rdkit2d_normalized_200,TabPFN,ECFP4 (1024-bit) + RDKit2D (200-d),test,Accuracy,0.9163265306122448,0.0133044947044952,0.8998068185233805,0.9328462427011092
random,tabpfn__ecfp_1024_rdkit2d_normalized_200,TabPFN,ECFP4 (1024-bit) + RDKit2D (200-d),test,F1,0.8120686279230263,0.0348205817338389,0.7688331651876067,0.8553040906584458
random,tabpfn__ecfp_1024_rdkit2d_normalized_200,TabPFN,ECFP4 (1024-bit) + RDKit2D (200-d),test,MCC,0.7608332603503126,0.0410371419265733,0.7098789186309082,0.811787602069717
random,tabpfn__ecfp_2048,TabPFN,ECFP4 (2048-bit),valid,AUROC,0.9139897178383548,0.0272584711674289,0.880143855543683,0.9478355801330268
random,tabpfn__ecfp_2048,TabPFN,ECFP4 (2048-bit),valid,AUPRC,0.8090398483892368,0.050348332769981,0.7465241362191685,0.8715555605593052
random,tabpfn__ecfp_2048,TabPFN,ECFP4 (2048-bit),valid,Accuracy,0.874447868515665,0.0253152630663118,0.8430148177611682,0.905880919270162
random,tabpfn__ecfp_2048,TabPFN,ECFP4 (2048-bit),valid,F1,0.6904430585036209,0.057264540609363,0.6193397400552972,0.7615463769519445
random,tabpfn__ecfp_2048,TabPFN,ECFP4 (2048-bit),valid,MCC,0.6279538736516959,0.0745208111719431,0.535424065302553,0.7204836820008387
random,tabpfn__ecfp_2048,TabPFN,ECFP4 (2048-bit),test,AUROC,0.9464927536231884,0.0105620261178992,0.9333782660445048,0.9596072412018716
random,tabpfn__ecfp_2048,TabPFN,ECFP4 (2048-bit),test,AUPRC,0.8825592139653606,0.0133398218162687,0.8659956374736465,0.8991227904570748
random,tabpfn__ecfp_2048,TabPFN,ECFP4 (2048-bit),test,Accuracy,0.8918367346938776,0.018536634821005,0.8688204625887853,0.91485300679897
random,tabpfn__ecfp_2048,TabPFN,ECFP4 (2048-bit),test,F1,0.7557223806004294,0.0405282705537595,0.7053998861443643,0.8060448750564945
random,tabpfn__ecfp_2048,TabPFN,ECFP4 (2048-bit),test,MCC,0.6897156298585441,0.052867460088041,0.624072007990749,0.7553592517263391
random,rf__ecfp_2048_rdkit2d_normalized_200,Random Forest,ECFP4 (2048-bit) + RDKit2D (200-d),valid,AUROC,0.91680309793294,0.0234009645942549,0.8877469626730127,0.9458592331928676
random,rf__ecfp_2048_rdkit2d_normalized_200,Random Forest,ECFP4 (2048-bit) + RDKit2D (200-d),valid,AUPRC,0.806384792522287,0.0519378802319382,0.7418953964952701,0.8708741885493039
random,rf__ecfp_2048_rdkit2d_normalized_200,Random Forest,ECFP4 (2048-bit) + RDKit2D (200-d),valid,Accuracy,0.8767205957883923,0.0187446131177375,0.8534460845198396,0.8999951070569451
random,rf__ecfp_2048_rdkit2d_normalized_200,Random Forest,ECFP4 (2048-bit) + RDKit2D (200-d),valid,F1,0.6914045391080041,0.0429224549545875,0.6381092720763698,0.7446998061396385
random,rf__ecfp_2048_rdkit2d_normalized_200,Random Forest,ECFP4 (2048-bit) + RDKit2D (200-d),valid,MCC,0.6315539487841793,0.057883034150619,0.5596826691725565,0.703425228395802
random,rf__ecfp_2048_rdkit2d_normalized_200,Random Forest,ECFP4 (2048-bit) + RDKit2D (200-d),test,AUROC,0.9635942028985508,0.0100253826149603,0.9511460462373366,0.9760423595597648
random,rf__ecfp_2048_rdkit2d_normalized_200,Random Forest,ECFP4 (2048-bit) + RDKit2D (200-d),test,AUPRC,0.9023789569879912,0.0237426994069287,0.8728985019142338,0.9318594120617484
random,rf__ecfp_2048_rdkit2d_normalized_200,Random Forest,ECFP4 (2048-bit) + RDKit2D (200-d),test,Accuracy,0.9102040816326532,0.0111780113776564,0.896324747333505,0.9240834159318012
random,rf__ecfp_2048_rdkit2d_normalized_200,Random Forest,ECFP4 (2048-bit) + RDKit2D (200-d),test,F1,0.7855251101706008,0.0325995574491428,0.7450474133286247,0.8260028070125769
random,rf__ecfp_2048_rdkit2d_normalized_200,Random Forest,ECFP4 (2048-bit) + RDKit2D (200-d),test,MCC,0.7389821906830591,0.0344331563672134,0.6962277800773694,0.7817366012887489
random,rf__ecfp_1024_rdkit2d_normalized_200,Random Forest,ECFP4 (1024-bit) + RDKit2D (200-d),valid,AUROC,0.9159026781444284,0.0221362390433774,0.8884169070686341,0.9433884492202228
random,rf__ecfp_1024_rdkit2d_normalized_200,Random Forest,ECFP4 (1024-bit) + RDKit2D (200-d),valid,AUPRC,0.8023663936754696,0.0473907922458831,0.7435229530974022,0.8612098342535369
random,rf__ecfp_1024_rdkit2d_normalized_200,Random Forest,ECFP4 (1024-bit) + RDKit2D (200-d),valid,Accuracy,0.8767205957883923,0.0138478872390933,0.8595261727524248,0.8939150188243599
random,rf__ecfp_1024_rdkit2d_normalized_200,Random Forest,ECFP4 (1024-bit) + RDKit2D (200-d),valid,F1,0.6902002526297449,0.0422536251474199,0.6377354474905963,0.7426650577688936
random,rf__ecfp_1024_rdkit2d_normalized_200,Random Forest,ECFP4 (1024-bit) + RDKit2D (200-d),valid,MCC,0.631396976740988,0.0448944438965864,0.5756531620352178,0.6871407914467583
random,rf__ecfp_1024_rdkit2d_normalized_200,Random Forest,ECFP4 (1024-bit) + RDKit2D (200-d),test,AUROC,0.9648695652173912,0.0101767616475355,0.9522334466613456,0.977505683773437
random,rf__ecfp_1024_rdkit2d_normalized_200,Random Forest,ECFP4 (1024-bit) + RDKit2D (200-d),test,AUPRC,0.9026340532354532,0.0223767243069879,0.8748496802657351,0.9304184262051712
random,rf__ecfp_1024_rdkit2d_normalized_200,Random Forest,ECFP4 (1024-bit) + RDKit2D (200-d),test,Accuracy,0.9102040816326532,0.0045634040357138,0.9045378671322494,0.9158702961330568
random,rf__ecfp_1024_rdkit2d_normalized_200,Random Forest,ECFP4 (1024-bit) + RDKit2D (200-d),test,F1,0.7860855725858562,0.0151441146723328,0.767281670612551,0.8048894745591614
random,rf__ecfp_1024_rdkit2d_normalized_200,Random Forest,ECFP4 (1024-bit) + RDKit2D (200-d),test,MCC,0.7391748633517828,0.0138099598529917,0.7220275333856836,0.7563221933178821
random,svm__ecfp_2048_rdkit2d_normalized_200,SVM (RBF),ECFP4 (2048-bit) + RDKit2D (200-d),valid,AUROC,0.8977093628779425,0.0243893633379282,0.8674259684821262,0.9279927572737589
random,svm__ecfp_2048_rdkit2d_normalized_200,SVM (RBF),ECFP4 (2048-bit) + RDKit2D (200-d),valid,AUPRC,0.762562047196666,0.0645089907551331,0.6824635558155576,0.8426605385777743
random,svm__ecfp_2048_rdkit2d_normalized_200,SVM (RBF),ECFP4 (2048-bit) + RDKit2D (200-d),valid,Accuracy,0.8574794555726759,0.0187887431956237,0.8341501495751739,0.880808761570178
random,svm__ecfp_2048_rdkit2d_normalized_200,SVM (RBF),ECFP4 (2048-bit) + RDKit2D (200-d),valid,F1,0.6649183458339332,0.0272550867883885,0.631076685800872,0.6987600058669944
random,svm__ecfp_2048_rdkit2d_normalized_200,SVM (RBF),ECFP4 (2048-bit) + RDKit2D (200-d),valid,MCC,0.584665784213286,0.0377294764812378,0.5378184515954572,0.6315131168311148
random,svm__ecfp_2048_rdkit2d_normalized_200,SVM (RBF),ECFP4 (2048-bit) + RDKit2D (200-d),test,AUROC,0.9182608695652176,0.0121877078502195,0.9031278315069744,0.9333939076234604
random,svm__ecfp_2048_rdkit2d_normalized_200,SVM (RBF),ECFP4 (2048-bit) + RDKit2D (200-d),test,AUPRC,0.8431888510021006,0.0231234997772067,0.8144772338162701,0.8719004681879311
random,svm__ecfp_2048_rdkit2d_normalized_200,SVM (RBF),ECFP4 (2048-bit) + RDKit2D (200-d),test,Accuracy,0.9,0.0111780113776564,0.8861206657008519,0.913879334299148
random,svm__ecfp_2048_rdkit2d_normalized_200,SVM (RBF),ECFP4 (2048-bit) + RDKit2D (200-d),test,F1,0.7755921094094662,0.0306063997766181,0.7375892446922077,0.8135949741267248
random,svm__ecfp_2048_rdkit2d_normalized_200,SVM (RBF),ECFP4 (2048-bit) + RDKit2D (200-d),test,MCC,0.7139442275290564,0.0345383462417402,0.6710592064431912,0.7568292486149216
random,svm__ecfp_2048,SVM (RBF),ECFP4 (2048-bit),valid,AUROC,0.897022025612413,0.0271861960266758,0.8632659047579793,0.9307781464668466
random,svm__ecfp_2048,SVM (RBF),ECFP4 (2048-bit),valid,AUPRC,0.756219887789341,0.0703106182936333,0.6689177243626894,0.8435220512159927
random,svm__ecfp_2048,SVM (RBF),ECFP4 (2048-bit),valid,Accuracy,0.8495505906522854,0.0189581879886449,0.8260108911556059,0.873090290148965
random,svm__ecfp_2048,SVM (RBF),ECFP4 (2048-bit),valid,F1,0.6467483324904579,0.0304236416006065,0.6089723920207304,0.6845242729601855
random,svm__ecfp_2048,SVM (RBF),ECFP4 (2048-bit),valid,MCC,0.5616868805735657,0.0377153050668125,0.5148571440908325,0.608516617056299
random,svm__ecfp_2048,SVM (RBF),ECFP4 (2048-bit),test,AUROC,0.911072463768116,0.0116057913101376,0.8966619705276518,0.92548295700858
random,svm__ecfp_2048,SVM (RBF),ECFP4 (2048-bit),test,AUPRC,0.8345223505317725,0.0226787082158151,0.8063630150144268,0.8626816860491182
random,svm__ecfp_2048,SVM (RBF),ECFP4 (2048-bit),test,Accuracy,0.8918367346938776,0.0154752560082685,0.872621666445424,0.9110518029423312
random,svm__ecfp_2048,SVM (RBF),ECFP4 (2048-bit),test,F1,0.7544948142696178,0.0421468862992225,0.7021625429154856,0.80682708562375
random,svm__ecfp_2048,SVM (RBF),ECFP4 (2048-bit),test,MCC,0.6890508482280794,0.0494598716473621,0.6276383062477706,0.7504633902083881
random,xgb__ecfp_1024_rdkit2d_normalized_200,XGBoost,ECFP4 (1024-bit) + RDKit2D (200-d),valid,AUROC,0.9121455709655136,0.0177250690739085,0.8901369908307663,0.9341541511002608
random,xgb__ecfp_1024_rdkit2d_normalized_200,XGBoost,ECFP4 (1024-bit) + RDKit2D (200-d),valid,AUPRC,0.808257885706604,0.0372074477605184,0.7620587373573209,0.854457034055887
random,xgb__ecfp_1024_rdkit2d_normalized_200,XGBoost,ECFP4 (1024-bit) + RDKit2D (200-d),valid,Accuracy,0.8801232665639445,0.0229251093542255,0.8516579836239182,0.9085885495039708
random,xgb__ecfp_1024_rdkit2d_normalized_200,XGBoost,ECFP4 (1024-bit) + RDKit2D (200-d),valid,F1,0.7136729936729937,0.0521638065048429,0.6489030731266627,0.7784429142193248
random,xgb__ecfp_1024_rdkit2d_normalized_200,XGBoost,ECFP4 (1024-bit) + RDKit2D (200-d),valid,MCC,0.6468526954497229,0.0691824773104844,0.5609513040667455,0.7327540868327003
random,xgb__ecfp_1024_rdkit2d_normalized_200,XGBoost,ECFP4 (1024-bit) + RDKit2D (200-d),test,AUROC,0.969159420289855,0.0113555140818464,0.9550596872733303,0.9832591533063796
random,xgb__ecfp_1024_rdkit2d_normalized_200,XGBoost,ECFP4 (1024-bit) + RDKit2D (200-d),test,AUPRC,0.9176804395372684,0.0264694714672534,0.8848142497648979,0.9505466293096388
random,xgb__ecfp_1024_rdkit2d_normalized_200,XGBoost,ECFP4 (1024-bit) + RDKit2D (200-d),test,Accuracy,0.936734693877551,0.023268886226513,0.9078425555717904,0.9656268321833116
random,xgb__ecfp_1024_rdkit2d_normalized_200,XGBoost,ECFP4 (1024-bit) + RDKit2D (200-d),test,F1,0.8629014396456256,0.0529698141016752,0.7971307284840293,0.928672150807222
random,xgb__ecfp_1024_rdkit2d_normalized_200,XGBoost,ECFP4 (1024-bit) + RDKit2D (200-d),test,MCC,0.8232203777049865,0.066673186323056,0.740434682602116,0.9060060728078568
random,svm__ecfp_1024_rdkit2d_normalized_200,SVM (RBF),ECFP4 (1024-bit) + RDKit2D (200-d),valid,AUROC,0.8943143897125246,0.0216982012535054,0.8673725143902671,0.9212562650347822
random,svm__ecfp_1024_rdkit2d_normalized_200,SVM (RBF),ECFP4 (1024-bit) + RDKit2D (200-d),valid,AUPRC,0.7682255072420949,0.0600842155185978,0.693621099972336,0.8428299145118539
random,svm__ecfp_1024_rdkit2d_normalized_200,SVM (RBF),ECFP4 (1024-bit) + RDKit2D (200-d),valid,Accuracy,0.8597457627118643,0.0268157073428758,0.8264496643178469,0.8930418611058817
random,svm__ecfp_1024_rdkit2d_normalized_200,SVM (RBF),ECFP4 (1024-bit) + RDKit2D (200-d),valid,F1,0.669421942905935,0.0482076346822809,0.6095642584823876,0.7292796273294825
random,svm__ecfp_1024_rdkit2d_normalized_200,SVM (RBF),ECFP4 (1024-bit) + RDKit2D (200-d),valid,MCC,0.5894001090544252,0.0683218462516739,0.5045673322729086,0.6742328858359418
random,svm__ecfp_1024_rdkit2d_normalized_200,SVM (RBF),ECFP4 (1024-bit) + RDKit2D (200-d),test,AUROC,0.936,0.0077408129311538,0.926388511266556,0.945611488733444
random,svm__ecfp_1024_rdkit2d_normalized_200,SVM (RBF),ECFP4 (1024-bit) + RDKit2D (200-d),test,AUPRC,0.8669044240907144,0.0182743759028627,0.8442137894424873,0.8895950587389416
random,svm__ecfp_1024_rdkit2d_normalized_200,SVM (RBF),ECFP4 (1024-bit) + RDKit2D (200-d),test,Accuracy,0.9,0.0085373472095313,0.8893994833297595,0.9106005166702406
random,svm__ecfp_1024_rdkit2d_normalized_200,SVM (RBF),ECFP4 (1024-bit) + RDKit2D (200-d),test,F1,0.7757146784163111,0.0228466790605586,0.7473467795482996,0.8040825772843226
random,svm__ecfp_1024_rdkit2d_normalized_200,SVM (RBF),ECFP4 (1024-bit) + RDKit2D (200-d),test,MCC,0.7144798003464222,0.0266424520972564,0.6813988267533905,0.747560773939454
random,svm__ecfp_1024,SVM (RBF),ECFP4 (1024-bit),valid,AUROC,0.8918222275360008,0.0222011146236385,0.8642559027878337,0.919388552284168
random,svm__ecfp_1024,SVM (RBF),ECFP4 (1024-bit),valid,AUPRC,0.7657912452135596,0.0549956111116258,0.6975051748370387,0.8340773155900805
random,svm__ecfp_1024,SVM (RBF),ECFP4 (1024-bit),valid,Accuracy,0.8540832049306626,0.0268471531062936,0.8207480614643133,0.8874183483970118
random,svm__ecfp_1024,SVM (RBF),ECFP4 (1024-bit),valid,F1,0.6544635371029714,0.0537376554127979,0.5877394250290204,0.7211876491769225
random,svm__ecfp_1024,SVM (RBF),ECFP4 (1024-bit),valid,MCC,0.5707148755458471,0.0709834443366343,0.4825772882445472,0.6588524628471469
random,svm__ecfp_1024,SVM (RBF),ECFP4 (1024-bit),test,AUROC,0.9382028985507246,0.0055391903469408,0.9313250853177304,0.9450807117837188
random,svm__ecfp_1024,SVM (RBF),ECFP4 (1024-bit),test,AUPRC,0.8672474403803225,0.0148218439366619,0.8488436903771747,0.8856511903834704
random,svm__ecfp_1024,SVM (RBF),ECFP4 (1024-bit),test,Accuracy,0.8959183673469389,0.0111780113776564,0.8820390330477907,0.909797701646087
random,svm__ecfp_1024,SVM (RBF),ECFP4 (1024-bit),test,F1,0.7633992751434612,0.0375930885402219,0.716721290521781,0.8100772597651413
random,svm__ecfp_1024,SVM (RBF),ECFP4 (1024-bit),test,MCC,0.7016499496908738,0.0386486642659688,0.6536612946931559,0.7496386046885917
random,xgb__ecfp_2048_rdkit2d_normalized_200,XGBoost,ECFP4 (2048-bit) + RDKit2D (200-d),valid,AUROC,0.9123320845953558,0.0202549478018784,0.8871822451242668,0.9374819240664448
random,xgb__ecfp_2048_rdkit2d_normalized_200,XGBoost,ECFP4 (2048-bit) + RDKit2D (200-d),valid,AUPRC,0.805958059930969,0.0441997863530368,0.751076776488105,0.860839343373833
random,xgb__ecfp_2048_rdkit2d_normalized_200,XGBoost,ECFP4 (2048-bit) + RDKit2D (200-d),valid,Accuracy,0.8846430405752439,0.022670545159218,0.8564938408313901,0.9127922403190976
random,xgb__ecfp_2048_rdkit2d_normalized_200,XGBoost,ECFP4 (2048-bit) + RDKit2D (200-d),valid,F1,0.7219614152108035,0.0493172113119624,0.6607260094329322,0.7831968209886747
random,xgb__ecfp_2048_rdkit2d_normalized_200,XGBoost,ECFP4 (2048-bit) + RDKit2D (200-d),valid,MCC,0.6591906484014342,0.067774125943458,0.5750379562077144,0.743343340595154
random,xgb__ecfp_2048_rdkit2d_normalized_200,XGBoost,ECFP4 (2048-bit) + RDKit2D (200-d),test,AUROC,0.9717101449275362,0.0134049745145199,0.9550656706760176,0.9883546191790546
random,xgb__ecfp_2048_rdkit2d_normalized_200,XGBoost,ECFP4 (2048-bit) + RDKit2D (200-d),test,AUPRC,0.9208925201990824,0.0266756367127626,0.8877703424636822,0.9540146979344823
random,xgb__ecfp_2048_rdkit2d_normalized_200,XGBoost,ECFP4 (2048-bit) + RDKit2D (200-d),test,Accuracy,0.9387755102040816,0.0190900887080302,0.9150720343328044,0.9624789860753592
random,xgb__ecfp_2048_rdkit2d_normalized_200,XGBoost,ECFP4 (2048-bit) + RDKit2D (200-d),test,F1,0.8669191919191919,0.0429166648093169,0.8136311143024845,0.9202072695358992
random,xgb__ecfp_2048_rdkit2d_normalized_200,XGBoost,ECFP4 (2048-bit) + RDKit2D (200-d),test,MCC,0.8281649970980837,0.0548441635917658,0.7600669736545902,0.8962630205415771
random,rf__rdkit2d_normalized_200,Random Forest,RDKit2D (200-d),valid,AUROC,0.909556963706892,0.0250510061165392,0.8784520312932028,0.9406618961205812
random,rf__rdkit2d_normalized_200,Random Forest,RDKit2D (200-d),valid,AUPRC,0.78897113783685,0.0497410071225812,0.7272095200583438,0.8507327556153562
random,rf__rdkit2d_normalized_200,Random Forest,RDKit2D (200-d),valid,Accuracy,0.8676810477657936,0.0183297904514293,0.8449216068676346,0.8904404886639525
random,rf__rdkit2d_normalized_200,Random Forest,RDKit2D (200-d),valid,F1,0.6628039215686274,0.0432053606752721,0.6091573806887332,0.7164504624485217
random,rf__rdkit2d_normalized_200,Random Forest,RDKit2D (200-d),valid,MCC,0.6018828201171209,0.0564092438273492,0.5318414928908033,0.6719241473434385
random,rf__rdkit2d_normalized_200,Random Forest,RDKit2D (200-d),test,AUROC,0.9622028985507246,0.0071665164621354,0.9533044930671564,0.9711013040342928
random,rf__rdkit2d_normalized_200,Random Forest,RDKit2D (200-d),test,AUPRC,0.8927903346951551,0.0165447370280498,0.8722473303676768,0.9133333390226336
random,rf__rdkit2d_normalized_200,Random Forest,RDKit2D (200-d),test,Accuracy,0.8938775510204081,0.0055890056888282,0.886937883870834,0.9008172181699822
random,rf__rdkit2d_normalized_200,Random Forest,RDKit2D (200-d),test,F1,0.7372996280570093,0.0134957390150246,0.7205424547928992,0.7540568013211194
random,rf__rdkit2d_normalized_200,Random Forest,RDKit2D (200-d),test,MCC,0.6876787939316745,0.01735308491771,0.6661320931315812,0.7092254947317679
random,xgb__rdkit2d_normalized_200,XGBoost,RDKit2D (200-d),valid,AUROC,0.9017635102821616,0.0177745230510117,0.8796935249244774,0.9238334956398458
random,xgb__rdkit2d_normalized_200,XGBoost,RDKit2D (200-d),valid,AUPRC,0.7879713541858709,0.0369020692459864,0.7421513833439072,0.8337913250278347
random,xgb__rdkit2d_normalized_200,XGBoost,RDKit2D (200-d),valid,Accuracy,0.8801232665639445,0.0229251093542255,0.8516579836239182,0.9085885495039708
random,xgb__rdkit2d_normalized_200,XGBoost,RDKit2D (200-d),valid,F1,0.707453705806647,0.0528274733513168,0.641859734030248,0.773047677583046
random,xgb__rdkit2d_normalized_200,XGBoost,RDKit2D (200-d),valid,MCC,0.6441268372001825,0.0696151726416093,0.5576881836023563,0.7305654907980087
random,xgb__rdkit2d_normalized_200,XGBoost,RDKit2D (200-d),test,AUROC,0.9649855072463768,0.0139889235145671,0.9476159645447128,0.982355049948041
random,xgb__rdkit2d_normalized_200,XGBoost,RDKit2D (200-d),test,AUPRC,0.8944981526199947,0.03936554666181,0.8456193705604146,0.9433769346795748
random,xgb__rdkit2d_normalized_200,XGBoost,RDKit2D (200-d),test,Accuracy,0.93265306122449,0.0154752560082684,0.9134379929760365,0.9518681294729434
random,xgb__rdkit2d_normalized_200,XGBoost,RDKit2D (200-d),test,F1,0.8522733911409341,0.032445615811977,0.8119868380876514,0.8925599441942169
random,xgb__rdkit2d_normalized_200,XGBoost,RDKit2D (200-d),test,MCC,0.8098197612190561,0.0434530511443929,0.7558656720009563,0.8637738504371558
random,lgbm__ecfp_1024_rdkit2d_normalized_200,LightGBM,ECFP4 (1024-bit) + RDKit2D (200-d),valid,AUROC,0.9095859238004144,0.0157509148730411,0.890028579863787,0.929143267737042
random,lgbm__ecfp_1024_rdkit2d_normalized_200,LightGBM,ECFP4 (1024-bit) + RDKit2D (200-d),valid,AUPRC,0.801163606684409,0.0251328066088896,0.769957105544333,0.832370107824485
random,lgbm__ecfp_1024_rdkit2d_normalized_200,LightGBM,ECFP4 (1024-bit) + RDKit2D (200-d),valid,Accuracy,0.890299178222907,0.0170561151623815,0.8691212140765605,0.9114771423692536
random,lgbm__ecfp_1024_rdkit2d_normalized_200,LightGBM,ECFP4 (1024-bit) + RDKit2D (200-d),valid,F1,0.7382715199843738,0.0416593751912188,0.6865445736217742,0.7899984663469733
random,lgbm__ecfp_1024_rdkit2d_normalized_200,LightGBM,ECFP4 (1024-bit) + RDKit2D (200-d),valid,MCC,0.6778092751497353,0.0526916349663492,0.6123839690055247,0.7432345812939459
random,lgbm__ecfp_1024_rdkit2d_normalized_200,LightGBM,ECFP4 (1024-bit) + RDKit2D (200-d),test,AUROC,0.9699710144927536,0.0111539606445079,0.9561215431230864,0.9838204858624208
random,lgbm__ecfp_1024_rdkit2d_normalized_200,LightGBM,ECFP4 (1024-bit) + RDKit2D (200-d),test,AUPRC,0.8963695939382141,0.0335730813558686,0.854683107509866,0.9380560803665624
random,lgbm__ecfp_1024_rdkit2d_normalized_200,LightGBM,ECFP4 (1024-bit) + RDKit2D (200-d),test,Accuracy,0.9387755102040816,0.0161340696947366,0.9187424167196168,0.9588086036885466
random,lgbm__ecfp_1024_rdkit2d_normalized_200,LightGBM,ECFP4 (1024-bit) + RDKit2D (200-d),test,F1,0.8694927536231883,0.0346939708634421,0.8264144990473218,0.9125710081990548
random,lgbm__ecfp_1024_rdkit2d_normalized_200,LightGBM,ECFP4 (1024-bit) + RDKit2D (200-d),test,MCC,0.829911481386749,0.0451909288213508,0.7737995320238886,0.8860234307496093
random,chemprop_morgan,Chemprop,Graph + Morgan,valid,AUROC,0.9014033689356502,0.025771754130266,0.8694035096615396,0.9334032282097608
random,chemprop_morgan,Chemprop,Graph + Morgan,valid,AUPRC,0.8070283284282869,0.0572040717854929,0.7360000919415763,0.8780565649149974
random,chemprop_morgan,Chemprop,Graph + Morgan,valid,Accuracy,0.8823831535695943,0.0311931290801226,0.8436517681994831,0.9211145389397056
random,chemprop_morgan,Chemprop,Graph + Morgan,valid,F1,0.7381912411550966,0.0550169967520967,0.6698786169987245,0.8065038653114687
random,chemprop_morgan,Chemprop,Graph + Morgan,valid,MCC,0.6660738467590279,0.0795322421619305,0.5673215249701351,0.7648261685479207
random,chemprop_morgan,Chemprop,Graph + Morgan,test,AUROC,0.9458550724637682,0.0084367247129166,0.9353794951249836,0.9563306498025528
random,chemprop_morgan,Chemprop,Graph + Morgan,test,AUPRC,0.8761280773014587,0.0152557878118155,0.8571855148112915,0.8950706397916259
random,chemprop_morgan,Chemprop,Graph + Morgan,test,Accuracy,0.8857142857142858,0.0111780113776564,0.8718349514151377,0.8995936200134339
random,chemprop_morgan,Chemprop,Graph + Morgan,test,F1,0.7725217391304348,0.0182152639621233,0.7499045016508876,0.7951389766099819
random,chemprop_morgan,Chemprop,Graph + Morgan,test,MCC,0.6999208491074735,0.0249953499115289,0.6688850229998223,0.7309566752151248
random,tabpfn__rdkit2d_normalized_200,TabPFN,RDKit2D (200-d),valid,AUROC,0.9048217227270312,0.0204345945498428,0.8794488223566005,0.930194623097462
random,tabpfn__rdkit2d_normalized_200,TabPFN,RDKit2D (200-d),valid,AUPRC,0.7753593487420073,0.0378347492016845,0.7283813027772068,0.8223373947068078
random,tabpfn__rdkit2d_normalized_200,TabPFN,RDKit2D (200-d),valid,Accuracy,0.8710772984078069,0.0182388355503076,0.8484307929358309,0.8937238038797829
random,tabpfn__rdkit2d_normalized_200,TabPFN,RDKit2D (200-d),valid,F1,0.6819135219723805,0.0419204508124299,0.6298624074101145,0.7339646365346466
random,tabpfn__rdkit2d_normalized_200,TabPFN,RDKit2D (200-d),valid,MCC,0.6146066925797806,0.0571363558936626,0.5436625364780622,0.6855508486814991
random,tabpfn__rdkit2d_normalized_200,TabPFN,RDKit2D (200-d),test,AUROC,0.9603478260869563,0.0100792907736346,0.9478327336059068,0.972862918568006
random,tabpfn__rdkit2d_normalized_200,TabPFN,RDKit2D (200-d),test,AUPRC,0.8990670086023563,0.0287929604342447,0.8633158262294491,0.9348181909752636
random,tabpfn__rdkit2d_normalized_200,TabPFN,RDKit2D (200-d),test,Accuracy,0.9102040816326532,0.0167670170664846,0.8893850801839309,0.9310230830813752
random,tabpfn__rdkit2d_normalized_200,TabPFN,RDKit2D (200-d),test,F1,0.791387294875667,0.0441673154522758,0.7365463293812671,0.8462282603700668
random,tabpfn__rdkit2d_normalized_200,TabPFN,RDKit2D (200-d),test,MCC,0.7398017600986352,0.0508889383660864,0.6766147974226552,0.8029887227746152
random,chemprop_morgan_rdkit2d,Chemprop,Graph + Morgan + RDKit2D,valid,AUROC,0.9004774430097242,0.0181800409522498,0.8779039406734455,0.923050945346003
random,chemprop_morgan_rdkit2d,Chemprop,Graph + Morgan + RDKit2D,valid,AUPRC,0.8059705860912555,0.0519335646337914,0.7414865485870883,0.8704546235954227
random,chemprop_morgan_rdkit2d,Chemprop,Graph + Morgan + RDKit2D,valid,Accuracy,0.8687917308680021,0.0183694875338376,0.845982999531783,0.8916004622042212
random,chemprop_morgan_rdkit2d,Chemprop,Graph + Morgan + RDKit2D,valid,F1,0.7202185955710871,0.0319873037771132,0.6805011120714383,0.759936079070736
random,chemprop_morgan_rdkit2d,Chemprop,Graph + Morgan + RDKit2D,valid,MCC,0.6357674756647137,0.0436931759913104,0.5815152320691224,0.690019719260305
random,chemprop_morgan_rdkit2d,Chemprop,Graph + Morgan + RDKit2D,test,AUROC,0.9508405797101448,0.0040455295819983,0.9458173912745091,0.9558637681457806
random,chemprop_morgan_rdkit2d,Chemprop,Graph + Morgan + RDKit2D,test,AUPRC,0.8840657257586493,0.0107008528197655,0.8707788620622692,0.8973525894550294
random,chemprop_morgan_rdkit2d,Chemprop,Graph + Morgan + RDKit2D,test,Accuracy,0.9040816326530612,0.0154752560082684,0.8848665644046076,0.9232967009015148
random,chemprop_morgan_rdkit2d,Chemprop,Graph + Morgan + RDKit2D,test,F1,0.7981320120344833,0.0332778196298276,0.7568121414614076,0.8394518826075589
random,chemprop_morgan_rdkit2d,Chemprop,Graph + Morgan + RDKit2D,test,MCC,0.7361885714924413,0.0437622505203136,0.6818505605409938,0.7905265824438888
random,lgbm__ecfp_2048_rdkit2d_normalized_200,LightGBM,ECFP4 (2048-bit) + RDKit2D (200-d),valid,AUROC,0.9107762102130824,0.021317590218129,0.884306925910771,0.937245494515394
random,lgbm__ecfp_2048_rdkit2d_normalized_200,LightGBM,ECFP4 (2048-bit) + RDKit2D (200-d),valid,AUPRC,0.8039017816276308,0.0232641617666498,0.7750155095135932,0.8327880537416684
random,lgbm__ecfp_2048_rdkit2d_normalized_200,LightGBM,ECFP4 (2048-bit) + RDKit2D (200-d),valid,Accuracy,0.8823895737031331,0.0261688021621915,0.8498967141822229,0.9148824332240432
random,lgbm__ecfp_2048_rdkit2d_normalized_200,LightGBM,ECFP4 (2048-bit) + RDKit2D (200-d),valid,F1,0.7240498744449277,0.056274541841907,0.6541758018244204,0.7939239470654351
random,lgbm__ecfp_2048_rdkit2d_normalized_200,LightGBM,ECFP4 (2048-bit) + RDKit2D (200-d),valid,MCC,0.6565650035212711,0.0751080801226155,0.5633060044588154,0.7498240025837268
random,lgbm__ecfp_2048_rdkit2d_normalized_200,LightGBM,ECFP4 (2048-bit) + RDKit2D (200-d),test,AUROC,0.9727536231884056,0.0089995215630492,0.961579241262509,0.9839280051143025
random,lgbm__ecfp_2048_rdkit2d_normalized_200,LightGBM,ECFP4 (2048-bit) + RDKit2D (200-d),test,AUPRC,0.9006137980817233,0.0314603040321754,0.8615506711924262,0.9396769249710204
random,lgbm__ecfp_2048_rdkit2d_normalized_200,LightGBM,ECFP4 (2048-bit) + RDKit2D (200-d),test,Accuracy,0.9428571428571428,0.0234915600677985,0.913688518459316,0.9720257672549696
random,lgbm__ecfp_2048_rdkit2d_normalized_200,LightGBM,ECFP4 (2048-bit) + RDKit2D (200-d),test,F1,0.8770026350461133,0.051439681938481,0.8131318339040489,0.9408734361881778
random,lgbm__ecfp_2048_rdkit2d_normalized_200,LightGBM,ECFP4 (2048-bit) + RDKit2D (200-d),test,MCC,0.8404978752184018,0.0664808686260332,0.7579509740761421,0.9230447763606616
random,lgbm__rdkit2d_normalized_200,LightGBM,RDKit2D (200-d),valid,AUROC,0.9029120835326,0.0176729722343032,0.8809681901680108,0.924855976897189
random,lgbm__rdkit2d_normalized_200,LightGBM,RDKit2D (200-d),valid,AUPRC,0.784546727517586,0.0348133861125147,0.7413201993261095,0.8277732557090626
random,lgbm__rdkit2d_normalized_200,LightGBM,RDKit2D (200-d),valid,Accuracy,0.8733371854134566,0.0262216716459646,0.8407786797579417,0.9058956910689716
random,lgbm__rdkit2d_normalized_200,LightGBM,RDKit2D (200-d),valid,F1,0.6965083415218979,0.0562508689183897,0.6266636627182541,0.7663530203255416
random,lgbm__rdkit2d_normalized_200,LightGBM,RDKit2D (200-d),valid,MCC,0.6253421185219862,0.0767162481870991,0.5300863150708003,0.7205979219731721
random,lgbm__rdkit2d_normalized_200,LightGBM,RDKit2D (200-d),test,AUROC,0.9659130434782608,0.014690820461741,0.9476719806068418,0.98415410634968
random,lgbm__rdkit2d_normalized_200,LightGBM,RDKit2D (200-d),test,AUPRC,0.8732717495793783,0.0451143991195967,0.8172548243919793,0.9292886747667772
random,lgbm__rdkit2d_normalized_200,LightGBM,RDKit2D (200-d),test,Accuracy,0.9306122448979592,0.0167670170664846,0.9097932434492372,0.9514312463466812
random,lgbm__rdkit2d_normalized_200,LightGBM,RDKit2D (200-d),test,F1,0.8492402283706632,0.0374751671919379,0.8027086624417669,0.8957717942995594
random,lgbm__rdkit2d_normalized_200,LightGBM,RDKit2D (200-d),test,MCC,0.8046070417173127,0.047933593323695,0.7450896245827401,0.8641244588518853
random,xgb__ecfp_1024,XGBoost,ECFP4 (1024-bit),valid,AUROC,0.9042918061533556,0.02376765399757,0.8747803658628092,0.9338032464439022
random,xgb__ecfp_1024,XGBoost,ECFP4 (1024-bit),valid,AUPRC,0.7970144845403657,0.0320828304230769,0.7571783890435546,0.8368505800371768
random,xgb__ecfp_1024,XGBoost,ECFP4 (1024-bit),valid,Accuracy,0.8891499743194657,0.0176143240545103,0.8672789022882856,0.9110210463506458
random,xgb__ecfp_1024,XGBoost,ECFP4 (1024-bit),valid,F1,0.7386365635041434,0.0447921963304141,0.6830197059201932,0.7942534210880936
random,xgb__ecfp_1024,XGBoost,ECFP4 (1024-bit),valid,MCC,0.6747356335404282,0.0549541425734407,0.60650105315483,0.7429702139260264
random,xgb__ecfp_1024,XGBoost,ECFP4 (1024-bit),test,AUROC,0.9487536231884056,0.0046122491086183,0.943026759519487,0.9544804868573245
random,xgb__ecfp_1024,XGBoost,ECFP4 (1024-bit),test,AUPRC,0.896753314789434,0.0146541945608126,0.8785577289805995,0.9149489005982684
random,xgb__ecfp_1024,XGBoost,ECFP4 (1024-bit),test,Accuracy,0.9040816326530612,0.0284984490689162,0.8686961344395443,0.939467130866578
random,xgb__ecfp_1024,XGBoost,ECFP4 (1024-bit),test,F1,0.7945169592793455,0.0542940183523176,0.7271020313734581,0.861931887185233
random,xgb__ecfp_1024,XGBoost,ECFP4 (1024-bit),test,MCC,0.7331596451694559,0.0743722279137106,0.6408143273027962,0.8255049630361155
random,logreg_l2_c0_1__ecfp_2048_rdkit2d_normalized_200,"Logistic Regression (L2, C=0.1)",ECFP4 (2048-bit) + RDKit2D (200-d),valid,AUROC,0.8788478399489877,0.0300370360804681,0.8415519336351229,0.9161437462628526
random,logreg_l2_c0_1__ecfp_2048_rdkit2d_normalized_200,"Logistic Regression (L2, C=0.1)",ECFP4 (2048-bit) + RDKit2D (200-d),valid,AUPRC,0.7739733906663208,0.0382622563660038,0.7264645244466109,0.8214822568860306
random,logreg_l2_c0_1__ecfp_2048_rdkit2d_normalized_200,"Logistic Regression (L2, C=0.1)",ECFP4 (2048-bit) + RDKit2D (200-d),valid,Accuracy,0.8676489470980997,0.0201950961754825,0.8425734232367406,0.8927244709594588
random,logreg_l2_c0_1__ecfp_2048_rdkit2d_normalized_200,"Logistic Regression (L2, C=0.1)",ECFP4 (2048-bit) + RDKit2D (200-d),valid,F1,0.714313618183701,0.0320639159674869,0.6745010080854416,0.7541262282819604
random,logreg_l2_c0_1__ecfp_2048_rdkit2d_normalized_200,"Logistic Regression (L2, C=0.1)",ECFP4 (2048-bit) + RDKit2D (200-d),valid,MCC,0.6322718639797389,0.043439785090284,0.5783342467434245,0.6862094812160533
random,logreg_l2_c0_1__ecfp_2048_rdkit2d_normalized_200,"Logistic Regression (L2, C=0.1)",ECFP4 (2048-bit) + RDKit2D (200-d),test,AUROC,0.918144927536232,0.0085239078380117,0.9075610980497658,0.928728757022698
random,logreg_l2_c0_1__ecfp_2048_rdkit2d_normalized_200,"Logistic Regression (L2, C=0.1)",ECFP4 (2048-bit) + RDKit2D (200-d),test,AUPRC,0.7919350112651519,0.004973173973503,0.7857600001854492,0.7981100223448545
random,logreg_l2_c0_1__ecfp_2048_rdkit2d_normalized_200,"Logistic Regression (L2, C=0.1)",ECFP4 (2048-bit) + RDKit2D (200-d),test,Accuracy,0.8755102040816327,0.0232688862265129,0.8466180657758721,0.9044023423873934
random,logreg_l2_c0_1__ecfp_2048_rdkit2d_normalized_200,"Logistic Regression (L2, C=0.1)",ECFP4 (2048-bit) + RDKit2D (200-d),test,F1,0.7551960784313725,0.044380588979876,0.7000902988759816,0.8103018579867634
random,logreg_l2_c0_1__ecfp_2048_rdkit2d_normalized_200,"Logistic Regression (L2, C=0.1)",ECFP4 (2048-bit) + RDKit2D (200-d),test,MCC,0.6761214002849975,0.0599279600141666,0.6017110098496119,0.750531790720383
random,logreg_l2_c0_1__ecfp_2048,"Logistic Regression (L2, C=0.1)",ECFP4 (2048-bit),valid,AUROC,0.8778706360593018,0.0312005782005457,0.8391300013845429,0.9166112707340608
random,logreg_l2_c0_1__ecfp_2048,"Logistic Regression (L2, C=0.1)",ECFP4 (2048-bit),valid,AUPRC,0.7726013979809958,0.0421155648141323,0.7203080173872705,0.8248947785747212
random,logreg_l2_c0_1__ecfp_2048,"Logistic Regression (L2, C=0.1)",ECFP4 (2048-bit),valid,Accuracy,0.8676361068310221,0.0131502217867927,0.8513079498699667,0.8839642637920775
random,logreg_l2_c0_1__ecfp_2048,"Logistic Regression (L2, C=0.1)",ECFP4 (2048-bit),valid,F1,0.711761121391678,0.0306925890707011,0.673651238530926,0.74987100425243
random,logreg_l2_c0_1__ecfp_2048,"Logistic Regression (L2, C=0.1)",ECFP4 (2048-bit),valid,MCC,0.6286883503682781,0.0370310297500616,0.5827082539112138,0.6746684468253423
random,logreg_l2_c0_1__ecfp_2048,"Logistic Regression (L2, C=0.1)",ECFP4 (2048-bit),test,AUROC,0.911768115942029,0.0109640339249558,0.8981544697423266,0.9253817621417314
random,logreg_l2_c0_1__ecfp_2048,"Logistic Regression (L2, C=0.1)",ECFP4 (2048-bit),test,AUPRC,0.7720775741664301,0.0253754287039991,0.7405698179056879,0.8035853304271723
random,logreg_l2_c0_1__ecfp_2048,"Logistic Regression (L2, C=0.1)",ECFP4 (2048-bit),test,Accuracy,0.8734693877551021,0.0275699103798087,0.8392368226027892,0.907701952907415
random,logreg_l2_c0_1__ecfp_2048,"Logistic Regression (L2, C=0.1)",ECFP4 (2048-bit),test,F1,0.7541960784313726,0.0518021255124966,0.6898752441520727,0.8185169127106725
random,logreg_l2_c0_1__ecfp_2048,"Logistic Regression (L2, C=0.1)",ECFP4 (2048-bit),test,MCC,0.6745471625771632,0.0702390595173046,0.5873338511068343,0.761760474047492
random,svm__rdkit2d_normalized_200,SVM (RBF),RDKit2D (200-d),valid,AUROC,0.8837710558478135,0.0133906735448115,0.8671443385955213,0.9003977731001056
random,svm__rdkit2d_normalized_200,SVM (RBF),RDKit2D (200-d),valid,AUPRC,0.7147246538722818,0.0745804513851873,0.6221207924175085,0.8073285153270551
random,svm__rdkit2d_normalized_200,SVM (RBF),RDKit2D (200-d),valid,Accuracy,0.8699666153055983,0.0291622366783425,0.833756915915003,0.9061763146961936
random,svm__rdkit2d_normalized_200,SVM (RBF),RDKit2D (200-d),valid,F1,0.694157702853355,0.0736109907743491,0.602757585736736,0.785557819969974
random,svm__rdkit2d_normalized_200,SVM (RBF),RDKit2D (200-d),valid,MCC,0.617790753095309,0.0895536368400377,0.5065952263228196,0.7289862798677983
random,svm__rdkit2d_normalized_200,SVM (RBF),RDKit2D (200-d),test,AUROC,0.9526376811594204,0.0059104853801622,0.9452988442509632,0.9599765180678774
random,svm__rdkit2d_normalized_200,SVM (RBF),RDKit2D (200-d),test,AUPRC,0.8891394853988634,0.009307893653225,0.8775822089505446,0.9006967618471823
random,svm__rdkit2d_normalized_200,SVM (RBF),RDKit2D (200-d),test,Accuracy,0.9122448979591836,0.0154752560082684,0.8930298297107302,0.9314599662076372
random,svm__rdkit2d_normalized_200,SVM (RBF),RDKit2D (200-d),test,F1,0.797568710359408,0.0389545999422585,0.749200186046675,0.845937234672141
random,svm__rdkit2d_normalized_200,SVM (RBF),RDKit2D (200-d),test,MCC,0.7466867486403628,0.0458969548389898,0.6896981521896048,0.8036753450911207
random,logreg_l1_c0_1__ecfp_2048,"Logistic Regression (L1, C=0.1)",ECFP4 (2048-bit),valid,AUROC,0.8774629363940699,0.0217092979282063,0.8505072827303365,0.9044185900578032
random,logreg_l1_c0_1__ecfp_2048,"Logistic Regression (L1, C=0.1)",ECFP4 (2048-bit),valid,AUPRC,0.7568636454290412,0.0349497289793464,0.7134678252084078,0.8002594656496745
random,logreg_l1_c0_1__ecfp_2048,"Logistic Regression (L1, C=0.1)",ECFP4 (2048-bit),valid,Accuracy,0.8620184899845917,0.0204115017941115,0.8366742630575719,0.8873627169116116
random,logreg_l1_c0_1__ecfp_2048,"Logistic Regression (L1, C=0.1)",ECFP4 (2048-bit),valid,F1,0.699360330958029,0.0404284720498107,0.6491617527113918,0.7495589092046662
random,logreg_l1_c0_1__ecfp_2048,"Logistic Regression (L1, C=0.1)",ECFP4 (2048-bit),valid,MCC,0.6125897312007333,0.0549279485956242,0.5443876749343596,0.6807917874671071
random,logreg_l1_c0_1__ecfp_2048,"Logistic Regression (L1, C=0.1)",ECFP4 (2048-bit),test,AUROC,0.9220869565217392,0.0155638949050896,0.9027618285462624,0.941412084497216
random,logreg_l1_c0_1__ecfp_2048,"Logistic Regression (L1, C=0.1)",ECFP4 (2048-bit),test,AUPRC,0.7805118834100884,0.0520443358303019,0.7158903052991761,0.8451334615210007
random,logreg_l1_c0_1__ecfp_2048,"Logistic Regression (L1, C=0.1)",ECFP4 (2048-bit),test,Accuracy,0.889795918367347,0.0085373472095313,0.8791954016971064,0.9003964350375875
random,logreg_l1_c0_1__ecfp_2048,"Logistic Regression (L1, C=0.1)",ECFP4 (2048-bit),test,F1,0.776720901126408,0.0182637708513934,0.7540434343887894,0.7993983678640266
random,logreg_l1_c0_1__ecfp_2048,"Logistic Regression (L1, C=0.1)",ECFP4 (2048-bit),test,MCC,0.7057984908212854,0.0240527360219501,0.6759330744445311,0.7356639071980398
random,logreg_l1_c1__ecfp_2048_rdkit2d_normalized_200,"Logistic Regression (L1, C=1)",ECFP4 (2048-bit) + RDKit2D (200-d),valid,AUROC,0.8725348052500133,0.033873258369919,0.8304755998302303,0.9145940106697962
random,logreg_l1_c1__ecfp_2048_rdkit2d_normalized_200,"Logistic Regression (L1, C=1)",ECFP4 (2048-bit) + RDKit2D (200-d),valid,AUPRC,0.7564397210442537,0.0326786150015061,0.715863861285722,0.7970155808027855
random,logreg_l1_c1__ecfp_2048_rdkit2d_normalized_200,"Logistic Regression (L1, C=1)",ECFP4 (2048-bit) + RDKit2D (200-d),valid,Accuracy,0.8699088341037493,0.0304264515447652,0.8321294046275229,0.9076882635799756
random,logreg_l1_c1__ecfp_2048_rdkit2d_normalized_200,"Logistic Regression (L1, C=1)",ECFP4 (2048-bit) + RDKit2D (200-d),valid,F1,0.7105772122614228,0.0613693353840546,0.6343771179213497,0.7867773066014959
random,logreg_l1_c1__ecfp_2048_rdkit2d_normalized_200,"Logistic Regression (L1, C=1)",ECFP4 (2048-bit) + RDKit2D (200-d),valid,MCC,0.6289176551353997,0.0813753204344594,0.5278768494096361,0.7299584608611632
random,logreg_l1_c1__ecfp_2048_rdkit2d_normalized_200,"Logistic Regression (L1, C=1)",ECFP4 (2048-bit) + RDKit2D (200-d),test,AUROC,0.8969275362318841,0.0131582710345377,0.8805893848096912,0.9132656876540772
random,logreg_l1_c1__ecfp_2048_rdkit2d_normalized_200,"Logistic Regression (L1, C=1)",ECFP4 (2048-bit) + RDKit2D (200-d),test,AUPRC,0.7298741109252046,0.0285683398615884,0.6944018318306207,0.7653463900197885
random,logreg_l1_c1__ecfp_2048_rdkit2d_normalized_200,"Logistic Regression (L1, C=1)",ECFP4 (2048-bit) + RDKit2D (200-d),test,Accuracy,0.8714285714285713,0.0170746944190627,0.8502275380880904,0.8926296047690523
random,logreg_l1_c1__ecfp_2048_rdkit2d_normalized_200,"Logistic Regression (L1, C=1)",ECFP4 (2048-bit) + RDKit2D (200-d),test,F1,0.7476481399464643,0.0235918769672288,0.7183549556662036,0.776941324226725
random,logreg_l1_c1__ecfp_2048_rdkit2d_normalized_200,"Logistic Regression (L1, C=1)",ECFP4 (2048-bit) + RDKit2D (200-d),test,MCC,0.6663752504632202,0.0320313508671026,0.6266030752777059,0.7061474256487346
random,lgbm__ecfp_1024,LightGBM,ECFP4 (1024-bit),valid,AUROC,0.90621061161592,0.0183534649063345,0.8834217749994283,0.928999448232412
random,lgbm__ecfp_1024,LightGBM,ECFP4 (1024-bit),valid,AUPRC,0.8041173293288383,0.0429213607513499,0.7508234209299709,0.8574112377277057
random,lgbm__ecfp_1024,LightGBM,ECFP4 (1024-bit),valid,Accuracy,0.8880136106831023,0.0145792807940537,0.8699110426014222,0.9061161787647825
random,lgbm__ecfp_1024,LightGBM,ECFP4 (1024-bit),valid,F1,0.7369458207063841,0.0361807809054614,0.6920214476291744,0.7818701937835939
random,lgbm__ecfp_1024,LightGBM,ECFP4 (1024-bit),valid,MCC,0.6718842263913127,0.0444104458896042,0.6167413745860146,0.7270270781966108
random,lgbm__ecfp_1024,LightGBM,ECFP4 (1024-bit),test,AUROC,0.9372753623188406,0.0103490844848439,0.9244252766996406,0.9501254479380404
random,lgbm__ecfp_1024,LightGBM,ECFP4 (1024-bit),test,AUPRC,0.8800359410976707,0.0217712081329998,0.8530034157615237,0.9070684664338176
random,lgbm__ecfp_1024,LightGBM,ECFP4 (1024-bit),test,Accuracy,0.9020408163265308,0.0198914170302224,0.8773423599268462,0.9267392727262151
random,lgbm__ecfp_1024,LightGBM,ECFP4 (1024-bit),test,F1,0.7856744585888574,0.043254733399156,0.7319666133752233,0.8393823038024916
random,lgbm__ecfp_1024,LightGBM,ECFP4 (1024-bit),test,MCC,0.723293015204179,0.0558316048466019,0.6539689215042145,0.7926171089041435
random,logreg_l1_c1__ecfp_2048,"Logistic Regression (L1, C=1)",ECFP4 (2048-bit),valid,AUROC,0.8678702375259046,0.0349356398165963,0.824491911311423,0.9112485637403864
random,logreg_l1_c1__ecfp_2048,"Logistic Regression (L1, C=1)",ECFP4 (2048-bit),valid,AUPRC,0.7549277878658401,0.0427944808166906,0.7017914217139337,0.8080641540177466
random,logreg_l1_c1__ecfp_2048,"Logistic Regression (L1, C=1)",ECFP4 (2048-bit),valid,Accuracy,0.8676361068310221,0.0206949944903849,0.8419398772292859,0.8933323364327583
random,logreg_l1_c1__ecfp_2048,"Logistic Regression (L1, C=1)",ECFP4 (2048-bit),valid,F1,0.7078677195660555,0.0443152653646903,0.6528430499918733,0.7628923891402378
random,logreg_l1_c1__ecfp_2048,"Logistic Regression (L1, C=1)",ECFP4 (2048-bit),valid,MCC,0.6243280978324715,0.0580661638075108,0.5522294327188827,0.6964267629460602
random,logreg_l1_c1__ecfp_2048,"Logistic Regression (L1, C=1)",ECFP4 (2048-bit),test,AUROC,0.8911304347826088,0.0141667685974316,0.8735400682442943,0.9087208013209233
random,logreg_l1_c1__ecfp_2048,"Logistic Regression (L1, C=1)",ECFP4 (2048-bit),test,AUPRC,0.7249665067810268,0.0286047085613168,0.6894490699813287,0.7604839435807249
random,logreg_l1_c1__ecfp_2048,"Logistic Regression (L1, C=1)",ECFP4 (2048-bit),test,Accuracy,0.863265306122449,0.018536634821005,0.8402490340173567,0.8862815782275413
random,logreg_l1_c1__ecfp_2048,"Logistic Regression (L1, C=1)",ECFP4 (2048-bit),test,F1,0.7358944936465152,0.0261554738194533,0.7034181834489388,0.7683708038440915
random,logreg_l1_c1__ecfp_2048,"Logistic Regression (L1, C=1)",ECFP4 (2048-bit),test,MCC,0.650321090751327,0.0353166476959595,0.6064696807700081,0.694172500732646
random,logreg_l2_c1__ecfp_2048_rdkit2d_normalized_200,"Logistic Regression (L2, C=1)",ECFP4 (2048-bit) + RDKit2D (200-d),valid,AUROC,0.8636060630214144,0.0319761252673765,0.8239024594748592,0.9033096665679696
random,logreg_l2_c1__ecfp_2048_rdkit2d_normalized_200,"Logistic Regression (L2, C=1)",ECFP4 (2048-bit) + RDKit2D (200-d),valid,AUPRC,0.7536691741570406,0.0451844753582936,0.6975652378269221,0.809773110487159
random,logreg_l2_c1__ecfp_2048_rdkit2d_normalized_200,"Logistic Regression (L2, C=1)",ECFP4 (2048-bit) + RDKit2D (200-d),valid,Accuracy,0.8676489470980997,0.0205864412546629,0.8420875041410479,0.8932103900551515
random,logreg_l2_c1__ecfp_2048_rdkit2d_normalized_200,"Logistic Regression (L2, C=1)",ECFP4 (2048-bit) + RDKit2D (200-d),valid,F1,0.708802488778382,0.0343560167735931,0.6661438596289266,0.7514611179278374
random,logreg_l2_c1__ecfp_2048_rdkit2d_normalized_200,"Logistic Regression (L2, C=1)",ECFP4 (2048-bit) + RDKit2D (200-d),valid,MCC,0.6265176370097575,0.0476206939003083,0.5673887358242629,0.6856465381952521
random,logreg_l2_c1__ecfp_2048_rdkit2d_normalized_200,"Logistic Regression (L2, C=1)",ECFP4 (2048-bit) + RDKit2D (200-d),test,AUROC,0.9067826086956522,0.0073029674334022,0.8977147769535421,0.9158504404377624
random,logreg_l2_c1__ecfp_2048_rdkit2d_normalized_200,"Logistic Regression (L2, C=1)",ECFP4 (2048-bit) + RDKit2D (200-d),test,AUPRC,0.7583192218737095,0.0168713238232924,0.7373707064802898,0.7792677372671292
random,logreg_l2_c1__ecfp_2048_rdkit2d_normalized_200,"Logistic Regression (L2, C=1)",ECFP4 (2048-bit) + RDKit2D (200-d),test,Accuracy,0.8755102040816327,0.0232688862265129,0.8466180657758721,0.9044023423873934
random,logreg_l2_c1__ecfp_2048_rdkit2d_normalized_200,"Logistic Regression (L2, C=1)",ECFP4 (2048-bit) + RDKit2D (200-d),test,F1,0.7534353741496599,0.043092553433444,0.6999289019606804,0.8069418463386394
random,logreg_l2_c1__ecfp_2048_rdkit2d_normalized_200,"Logistic Regression (L2, C=1)",ECFP4 (2048-bit) + RDKit2D (200-d),test,MCC,0.6736597519451173,0.0581211173111615,0.6014928530444703,0.7458266508457643
random,logreg_l1_c0_1__ecfp_2048_rdkit2d_normalized_200,"Logistic Regression (L1, C=0.1)",ECFP4 (2048-bit) + RDKit2D (200-d),valid,AUROC,0.8756462883256283,0.0176490106062095,0.8537321472519814,0.8975604293992752
random,logreg_l1_c0_1__ecfp_2048_rdkit2d_normalized_200,"Logistic Regression (L1, C=0.1)",ECFP4 (2048-bit) + RDKit2D (200-d),valid,AUPRC,0.7557676838087042,0.0235441039199285,0.7265338176013608,0.7850015500160475
random,logreg_l1_c0_1__ecfp_2048_rdkit2d_normalized_200,"Logistic Regression (L1, C=0.1)",ECFP4 (2048-bit) + RDKit2D (200-d),valid,Accuracy,0.8620184899845917,0.0160322445572665,0.8421118291074355,0.8819251508617479
random,logreg_l1_c0_1__ecfp_2048_rdkit2d_normalized_200,"Logistic Regression (L1, C=0.1)",ECFP4 (2048-bit) + RDKit2D (200-d),valid,F1,0.699544062874993,0.024976000933009,0.668532261697372,0.7305558640526141
random,logreg_l1_c0_1__ecfp_2048_rdkit2d_normalized_200,"Logistic Regression (L1, C=0.1)",ECFP4 (2048-bit) + RDKit2D (200-d),valid,MCC,0.6137641048575155,0.0353740355262881,0.5698414384733426,0.6576867712416885
random,logreg_l1_c0_1__ecfp_2048_rdkit2d_normalized_200,"Logistic Regression (L1, C=0.1)",ECFP4 (2048-bit) + RDKit2D (200-d),test,AUROC,0.9281159420289856,0.0134087344999656,0.9114667991389054,0.9447650849190656
random,logreg_l1_c0_1__ecfp_2048_rdkit2d_normalized_200,"Logistic Regression (L1, C=0.1)",ECFP4 (2048-bit) + RDKit2D (200-d),test,AUPRC,0.7921393960741926,0.0522990208299565,0.7272015847683266,0.8570772073800585
random,logreg_l1_c0_1__ecfp_2048_rdkit2d_normalized_200,"Logistic Regression (L1, C=0.1)",ECFP4 (2048-bit) + RDKit2D (200-d),test,Accuracy,0.8795918367346939,0.0182536161428554,0.8569269787330792,0.9022566947363084
random,logreg_l1_c0_1__ecfp_2048_rdkit2d_normalized_200,"Logistic Regression (L1, C=0.1)",ECFP4 (2048-bit) + RDKit2D (200-d),test,F1,0.7614191522762951,0.0324693931061164,0.7211030758129048,0.8017352287396854
random,logreg_l1_c0_1__ecfp_2048_rdkit2d_normalized_200,"Logistic Regression (L1, C=0.1)",ECFP4 (2048-bit) + RDKit2D (200-d),test,MCC,0.6847658718356685,0.0433430702546928,0.6309483419287998,0.7385834017425372
random,xgb__ecfp_2048,XGBoost,ECFP4 (2048-bit),valid,AUROC,0.8957940113714862,0.0233707874416273,0.8667753459955448,0.9248126767474276
random,xgb__ecfp_2048,XGBoost,ECFP4 (2048-bit),valid,AUPRC,0.7912173275221859,0.045644276447012,0.7345424727338709,0.8478921823105009
random,xgb__ecfp_2048,XGBoost,ECFP4 (2048-bit),valid,Accuracy,0.8868772470467385,0.0089376006960939,0.8757797500320778,0.8979747440613993
random,xgb__ecfp_2048,XGBoost,ECFP4 (2048-bit),valid,F1,0.729287433100628,0.0238139173501294,0.6997185492707723,0.7588563169304838
random,xgb__ecfp_2048,XGBoost,ECFP4 (2048-bit),valid,MCC,0.6664256532502326,0.0273861094538998,0.6324213070904573,0.7004299994100079
random,xgb__ecfp_2048,XGBoost,ECFP4 (2048-bit),test,AUROC,0.9434202898550724,0.0068297630029092,0.934940019018096,0.9519005606920488
random,xgb__ecfp_2048,XGBoost,ECFP4 (2048-bit),test,AUPRC,0.8967077482764687,0.0123506961162849,0.8813723335561225,0.9120431629968148
random,xgb__ecfp_2048,XGBoost,ECFP4 (2048-bit),test,Accuracy,0.9183673469387756,0.0204081632653061,0.8930272653427804,0.9437074285347709
random,xgb__ecfp_2048,XGBoost,ECFP4 (2048-bit),test,F1,0.8252550992358019,0.0394922206551125,0.7762190306392294,0.8742911678323744
random,xgb__ecfp_2048,XGBoost,ECFP4 (2048-bit),test,MCC,0.7731215456217464,0.0531701850839265,0.7071020410252038,0.839141050218289
random,logreg_l2_c1__ecfp_2048,"Logistic Regression (L2, C=1)",ECFP4 (2048-bit),valid,AUROC,0.8628831234390775,0.0344905244787818,0.8200574809146083,0.9057087659635468
random,logreg_l2_c1__ecfp_2048,"Logistic Regression (L2, C=1)",ECFP4 (2048-bit),valid,AUPRC,0.7482127372662364,0.051569480135357,0.6841807703760793,0.8122447041563935
random,logreg_l2_c1__ecfp_2048,"Logistic Regression (L2, C=1)",ECFP4 (2048-bit),valid,Accuracy,0.8619863893168977,0.0202498431267082,0.8368428881371901,0.8871298904966054
random,logreg_l2_c1__ecfp_2048,"Logistic Regression (L2, C=1)",ECFP4 (2048-bit),valid,F1,0.6986483821922626,0.0317176511738271,0.659265716622136,0.7380310477623891
random,logreg_l2_c1__ecfp_2048,"Logistic Regression (L2, C=1)",ECFP4 (2048-bit),valid,MCC,0.6123865049257591,0.0451556815249015,0.5563183208619339,0.6684546889895843
random,logreg_l2_c1__ecfp_2048,"Logistic Regression (L2, C=1)",ECFP4 (2048-bit),test,AUROC,0.8993623188405797,0.0075317712551474,0.8900103896303571,0.9087142480508024
random,logreg_l2_c1__ecfp_2048,"Logistic Regression (L2, C=1)",ECFP4 (2048-bit),test,AUPRC,0.7335853903998139,0.0133798935007331,0.7169720583401529,0.7501987224594748
random,logreg_l2_c1__ecfp_2048,"Logistic Regression (L2, C=1)",ECFP4 (2048-bit),test,Accuracy,0.8755102040816327,0.0232688862265129,0.8466180657758721,0.9044023423873934
random,logreg_l2_c1__ecfp_2048,"Logistic Regression (L2, C=1)",ECFP4 (2048-bit),test,F1,0.7558969126111983,0.0378860663652912,0.7088551479718576,0.802938677250539
random,logreg_l2_c1__ecfp_2048,"Logistic Regression (L2, C=1)",ECFP4 (2048-bit),test,MCC,0.6768192972940421,0.0514391818215149,0.6129491171292094,0.7406894774588748
random,lgbm__ecfp_2048,LightGBM,ECFP4 (2048-bit),valid,AUROC,0.8951053456612998,0.0205339636084543,0.8696090623082557,0.920601629014344
random,lgbm__ecfp_2048,LightGBM,ECFP4 (2048-bit),valid,AUPRC,0.7875863664066423,0.0419547766361797,0.7354926307048173,0.8396801021084672
random,lgbm__ecfp_2048,LightGBM,ECFP4 (2048-bit),valid,Accuracy,0.8846366204417052,0.0247156005169109,0.8539481490858705,0.91532509179754
random,lgbm__ecfp_2048,LightGBM,ECFP4 (2048-bit),valid,F1,0.7313782883782884,0.0561183264416199,0.6616981827962825,0.8010583939602944
random,lgbm__ecfp_2048,LightGBM,ECFP4 (2048-bit),valid,MCC,0.6634738509299065,0.0718195204504775,0.5742981380182894,0.7526495638415236
random,lgbm__ecfp_2048,LightGBM,ECFP4 (2048-bit),test,AUROC,0.9222028985507246,0.0077603248837943,0.9125671825281524,0.9318386145732968
random,lgbm__ecfp_2048,LightGBM,ECFP4 (2048-bit),test,AUPRC,0.8685861555320074,0.0292480020111707,0.8322699644153453,0.9049023466486694
random,lgbm__ecfp_2048,LightGBM,ECFP4 (2048-bit),test,Accuracy,0.9122448979591836,0.0198914170302223,0.8875464415594994,0.936943354358868
random,lgbm__ecfp_2048,LightGBM,ECFP4 (2048-bit),test,F1,0.8068423364075539,0.0446808095069628,0.7513637838321575,0.8623208889829502
random,lgbm__ecfp_2048,LightGBM,ECFP4 (2048-bit),test,MCC,0.7509896052581896,0.0572811051540473,0.6798657192110847,0.8221134913052944
random,logreg_l1_c0_1__ecfp_1024,"Logistic Regression (L1, C=0.1)",ECFP4 (1024-bit),valid,AUROC,0.8758224400871459,0.0258059217619918,0.8437801560948175,0.9078647240794744
random,logreg_l1_c0_1__ecfp_1024,"Logistic Regression (L1, C=0.1)",ECFP4 (1024-bit),valid,AUPRC,0.7590566346378198,0.0192046025163149,0.7352109710934981,0.7829022981821415
random,logreg_l1_c0_1__ecfp_1024,"Logistic Regression (L1, C=0.1)",ECFP4 (1024-bit),valid,Accuracy,0.8507126348228043,0.0270837158981478,0.8170837598544952,0.8843415097911135
random,logreg_l1_c0_1__ecfp_1024,"Logistic Regression (L1, C=0.1)",ECFP4 (1024-bit),valid,F1,0.6879016542881037,0.0488522160155894,0.6272436164290728,0.7485596921471346
random,logreg_l1_c0_1__ecfp_1024,"Logistic Regression (L1, C=0.1)",ECFP4 (1024-bit),valid,MCC,0.5920124446228519,0.0676500558379619,0.50801380581238,0.6760110834333237
random,logreg_l1_c0_1__ecfp_1024,"Logistic Regression (L1, C=0.1)",ECFP4 (1024-bit),test,AUROC,0.9438840579710146,0.0154122786207339,0.9247471864773636,0.9630209294646656
random,logreg_l1_c0_1__ecfp_1024,"Logistic Regression (L1, C=0.1)",ECFP4 (1024-bit),test,AUPRC,0.8643344274383837,0.0270382410328578,0.8307620169731283,0.8979068379036391
random,logreg_l1_c0_1__ecfp_1024,"Logistic Regression (L1, C=0.1)",ECFP4 (1024-bit),test,Accuracy,0.883673469387755,0.0116344431132565,0.8692274002348747,0.8981195385406354
random,logreg_l1_c0_1__ecfp_1024,"Logistic Regression (L1, C=0.1)",ECFP4 (1024-bit),test,F1,0.7713177270908363,0.0188156527813164,0.7479550084295731,0.7946804457520996
random,logreg_l1_c0_1__ecfp_1024,"Logistic Regression (L1, C=0.1)",ECFP4 (1024-bit),test,MCC,0.6978613820809216,0.0254942567824657,0.6662060812731717,0.7295166828886716
random,logreg_l1_c0_1__ecfp_1024_rdkit2d_normalized_200,"Logistic Regression (L1, C=0.1)",ECFP4 (1024-bit) + RDKit2D (200-d),valid,AUROC,0.8767106381848132,0.0189371380098088,0.8531970756890175,0.9002242006806089
random,logreg_l1_c0_1__ecfp_1024_rdkit2d_normalized_200,"Logistic Regression (L1, C=0.1)",ECFP4 (1024-bit) + RDKit2D (200-d),valid,AUPRC,0.7564183063032301,0.0140201249804724,0.7390100218646602,0.7738265907418
random,logreg_l1_c0_1__ecfp_1024_rdkit2d_normalized_200,"Logistic Regression (L1, C=0.1)",ECFP4 (1024-bit) + RDKit2D (200-d),valid,Accuracy,0.8484655880842322,0.0344962832171103,0.8056327951417055,0.891298381026759
random,logreg_l1_c0_1__ecfp_1024_rdkit2d_normalized_200,"Logistic Regression (L1, C=0.1)",ECFP4 (1024-bit) + RDKit2D (200-d),valid,F1,0.688197829271,0.0514372392564995,0.6243300611192111,0.752065597422789
random,logreg_l1_c0_1__ecfp_1024_rdkit2d_normalized_200,"Logistic Regression (L1, C=0.1)",ECFP4 (1024-bit) + RDKit2D (200-d),valid,MCC,0.5919265446354517,0.0752815052519273,0.4984522098335457,0.6854008794373576
random,logreg_l1_c0_1__ecfp_1024_rdkit2d_normalized_200,"Logistic Regression (L1, C=0.1)",ECFP4 (1024-bit) + RDKit2D (200-d),test,AUROC,0.943768115942029,0.0119791178665344,0.9288940765569136,0.9586421553271444
random,logreg_l1_c0_1__ecfp_1024_rdkit2d_normalized_200,"Logistic Regression (L1, C=0.1)",ECFP4 (1024-bit) + RDKit2D (200-d),test,AUPRC,0.8571955010546416,0.031282731477615,0.8183528596134113,0.8960381424958719
random,logreg_l1_c0_1__ecfp_1024_rdkit2d_normalized_200,"Logistic Regression (L1, C=0.1)",ECFP4 (1024-bit) + RDKit2D (200-d),test,Accuracy,0.883673469387755,0.0275699103798087,0.8494409042354422,0.917906034540068
random,logreg_l1_c0_1__ecfp_1024_rdkit2d_normalized_200,"Logistic Regression (L1, C=0.1)",ECFP4 (1024-bit) + RDKit2D (200-d),test,F1,0.770461785368812,0.0453397927843354,0.7141649969824839,0.8267585737551402
random,logreg_l1_c0_1__ecfp_1024_rdkit2d_normalized_200,"Logistic Regression (L1, C=0.1)",ECFP4 (1024-bit) + RDKit2D (200-d),test,MCC,0.6966703872584366,0.0616268721784341,0.6201505187525695,0.7731902557643036
random,knn_k5__ecfp_1024,k-Nearest Neighbors (k=5),ECFP4 (1024-bit),valid,AUROC,0.8550727987672033,0.0515151650592461,0.7911082729516128,0.919037324582794
random,knn_k5__ecfp_1024,k-Nearest Neighbors (k=5),ECFP4 (1024-bit),valid,AUPRC,0.7124044104988771,0.0885496443286864,0.6024555050821989,0.8223533159155554
random,knn_k5__ecfp_1024,k-Nearest Neighbors (k=5),ECFP4 (1024-bit),valid,Accuracy,0.8540896250642014,0.03684051696945,0.8083460814680203,0.8998331686603824
random,knn_k5__ecfp_1024,k-Nearest Neighbors (k=5),ECFP4 (1024-bit),valid,F1,0.647838823690605,0.078413395107003,0.5504757340093119,0.745201913371898
random,knn_k5__ecfp_1024,k-Nearest Neighbors (k=5),ECFP4 (1024-bit),valid,MCC,0.5663913699446177,0.1046745738251044,0.4364207200986633,0.6963620197905721
random,knn_k5__ecfp_1024,k-Nearest Neighbors (k=5),ECFP4 (1024-bit),test,AUROC,0.9165797101449276,0.0099450284907796,0.9042313263068156,0.9289280939830394
random,knn_k5__ecfp_1024,k-Nearest Neighbors (k=5),ECFP4 (1024-bit),test,AUPRC,0.7335301560731871,0.0373226537430215,0.6871879606030521,0.779872351543322
random,knn_k5__ecfp_1024,k-Nearest Neighbors (k=5),ECFP4 (1024-bit),test,Accuracy,0.8795918367346939,0.0133044947044952,0.8630721246458295,0.8961115488235583
random,knn_k5__ecfp_1024,k-Nearest Neighbors (k=5),ECFP4 (1024-bit),test,F1,0.7279969126480754,0.0302302582984247,0.6904610892625207,0.7655327360336301
random,knn_k5__ecfp_1024,k-Nearest Neighbors (k=5),ECFP4 (1024-bit),test,MCC,0.6533522820010995,0.0382192137847563,0.6058968602049145,0.7008077037972845
random,knn_k5__ecfp_2048_rdkit2d_normalized_200,k-Nearest Neighbors (k=5),ECFP4 (2048-bit) + RDKit2D (200-d),valid,AUROC,0.8470901748233167,0.0543047835101129,0.77966188020856,0.9145184694380736
random,knn_k5__ecfp_2048_rdkit2d_normalized_200,k-Nearest Neighbors (k=5),ECFP4 (2048-bit) + RDKit2D (200-d),valid,AUPRC,0.7010963132578288,0.0968316886727822,0.5808638915475597,0.821328734968098
random,knn_k5__ecfp_2048_rdkit2d_normalized_200,k-Nearest Neighbors (k=5),ECFP4 (2048-bit) + RDKit2D (200-d),valid,Accuracy,0.8439201335387775,0.0372636657279156,0.797651181363325,0.8901890857142299
random,knn_k5__ecfp_2048_rdkit2d_normalized_200,k-Nearest Neighbors (k=5),ECFP4 (2048-bit) + RDKit2D (200-d),valid,F1,0.6204101936030901,0.0766890820526894,0.525188121362971,0.7156322658432093
random,knn_k5__ecfp_2048_rdkit2d_normalized_200,k-Nearest Neighbors (k=5),ECFP4 (2048-bit) + RDKit2D (200-d),valid,MCC,0.5337705539432552,0.1053084952826728,0.4030127866457491,0.6645283212407613
random,knn_k5__ecfp_2048_rdkit2d_normalized_200,k-Nearest Neighbors (k=5),ECFP4 (2048-bit) + RDKit2D (200-d),test,AUROC,0.9201159420289856,0.010542121034214,0.9070261698760952,0.9332057141818758
random,knn_k5__ecfp_2048_rdkit2d_normalized_200,k-Nearest Neighbors (k=5),ECFP4 (2048-bit) + RDKit2D (200-d),test,AUPRC,0.7697741916688589,0.0279102759045681,0.7351190068982225,0.8044293764394952
random,knn_k5__ecfp_2048_rdkit2d_normalized_200,k-Nearest Neighbors (k=5),ECFP4 (2048-bit) + RDKit2D (200-d),test,Accuracy,0.8795918367346939,0.0151350989532564,0.8607991292551838,0.898384544214204
random,knn_k5__ecfp_2048_rdkit2d_normalized_200,k-Nearest Neighbors (k=5),ECFP4 (2048-bit) + RDKit2D (200-d),test,F1,0.7182160912899033,0.0495518794470095,0.6566893065372184,0.7797428760425882
random,knn_k5__ecfp_2048_rdkit2d_normalized_200,k-Nearest Neighbors (k=5),ECFP4 (2048-bit) + RDKit2D (200-d),test,MCC,0.6485574418374718,0.052847559813583,0.5829385294240256,0.714176354250918
random,knn_k5__ecfp_1024_rdkit2d_normalized_200,k-Nearest Neighbors (k=5),ECFP4 (1024-bit) + RDKit2D (200-d),valid,AUROC,0.8605211488389394,0.0539668876915012,0.7935124072972963,0.9275298903805824
random,knn_k5__ecfp_1024_rdkit2d_normalized_200,k-Nearest Neighbors (k=5),ECFP4 (1024-bit) + RDKit2D (200-d),valid,AUPRC,0.7201387891314043,0.0862211108817892,0.6130811398643515,0.827196438398457
random,knn_k5__ecfp_1024_rdkit2d_normalized_200,k-Nearest Neighbors (k=5),ECFP4 (1024-bit) + RDKit2D (200-d),valid,Accuracy,0.8552324088341038,0.031470709434083,0.8161563619318712,0.8943084557363363
random,knn_k5__ecfp_1024_rdkit2d_normalized_200,k-Nearest Neighbors (k=5),ECFP4 (1024-bit) + RDKit2D (200-d),valid,F1,0.6492742969937645,0.0692920209381659,0.5632368892320623,0.7353117047554667
random,knn_k5__ecfp_1024_rdkit2d_normalized_200,k-Nearest Neighbors (k=5),ECFP4 (1024-bit) + RDKit2D (200-d),valid,MCC,0.5682706830000335,0.0923128217382133,0.453649175675092,0.682892190324975
random,knn_k5__ecfp_1024_rdkit2d_normalized_200,k-Nearest Neighbors (k=5),ECFP4 (1024-bit) + RDKit2D (200-d),test,AUROC,0.9322898550724638,0.0132790324652668,0.9158017585293629,0.9487779516155648
random,knn_k5__ecfp_1024_rdkit2d_normalized_200,k-Nearest Neighbors (k=5),ECFP4 (1024-bit) + RDKit2D (200-d),test,AUPRC,0.7882290162123892,0.0423682831636021,0.7356218443424416,0.8408361880823367
random,knn_k5__ecfp_1024_rdkit2d_normalized_200,k-Nearest Neighbors (k=5),ECFP4 (1024-bit) + RDKit2D (200-d),test,Accuracy,0.8918367346938776,0.0091268080714277,0.8805043056930703,0.9031691636946848
random,knn_k5__ecfp_1024_rdkit2d_normalized_200,k-Nearest Neighbors (k=5),ECFP4 (1024-bit) + RDKit2D (200-d),test,F1,0.7572073713809875,0.026912522440866,0.7237910611653131,0.7906236815966619
random,knn_k5__ecfp_1024_rdkit2d_normalized_200,k-Nearest Neighbors (k=5),ECFP4 (1024-bit) + RDKit2D (200-d),test,MCC,0.6908158579595127,0.0291594622383139,0.6546096034912161,0.7270221124278093
random,logreg_l2_c0_1__ecfp_1024_rdkit2d_normalized_200,"Logistic Regression (L2, C=0.1)",ECFP4 (1024-bit) + RDKit2D (200-d),valid,AUROC,0.8663806525320155,0.0199018824079286,0.8416692016496056,0.8910921034144254
random,logreg_l2_c0_1__ecfp_1024_rdkit2d_normalized_200,"Logistic Regression (L2, C=0.1)",ECFP4 (1024-bit) + RDKit2D (200-d),valid,AUPRC,0.752520232207402,0.0272344463571616,0.7187042006547026,0.7863362637601015
random,logreg_l2_c0_1__ecfp_1024_rdkit2d_normalized_200,"Logistic Regression (L2, C=0.1)",ECFP4 (1024-bit) + RDKit2D (200-d),valid,Accuracy,0.852946841294299,0.0186808511097772,0.8297515010154837,0.8761421815731143
random,logreg_l2_c0_1__ecfp_1024_rdkit2d_normalized_200,"Logistic Regression (L2, C=0.1)",ECFP4 (1024-bit) + RDKit2D (200-d),valid,F1,0.6795467277820219,0.037342395807436,0.6331800193012532,0.7259134362627905
random,logreg_l2_c0_1__ecfp_1024_rdkit2d_normalized_200,"Logistic Regression (L2, C=0.1)",ECFP4 (1024-bit) + RDKit2D (200-d),valid,MCC,0.585929377092109,0.0482804965955537,0.5259812226540104,0.6458775315302077
random,logreg_l2_c0_1__ecfp_1024_rdkit2d_normalized_200,"Logistic Regression (L2, C=0.1)",ECFP4 (1024-bit) + RDKit2D (200-d),test,AUROC,0.9153623188405796,0.012988612465164,0.8992348263559649,0.9314898113251946
random,logreg_l2_c0_1__ecfp_1024_rdkit2d_normalized_200,"Logistic Regression (L2, C=0.1)",ECFP4 (1024-bit) + RDKit2D (200-d),test,AUPRC,0.7879725178793683,0.0360057296879812,0.7432654995967454,0.8326795361619912
random,logreg_l2_c0_1__ecfp_1024_rdkit2d_normalized_200,"Logistic Regression (L2, C=0.1)",ECFP4 (1024-bit) + RDKit2D (200-d),test,Accuracy,0.8653061224489796,0.0167670170664847,0.8444871210002575,0.8861251238977018
random,logreg_l2_c0_1__ecfp_1024_rdkit2d_normalized_200,"Logistic Regression (L2, C=0.1)",ECFP4 (1024-bit) + RDKit2D (200-d),test,F1,0.7464128176669796,0.0287784879128647,0.7106796053028331,0.7821460300311261
random,logreg_l2_c0_1__ecfp_1024_rdkit2d_normalized_200,"Logistic Regression (L2, C=0.1)",ECFP4 (1024-bit) + RDKit2D (200-d),test,MCC,0.6645671269691918,0.0390409201172667,0.6160914220028325,0.7130428319355512
random,knn_k5__ecfp_2048,k-Nearest Neighbors (k=5),ECFP4 (2048-bit),valid,AUROC,0.8441681279557892,0.0435904605314463,0.79004342244877,0.8982928334628084
random,knn_k5__ecfp_2048,k-Nearest Neighbors (k=5),ECFP4 (2048-bit),valid,AUPRC,0.6923617602012022,0.0821352064043653,0.5903774314238663,0.7943460889785381
random,knn_k5__ecfp_2048,k-Nearest Neighbors (k=5),ECFP4 (2048-bit),valid,Accuracy,0.8393939393939395,0.026501763789172,0.8064876534080243,0.8723002253798546
random,knn_k5__ecfp_2048,k-Nearest Neighbors (k=5),ECFP4 (2048-bit),valid,F1,0.5950631696934507,0.0535562403523818,0.5285643141687505,0.661562025218151
random,knn_k5__ecfp_2048,k-Nearest Neighbors (k=5),ECFP4 (2048-bit),valid,MCC,0.5124676148215991,0.0745530526632448,0.4198977733734585,0.6050374562697396
random,knn_k5__ecfp_2048,k-Nearest Neighbors (k=5),ECFP4 (2048-bit),test,AUROC,0.9125797101449276,0.0106669029589454,0.8993350007684717,0.9258244195213834
random,knn_k5__ecfp_2048,k-Nearest Neighbors (k=5),ECFP4 (2048-bit),test,AUPRC,0.7233343092006017,0.0301472282686988,0.6859015812137275,0.760767037187476
random,knn_k5__ecfp_2048,k-Nearest Neighbors (k=5),ECFP4 (2048-bit),test,Accuracy,0.8734693877551021,0.0136902121071415,0.856470744253891,0.8904680312563131
random,knn_k5__ecfp_2048,k-Nearest Neighbors (k=5),ECFP4 (2048-bit),test,F1,0.6939089072653273,0.0495059366952641,0.632439167973463,0.7553786465571916
random,knn_k5__ecfp_2048,k-Nearest Neighbors (k=5),ECFP4 (2048-bit),test,MCC,0.6255990388036817,0.0481044667530471,0.5658694542836331,0.6853286233237303
random,logreg_l1_c1__ecfp_1024_rdkit2d_normalized_200,"Logistic Regression (L1, C=1)",ECFP4 (1024-bit) + RDKit2D (200-d),valid,AUROC,0.8503168340506935,0.0356058112695161,0.8061063800704974,0.8945272880308895
random,logreg_l1_c1__ecfp_1024_rdkit2d_normalized_200,"Logistic Regression (L1, C=1)",ECFP4 (1024-bit) + RDKit2D (200-d),valid,AUPRC,0.7307512063185684,0.0196289468160115,0.7063786497344704,0.7551237629026664
random,logreg_l1_c1__ecfp_1024_rdkit2d_normalized_200,"Logistic Regression (L1, C=1)",ECFP4 (1024-bit) + RDKit2D (200-d),valid,Accuracy,0.854070364663585,0.0231011535617212,0.825386493969019,0.882754235358151
random,logreg_l1_c1__ecfp_1024_rdkit2d_normalized_200,"Logistic Regression (L1, C=1)",ECFP4 (1024-bit) + RDKit2D (200-d),valid,F1,0.6826470925719685,0.0387608001701673,0.6345192024591013,0.7307749826848358
random,logreg_l1_c1__ecfp_1024_rdkit2d_normalized_200,"Logistic Regression (L1, C=1)",ECFP4 (1024-bit) + RDKit2D (200-d),valid,MCC,0.5894914842390705,0.0564780106239267,0.5193647717571708,0.6596181967209702
random,logreg_l1_c1__ecfp_1024_rdkit2d_normalized_200,"Logistic Regression (L1, C=1)",ECFP4 (1024-bit) + RDKit2D (200-d),test,AUROC,0.903768115942029,0.027886408048245,0.8691425670293034,0.9383936648547546
random,logreg_l1_c1__ecfp_1024_rdkit2d_normalized_200,"Logistic Regression (L1, C=1)",ECFP4 (1024-bit) + RDKit2D (200-d),test,AUPRC,0.7464801801428564,0.0681550585663379,0.6618544976255654,0.8311058626601475
random,logreg_l1_c1__ecfp_1024_rdkit2d_normalized_200,"Logistic Regression (L1, C=1)",ECFP4 (1024-bit) + RDKit2D (200-d),test,Accuracy,0.8714285714285713,0.018536634821005,0.8484122993234791,0.8944448435336636
random,logreg_l1_c1__ecfp_1024_rdkit2d_normalized_200,"Logistic Regression (L1, C=1)",ECFP4 (1024-bit) + RDKit2D (200-d),test,F1,0.7529047961710084,0.0354631053302654,0.7088715350179097,0.796938057324107
random,logreg_l1_c1__ecfp_1024_rdkit2d_normalized_200,"Logistic Regression (L1, C=1)",ECFP4 (1024-bit) + RDKit2D (200-d),test,MCC,0.6734532363048383,0.0480048386053363,0.6138473564690099,0.7330591161406668
random,knn_k3__ecfp_1024,k-Nearest Neighbors (k=3),ECFP4 (1024-bit),valid,AUROC,0.8392312290769967,0.0440450667520937,0.7845420553924402,0.8939204027615532
random,knn_k3__ecfp_1024,k-Nearest Neighbors (k=3),ECFP4 (1024-bit),valid,AUPRC,0.7011881009512162,0.0569921310556751,0.6304230236384735,0.7719531782639589
random,knn_k3__ecfp_1024,k-Nearest Neighbors (k=3),ECFP4 (1024-bit),valid,Accuracy,0.8439072932717,0.0373135405201432,0.7975764133623208,0.8902381731810792
random,knn_k3__ecfp_1024,k-Nearest Neighbors (k=3),ECFP4 (1024-bit),valid,F1,0.6394549230023199,0.062857210958027,0.5614073871282383,0.7175024588764014
random,knn_k3__ecfp_1024,k-Nearest Neighbors (k=3),ECFP4 (1024-bit),valid,MCC,0.546465872544958,0.0927608721501469,0.4312880371541382,0.6616437079357779
random,knn_k3__ecfp_1024,k-Nearest Neighbors (k=3),ECFP4 (1024-bit),test,AUROC,0.8818550724637682,0.0188546213003982,0.8584439679952978,0.9052661769322384
random,knn_k3__ecfp_1024,k-Nearest Neighbors (k=3),ECFP4 (1024-bit),test,AUPRC,0.6944888322416458,0.0276581520416497,0.6601467005946834,0.7288309638886082
random,knn_k3__ecfp_1024,k-Nearest Neighbors (k=3),ECFP4 (1024-bit),test,Accuracy,0.8755102040816325,0.0151350989532564,0.8567174966021224,0.8943029115611426
random,knn_k3__ecfp_1024,k-Nearest Neighbors (k=3),ECFP4 (1024-bit),test,F1,0.7330207720124464,0.0370623765029877,0.6870017534208134,0.7790397906040795
random,knn_k3__ecfp_1024,k-Nearest Neighbors (k=3),ECFP4 (1024-bit),test,MCC,0.6526296560268612,0.0457889713116494,0.5957751388344009,0.7094841732193214
random,logreg_l1_c1__ecfp_1024,"Logistic Regression (L1, C=1)",ECFP4 (1024-bit),valid,AUROC,0.8500851533025134,0.0300643360974252,0.8127553495404426,0.8874149570645843
random,logreg_l1_c1__ecfp_1024,"Logistic Regression (L1, C=1)",ECFP4 (1024-bit),valid,AUPRC,0.7185972405606111,0.0267516536581387,0.6853806753208842,0.7518138058003381
random,logreg_l1_c1__ecfp_1024,"Logistic Regression (L1, C=1)",ECFP4 (1024-bit),valid,Accuracy,0.8540575243965074,0.0153481748566823,0.8350002482388287,0.8731148005541861
random,logreg_l1_c1__ecfp_1024,"Logistic Regression (L1, C=1)",ECFP4 (1024-bit),valid,F1,0.6855225096188952,0.0362188023789956,0.6405509266468393,0.730494092590951
random,logreg_l1_c1__ecfp_1024,"Logistic Regression (L1, C=1)",ECFP4 (1024-bit),valid,MCC,0.5917907529433735,0.0458096630087849,0.5349105436155184,0.6486709622712286
random,logreg_l1_c1__ecfp_1024,"Logistic Regression (L1, C=1)",ECFP4 (1024-bit),test,AUROC,0.8971594202898551,0.0298637949830166,0.860078621209705,0.9342402193700052
random,logreg_l1_c1__ecfp_1024,"Logistic Regression (L1, C=1)",ECFP4 (1024-bit),test,AUPRC,0.7392231791660937,0.0758519924820545,0.6450404909091039,0.8334058674230835
random,logreg_l1_c1__ecfp_1024,"Logistic Regression (L1, C=1)",ECFP4 (1024-bit),test,Accuracy,0.8612244897959183,0.0234915600677987,0.8320558653980914,0.8903931141937451
random,logreg_l1_c1__ecfp_1024,"Logistic Regression (L1, C=1)",ECFP4 (1024-bit),test,F1,0.7332107060531033,0.0376476638728981,0.686464957205649,0.7799564549005576
random,logreg_l1_c1__ecfp_1024,"Logistic Regression (L1, C=1)",ECFP4 (1024-bit),test,MCC,0.6463080584019417,0.0510066993198481,0.5829748761892817,0.7096412406146018
random,logreg_l2_c1__ecfp_1024_rdkit2d_normalized_200,"Logistic Regression (L2, C=1)",ECFP4 (1024-bit) + RDKit2D (200-d),valid,AUROC,0.8512735798926616,0.0214890212998309,0.8245914357880276,0.8779557239972956
random,logreg_l2_c1__ecfp_1024_rdkit2d_normalized_200,"Logistic Regression (L2, C=1)",ECFP4 (1024-bit) + RDKit2D (200-d),valid,AUPRC,0.7272755315945624,0.0270129474410218,0.693734527271675,0.7608165359174498
random,logreg_l2_c1__ecfp_1024_rdkit2d_normalized_200,"Logistic Regression (L2, C=1)",ECFP4 (1024-bit) + RDKit2D (200-d),valid,Accuracy,0.8450243965074474,0.0201925243565052,0.8199520659811222,0.8700967270337726
random,logreg_l2_c1__ecfp_1024_rdkit2d_normalized_200,"Logistic Regression (L2, C=1)",ECFP4 (1024-bit) + RDKit2D (200-d),valid,F1,0.6698901287118348,0.0354002447350172,0.6259349192967616,0.7138453381269081
random,logreg_l2_c1__ecfp_1024_rdkit2d_normalized_200,"Logistic Regression (L2, C=1)",ECFP4 (1024-bit) + RDKit2D (200-d),valid,MCC,0.5708379277702618,0.0468384825451502,0.5126802702634532,0.6289955852770703
random,logreg_l2_c1__ecfp_1024_rdkit2d_normalized_200,"Logistic Regression (L2, C=1)",ECFP4 (1024-bit) + RDKit2D (200-d),test,AUROC,0.8978550724637682,0.0169974731556722,0.8767499219859349,0.9189602229416014
random,logreg_l2_c1__ecfp_1024_rdkit2d_normalized_200,"Logistic Regression (L2, C=1)",ECFP4 (1024-bit) + RDKit2D (200-d),test,AUPRC,0.7441586567205806,0.0538620535790022,0.6772800839222111,0.8110372295189501
random,logreg_l2_c1__ecfp_1024_rdkit2d_normalized_200,"Logistic Regression (L2, C=1)",ECFP4 (1024-bit) + RDKit2D (200-d),test,Accuracy,0.8591836734693878,0.0254079583632422,0.8276355263018896,0.890731820636886
random,logreg_l2_c1__ecfp_1024_rdkit2d_normalized_200,"Logistic Regression (L2, C=1)",ECFP4 (1024-bit) + RDKit2D (200-d),test,F1,0.7318664731494919,0.0459209392993482,0.6748480960577907,0.7888848502411931
random,logreg_l2_c1__ecfp_1024_rdkit2d_normalized_200,"Logistic Regression (L2, C=1)",ECFP4 (1024-bit) + RDKit2D (200-d),test,MCC,0.644561698914627,0.06242171438133,0.5670549034611712,0.7220684943680828
random,logreg_l2_c0_1__ecfp_1024,"Logistic Regression (L2, C=0.1)",ECFP4 (1024-bit),valid,AUROC,0.8615142940645093,0.0267556829424641,0.8282927258074969,0.8947358623215217
random,logreg_l2_c0_1__ecfp_1024,"Logistic Regression (L2, C=0.1)",ECFP4 (1024-bit),valid,AUPRC,0.7439602217642154,0.0344652470592574,0.7011659653015371,0.7867544782268937
random,logreg_l2_c0_1__ecfp_1024,"Logistic Regression (L2, C=0.1)",ECFP4 (1024-bit),valid,Accuracy,0.8450308166409861,0.0223866843645607,0.8172340766263598,0.8728275566556124
random,logreg_l2_c0_1__ecfp_1024,"Logistic Regression (L2, C=0.1)",ECFP4 (1024-bit),valid,F1,0.6648743875604131,0.0445372709903357,0.6095740615934682,0.720174713527358
random,logreg_l2_c0_1__ecfp_1024,"Logistic Regression (L2, C=0.1)",ECFP4 (1024-bit),valid,MCC,0.5655584534733173,0.0578499386926297,0.493728267300384,0.6373886396462507
random,logreg_l2_c0_1__ecfp_1024,"Logistic Regression (L2, C=0.1)",ECFP4 (1024-bit),test,AUROC,0.911072463768116,0.0146805227554127,0.8928441871879088,0.929300740348323
random,logreg_l2_c0_1__ecfp_1024,"Logistic Regression (L2, C=0.1)",ECFP4 (1024-bit),test,AUPRC,0.7642194240475191,0.0452888605163277,0.7079858764247229,0.8204529716703153
random,logreg_l2_c0_1__ecfp_1024,"Logistic Regression (L2, C=0.1)",ECFP4 (1024-bit),test,Accuracy,0.8714285714285713,0.0170746944190626,0.8502275380880904,0.8926296047690523
random,logreg_l2_c0_1__ecfp_1024,"Logistic Regression (L2, C=0.1)",ECFP4 (1024-bit),test,F1,0.7570847206807251,0.0284623520987037,0.7217440427755653,0.7924253985858849
random,logreg_l2_c0_1__ecfp_1024,"Logistic Regression (L2, C=0.1)",ECFP4 (1024-bit),test,MCC,0.6791179027447154,0.0384538775645191,0.6313711073815165,0.7268646981079143
random,knn_k3__ecfp_1024_rdkit2d_normalized_200,k-Nearest Neighbors (k=3),ECFP4 (1024-bit) + RDKit2D (200-d),valid,AUROC,0.8415514905149051,0.044839844253482,0.7858754702202924,0.8972275108095178
random,knn_k3__ecfp_1024_rdkit2d_normalized_200,k-Nearest Neighbors (k=3),ECFP4 (1024-bit) + RDKit2D (200-d),valid,AUPRC,0.6921796442753666,0.0790108556522728,0.5940747093446648,0.7902845792060684
random,knn_k3__ecfp_1024_rdkit2d_normalized_200,k-Nearest Neighbors (k=3),ECFP4 (1024-bit) + RDKit2D (200-d),valid,Accuracy,0.8552259887005651,0.0309850437407913,0.8167529754048555,0.8936990019962747
random,knn_k3__ecfp_1024_rdkit2d_normalized_200,k-Nearest Neighbors (k=3),ECFP4 (1024-bit) + RDKit2D (200-d),valid,F1,0.6701275844509051,0.0537376462505255,0.6034034837534179,0.7368516851483924
random,knn_k3__ecfp_1024_rdkit2d_normalized_200,k-Nearest Neighbors (k=3),ECFP4 (1024-bit) + RDKit2D (200-d),valid,MCC,0.5817774602181951,0.0773188263626745,0.4857734571402938,0.6777814632960963
random,knn_k3__ecfp_1024_rdkit2d_normalized_200,k-Nearest Neighbors (k=3),ECFP4 (1024-bit) + RDKit2D (200-d),test,AUROC,0.90168115942029,0.0116689618770285,0.8871922295611714,0.9161700892794084
random,knn_k3__ecfp_1024_rdkit2d_normalized_200,k-Nearest Neighbors (k=3),ECFP4 (1024-bit) + RDKit2D (200-d),test,AUPRC,0.7204225187225916,0.0314300284981527,0.6813969838739169,0.7594480535712662
random,knn_k3__ecfp_1024_rdkit2d_normalized_200,k-Nearest Neighbors (k=3),ECFP4 (1024-bit) + RDKit2D (200-d),test,Accuracy,0.8734693877551021,0.0055890056888282,0.866529720605528,0.8804090549046761
random,knn_k3__ecfp_1024_rdkit2d_normalized_200,k-Nearest Neighbors (k=3),ECFP4 (1024-bit) + RDKit2D (200-d),test,F1,0.7253535353535353,0.0159726963238615,0.7055208133739548,0.7451862573331158
random,knn_k3__ecfp_1024_rdkit2d_normalized_200,k-Nearest Neighbors (k=3),ECFP4 (1024-bit) + RDKit2D (200-d),test,MCC,0.6440189337421215,0.0189950628327977,0.6204334480790181,0.6676044194052249
random,knn_k3__ecfp_2048,k-Nearest Neighbors (k=3),ECFP4 (2048-bit),valid,AUROC,0.8309689675328125,0.0464005062340564,0.7733551294435551,0.8885828056220698
random,knn_k3__ecfp_2048,k-Nearest Neighbors (k=3),ECFP4 (2048-bit),valid,AUPRC,0.6480211912908049,0.0798250759636031,0.5489052683129181,0.7471371142686918
random,knn_k3__ecfp_2048,k-Nearest Neighbors (k=3),ECFP4 (2048-bit),valid,Accuracy,0.847316384180791,0.042538518068766,0.7944978377578638,0.9001349306037183
random,knn_k3__ecfp_2048,k-Nearest Neighbors (k=3),ECFP4 (2048-bit),valid,F1,0.6337535731219942,0.092464031574777,0.5189443139868173,0.7485628322571711
random,knn_k3__ecfp_2048,k-Nearest Neighbors (k=3),ECFP4 (2048-bit),valid,MCC,0.5458562027982905,0.1236512930117006,0.3923228439343168,0.6993895616622642
random,knn_k3__ecfp_2048,k-Nearest Neighbors (k=3),ECFP4 (2048-bit),test,AUROC,0.8984927536231885,0.0129439033324713,0.882420774859029,0.914564732387348
random,knn_k3__ecfp_2048,k-Nearest Neighbors (k=3),ECFP4 (2048-bit),test,AUPRC,0.7084862864043495,0.0226844064005589,0.6803198756561524,0.7366526971525467
random,knn_k3__ecfp_2048,k-Nearest Neighbors (k=3),ECFP4 (2048-bit),test,Accuracy,0.8795918367346939,0.0133044947044951,0.8630721246458295,0.8961115488235583
random,knn_k3__ecfp_2048,k-Nearest Neighbors (k=3),ECFP4 (2048-bit),test,F1,0.7354167817997606,0.0272911678753159,0.7015303211800455,0.7693032424194756
random,knn_k3__ecfp_2048,k-Nearest Neighbors (k=3),ECFP4 (2048-bit),test,MCC,0.6590259613233032,0.0351525899135409,0.6153782559840385,0.7026736666625678
random,knn_k3__ecfp_2048_rdkit2d_normalized_200,k-Nearest Neighbors (k=3),ECFP4 (2048-bit) + RDKit2D (200-d),valid,AUROC,0.8371512832775387,0.0460418473085292,0.779982779063743,0.8943197874913345
random,knn_k3__ecfp_2048_rdkit2d_normalized_200,k-Nearest Neighbors (k=3),ECFP4 (2048-bit) + RDKit2D (200-d),valid,AUPRC,0.658788736228274,0.0882003489117849,0.5492735383554999,0.7683039341010482
random,knn_k3__ecfp_2048_rdkit2d_normalized_200,k-Nearest Neighbors (k=3),ECFP4 (2048-bit) + RDKit2D (200-d),valid,Accuracy,0.8495762711864406,0.0370544057128387,0.8035671496379728,0.8955853927349084
random,knn_k3__ecfp_2048_rdkit2d_normalized_200,k-Nearest Neighbors (k=3),ECFP4 (2048-bit) + RDKit2D (200-d),valid,F1,0.6387189442964091,0.082535324651997,0.5362378030959645,0.7412000854968537
random,knn_k3__ecfp_2048_rdkit2d_normalized_200,k-Nearest Neighbors (k=3),ECFP4 (2048-bit) + RDKit2D (200-d),valid,MCC,0.5519665285765354,0.1095498287804917,0.415942450170412,0.6879906069826588
random,knn_k3__ecfp_2048_rdkit2d_normalized_200,k-Nearest Neighbors (k=3),ECFP4 (2048-bit) + RDKit2D (200-d),test,AUROC,0.9042898550724638,0.0139528416295754,0.8869651139483813,0.9216145961965464
random,knn_k3__ecfp_2048_rdkit2d_normalized_200,k-Nearest Neighbors (k=3),ECFP4 (2048-bit) + RDKit2D (200-d),test,AUPRC,0.7418759073945121,0.0275579919864768,0.7076581408821159,0.7760936739069084
random,knn_k3__ecfp_2048_rdkit2d_normalized_200,k-Nearest Neighbors (k=3),ECFP4 (2048-bit) + RDKit2D (200-d),test,Accuracy,0.8816326530612244,0.0170746944190627,0.8604316197207433,0.9028336864017056
random,knn_k3__ecfp_2048_rdkit2d_normalized_200,k-Nearest Neighbors (k=3),ECFP4 (2048-bit) + RDKit2D (200-d),test,F1,0.744563897260582,0.0432787703926921,0.690826206177449,0.798301588343715
random,knn_k3__ecfp_2048_rdkit2d_normalized_200,k-Nearest Neighbors (k=3),ECFP4 (2048-bit) + RDKit2D (200-d),test,MCC,0.668537156837757,0.052758751184334,0.6030285149019791,0.734045798773535
random,knn_k5__rdkit2d_normalized_200,k-Nearest Neighbors (k=5),RDKit2D (200-d),valid,AUROC,0.8603253360964981,0.0297065466388347,0.8234397866240959,0.8972108855689003
random,knn_k5__rdkit2d_normalized_200,k-Nearest Neighbors (k=5),RDKit2D (200-d),valid,AUPRC,0.7227429757942149,0.0411787384060979,0.6716128188239123,0.7738731327645174
random,knn_k5__rdkit2d_normalized_200,k-Nearest Neighbors (k=5),RDKit2D (200-d),valid,Accuracy,0.8597521828454031,0.0199556970612221,0.8349739122454228,0.8845304534453834
random,knn_k5__rdkit2d_normalized_200,k-Nearest Neighbors (k=5),RDKit2D (200-d),valid,F1,0.675930263828998,0.0377033716045687,0.6291153446967068,0.7227451829612892
random,knn_k5__rdkit2d_normalized_200,k-Nearest Neighbors (k=5),RDKit2D (200-d),valid,MCC,0.5914118144616924,0.0536375558250076,0.5248119924421357,0.6580116364812492
random,knn_k5__rdkit2d_normalized_200,k-Nearest Neighbors (k=5),RDKit2D (200-d),test,AUROC,0.9121159420289856,0.0351582374318632,0.8684612243695409,0.95577065968843
random,knn_k5__rdkit2d_normalized_200,k-Nearest Neighbors (k=5),RDKit2D (200-d),test,AUPRC,0.7688124844136895,0.0593841530439536,0.6950773195151897,0.8425476493121894
random,knn_k5__rdkit2d_normalized_200,k-Nearest Neighbors (k=5),RDKit2D (200-d),test,Accuracy,0.863265306122449,0.0211596340340078,0.8369921503272544,0.8895384619176436
random,knn_k5__rdkit2d_normalized_200,k-Nearest Neighbors (k=5),RDKit2D (200-d),test,F1,0.6888763823307216,0.0408518455488672,0.6381521164525124,0.7396006482089308
random,knn_k5__rdkit2d_normalized_200,k-Nearest Neighbors (k=5),RDKit2D (200-d),test,MCC,0.6050159766794339,0.0559519787557085,0.5355424190302086,0.6744895343286591
random,logreg_l2_c1__ecfp_1024,"Logistic Regression (L2, C=1)",ECFP4 (1024-bit),valid,AUROC,0.8452591795525798,0.028446776427062,0.8099378413981453,0.8805805177070143
random,logreg_l2_c1__ecfp_1024,"Logistic Regression (L2, C=1)",ECFP4 (1024-bit),valid,AUPRC,0.7189036506007102,0.0332322481616846,0.677640364478973,0.7601669367224473
random,logreg_l2_c1__ecfp_1024,"Logistic Regression (L2, C=1)",ECFP4 (1024-bit),valid,Accuracy,0.8371019517205959,0.0209283010483401,0.8111160337653018,0.8630878696758899
random,logreg_l2_c1__ecfp_1024,"Logistic Regression (L2, C=1)",ECFP4 (1024-bit),valid,F1,0.6486215568311394,0.042039346330906,0.5964228139840337,0.7008202996782451
random,logreg_l2_c1__ecfp_1024,"Logistic Regression (L2, C=1)",ECFP4 (1024-bit),valid,MCC,0.5438208118017271,0.0542374455682303,0.4764761282851191,0.6111654953183352
random,logreg_l2_c1__ecfp_1024,"Logistic Regression (L2, C=1)",ECFP4 (1024-bit),test,AUROC,0.8933333333333333,0.0166408117036606,0.87267103654001,0.9139956301266566
random,logreg_l2_c1__ecfp_1024,"Logistic Regression (L2, C=1)",ECFP4 (1024-bit),test,AUPRC,0.7071601433829164,0.0566577316618554,0.6368102777585009,0.777510009007332
random,logreg_l2_c1__ecfp_1024,"Logistic Regression (L2, C=1)",ECFP4 (1024-bit),test,Accuracy,0.8551020408163265,0.0243619109924761,0.8248527330095243,0.8853513486231286
random,logreg_l2_c1__ecfp_1024,"Logistic Regression (L2, C=1)",ECFP4 (1024-bit),test,F1,0.7258937827670982,0.0448793076022411,0.6701687622530828,0.7816188032811135
random,logreg_l2_c1__ecfp_1024,"Logistic Regression (L2, C=1)",ECFP4 (1024-bit),test,MCC,0.6368596708149127,0.0616950665036886,0.5602551278704955,0.7134642137593299
random,logreg_l2_c0_1__rdkit2d_normalized_200,"Logistic Regression (L2, C=0.1)",RDKit2D (200-d),valid,AUROC,0.8295885806897285,0.0235272627337027,0.8003756255770087,0.8588015358024483
random,logreg_l2_c0_1__rdkit2d_normalized_200,"Logistic Regression (L2, C=0.1)",RDKit2D (200-d),valid,AUPRC,0.6392419515157304,0.0404550688257406,0.5890103490099527,0.689473554021508
random,logreg_l2_c0_1__rdkit2d_normalized_200,"Logistic Regression (L2, C=0.1)",RDKit2D (200-d),valid,Accuracy,0.7828389830508474,0.0328465758794,0.7420545723171281,0.8236233937845667
random,logreg_l2_c0_1__rdkit2d_normalized_200,"Logistic Regression (L2, C=0.1)",RDKit2D (200-d),valid,F1,0.5998441318274883,0.0481216009494326,0.5400932723926496,0.659594991262327
random,logreg_l2_c0_1__rdkit2d_normalized_200,"Logistic Regression (L2, C=0.1)",RDKit2D (200-d),valid,MCC,0.4677346142019513,0.0679726631359969,0.3833354055239516,0.552133822879951
random,logreg_l2_c0_1__rdkit2d_normalized_200,"Logistic Regression (L2, C=0.1)",RDKit2D (200-d),test,AUROC,0.8933333333333333,0.0075250753540563,0.8839897181824311,0.9026769484842356
random,logreg_l2_c0_1__rdkit2d_normalized_200,"Logistic Regression (L2, C=0.1)",RDKit2D (200-d),test,AUPRC,0.7732600370950864,0.029382754324052,0.7367765288828448,0.809743545307328
random,logreg_l2_c0_1__rdkit2d_normalized_200,"Logistic Regression (L2, C=0.1)",RDKit2D (200-d),test,Accuracy,0.8183673469387756,0.0167670170664846,0.7975483454900534,0.8391863483874977
random,logreg_l2_c0_1__rdkit2d_normalized_200,"Logistic Regression (L2, C=0.1)",RDKit2D (200-d),test,F1,0.6743053173241853,0.0244270561740624,0.643975121090751,0.7046355135576197
random,logreg_l2_c0_1__rdkit2d_normalized_200,"Logistic Regression (L2, C=0.1)",RDKit2D (200-d),test,MCC,0.5662588234675926,0.0335755059992558,0.5245693264468421,0.6079483204883431
random,knn_k3__rdkit2d_normalized_200,k-Nearest Neighbors (k=3),RDKit2D (200-d),valid,AUROC,0.8412487379775758,0.0453250198877332,0.7849702925651078,0.8975271833900439
random,knn_k3__rdkit2d_normalized_200,k-Nearest Neighbors (k=3),RDKit2D (200-d),valid,AUPRC,0.671729475451787,0.0671168061545835,0.5883929535752197,0.7550659973283542
random,knn_k3__rdkit2d_normalized_200,k-Nearest Neighbors (k=3),RDKit2D (200-d),valid,Accuracy,0.8552131484334874,0.0140615874700308,0.8377533815143569,0.8726729153526179
random,knn_k3__rdkit2d_normalized_200,k-Nearest Neighbors (k=3),RDKit2D (200-d),valid,F1,0.6647127081369071,0.0233919634302595,0.6356677492982546,0.6937576669755595
random,knn_k3__rdkit2d_normalized_200,k-Nearest Neighbors (k=3),RDKit2D (200-d),valid,MCC,0.5787956672128074,0.0312333810970519,0.54001430236242,0.6175770320631948
random,knn_k3__rdkit2d_normalized_200,k-Nearest Neighbors (k=3),RDKit2D (200-d),test,AUROC,0.8841739130434781,0.028468283829641,0.8488258699215665,0.9195219561653898
random,knn_k3__rdkit2d_normalized_200,k-Nearest Neighbors (k=3),RDKit2D (200-d),test,AUPRC,0.7454901569434952,0.0483624153386767,0.6854402869512826,0.8055400269357078
random,knn_k3__rdkit2d_normalized_200,k-Nearest Neighbors (k=3),RDKit2D (200-d),test,Accuracy,0.883673469387755,0.0136902121071415,0.866674825886544,0.9006721128889661
random,knn_k3__rdkit2d_normalized_200,k-Nearest Neighbors (k=3),RDKit2D (200-d),test,F1,0.7442779667248828,0.0309984309749035,0.7057883309825406,0.782767602467225
random,knn_k3__rdkit2d_normalized_200,k-Nearest Neighbors (k=3),RDKit2D (200-d),test,MCC,0.6701225672997289,0.0391269967547727,0.6215399840714919,0.7187051505279658
random,logreg_l1_c1__rdkit2d_normalized_200,"Logistic Regression (L1, C=1)",RDKit2D (200-d),valid,AUROC,0.8211566767628462,0.0373270605741753,0.7748090094891215,0.867504344036571
random,logreg_l1_c1__rdkit2d_normalized_200,"Logistic Regression (L1, C=1)",RDKit2D (200-d),valid,AUPRC,0.6070488434036309,0.0531843470580898,0.5410117543936264,0.6730859324136353
random,logreg_l1_c1__rdkit2d_normalized_200,"Logistic Regression (L1, C=1)",RDKit2D (200-d),valid,Accuracy,0.7873394966615306,0.0243952233868551,0.757048826053934,0.8176301672691272
random,logreg_l1_c1__rdkit2d_normalized_200,"Logistic Regression (L1, C=1)",RDKit2D (200-d),valid,F1,0.6096330532212886,0.038907477821849,0.5613230387489871,0.65794306769359
random,logreg_l1_c1__rdkit2d_normalized_200,"Logistic Regression (L1, C=1)",RDKit2D (200-d),valid,MCC,0.4800635330741238,0.0547756770928277,0.4120505468507249,0.5480765192975228
random,logreg_l1_c1__rdkit2d_normalized_200,"Logistic Regression (L1, C=1)",RDKit2D (200-d),test,AUROC,0.873623188405797,0.0128520575521131,0.8576652512404952,0.8895811255710988
random,logreg_l1_c1__rdkit2d_normalized_200,"Logistic Regression (L1, C=1)",RDKit2D (200-d),test,AUPRC,0.738207435416546,0.0343728432603712,0.695527913424242,0.78088695740885
random,logreg_l1_c1__rdkit2d_normalized_200,"Logistic Regression (L1, C=1)",RDKit2D (200-d),test,Accuracy,0.8020408163265307,0.0170746944190627,0.7808397829860496,0.8232418496670117
random,logreg_l1_c1__rdkit2d_normalized_200,"Logistic Regression (L1, C=1)",RDKit2D (200-d),test,F1,0.6394560994560995,0.0294445455690805,0.602895867279502,0.676016331632697
random,logreg_l1_c1__rdkit2d_normalized_200,"Logistic Regression (L1, C=1)",RDKit2D (200-d),test,MCC,0.5173446904783409,0.0412424146064937,0.4661354690624645,0.5685539118942172
random,logreg_l1_c0_1__rdkit2d_normalized_200,"Logistic Regression (L1, C=0.1)",RDKit2D (200-d),valid,AUROC,0.8146313566076836,0.0292850607686862,0.7782691509659965,0.8509935622493707
random,logreg_l1_c0_1__rdkit2d_normalized_200,"Logistic Regression (L1, C=0.1)",RDKit2D (200-d),valid,AUPRC,0.6227707919625471,0.0572640533642082,0.5516680785089905,0.6938735054161038
random,logreg_l1_c0_1__rdkit2d_normalized_200,"Logistic Regression (L1, C=0.1)",RDKit2D (200-d),valid,Accuracy,0.7816833590138674,0.0196855627049802,0.7572405045187107,0.8061262135090241
random,logreg_l1_c0_1__rdkit2d_normalized_200,"Logistic Regression (L1, C=0.1)",RDKit2D (200-d),valid,F1,0.6070789790168756,0.0197049068727278,0.5826121055650515,0.6315458524686997
random,logreg_l1_c0_1__rdkit2d_normalized_200,"Logistic Regression (L1, C=0.1)",RDKit2D (200-d),valid,MCC,0.4753429069058164,0.0287576394354107,0.439635581345542,0.5110502324660908
random,logreg_l1_c0_1__rdkit2d_normalized_200,"Logistic Regression (L1, C=0.1)",RDKit2D (200-d),test,AUROC,0.8803478260869566,0.0214163476202088,0.8537559182739264,0.9069397338999868
random,logreg_l1_c0_1__rdkit2d_normalized_200,"Logistic Regression (L1, C=0.1)",RDKit2D (200-d),test,AUPRC,0.7454648401971273,0.0183860174164412,0.7226355843007848,0.7682940960934699
random,logreg_l1_c0_1__rdkit2d_normalized_200,"Logistic Regression (L1, C=0.1)",RDKit2D (200-d),test,Accuracy,0.8244897959183672,0.0264126104194791,0.7916942084619183,0.8572853833748162
random,logreg_l1_c0_1__rdkit2d_normalized_200,"Logistic Regression (L1, C=0.1)",RDKit2D (200-d),test,F1,0.6796108684343979,0.0435294284178157,0.6255619443056082,0.7336597925631876
random,logreg_l1_c0_1__rdkit2d_normalized_200,"Logistic Regression (L1, C=0.1)",RDKit2D (200-d),test,MCC,0.5733862303373016,0.0599129731017211,0.4989944486115438,0.6477780120630594
random,logreg_l2_c1__rdkit2d_normalized_200,"Logistic Regression (L2, C=1)",RDKit2D (200-d),valid,AUROC,0.8199783463520911,0.0349926139994686,0.7765292773459097,0.8634274153582725
random,logreg_l2_c1__rdkit2d_normalized_200,"Logistic Regression (L2, C=1)",RDKit2D (200-d),valid,AUPRC,0.6080883392513539,0.0541863273460154,0.5408071273909222,0.6753695511117855
random,logreg_l2_c1__rdkit2d_normalized_200,"Logistic Regression (L2, C=1)",RDKit2D (200-d),valid,Accuracy,0.7907229070364663,0.0359585054134015,0.7460745254354303,0.8353712886375023
random,logreg_l2_c1__rdkit2d_normalized_200,"Logistic Regression (L2, C=1)",RDKit2D (200-d),valid,F1,0.6054556908561161,0.0627483690713645,0.5275433000342,0.6833680816780321
random,logreg_l2_c1__rdkit2d_normalized_200,"Logistic Regression (L2, C=1)",RDKit2D (200-d),valid,MCC,0.4751455026788712,0.086000955544055,0.3683612123686954,0.5819297929890469
random,logreg_l2_c1__rdkit2d_normalized_200,"Logistic Regression (L2, C=1)",RDKit2D (200-d),test,AUROC,0.8627246376811595,0.0101026032235488,0.8501805989703416,0.8752686763919774
random,logreg_l2_c1__rdkit2d_normalized_200,"Logistic Regression (L2, C=1)",RDKit2D (200-d),test,AUPRC,0.7226515175030364,0.0433160895486207,0.6688674885675436,0.7764355464385291
random,logreg_l2_c1__rdkit2d_normalized_200,"Logistic Regression (L2, C=1)",RDKit2D (200-d),test,Accuracy,0.7959183673469388,0.010204081632653,0.7832483265489412,0.8085884081449364
random,logreg_l2_c1__rdkit2d_normalized_200,"Logistic Regression (L2, C=1)",RDKit2D (200-d),test,F1,0.62357132323836,0.0256216535904159,0.5917578384006923,0.6553848080760276
random,logreg_l2_c1__rdkit2d_normalized_200,"Logistic Regression (L2, C=1)",RDKit2D (200-d),test,MCC,0.4960565785545819,0.034605048293942,0.4530887359318914,0.5390244211772726
random,chemprop_default,Chemprop,Graph,valid,AUROC,0.6578117859609968,0.070786216981418,0.5699190887661298,0.7457044831558637
random,chemprop_default,Chemprop,Graph,valid,AUPRC,0.3973033007911233,0.101497966949128,0.2712769293395153,0.5233296722427314
random,chemprop_default,Chemprop,Graph,valid,Accuracy,0.7680983564458141,0.0005885900557106,0.7673675253639375,0.7688291875276908
random,chemprop_default,Chemprop,Graph,valid,F1,0.0,0.0,0.0,0.0
random,chemprop_default,Chemprop,Graph,valid,MCC,0.0,0.0,0.0,0.0
random,chemprop_default,Chemprop,Graph,test,AUROC,0.6758260869565218,0.004822407963614,0.6698382766034511,0.6818138973095925
random,chemprop_default,Chemprop,Graph,test,AUPRC,0.3898718922480546,0.0131894595879604,0.3734950151219205,0.4062487693741886
random,chemprop_default,Chemprop,Graph,test,Accuracy,0.7653061224489796,0.0,0.7653061224489796,0.7653061224489796
random,chemprop_default,Chemprop,Graph,test,F1,0.0,0.0,0.0,0.0
random,chemprop_default,Chemprop,Graph,test,MCC,0.0,0.0,0.0,0.0
datasail,rf__ecfp_2048,Random Forest,ECFP4 (2048-bit),valid,AUROC,0.8025535686010988,0.0503722893542062,0.7400081104028781,0.8650990267993196
datasail,rf__ecfp_2048,Random Forest,ECFP4 (2048-bit),valid,AUPRC,0.601241084068849,0.1311505060557059,0.4383962223532739,0.7640859457844241
datasail,rf__ecfp_2048,Random Forest,ECFP4 (2048-bit),valid,Accuracy,0.7801607630549382,0.0666105588940916,0.697452830175913,0.8628686959339634
datasail,rf__ecfp_2048,Random Forest,ECFP4 (2048-bit),valid,F1,0.340278320802005,0.2723968056470439,0.0020530140043621,0.6785036275996479
datasail,rf__ecfp_2048,Random Forest,ECFP4 (2048-bit),valid,MCC,0.3024244993235926,0.2556162707480247,-0.0149650214193362,0.6198140200665214
datasail,rf__ecfp_2048,Random Forest,ECFP4 (2048-bit),test,AUROC,0.6958964646464647,0.0681283109348951,0.6113039937001734,0.780488935592756
datasail,rf__ecfp_2048,Random Forest,ECFP4 (2048-bit),test,AUPRC,0.4191827309006637,0.0502831552783809,0.3567479472754084,0.481617514525919
datasail,rf__ecfp_2048,Random Forest,ECFP4 (2048-bit),test,Accuracy,0.7659574468085106,0.0,0.7659574468085106,0.7659574468085106
datasail,rf__ecfp_2048,Random Forest,ECFP4 (2048-bit),test,F1,0.0,0.0,0.0,0.0
datasail,rf__ecfp_2048,Random Forest,ECFP4 (2048-bit),test,MCC,0.0,0.0,0.0,0.0
datasail,rf__ecfp_1024,Random Forest,ECFP4 (1024-bit),valid,AUROC,0.7979429197691315,0.0448155471187172,0.7422970683520157,0.8535887711862472
datasail,rf__ecfp_1024,Random Forest,ECFP4 (1024-bit),valid,AUPRC,0.5965079760192232,0.1211642088242935,0.4460627400512549,0.7469532119871916
datasail,rf__ecfp_1024,Random Forest,ECFP4 (1024-bit),valid,Accuracy,0.7732574900273879,0.071137538862558,0.6849285691009283,0.8615864109538475
datasail,rf__ecfp_1024,Random Forest,ECFP4 (1024-bit),valid,F1,0.3217177331433807,0.2471032635104914,0.0148985070037451,0.6285369592830163
datasail,rf__ecfp_1024,Random Forest,ECFP4 (1024-bit),valid,MCC,0.2803209217780985,0.240495577189409,-0.0182937781452256,0.5789356217014228
datasail,rf__ecfp_1024,Random Forest,ECFP4 (1024-bit),test,AUROC,0.6121843434343435,0.077589449717757,0.5158443170793632,0.7085243697893238
datasail,rf__ecfp_1024,Random Forest,ECFP4 (1024-bit),test,AUPRC,0.3236464838297886,0.0690064963299866,0.2379636016946639,0.4093293659649134
datasail,rf__ecfp_1024,Random Forest,ECFP4 (1024-bit),test,Accuracy,0.7659574468085106,0.0,0.7659574468085106,0.7659574468085106
datasail,rf__ecfp_1024,Random Forest,ECFP4 (1024-bit),test,F1,0.0,0.0,0.0,0.0
datasail,rf__ecfp_1024,Random Forest,ECFP4 (1024-bit),test,MCC,0.0,0.0,0.0,0.0
datasail,tabpfn__ecfp_2048_rdkit2d_normalized_200,TabPFN,ECFP4 (2048-bit) + RDKit2D (200-d),valid,AUROC,0.785078808189092,0.0692011732688182,0.6991542027077396,0.8710034136704444
datasail,tabpfn__ecfp_2048_rdkit2d_normalized_200,TabPFN,ECFP4 (2048-bit) + RDKit2D (200-d),valid,AUPRC,0.5821409287111547,0.1360523815791686,0.4132095846344197,0.7510722727878898
datasail,tabpfn__ecfp_2048_rdkit2d_normalized_200,TabPFN,ECFP4 (2048-bit) + RDKit2D (200-d),valid,Accuracy,0.7706710571924,0.0880035240776724,0.6614002496300958,0.8799418647547043
datasail,tabpfn__ecfp_2048_rdkit2d_normalized_200,TabPFN,ECFP4 (2048-bit) + RDKit2D (200-d),valid,F1,0.3835590739863349,0.2029403134056643,0.1315753930463322,0.6355427549263375
datasail,tabpfn__ecfp_2048_rdkit2d_normalized_200,TabPFN,ECFP4 (2048-bit) + RDKit2D (200-d),valid,MCC,0.3159384651163752,0.199726715000944,0.0679449936201988,0.5639319366125516
datasail,tabpfn__ecfp_2048_rdkit2d_normalized_200,TabPFN,ECFP4 (2048-bit) + RDKit2D (200-d),test,AUROC,0.6811868686868687,0.0857468147813874,0.5747181358121735,0.787655601561564
datasail,tabpfn__ecfp_2048_rdkit2d_normalized_200,TabPFN,ECFP4 (2048-bit) + RDKit2D (200-d),test,AUPRC,0.479149536219332,0.0775643687908264,0.382840651948363,0.575458420490301
datasail,tabpfn__ecfp_2048_rdkit2d_normalized_200,TabPFN,ECFP4 (2048-bit) + RDKit2D (200-d),test,Accuracy,0.7680851063829788,0.0047575914414889,0.7621777763719196,0.7739924363940379
datasail,tabpfn__ecfp_2048_rdkit2d_normalized_200,TabPFN,ECFP4 (2048-bit) + RDKit2D (200-d),test,F1,0.017391304347826,0.0388881387391267,-0.0308946974817008,0.065677306177353
datasail,tabpfn__ecfp_2048_rdkit2d_normalized_200,TabPFN,ECFP4 (2048-bit) + RDKit2D (200-d),test,MCC,0.0375183239688433,0.0838935227961934,-0.0666492429696769,0.1416858909073636
datasail,tabpfn__ecfp_1024,TabPFN,ECFP4 (1024-bit),valid,AUROC,0.7880368350093226,0.0550390152199924,0.7196968713140689,0.8563767987045764
datasail,tabpfn__ecfp_1024,TabPFN,ECFP4 (1024-bit),valid,AUPRC,0.5619396749218943,0.1331297921083291,0.3966372049726301,0.7272421448711586
datasail,tabpfn__ecfp_1024,TabPFN,ECFP4 (1024-bit),valid,Accuracy,0.7531206194131939,0.0661344270276695,0.6710038823311025,0.8352373564952852
datasail,tabpfn__ecfp_1024,TabPFN,ECFP4 (1024-bit),valid,F1,0.2543959988885801,0.2687525078945412,-0.0793043145910452,0.5880963123682055
datasail,tabpfn__ecfp_1024,TabPFN,ECFP4 (1024-bit),valid,MCC,0.1707357121587422,0.2474452122873534,-0.1365080994663527,0.4779795237838372
datasail,tabpfn__ecfp_1024,TabPFN,ECFP4 (1024-bit),test,AUROC,0.538699494949495,0.0948834443457722,0.4208861380797788,0.656512851819211
datasail,tabpfn__ecfp_1024,TabPFN,ECFP4 (1024-bit),test,AUPRC,0.2784411967496658,0.0532169930522855,0.2123635723839829,0.3445188211153487
datasail,tabpfn__ecfp_1024,TabPFN,ECFP4 (1024-bit),test,Accuracy,0.7617021276595745,0.0095151828829778,0.7498874676374562,0.7735167876816927
datasail,tabpfn__ecfp_1024,TabPFN,ECFP4 (1024-bit),test,F1,0.0,0.0,0.0,0.0
datasail,tabpfn__ecfp_1024,TabPFN,ECFP4 (1024-bit),test,MCC,-0.0163003215640608,0.0364486270723457,-0.0615572695837477,0.028956626455626
datasail,tabpfn__ecfp_1024_rdkit2d_normalized_200,TabPFN,ECFP4 (1024-bit) + RDKit2D (200-d),valid,AUROC,0.7754865983551341,0.0662720680299781,0.6931989573957995,0.8577742393144687
datasail,tabpfn__ecfp_1024_rdkit2d_normalized_200,TabPFN,ECFP4 (1024-bit) + RDKit2D (200-d),valid,AUPRC,0.5773809708953627,0.1385014151182927,0.4054087500427037,0.7493531917480216
datasail,tabpfn__ecfp_1024_rdkit2d_normalized_200,TabPFN,ECFP4 (1024-bit) + RDKit2D (200-d),valid,Accuracy,0.7767604923607592,0.0729508434422536,0.6861800564199135,0.8673409283016048
datasail,tabpfn__ecfp_1024_rdkit2d_normalized_200,TabPFN,ECFP4 (1024-bit) + RDKit2D (200-d),valid,F1,0.379828861115169,0.1935060896221021,0.1395593161982133,0.6200984060321247
datasail,tabpfn__ecfp_1024_rdkit2d_normalized_200,TabPFN,ECFP4 (1024-bit) + RDKit2D (200-d),valid,MCC,0.3369215243861957,0.1569781852026887,0.1420073633166538,0.5318356854557376
datasail,tabpfn__ecfp_1024_rdkit2d_normalized_200,TabPFN,ECFP4 (1024-bit) + RDKit2D (200-d),test,AUROC,0.6378156565656565,0.0344055520655075,0.5950955212275906,0.6805357919037225
datasail,tabpfn__ecfp_1024_rdkit2d_normalized_200,TabPFN,ECFP4 (1024-bit) + RDKit2D (200-d),test,AUPRC,0.4035098394234866,0.0939611446160686,0.2868416689236966,0.5201780099232767
datasail,tabpfn__ecfp_1024_rdkit2d_normalized_200,TabPFN,ECFP4 (1024-bit) + RDKit2D (200-d),test,Accuracy,0.7680851063829788,0.0047575914414888,0.7621777763719196,0.7739924363940379
datasail,tabpfn__ecfp_1024_rdkit2d_normalized_200,TabPFN,ECFP4 (1024-bit) + RDKit2D (200-d),test,F1,0.0340579710144927,0.0466533872545503,-0.0238698603337408,0.0919858023627263
datasail,tabpfn__ecfp_1024_rdkit2d_normalized_200,TabPFN,ECFP4 (1024-bit) + RDKit2D (200-d),test,MCC,0.0560414166552761,0.0837631153892933,-0.0479642281009973,0.1600470614115496
datasail,tabpfn__ecfp_2048,TabPFN,ECFP4 (2048-bit),valid,AUROC,0.7953279772885816,0.0513685328586153,0.7315455193974918,0.8591104351796715
datasail,tabpfn__ecfp_2048,TabPFN,ECFP4 (2048-bit),valid,AUPRC,0.5874060762986447,0.1379461987648376,0.416123247603285,0.7586889049940044
datasail,tabpfn__ecfp_2048,TabPFN,ECFP4 (2048-bit),valid,Accuracy,0.7590332708643068,0.0626332188922574,0.6812638578741749,0.8368026838544388
datasail,tabpfn__ecfp_2048,TabPFN,ECFP4 (2048-bit),valid,F1,0.2782042302843535,0.2578290155529789,-0.0419327760200993,0.5983412365888064
datasail,tabpfn__ecfp_2048,TabPFN,ECFP4 (2048-bit),valid,MCC,0.1986721523302433,0.2138818742095658,-0.0668972707441211,0.4642415754046078
datasail,tabpfn__ecfp_2048,TabPFN,ECFP4 (2048-bit),test,AUROC,0.7053661616161617,0.0933088496571705,0.5895079222830452,0.8212244009492783
datasail,tabpfn__ecfp_2048,TabPFN,ECFP4 (2048-bit),test,AUPRC,0.4714395430664478,0.0830435953951431,0.3683273003828984,0.5745517857499972
datasail,tabpfn__ecfp_2048,TabPFN,ECFP4 (2048-bit),test,Accuracy,0.7680851063829788,0.0047575914414889,0.7621777763719196,0.7739924363940379
datasail,tabpfn__ecfp_2048,TabPFN,ECFP4 (2048-bit),test,F1,0.017391304347826,0.0388881387391267,-0.0308946974817008,0.065677306177353
datasail,tabpfn__ecfp_2048,TabPFN,ECFP4 (2048-bit),test,MCC,0.0375183239688433,0.0838935227961934,-0.0666492429696769,0.1416858909073636
datasail,rf__ecfp_2048_rdkit2d_normalized_200,Random Forest,ECFP4 (2048-bit) + RDKit2D (200-d),valid,AUROC,0.7600537039856058,0.0757932184480986,0.6659439933306082,0.8541634146406034
datasail,rf__ecfp_2048_rdkit2d_normalized_200,Random Forest,ECFP4 (2048-bit) + RDKit2D (200-d),valid,AUPRC,0.5280156342150748,0.1597001693824213,0.3297216833858787,0.7263095850442709
datasail,rf__ecfp_2048_rdkit2d_normalized_200,Random Forest,ECFP4 (2048-bit) + RDKit2D (200-d),valid,Accuracy,0.7712672014512834,0.0744026930629464,0.6788840561056176,0.8636503467969491
datasail,rf__ecfp_2048_rdkit2d_normalized_200,Random Forest,ECFP4 (2048-bit) + RDKit2D (200-d),valid,F1,0.2799399546930866,0.2629816136990648,-0.0465948472265726,0.606474756612746
datasail,rf__ecfp_2048_rdkit2d_normalized_200,Random Forest,ECFP4 (2048-bit) + RDKit2D (200-d),valid,MCC,0.2288766059376466,0.2540417052563796,-0.0865578335214924,0.5443110453967857
datasail,rf__ecfp_2048_rdkit2d_normalized_200,Random Forest,ECFP4 (2048-bit) + RDKit2D (200-d),test,AUROC,0.6762626262626263,0.0385983578421994,0.6283364349401813,0.7241888175850714
datasail,rf__ecfp_2048_rdkit2d_normalized_200,Random Forest,ECFP4 (2048-bit) + RDKit2D (200-d),test,AUPRC,0.4588474158913911,0.0557746993086253,0.3895939797492305,0.5281008520335517
datasail,rf__ecfp_2048_rdkit2d_normalized_200,Random Forest,ECFP4 (2048-bit) + RDKit2D (200-d),test,Accuracy,0.7659574468085106,0.0,0.7659574468085106,0.7659574468085106
datasail,rf__ecfp_2048_rdkit2d_normalized_200,Random Forest,ECFP4 (2048-bit) + RDKit2D (200-d),test,F1,0.0,0.0,0.0,0.0
datasail,rf__ecfp_2048_rdkit2d_normalized_200,Random Forest,ECFP4 (2048-bit) + RDKit2D (200-d),test,MCC,0.0,0.0,0.0,0.0
datasail,rf__ecfp_1024_rdkit2d_normalized_200,Random Forest,ECFP4 (1024-bit) + RDKit2D (200-d),valid,AUROC,0.756207212843478,0.0764237340832168,0.6613146136240495,0.8510998120629065
datasail,rf__ecfp_1024_rdkit2d_normalized_200,Random Forest,ECFP4 (1024-bit) + RDKit2D (200-d),valid,AUPRC,0.5256825077004269,0.1542561616274428,0.3341481853065298,0.717216830094324
datasail,rf__ecfp_1024_rdkit2d_normalized_200,Random Forest,ECFP4 (1024-bit) + RDKit2D (200-d),valid,Accuracy,0.7688236962385473,0.0751793870085215,0.6754761579830382,0.8621712344940564
datasail,rf__ecfp_1024_rdkit2d_normalized_200,Random Forest,ECFP4 (1024-bit) + RDKit2D (200-d),valid,F1,0.2674585103636065,0.2596966401548944,-0.0549974581712044,0.5899144788984175
datasail,rf__ecfp_1024_rdkit2d_normalized_200,Random Forest,ECFP4 (1024-bit) + RDKit2D (200-d),valid,MCC,0.2180395263649016,0.2571279230659462,-0.1012269586389916,0.5373060113687949
datasail,rf__ecfp_1024_rdkit2d_normalized_200,Random Forest,ECFP4 (1024-bit) + RDKit2D (200-d),test,AUROC,0.6815025252525253,0.0469718819072016,0.6231792305604742,0.7398258199445764
datasail,rf__ecfp_1024_rdkit2d_normalized_200,Random Forest,ECFP4 (1024-bit) + RDKit2D (200-d),test,AUPRC,0.4624153661176076,0.0291972755352574,0.4261621602398429,0.4986685719953724
datasail,rf__ecfp_1024_rdkit2d_normalized_200,Random Forest,ECFP4 (1024-bit) + RDKit2D (200-d),test,Accuracy,0.7659574468085106,0.0,0.7659574468085106,0.7659574468085106
datasail,rf__ecfp_1024_rdkit2d_normalized_200,Random Forest,ECFP4 (1024-bit) + RDKit2D (200-d),test,F1,0.0,0.0,0.0,0.0
datasail,rf__ecfp_1024_rdkit2d_normalized_200,Random Forest,ECFP4 (1024-bit) + RDKit2D (200-d),test,MCC,0.0,0.0,0.0,0.0
datasail,svm__ecfp_2048_rdkit2d_normalized_200,SVM (RBF),ECFP4 (2048-bit) + RDKit2D (200-d),valid,AUROC,0.7897661069525499,0.081570709089164,0.6884826941685821,0.8910495197365177
datasail,svm__ecfp_2048_rdkit2d_normalized_200,SVM (RBF),ECFP4 (2048-bit) + RDKit2D (200-d),valid,AUPRC,0.6079701090979494,0.1551352248755352,0.4153442855167519,0.8005959326791467
datasail,svm__ecfp_2048_rdkit2d_normalized_200,SVM (RBF),ECFP4 (2048-bit) + RDKit2D (200-d),valid,Accuracy,0.8004573800291898,0.033853631110011,0.758422545071418,0.8424922149869615
datasail,svm__ecfp_2048_rdkit2d_normalized_200,SVM (RBF),ECFP4 (2048-bit) + RDKit2D (200-d),valid,F1,0.2730213183043372,0.2224516758427717,-0.0031889189297269,0.5492315555384013
datasail,svm__ecfp_2048_rdkit2d_normalized_200,SVM (RBF),ECFP4 (2048-bit) + RDKit2D (200-d),valid,MCC,0.2826346383415108,0.2155197303466416,0.0150315482675021,0.5502377284155195
datasail,svm__ecfp_2048_rdkit2d_normalized_200,SVM (RBF),ECFP4 (2048-bit) + RDKit2D (200-d),test,AUROC,0.5285353535353535,0.0842931883994782,0.423871536205914,0.633199170864793
datasail,svm__ecfp_2048_rdkit2d_normalized_200,SVM (RBF),ECFP4 (2048-bit) + RDKit2D (200-d),test,AUPRC,0.3007521542550971,0.0319410238273417,0.2610921349029182,0.3404121736072761
datasail,svm__ecfp_2048_rdkit2d_normalized_200,SVM (RBF),ECFP4 (2048-bit) + RDKit2D (200-d),test,Accuracy,0.7659574468085106,0.0,0.7659574468085106,0.7659574468085106
datasail,svm__ecfp_2048_rdkit2d_normalized_200,SVM (RBF),ECFP4 (2048-bit) + RDKit2D (200-d),test,F1,0.0,0.0,0.0,0.0
datasail,svm__ecfp_2048_rdkit2d_normalized_200,SVM (RBF),ECFP4 (2048-bit) + RDKit2D (200-d),test,MCC,0.0,0.0,0.0,0.0
datasail,svm__ecfp_2048,SVM (RBF),ECFP4 (2048-bit),valid,AUROC,0.7907180155692572,0.0642906970196783,0.7108905716604965,0.870545459478018
datasail,svm__ecfp_2048,SVM (RBF),ECFP4 (2048-bit),valid,AUPRC,0.60282208044828,0.145579544069603,0.4220612017021353,0.7835829591944247
datasail,svm__ecfp_2048,SVM (RBF),ECFP4 (2048-bit),valid,Accuracy,0.8016199428998452,0.0349802237022008,0.7581862584797083,0.845053627319982
datasail,svm__ecfp_2048,SVM (RBF),ECFP4 (2048-bit),valid,F1,0.271604186578876,0.2362790318144157,-0.0217749807555264,0.5649833539132785
datasail,svm__ecfp_2048,SVM (RBF),ECFP4 (2048-bit),valid,MCC,0.2801506068661052,0.2280458252537897,-0.0030056842921927,0.5633068980244033
datasail,svm__ecfp_2048,SVM (RBF),ECFP4 (2048-bit),test,AUROC,0.4869949494949495,0.0776266179187863,0.3906087727228731,0.5833811262670259
datasail,svm__ecfp_2048,SVM (RBF),ECFP4 (2048-bit),test,AUPRC,0.2822574238367914,0.0263772339840401,0.2495057620266118,0.315009085646971
datasail,svm__ecfp_2048,SVM (RBF),ECFP4 (2048-bit),test,Accuracy,0.7638297872340425,0.0047575914414888,0.7579224572229835,0.7697371172451015
datasail,svm__ecfp_2048,SVM (RBF),ECFP4 (2048-bit),test,F1,0.0,0.0,0.0,0.0
datasail,svm__ecfp_2048,SVM (RBF),ECFP4 (2048-bit),test,MCC,-0.0114639323238132,0.0256341319655035,-0.0432929111105833,0.0203650464629568
datasail,xgb__ecfp_1024_rdkit2d_normalized_200,XGBoost,ECFP4 (1024-bit) + RDKit2D (200-d),valid,AUROC,0.750255413789998,0.0789561197140246,0.652218442503227,0.8482923850767691
datasail,xgb__ecfp_1024_rdkit2d_normalized_200,XGBoost,ECFP4 (1024-bit) + RDKit2D (200-d),valid,AUPRC,0.5359184853313831,0.1351031379060452,0.3681657829490881,0.7036711877136781
datasail,xgb__ecfp_1024_rdkit2d_normalized_200,XGBoost,ECFP4 (1024-bit) + RDKit2D (200-d),valid,Accuracy,0.7575670147993403,0.1082754689139509,0.6231252631602564,0.8920087664384242
datasail,xgb__ecfp_1024_rdkit2d_normalized_200,XGBoost,ECFP4 (1024-bit) + RDKit2D (200-d),valid,F1,0.4216326458616231,0.1416147191191565,0.2457947475156278,0.5974705442076182
datasail,xgb__ecfp_1024_rdkit2d_normalized_200,XGBoost,ECFP4 (1024-bit) + RDKit2D (200-d),valid,MCC,0.3062460522834305,0.1762296797559479,0.0874280035154909,0.5250641010513701
datasail,xgb__ecfp_1024_rdkit2d_normalized_200,XGBoost,ECFP4 (1024-bit) + RDKit2D (200-d),test,AUROC,0.6933080808080808,0.0386041656290868,0.6453746781657484,0.7412414834504132
datasail,xgb__ecfp_1024_rdkit2d_normalized_200,XGBoost,ECFP4 (1024-bit) + RDKit2D (200-d),test,AUPRC,0.4552101193928441,0.0585480633939324,0.3825130969120464,0.527907141873642
datasail,xgb__ecfp_1024_rdkit2d_normalized_200,XGBoost,ECFP4 (1024-bit) + RDKit2D (200-d),test,Accuracy,0.776595744680851,0.0075224125658143,0.7672554358182436,0.7859360535434584
datasail,xgb__ecfp_1024_rdkit2d_normalized_200,XGBoost,ECFP4 (1024-bit) + RDKit2D (200-d),test,F1,0.0855072463768115,0.0589589727733565,0.0123000125130587,0.1587144802405644
datasail,xgb__ecfp_1024_rdkit2d_normalized_200,XGBoost,ECFP4 (1024-bit) + RDKit2D (200-d),test,MCC,0.1659014788434564,0.0988706088208102,0.0431374033901686,0.2886655542967443
datasail,svm__ecfp_1024_rdkit2d_normalized_200,SVM (RBF),ECFP4 (1024-bit) + RDKit2D (200-d),valid,AUROC,0.7702016845322401,0.0771079146092469,0.674459562985368,0.8659438060791123
datasail,svm__ecfp_1024_rdkit2d_normalized_200,SVM (RBF),ECFP4 (1024-bit) + RDKit2D (200-d),valid,AUPRC,0.5744744888178547,0.1507499003646473,0.3872937648022672,0.7616552128334422
datasail,svm__ecfp_1024_rdkit2d_normalized_200,SVM (RBF),ECFP4 (1024-bit) + RDKit2D (200-d),valid,Accuracy,0.7876858918464076,0.0386594280106697,0.7396838718944087,0.8356879117984065
datasail,svm__ecfp_1024_rdkit2d_normalized_200,SVM (RBF),ECFP4 (1024-bit) + RDKit2D (200-d),valid,F1,0.2702627440045634,0.2257391867673042,-0.0100294771881943,0.5505549651973212
datasail,svm__ecfp_1024_rdkit2d_normalized_200,SVM (RBF),ECFP4 (1024-bit) + RDKit2D (200-d),valid,MCC,0.262155380968767,0.2161045666380947,-0.0061738792731819,0.530484641210716
datasail,svm__ecfp_1024_rdkit2d_normalized_200,SVM (RBF),ECFP4 (1024-bit) + RDKit2D (200-d),test,AUROC,0.4472222222222222,0.0864375809469422,0.3398957898685802,0.5545486545758642
datasail,svm__ecfp_1024_rdkit2d_normalized_200,SVM (RBF),ECFP4 (1024-bit) + RDKit2D (200-d),test,AUPRC,0.2439762653203504,0.0492252741609442,0.1828550145929958,0.3050975160477049
datasail,svm__ecfp_1024_rdkit2d_normalized_200,SVM (RBF),ECFP4 (1024-bit) + RDKit2D (200-d),test,Accuracy,0.7659574468085106,0.0,0.7659574468085106,0.7659574468085106
datasail,svm__ecfp_1024_rdkit2d_normalized_200,SVM (RBF),ECFP4 (1024-bit) + RDKit2D (200-d),test,F1,0.0,0.0,0.0,0.0
datasail,svm__ecfp_1024_rdkit2d_normalized_200,SVM (RBF),ECFP4 (1024-bit) + RDKit2D (200-d),test,MCC,0.0,0.0,0.0,0.0
datasail,svm__ecfp_1024,SVM (RBF),ECFP4 (1024-bit),valid,AUROC,0.7766500476546221,0.0637255792979567,0.69752429007567,0.8557758052335742
datasail,svm__ecfp_1024,SVM (RBF),ECFP4 (1024-bit),valid,AUPRC,0.5739751064782155,0.1397178185389796,0.4004925212907977,0.7474576916656333
datasail,svm__ecfp_1024,SVM (RBF),ECFP4 (1024-bit),valid,Accuracy,0.7887444508211516,0.039717277563117,0.739428937164363,0.8380599644779403
datasail,svm__ecfp_1024,SVM (RBF),ECFP4 (1024-bit),valid,F1,0.2527536925585706,0.2323415947603854,-0.0357365009406488,0.5412438860577901
datasail,svm__ecfp_1024,SVM (RBF),ECFP4 (1024-bit),valid,MCC,0.2457393498103696,0.2243444073410105,-0.0328210239833238,0.5242997236040632
datasail,svm__ecfp_1024,SVM (RBF),ECFP4 (1024-bit),test,AUROC,0.4035353535353535,0.0548814125355177,0.3353910794194322,0.4716796276512748
datasail,svm__ecfp_1024,SVM (RBF),ECFP4 (1024-bit),test,AUPRC,0.2237841581802958,0.0364712262428461,0.1784991495842093,0.2690691667763823
datasail,svm__ecfp_1024,SVM (RBF),ECFP4 (1024-bit),test,Accuracy,0.7617021276595745,0.00582683571814,0.7544671555249122,0.7689370997942367
datasail,svm__ecfp_1024,SVM (RBF),ECFP4 (1024-bit),test,F1,0.0,0.0,0.0,0.0
datasail,svm__ecfp_1024,SVM (RBF),ECFP4 (1024-bit),test,MCC,-0.0229278646476264,0.0313952716573256,-0.0619102431783548,0.0160545138831018
datasail,xgb__ecfp_2048_rdkit2d_normalized_200,XGBoost,ECFP4 (2048-bit) + RDKit2D (200-d),valid,AUROC,0.7248395124853113,0.108802644782121,0.5897431855499987,0.8599358394206239
datasail,xgb__ecfp_2048_rdkit2d_normalized_200,XGBoost,ECFP4 (2048-bit) + RDKit2D (200-d),valid,AUPRC,0.5158794801549198,0.1620679025718378,0.3146456002670731,0.7171133600427664
datasail,xgb__ecfp_2048_rdkit2d_normalized_200,XGBoost,ECFP4 (2048-bit) + RDKit2D (200-d),valid,Accuracy,0.7506986449151857,0.1092888220770718,0.6149986491359887,0.8863986406943827
datasail,xgb__ecfp_2048_rdkit2d_normalized_200,XGBoost,ECFP4 (2048-bit) + RDKit2D (200-d),valid,F1,0.4199933549708662,0.1421362888367119,0.243507842284029,0.5964788676577033
datasail,xgb__ecfp_2048_rdkit2d_normalized_200,XGBoost,ECFP4 (2048-bit) + RDKit2D (200-d),valid,MCC,0.295791798833503,0.1807176408273429,0.0714012103778721,0.5201823872891338
datasail,xgb__ecfp_2048_rdkit2d_normalized_200,XGBoost,ECFP4 (2048-bit) + RDKit2D (200-d),test,AUROC,0.6957070707070707,0.0359405185037633,0.6510810228041715,0.74033311860997
datasail,xgb__ecfp_2048_rdkit2d_normalized_200,XGBoost,ECFP4 (2048-bit) + RDKit2D (200-d),test,AUPRC,0.4508593627771301,0.0623557377989865,0.3734344880706947,0.5282842374835655
datasail,xgb__ecfp_2048_rdkit2d_normalized_200,XGBoost,ECFP4 (2048-bit) + RDKit2D (200-d),test,Accuracy,0.778723404255319,0.0116536714362801,0.7642534599859944,0.7931933485246437
datasail,xgb__ecfp_2048_rdkit2d_normalized_200,XGBoost,ECFP4 (2048-bit) + RDKit2D (200-d),test,F1,0.1114331723027375,0.1099875513075778,-0.0251344104064714,0.2480007550119465
datasail,xgb__ecfp_2048_rdkit2d_normalized_200,XGBoost,ECFP4 (2048-bit) + RDKit2D (200-d),test,MCC,0.1759206429153599,0.1131500011583575,0.0354263600803129,0.316414925750407
datasail,rf__rdkit2d_normalized_200,Random Forest,RDKit2D (200-d),valid,AUROC,0.7191493143492969,0.0773373009782413,0.6231223720063657,0.815176256692228
datasail,rf__rdkit2d_normalized_200,Random Forest,RDKit2D (200-d),valid,AUPRC,0.4900593917624855,0.1299716226454585,0.3286783071354942,0.6514404763894768
datasail,rf__rdkit2d_normalized_200,Random Forest,RDKit2D (200-d),valid,Accuracy,0.7684469682533266,0.0718964860146625,0.6791756899715595,0.8577182465350937
datasail,rf__rdkit2d_normalized_200,Random Forest,RDKit2D (200-d),valid,F1,0.305758334399308,0.1404743640559649,0.1313363738804471,0.4801802949181689
datasail,rf__rdkit2d_normalized_200,Random Forest,RDKit2D (200-d),valid,MCC,0.2800163596991017,0.1126337704687578,0.1401630619260986,0.4198696574721049
datasail,rf__rdkit2d_normalized_200,Random Forest,RDKit2D (200-d),test,AUROC,0.6595959595959596,0.0368930827253468,0.6137871469931431,0.7054047721987762
datasail,rf__rdkit2d_normalized_200,Random Forest,RDKit2D (200-d),test,AUPRC,0.4565610863484273,0.0384172272536065,0.4088597983568114,0.5042623743400431
datasail,rf__rdkit2d_normalized_200,Random Forest,RDKit2D (200-d),test,Accuracy,0.7680851063829788,0.0047575914414888,0.7621777763719196,0.7739924363940379
datasail,rf__rdkit2d_normalized_200,Random Forest,RDKit2D (200-d),test,F1,0.017391304347826,0.0388881387391267,-0.0308946974817008,0.065677306177353
datasail,rf__rdkit2d_normalized_200,Random Forest,RDKit2D (200-d),test,MCC,0.0375183239688433,0.0838935227961934,-0.0666492429696769,0.1416858909073636
datasail,xgb__rdkit2d_normalized_200,XGBoost,RDKit2D (200-d),valid,AUROC,0.7324303534617583,0.0849256262216554,0.626981260857419,0.8378794460660977
datasail,xgb__rdkit2d_normalized_200,XGBoost,RDKit2D (200-d),valid,AUPRC,0.4988263786614671,0.1071607848345091,0.365768690113197,0.6318840672097372
datasail,xgb__rdkit2d_normalized_200,XGBoost,RDKit2D (200-d),valid,Accuracy,0.7397967828821541,0.1026101461623217,0.6123894585419728,0.8672041072223354
datasail,xgb__rdkit2d_normalized_200,XGBoost,RDKit2D (200-d),valid,F1,0.3867600373482726,0.1027028614828583,0.2592375917324991,0.5142824829640462
datasail,xgb__rdkit2d_normalized_200,XGBoost,RDKit2D (200-d),valid,MCC,0.2480854987690504,0.145173229920963,0.0678291256732327,0.4283418718648681
datasail,xgb__rdkit2d_normalized_200,XGBoost,RDKit2D (200-d),test,AUROC,0.670959595959596,0.069866999543721,0.5842082579636385,0.7577109339555534
datasail,xgb__rdkit2d_normalized_200,XGBoost,RDKit2D (200-d),test,AUPRC,0.4195755071593291,0.0466051878857825,0.3617075232320306,0.4774434910866276
datasail,xgb__rdkit2d_normalized_200,XGBoost,RDKit2D (200-d),test,Accuracy,0.776595744680851,0.0075224125658143,0.7672554358182436,0.7859360535434584
datasail,xgb__rdkit2d_normalized_200,XGBoost,RDKit2D (200-d),test,F1,0.1188405797101449,0.125678164572051,-0.0372094725992988,0.2748906320195887
datasail,xgb__rdkit2d_normalized_200,XGBoost,RDKit2D (200-d),test,MCC,0.1688805319158136,0.1028140250227027,0.0412200585347023,0.2965410052969248
datasail,lgbm__ecfp_1024_rdkit2d_normalized_200,LightGBM,ECFP4 (1024-bit) + RDKit2D (200-d),valid,AUROC,0.7252326416509878,0.0993388700224438,0.6018871431218759,0.8485781401800997
datasail,lgbm__ecfp_1024_rdkit2d_normalized_200,LightGBM,ECFP4 (1024-bit) + RDKit2D (200-d),valid,AUPRC,0.4991332440407879,0.1349391190625234,0.331584197951521,0.6666822901300549
datasail,lgbm__ecfp_1024_rdkit2d_normalized_200,LightGBM,ECFP4 (1024-bit) + RDKit2D (200-d),valid,Accuracy,0.7361761428137595,0.1157644940850618,0.5924355382380654,0.8799167473894537
datasail,lgbm__ecfp_1024_rdkit2d_normalized_200,LightGBM,ECFP4 (1024-bit) + RDKit2D (200-d),valid,F1,0.4042734526690023,0.1538484296058221,0.2132453964472665,0.5953015088907381
datasail,lgbm__ecfp_1024_rdkit2d_normalized_200,LightGBM,ECFP4 (1024-bit) + RDKit2D (200-d),valid,MCC,0.257581360312657,0.1927752442422081,0.0182192797921693,0.4969434408331447
datasail,lgbm__ecfp_1024_rdkit2d_normalized_200,LightGBM,ECFP4 (1024-bit) + RDKit2D (200-d),test,AUROC,0.7140151515151515,0.0394709571523752,0.6650054850444037,0.7630248179858993
datasail,lgbm__ecfp_1024_rdkit2d_normalized_200,LightGBM,ECFP4 (1024-bit) + RDKit2D (200-d),test,AUPRC,0.4653382512661222,0.0410843287930865,0.4143253193133803,0.5163511832188642
datasail,lgbm__ecfp_1024_rdkit2d_normalized_200,LightGBM,ECFP4 (1024-bit) + RDKit2D (200-d),test,Accuracy,0.778723404255319,0.0089006385801497,0.7676718017693236,0.7897750067413145
datasail,lgbm__ecfp_1024_rdkit2d_normalized_200,LightGBM,ECFP4 (1024-bit) + RDKit2D (200-d),test,F1,0.1347826086956521,0.125678164572051,-0.0212674436137916,0.2908326610050959
datasail,lgbm__ecfp_1024_rdkit2d_normalized_200,LightGBM,ECFP4 (1024-bit) + RDKit2D (200-d),test,MCC,0.1847087148838967,0.1120882997010891,0.0455327085251803,0.3238847212426131
datasail,chemprop_morgan,Chemprop,Graph + Morgan,valid,AUROC,0.7225588181026643,0.1032228748307454,0.594390690634234,0.8507269455710946
datasail,chemprop_morgan,Chemprop,Graph + Morgan,valid,AUPRC,0.4384292772573546,0.1715174501159045,0.2254622343847254,0.6513963201299837
datasail,chemprop_morgan,Chemprop,Graph + Morgan,valid,Accuracy,0.7564928871336163,0.0523868409922838,0.6914460326938722,0.8215397415733604
datasail,chemprop_morgan,Chemprop,Graph + Morgan,valid,F1,0.2918834568091784,0.255609232309363,-0.0254973245578607,0.6092642381762174
datasail,chemprop_morgan,Chemprop,Graph + Morgan,valid,MCC,0.1764674176588103,0.2475901125221461,-0.130956311371158,0.4838911466887786
datasail,chemprop_morgan,Chemprop,Graph + Morgan,test,AUROC,0.6632575757575758,0.0784666605779998,0.5658283482585987,0.7606868032565529
datasail,chemprop_morgan,Chemprop,Graph + Morgan,test,AUPRC,0.4315365357155803,0.0528773990433744,0.365880573004768,0.4971924984263927
datasail,chemprop_morgan,Chemprop,Graph + Morgan,test,Accuracy,0.774468085106383,0.0275365512883931,0.7402769407368937,0.8086592294758723
datasail,chemprop_morgan,Chemprop,Graph + Morgan,test,F1,0.26807128007128,0.0742496881962045,0.1758781153601976,0.3602644447823624
datasail,chemprop_morgan,Chemprop,Graph + Morgan,test,MCC,0.2429641487992062,0.1148012539731849,0.1004195647920553,0.385508732806357
datasail,tabpfn__rdkit2d_normalized_200,TabPFN,RDKit2D (200-d),valid,AUROC,0.7224306250232145,0.1003096571583789,0.5978797350574926,0.8469815149889365
datasail,tabpfn__rdkit2d_normalized_200,TabPFN,RDKit2D (200-d),valid,AUPRC,0.5187676732849883,0.1353981078996005,0.3506487172811454,0.6868866292888312
datasail,tabpfn__rdkit2d_normalized_200,TabPFN,RDKit2D (200-d),valid,Accuracy,0.7376591951105068,0.1040367818651291,0.6084804685795975,0.8668379216414162
datasail,tabpfn__rdkit2d_normalized_200,TabPFN,RDKit2D (200-d),valid,F1,0.3970409720997956,0.1378340590423077,0.2258973832606698,0.5681845609389213
datasail,tabpfn__rdkit2d_normalized_200,TabPFN,RDKit2D (200-d),valid,MCC,0.2763909661889806,0.2024746923474523,0.0249854301537653,0.5277965022241959
datasail,tabpfn__rdkit2d_normalized_200,TabPFN,RDKit2D (200-d),test,AUROC,0.6765151515151515,0.0264572178543819,0.6436641766127316,0.7093661264175715
datasail,tabpfn__rdkit2d_normalized_200,TabPFN,RDKit2D (200-d),test,AUPRC,0.438526773853251,0.0466371711975322,0.3806190773992096,0.4964344703072925
datasail,tabpfn__rdkit2d_normalized_200,TabPFN,RDKit2D (200-d),test,Accuracy,0.7680851063829788,0.0047575914414888,0.7621777763719197,0.7739924363940378
datasail,tabpfn__rdkit2d_normalized_200,TabPFN,RDKit2D (200-d),test,F1,0.0481605351170568,0.0700587075466283,-0.038828839804278,0.1351499100383917
datasail,tabpfn__rdkit2d_normalized_200,TabPFN,RDKit2D (200-d),test,MCC,0.064003395892332,0.0897843503580014,-0.0474785995493118,0.1754853913339759
datasail,chemprop_morgan_rdkit2d,Chemprop,Graph + Morgan + RDKit2D,valid,AUROC,0.7198405228038393,0.1032579396176814,0.5916288566518657,0.8480521889558128
datasail,chemprop_morgan_rdkit2d,Chemprop,Graph + Morgan + RDKit2D,valid,AUPRC,0.4950708011763762,0.1584899085725589,0.2982795876232232,0.6918620147295291
datasail,chemprop_morgan_rdkit2d,Chemprop,Graph + Morgan + RDKit2D,valid,Accuracy,0.7592982206766111,0.0665321940318842,0.676687590625713,0.8419088507275092
datasail,chemprop_morgan_rdkit2d,Chemprop,Graph + Morgan + RDKit2D,valid,F1,0.4017876409489688,0.1842096532572318,0.1730611463778648,0.6305141355200728
datasail,chemprop_morgan_rdkit2d,Chemprop,Graph + Morgan + RDKit2D,valid,MCC,0.2835234761209148,0.2136535033129785,0.0182376129670801,0.5488093392747494
datasail,chemprop_morgan_rdkit2d,Chemprop,Graph + Morgan + RDKit2D,test,AUROC,0.6763888888888889,0.0421507311843286,0.6240518434793432,0.7287259342984347
datasail,chemprop_morgan_rdkit2d,Chemprop,Graph + Morgan + RDKit2D,test,AUPRC,0.4259312110181731,0.0366337009561158,0.3804444634200012,0.4714179586163451
datasail,chemprop_morgan_rdkit2d,Chemprop,Graph + Morgan + RDKit2D,test,Accuracy,0.7574468085106383,0.0253985880559857,0.7259102961163125,0.788983320904964
datasail,chemprop_morgan_rdkit2d,Chemprop,Graph + Morgan + RDKit2D,test,F1,0.2687043512043512,0.0845733804058432,0.1636926295480237,0.3737160728606786
datasail,chemprop_morgan_rdkit2d,Chemprop,Graph + Morgan + RDKit2D,test,MCC,0.18939093042052,0.0805408003920821,0.0893863181871558,0.2893955426538843
datasail,lgbm__ecfp_2048_rdkit2d_normalized_200,LightGBM,ECFP4 (2048-bit) + RDKit2D (200-d),valid,AUROC,0.7103231097970877,0.1017285910294628,0.5840103807278091,0.8366358388663663
datasail,lgbm__ecfp_2048_rdkit2d_normalized_200,LightGBM,ECFP4 (2048-bit) + RDKit2D (200-d),valid,AUPRC,0.4924783579140934,0.1348274756273971,0.3250679354588586,0.6598887803693282
datasail,lgbm__ecfp_2048_rdkit2d_normalized_200,LightGBM,ECFP4 (2048-bit) + RDKit2D (200-d),valid,Accuracy,0.7201011739853447,0.1158944643147607,0.5761991900545951,0.8640031579160943
datasail,lgbm__ecfp_2048_rdkit2d_normalized_200,LightGBM,ECFP4 (2048-bit) + RDKit2D (200-d),valid,F1,0.4142833621857594,0.1331883078058943,0.2489082354014988,0.57965848897002
datasail,lgbm__ecfp_2048_rdkit2d_normalized_200,LightGBM,ECFP4 (2048-bit) + RDKit2D (200-d),valid,MCC,0.2454249710288387,0.1961011532910658,0.0019332289810842,0.4889167130765931
datasail,lgbm__ecfp_2048_rdkit2d_normalized_200,LightGBM,ECFP4 (2048-bit) + RDKit2D (200-d),test,AUROC,0.7281565656565657,0.0747067802307642,0.6353958462223049,0.8209172850908265
datasail,lgbm__ecfp_2048_rdkit2d_normalized_200,LightGBM,ECFP4 (2048-bit) + RDKit2D (200-d),test,AUPRC,0.4925254664322104,0.0614848298832255,0.4161819667305261,0.5688689661338947
datasail,lgbm__ecfp_2048_rdkit2d_normalized_200,LightGBM,ECFP4 (2048-bit) + RDKit2D (200-d),test,Accuracy,0.776595744680851,0.0,0.776595744680851,0.776595744680851
datasail,lgbm__ecfp_2048_rdkit2d_normalized_200,LightGBM,ECFP4 (2048-bit) + RDKit2D (200-d),test,F1,0.1140096618357487,0.0604926602608638,0.0388981034342624,0.1891212202372351
datasail,lgbm__ecfp_2048_rdkit2d_normalized_200,LightGBM,ECFP4 (2048-bit) + RDKit2D (200-d),test,MCC,0.1910465869036393,0.0077255412048915,0.1814540605228857,0.200639113284393
datasail,lgbm__rdkit2d_normalized_200,LightGBM,RDKit2D (200-d),valid,AUROC,0.7216740341314649,0.0930122286121328,0.6061840984710812,0.8371639697918486
datasail,lgbm__rdkit2d_normalized_200,LightGBM,RDKit2D (200-d),valid,AUPRC,0.4943507170967658,0.1122531954135298,0.3549699656684536,0.633731468525078
datasail,lgbm__rdkit2d_normalized_200,LightGBM,RDKit2D (200-d),valid,Accuracy,0.7418928353401453,0.1025723268756982,0.6145324698466021,0.8692532008336884
datasail,lgbm__rdkit2d_normalized_200,LightGBM,RDKit2D (200-d),valid,F1,0.4223446327683616,0.134221760025619,0.255686305569005,0.5890029599677182
datasail,lgbm__rdkit2d_normalized_200,LightGBM,RDKit2D (200-d),valid,MCC,0.271616953883963,0.1739786390318211,0.0555939413416621,0.4876399664262638
datasail,lgbm__rdkit2d_normalized_200,LightGBM,RDKit2D (200-d),test,AUROC,0.7089646464646464,0.0490965204424837,0.648003264594139,0.7699260283351538
datasail,lgbm__rdkit2d_normalized_200,LightGBM,RDKit2D (200-d),test,AUPRC,0.4571092098836297,0.0315708072535817,0.417908875122627,0.4963095446446324
datasail,lgbm__rdkit2d_normalized_200,LightGBM,RDKit2D (200-d),test,Accuracy,0.774468085106383,0.0047575914414889,0.7685607550953238,0.7803754151174421
datasail,lgbm__rdkit2d_normalized_200,LightGBM,RDKit2D (200-d),test,F1,0.1166900420757363,0.1210988780433083,-0.0336740750135082,0.2670541591649809
datasail,lgbm__rdkit2d_normalized_200,LightGBM,RDKit2D (200-d),test,MCC,0.1619735896080917,0.0941403516604416,0.0450829041730792,0.2788642750431043
datasail,xgb__ecfp_1024,XGBoost,ECFP4 (1024-bit),valid,AUROC,0.700178389206104,0.1006815534833908,0.5751657289625505,0.8251910494496575
datasail,xgb__ecfp_1024,XGBoost,ECFP4 (1024-bit),valid,AUPRC,0.4665420439611407,0.185093876018997,0.2367176418203605,0.6963664461019208
datasail,xgb__ecfp_1024,XGBoost,ECFP4 (1024-bit),valid,Accuracy,0.7599349407077286,0.1046603976802798,0.6299818928704362,0.889887988545021
datasail,xgb__ecfp_1024,XGBoost,ECFP4 (1024-bit),valid,F1,0.3568211972758819,0.2616826063285493,0.031899326041593,0.6817430685101707
datasail,xgb__ecfp_1024,XGBoost,ECFP4 (1024-bit),valid,MCC,0.2756511274873475,0.2673958377693303,-0.0563646575403648,0.60766691251506
datasail,xgb__ecfp_1024,XGBoost,ECFP4 (1024-bit),test,AUROC,0.6383838383838384,0.1077562935356973,0.5045867281206857,0.772180948646991
datasail,xgb__ecfp_1024,XGBoost,ECFP4 (1024-bit),test,AUPRC,0.3327370505630659,0.0681717655098,0.2480906236355579,0.4173834774905738
datasail,xgb__ecfp_1024,XGBoost,ECFP4 (1024-bit),test,Accuracy,0.7553191489361702,0.0150448251316286,0.7366385312109557,0.7739997666613848
datasail,xgb__ecfp_1024,XGBoost,ECFP4 (1024-bit),test,F1,0.0,0.0,0.0,0.0
datasail,xgb__ecfp_1024,XGBoost,ECFP4 (1024-bit),test,MCC,-0.0363734479506106,0.0502509541488413,-0.0987682485926152,0.0260213526913938
datasail,logreg_l2_c0_1__ecfp_2048_rdkit2d_normalized_200,"Logistic Regression (L2, C=0.1)",ECFP4 (2048-bit) + RDKit2D (200-d),valid,AUROC,0.7347749310889505,0.0823148704488251,0.6325675199358372,0.8369823422420639
datasail,logreg_l2_c0_1__ecfp_2048_rdkit2d_normalized_200,"Logistic Regression (L2, C=0.1)",ECFP4 (2048-bit) + RDKit2D (200-d),valid,AUPRC,0.501708393957255,0.1237995438069544,0.3479909574181095,0.6554258304964005
datasail,logreg_l2_c0_1__ecfp_2048_rdkit2d_normalized_200,"Logistic Regression (L2, C=0.1)",ECFP4 (2048-bit) + RDKit2D (200-d),valid,Accuracy,0.7364448090075035,0.0941754495544956,0.6195105437810314,0.8533790742339756
datasail,logreg_l2_c0_1__ecfp_2048_rdkit2d_normalized_200,"Logistic Regression (L2, C=0.1)",ECFP4 (2048-bit) + RDKit2D (200-d),valid,F1,0.441426639229439,0.0828240796662208,0.3385869613235319,0.5442663171353461
datasail,logreg_l2_c0_1__ecfp_2048_rdkit2d_normalized_200,"Logistic Regression (L2, C=0.1)",ECFP4 (2048-bit) + RDKit2D (200-d),valid,MCC,0.3071645726639221,0.0786716833419496,0.2094807757801362,0.404848369547708
datasail,logreg_l2_c0_1__ecfp_2048_rdkit2d_normalized_200,"Logistic Regression (L2, C=0.1)",ECFP4 (2048-bit) + RDKit2D (200-d),test,AUROC,0.6251262626262626,0.0944582428611925,0.5078408631319319,0.7424116621205933
datasail,logreg_l2_c0_1__ecfp_2048_rdkit2d_normalized_200,"Logistic Regression (L2, C=0.1)",ECFP4 (2048-bit) + RDKit2D (200-d),test,AUPRC,0.3481432943469399,0.0901530847022839,0.2362034547450992,0.4600831339487806
datasail,logreg_l2_c0_1__ecfp_2048_rdkit2d_normalized_200,"Logistic Regression (L2, C=0.1)",ECFP4 (2048-bit) + RDKit2D (200-d),test,Accuracy,0.7361702127659575,0.01165367143628,0.7217002684966329,0.7506401570352821
datasail,logreg_l2_c0_1__ecfp_2048_rdkit2d_normalized_200,"Logistic Regression (L2, C=0.1)",ECFP4 (2048-bit) + RDKit2D (200-d),test,F1,0.0839560439560439,0.0881507748758821,-0.0254975996211039,0.1934096875331918
datasail,logreg_l2_c0_1__ecfp_2048_rdkit2d_normalized_200,"Logistic Regression (L2, C=0.1)",ECFP4 (2048-bit) + RDKit2D (200-d),test,MCC,-0.012469943408696,0.1006304742853519,-0.1374191804509875,0.1124792936335953
datasail,logreg_l2_c0_1__ecfp_2048,"Logistic Regression (L2, C=0.1)",ECFP4 (2048-bit),valid,AUROC,0.7369109972854755,0.0662483517669333,0.6546528039561355,0.8191691906148155
datasail,logreg_l2_c0_1__ecfp_2048,"Logistic Regression (L2, C=0.1)",ECFP4 (2048-bit),valid,AUPRC,0.512772112411519,0.1174867714644992,0.3668930180188566,0.6586512068041813
datasail,logreg_l2_c0_1__ecfp_2048,"Logistic Regression (L2, C=0.1)",ECFP4 (2048-bit),valid,Accuracy,0.7264798540721173,0.1019369040530338,0.5999084702211136,0.8530512379231211
datasail,logreg_l2_c0_1__ecfp_2048,"Logistic Regression (L2, C=0.1)",ECFP4 (2048-bit),valid,F1,0.4102752408881441,0.1271966030125901,0.2523397982335942,0.5682106835426941
datasail,logreg_l2_c0_1__ecfp_2048,"Logistic Regression (L2, C=0.1)",ECFP4 (2048-bit),valid,MCC,0.2868311351811643,0.1101192586848191,0.1501000161633369,0.4235622541989917
datasail,logreg_l2_c0_1__ecfp_2048,"Logistic Regression (L2, C=0.1)",ECFP4 (2048-bit),test,AUROC,0.5611111111111111,0.1098189107408673,0.4247529233222232,0.697469298899999
datasail,logreg_l2_c0_1__ecfp_2048,"Logistic Regression (L2, C=0.1)",ECFP4 (2048-bit),test,AUPRC,0.3167694256956314,0.0792890719894327,0.218319039555366,0.4152198118358967
datasail,logreg_l2_c0_1__ecfp_2048,"Logistic Regression (L2, C=0.1)",ECFP4 (2048-bit),test,Accuracy,0.7404255319148936,0.0178012771602995,0.7183223269429027,0.7625287368868845
datasail,logreg_l2_c0_1__ecfp_2048,"Logistic Regression (L2, C=0.1)",ECFP4 (2048-bit),test,F1,0.1063225806451612,0.1161204297889051,-0.0378599764796703,0.2505051377699929
datasail,logreg_l2_c0_1__ecfp_2048,"Logistic Regression (L2, C=0.1)",ECFP4 (2048-bit),test,MCC,0.013613458079519,0.1190220065795502,-0.1341718824842802,0.1613987986433183
datasail,svm__rdkit2d_normalized_200,SVM (RBF),RDKit2D (200-d),valid,AUROC,0.7186697398715242,0.0829057285445996,0.6157286814928404,0.8216107982502079
datasail,svm__rdkit2d_normalized_200,SVM (RBF),RDKit2D (200-d),valid,AUPRC,0.4356253500686016,0.1149072159609641,0.2929491968760472,0.578301503261156
datasail,svm__rdkit2d_normalized_200,SVM (RBF),RDKit2D (200-d),valid,Accuracy,0.7484876230927809,0.0711032604087338,0.6602012644883489,0.836773981697213
datasail,svm__rdkit2d_normalized_200,SVM (RBF),RDKit2D (200-d),valid,F1,0.336807305041816,0.1367236868830663,0.1670424253374279,0.506572184746204
datasail,svm__rdkit2d_normalized_200,SVM (RBF),RDKit2D (200-d),valid,MCC,0.2366970708325675,0.1082395893838414,0.102299869514293,0.3710942721508421
datasail,svm__rdkit2d_normalized_200,SVM (RBF),RDKit2D (200-d),test,AUROC,0.7840909090909092,0.0616670466942848,0.7075211573350652,0.8606606608467532
datasail,svm__rdkit2d_normalized_200,SVM (RBF),RDKit2D (200-d),test,AUPRC,0.6046302521883902,0.1140211092812079,0.4630543457586569,0.7462061586181234
datasail,svm__rdkit2d_normalized_200,SVM (RBF),RDKit2D (200-d),test,Accuracy,0.7723404255319148,0.00582683571814,0.7651054533972526,0.7795753976665771
datasail,svm__rdkit2d_normalized_200,SVM (RBF),RDKit2D (200-d),test,F1,0.1075098814229249,0.14963489339619,-0.0782863785821827,0.2933061414280325
datasail,svm__rdkit2d_normalized_200,SVM (RBF),RDKit2D (200-d),test,MCC,0.1285883020538689,0.1218615669628344,-0.0227228184085801,0.279899422516318
datasail,logreg_l1_c0_1__ecfp_2048,"Logistic Regression (L1, C=0.1)",ECFP4 (2048-bit),valid,AUROC,0.7461955743291523,0.0613323495127882,0.6700414040138728,0.8223497446444318
datasail,logreg_l1_c0_1__ecfp_2048,"Logistic Regression (L1, C=0.1)",ECFP4 (2048-bit),valid,AUPRC,0.4974192841889902,0.131791200594877,0.3337788951302806,0.6610596732476999
datasail,logreg_l1_c0_1__ecfp_2048,"Logistic Regression (L1, C=0.1)",ECFP4 (2048-bit),valid,Accuracy,0.7142842878923359,0.0992543012019143,0.5910437954230461,0.8375247803616257
datasail,logreg_l1_c0_1__ecfp_2048,"Logistic Regression (L1, C=0.1)",ECFP4 (2048-bit),valid,F1,0.3794496018562204,0.1476322803906985,0.1961399143223661,0.5627592893900747
datasail,logreg_l1_c0_1__ecfp_2048,"Logistic Regression (L1, C=0.1)",ECFP4 (2048-bit),valid,MCC,0.2645850190243237,0.1090118250400557,0.1292289604935987,0.3999410775550488
datasail,logreg_l1_c0_1__ecfp_2048,"Logistic Regression (L1, C=0.1)",ECFP4 (2048-bit),test,AUROC,0.4540404040404039,0.1282219738419906,0.2948317953421791,0.6132490127386288
datasail,logreg_l1_c0_1__ecfp_2048,"Logistic Regression (L1, C=0.1)",ECFP4 (2048-bit),test,AUPRC,0.3103902173469464,0.0979639517236991,0.1887519053698573,0.4320285293240354
datasail,logreg_l1_c0_1__ecfp_2048,"Logistic Regression (L1, C=0.1)",ECFP4 (2048-bit),test,Accuracy,0.6404255319148936,0.1080717029719173,0.5062367891100927,0.7746142747196945
datasail,logreg_l1_c0_1__ecfp_2048,"Logistic Regression (L1, C=0.1)",ECFP4 (2048-bit),test,F1,0.1530538722028083,0.1058218749711561,0.0216586598287036,0.2844490845769131
datasail,logreg_l1_c0_1__ecfp_2048,"Logistic Regression (L1, C=0.1)",ECFP4 (2048-bit),test,MCC,-0.0520221957161024,0.210567556067618,-0.3134763492750168,0.2094319578428118
datasail,logreg_l1_c1__ecfp_2048_rdkit2d_normalized_200,"Logistic Regression (L1, C=1)",ECFP4 (2048-bit) + RDKit2D (200-d),valid,AUROC,0.743066172653778,0.0513258041654378,0.6793367694426968,0.8067955758648591
datasail,logreg_l1_c1__ecfp_2048_rdkit2d_normalized_200,"Logistic Regression (L1, C=1)",ECFP4 (2048-bit) + RDKit2D (200-d),valid,AUPRC,0.4509863312297229,0.1158377705075908,0.3071547419582573,0.5948179205011885
datasail,logreg_l1_c1__ecfp_2048_rdkit2d_normalized_200,"Logistic Regression (L1, C=1)",ECFP4 (2048-bit) + RDKit2D (200-d),valid,Accuracy,0.7266492061369785,0.0861311638066573,0.6197032409148607,0.8335951713590962
datasail,logreg_l1_c1__ecfp_2048_rdkit2d_normalized_200,"Logistic Regression (L1, C=1)",ECFP4 (2048-bit) + RDKit2D (200-d),valid,F1,0.4186088081137397,0.1392340998543388,0.2457268390022989,0.5914907772251805
datasail,logreg_l1_c1__ecfp_2048_rdkit2d_normalized_200,"Logistic Regression (L1, C=1)",ECFP4 (2048-bit) + RDKit2D (200-d),valid,MCC,0.2781644268715211,0.1415605897050085,0.1023937390703172,0.4539351146727249
datasail,logreg_l1_c1__ecfp_2048_rdkit2d_normalized_200,"Logistic Regression (L1, C=1)",ECFP4 (2048-bit) + RDKit2D (200-d),test,AUROC,0.6608585858585859,0.0910124973058669,0.5478516445672736,0.7738655271498982
datasail,logreg_l1_c1__ecfp_2048_rdkit2d_normalized_200,"Logistic Regression (L1, C=1)",ECFP4 (2048-bit) + RDKit2D (200-d),test,AUPRC,0.3914689398741416,0.1392651575308882,0.2185484075638615,0.5643894721844218
datasail,logreg_l1_c1__ecfp_2048_rdkit2d_normalized_200,"Logistic Regression (L1, C=1)",ECFP4 (2048-bit) + RDKit2D (200-d),test,Accuracy,0.6978723404255319,0.0640951928995407,0.6182876469442465,0.7774570339068173
datasail,logreg_l1_c1__ecfp_2048_rdkit2d_normalized_200,"Logistic Regression (L1, C=1)",ECFP4 (2048-bit) + RDKit2D (200-d),test,F1,0.2697443895973307,0.0926470057311218,0.1547079380396188,0.3847808411550427
datasail,logreg_l1_c1__ecfp_2048_rdkit2d_normalized_200,"Logistic Regression (L1, C=1)",ECFP4 (2048-bit) + RDKit2D (200-d),test,MCC,0.0924873298933671,0.1359238997360382,-0.0762844829043299,0.2612591426910642
datasail,lgbm__ecfp_1024,LightGBM,ECFP4 (1024-bit),valid,AUROC,0.6822190312497377,0.1373834931701222,0.5116348938329238,0.8528031686665516
datasail,lgbm__ecfp_1024,LightGBM,ECFP4 (1024-bit),valid,AUPRC,0.4669752441703306,0.1856889699246097,0.2364119353514006,0.6975385529892605
datasail,lgbm__ecfp_1024,LightGBM,ECFP4 (1024-bit),valid,Accuracy,0.7686677442906877,0.0793364819551532,0.6701584909028312,0.8671769976785443
datasail,lgbm__ecfp_1024,LightGBM,ECFP4 (1024-bit),valid,F1,0.4008214008214008,0.2197243797708457,0.1279975489322896,0.6736452527105119
datasail,lgbm__ecfp_1024,LightGBM,ECFP4 (1024-bit),valid,MCC,0.318792598006225,0.2184239662103804,0.0475834228179196,0.5900017731945304
datasail,lgbm__ecfp_1024,LightGBM,ECFP4 (1024-bit),test,AUROC,0.6023989898989899,0.0506575192262485,0.539499372037442,0.6652986077605377
datasail,lgbm__ecfp_1024,LightGBM,ECFP4 (1024-bit),test,AUPRC,0.3116638565011579,0.0303985657286914,0.2739190518388109,0.349408661163505
datasail,lgbm__ecfp_1024,LightGBM,ECFP4 (1024-bit),test,Accuracy,0.7659574468085106,0.0,0.7659574468085106,0.7659574468085106
datasail,lgbm__ecfp_1024,LightGBM,ECFP4 (1024-bit),test,F1,0.0,0.0,0.0,0.0
datasail,lgbm__ecfp_1024,LightGBM,ECFP4 (1024-bit),test,MCC,0.0,0.0,0.0,0.0
datasail,logreg_l1_c1__ecfp_2048,"Logistic Regression (L1, C=1)",ECFP4 (2048-bit),valid,AUROC,0.7376201491173167,0.0319545224114597,0.6979433690592117,0.7772969291754216
datasail,logreg_l1_c1__ecfp_2048,"Logistic Regression (L1, C=1)",ECFP4 (2048-bit),valid,AUPRC,0.4539319450017888,0.1020354207416945,0.3272382365252528,0.5806256534783247
datasail,logreg_l1_c1__ecfp_2048,"Logistic Regression (L1, C=1)",ECFP4 (2048-bit),valid,Accuracy,0.7141474749498316,0.0871598666643212,0.6059242064245032,0.8223707434751599
datasail,logreg_l1_c1__ecfp_2048,"Logistic Regression (L1, C=1)",ECFP4 (2048-bit),valid,F1,0.3719365064086706,0.1538604831579757,0.1808934837251752,0.562979529092166
datasail,logreg_l1_c1__ecfp_2048,"Logistic Regression (L1, C=1)",ECFP4 (2048-bit),valid,MCC,0.23821518126504,0.137890722584562,0.0670012353454863,0.4094291271845938
datasail,logreg_l1_c1__ecfp_2048,"Logistic Regression (L1, C=1)",ECFP4 (2048-bit),test,AUROC,0.5773358585858587,0.1336793443530929,0.4113510293991392,0.7433206877725781
datasail,logreg_l1_c1__ecfp_2048,"Logistic Regression (L1, C=1)",ECFP4 (2048-bit),test,AUPRC,0.3586579521000472,0.1125315816566358,0.2189315384960751,0.4983843657040193
datasail,logreg_l1_c1__ecfp_2048,"Logistic Regression (L1, C=1)",ECFP4 (2048-bit),test,Accuracy,0.6872340425531915,0.0965099440854615,0.5674011195136155,0.8070669655927676
datasail,logreg_l1_c1__ecfp_2048,"Logistic Regression (L1, C=1)",ECFP4 (2048-bit),test,F1,0.2774557232327749,0.0801513645268781,0.1779346594928438,0.376976786972706
datasail,logreg_l1_c1__ecfp_2048,"Logistic Regression (L1, C=1)",ECFP4 (2048-bit),test,MCC,0.1046739678090349,0.1782258039615885,-0.1166225965209917,0.3259705321390617
datasail,logreg_l2_c1__ecfp_2048_rdkit2d_normalized_200,"Logistic Regression (L2, C=1)",ECFP4 (2048-bit) + RDKit2D (200-d),valid,AUROC,0.7374245346313979,0.0612417901426938,0.6613828086256646,0.8134662606371312
datasail,logreg_l2_c1__ecfp_2048_rdkit2d_normalized_200,"Logistic Regression (L2, C=1)",ECFP4 (2048-bit) + RDKit2D (200-d),valid,AUPRC,0.492637479076174,0.1080571389951278,0.3584668198370234,0.6268081383153247
datasail,logreg_l2_c1__ecfp_2048_rdkit2d_normalized_200,"Logistic Regression (L2, C=1)",ECFP4 (2048-bit) + RDKit2D (200-d),valid,Accuracy,0.741382305259584,0.1044208136746518,0.6117267402566253,0.8710378702625428
datasail,logreg_l2_c1__ecfp_2048_rdkit2d_normalized_200,"Logistic Regression (L2, C=1)",ECFP4 (2048-bit) + RDKit2D (200-d),valid,F1,0.4497224627009459,0.098931770390214,0.3268824451288558,0.5725624802730361
datasail,logreg_l2_c1__ecfp_2048_rdkit2d_normalized_200,"Logistic Regression (L2, C=1)",ECFP4 (2048-bit) + RDKit2D (200-d),valid,MCC,0.3196013935879959,0.1136873918031906,0.1784398521362881,0.4607629350397036
datasail,logreg_l2_c1__ecfp_2048_rdkit2d_normalized_200,"Logistic Regression (L2, C=1)",ECFP4 (2048-bit) + RDKit2D (200-d),test,AUROC,0.6268939393939394,0.1275291591060799,0.46854557381072,0.7852423049771589
datasail,logreg_l2_c1__ecfp_2048_rdkit2d_normalized_200,"Logistic Regression (L2, C=1)",ECFP4 (2048-bit) + RDKit2D (200-d),test,AUPRC,0.3618541371462093,0.1435894442407932,0.1835642937103292,0.5401439805820893
datasail,logreg_l2_c1__ecfp_2048_rdkit2d_normalized_200,"Logistic Regression (L2, C=1)",ECFP4 (2048-bit) + RDKit2D (200-d),test,Accuracy,0.7319148936170212,0.0682842831314094,0.6471287576095974,0.816701029624445
datasail,logreg_l2_c1__ecfp_2048_rdkit2d_normalized_200,"Logistic Regression (L2, C=1)",ECFP4 (2048-bit) + RDKit2D (200-d),test,F1,0.1734767025089605,0.1528113360967598,-0.0162636320398017,0.3632170370577229
datasail,logreg_l2_c1__ecfp_2048_rdkit2d_normalized_200,"Logistic Regression (L2, C=1)",ECFP4 (2048-bit) + RDKit2D (200-d),test,MCC,0.0673585544329248,0.2100443533211651,-0.1934459571119577,0.3281630659778073
datasail,logreg_l1_c0_1__ecfp_2048_rdkit2d_normalized_200,"Logistic Regression (L1, C=0.1)",ECFP4 (2048-bit) + RDKit2D (200-d),valid,AUROC,0.7361804395391005,0.0865049625344866,0.6287703418940628,0.8435905371841382
datasail,logreg_l1_c0_1__ecfp_2048_rdkit2d_normalized_200,"Logistic Regression (L1, C=0.1)",ECFP4 (2048-bit) + RDKit2D (200-d),valid,AUPRC,0.4752279961019594,0.1402665722031512,0.3010640432458573,0.6493919489580615
datasail,logreg_l1_c0_1__ecfp_2048_rdkit2d_normalized_200,"Logistic Regression (L1, C=0.1)",ECFP4 (2048-bit) + RDKit2D (200-d),valid,Accuracy,0.7187055823974454,0.1042907303200601,0.5892115372126487,0.8481996275822421
datasail,logreg_l1_c0_1__ecfp_2048_rdkit2d_normalized_200,"Logistic Regression (L1, C=0.1)",ECFP4 (2048-bit) + RDKit2D (200-d),valid,F1,0.397237458354724,0.1500414659955579,0.2109363717903251,0.5835385449191229
datasail,logreg_l1_c0_1__ecfp_2048_rdkit2d_normalized_200,"Logistic Regression (L1, C=0.1)",ECFP4 (2048-bit) + RDKit2D (200-d),valid,MCC,0.2746793821870396,0.1235362577484959,0.121288858467911,0.4280699059061681
datasail,logreg_l1_c0_1__ecfp_2048_rdkit2d_normalized_200,"Logistic Regression (L1, C=0.1)",ECFP4 (2048-bit) + RDKit2D (200-d),test,AUROC,0.5478535353535354,0.1340313610192015,0.3814316197457412,0.7142754509613296
datasail,logreg_l1_c0_1__ecfp_2048_rdkit2d_normalized_200,"Logistic Regression (L1, C=0.1)",ECFP4 (2048-bit) + RDKit2D (200-d),test,AUPRC,0.3279406115005196,0.1275861311862983,0.1695215057363902,0.486359717264649
datasail,logreg_l1_c0_1__ecfp_2048_rdkit2d_normalized_200,"Logistic Regression (L1, C=0.1)",ECFP4 (2048-bit) + RDKit2D (200-d),test,Accuracy,0.6468085106382979,0.1091138842975156,0.5113257288019015,0.7822912924746943
datasail,logreg_l1_c0_1__ecfp_2048_rdkit2d_normalized_200,"Logistic Regression (L1, C=0.1)",ECFP4 (2048-bit) + RDKit2D (200-d),test,F1,0.1533104105744614,0.1109405388001827,0.0155595376049464,0.2910612835439765
datasail,logreg_l1_c0_1__ecfp_2048_rdkit2d_normalized_200,"Logistic Regression (L1, C=0.1)",ECFP4 (2048-bit) + RDKit2D (200-d),test,MCC,-0.0452777173996272,0.2101363424290378,-0.3061964485079821,0.2156410137087276
datasail,xgb__ecfp_2048,XGBoost,ECFP4 (2048-bit),valid,AUROC,0.6704723226032503,0.1393346968851616,0.4974654457803106,0.84347919942619
datasail,xgb__ecfp_2048,XGBoost,ECFP4 (2048-bit),valid,AUPRC,0.4348130934048832,0.1993079611796508,0.1873395734527169,0.6822866133570495
datasail,xgb__ecfp_2048,XGBoost,ECFP4 (2048-bit),valid,Accuracy,0.7512544545272425,0.0997411731454162,0.6274094306939708,0.8750994783605142
datasail,xgb__ecfp_2048,XGBoost,ECFP4 (2048-bit),valid,F1,0.3463901689708141,0.2337003330004816,0.0562128791158844,0.6365674588257437
datasail,xgb__ecfp_2048,XGBoost,ECFP4 (2048-bit),valid,MCC,0.2555515450038642,0.2448713338029176,-0.0484963743713556,0.559599464379084
datasail,xgb__ecfp_2048,XGBoost,ECFP4 (2048-bit),test,AUROC,0.7071969696969698,0.0495458149267672,0.6456777150407361,0.7687162243532034
datasail,xgb__ecfp_2048,XGBoost,ECFP4 (2048-bit),test,AUPRC,0.404737322558486,0.0923717225116234,0.2900426802637348,0.5194319648532373
datasail,xgb__ecfp_2048,XGBoost,ECFP4 (2048-bit),test,Accuracy,0.7595744680851064,0.0142727743244667,0.741852478051929,0.7772964581182839
datasail,xgb__ecfp_2048,XGBoost,ECFP4 (2048-bit),test,F1,0.0,0.0,0.0,0.0
datasail,xgb__ecfp_2048,XGBoost,ECFP4 (2048-bit),test,MCC,-0.0200731263865498,0.0448848751212701,-0.0758050598885028,0.0356588071154032
datasail,logreg_l2_c1__ecfp_2048,"Logistic Regression (L2, C=1)",ECFP4 (2048-bit),valid,AUROC,0.7290639193653846,0.0539591185822327,0.6620648244470183,0.7960630142837509
datasail,logreg_l2_c1__ecfp_2048,"Logistic Regression (L2, C=1)",ECFP4 (2048-bit),valid,AUPRC,0.5021200513661126,0.1073660966373585,0.368807434543838,0.6354326681883872
datasail,logreg_l2_c1__ecfp_2048,"Logistic Regression (L2, C=1)",ECFP4 (2048-bit),valid,Accuracy,0.7229403348245056,0.1022873668262295,0.5959337939653141,0.8499468756836971
datasail,logreg_l2_c1__ecfp_2048,"Logistic Regression (L2, C=1)",ECFP4 (2048-bit),valid,F1,0.4030349456506933,0.1487153640156618,0.218380432172678,0.5876894591287085
datasail,logreg_l2_c1__ecfp_2048,"Logistic Regression (L2, C=1)",ECFP4 (2048-bit),valid,MCC,0.2687261715469559,0.117535666160728,0.1227863663702831,0.4146659767236286
datasail,logreg_l2_c1__ecfp_2048,"Logistic Regression (L2, C=1)",ECFP4 (2048-bit),test,AUROC,0.5435606060606061,0.1388644951029746,0.3711375618624992,0.7159836502587129
datasail,logreg_l2_c1__ecfp_2048,"Logistic Regression (L2, C=1)",ECFP4 (2048-bit),test,AUPRC,0.3121073825526989,0.1152911436421871,0.168954520180456,0.4552602449249417
datasail,logreg_l2_c1__ecfp_2048,"Logistic Regression (L2, C=1)",ECFP4 (2048-bit),test,Accuracy,0.7404255319148936,0.0315582914344496,0.7012407375959151,0.779610326233872
datasail,logreg_l2_c1__ecfp_2048,"Logistic Regression (L2, C=1)",ECFP4 (2048-bit),test,F1,0.1655555555555555,0.1875935980375966,-0.0673726614212369,0.398483772532348
datasail,logreg_l2_c1__ecfp_2048,"Logistic Regression (L2, C=1)",ECFP4 (2048-bit),test,MCC,0.0508486769690233,0.1897960840809516,-0.1848142876343493,0.2865116415723959
datasail,lgbm__ecfp_2048,LightGBM,ECFP4 (2048-bit),valid,AUROC,0.6705647211644331,0.1568526163810764,0.4758064743799841,0.8653229679488821
datasail,lgbm__ecfp_2048,LightGBM,ECFP4 (2048-bit),valid,AUPRC,0.4630006881787755,0.1771318888886024,0.2430623988119681,0.6829389775455829
datasail,lgbm__ecfp_2048,LightGBM,ECFP4 (2048-bit),valid,Accuracy,0.7536982500973164,0.0679172596875174,0.66936783388667,0.8380286663079628
datasail,lgbm__ecfp_2048,LightGBM,ECFP4 (2048-bit),valid,F1,0.3764625302175665,0.2245557787283876,0.0976397041819163,0.6552853562532166
datasail,lgbm__ecfp_2048,LightGBM,ECFP4 (2048-bit),valid,MCC,0.2729701794011127,0.2169092141118313,0.0036418173597794,0.542298541442446
datasail,lgbm__ecfp_2048,LightGBM,ECFP4 (2048-bit),test,AUROC,0.7194444444444444,0.060744987549564,0.6440195803328147,0.7948693085560742
datasail,lgbm__ecfp_2048,LightGBM,ECFP4 (2048-bit),test,AUPRC,0.3776436774430171,0.0630919631475347,0.2993046582267245,0.4559826966593098
datasail,lgbm__ecfp_2048,LightGBM,ECFP4 (2048-bit),test,Accuracy,0.7553191489361702,0.0184260724209454,0.732440158182787,0.7781981396895535
datasail,lgbm__ecfp_2048,LightGBM,ECFP4 (2048-bit),test,F1,0.0,0.0,0.0,0.0
datasail,lgbm__ecfp_2048,LightGBM,ECFP4 (2048-bit),test,MCC,-0.0347707956164832,0.0520114155322854,-0.0993514977785382,0.0298099065455716
datasail,logreg_l1_c0_1__ecfp_1024,"Logistic Regression (L1, C=0.1)",ECFP4 (1024-bit),valid,AUROC,0.7209037356462584,0.0826477744281695,0.6182829696071345,0.8235245016853824
datasail,logreg_l1_c0_1__ecfp_1024,"Logistic Regression (L1, C=0.1)",ECFP4 (1024-bit),valid,AUPRC,0.4719214319519906,0.1194293628031834,0.3236302918308616,0.6202125720731196
datasail,logreg_l1_c0_1__ecfp_1024,"Logistic Regression (L1, C=0.1)",ECFP4 (1024-bit),valid,Accuracy,0.714559541540422,0.0760387239743369,0.6201449955121343,0.8089740875687097
datasail,logreg_l1_c0_1__ecfp_1024,"Logistic Regression (L1, C=0.1)",ECFP4 (1024-bit),valid,F1,0.4401459097466357,0.1148464243761426,0.2975452392763479,0.5827465802169235
datasail,logreg_l1_c0_1__ecfp_1024,"Logistic Regression (L1, C=0.1)",ECFP4 (1024-bit),valid,MCC,0.2991488760653669,0.1044397615187606,0.1694697842065346,0.4288279679241991
datasail,logreg_l1_c0_1__ecfp_1024,"Logistic Regression (L1, C=0.1)",ECFP4 (1024-bit),test,AUROC,0.4168560606060605,0.1422029500046553,0.2402877771469098,0.5934243440652113
datasail,logreg_l1_c0_1__ecfp_1024,"Logistic Regression (L1, C=0.1)",ECFP4 (1024-bit),test,AUPRC,0.2392397147016696,0.0665127055402612,0.156653282809199,0.3218261465941403
datasail,logreg_l1_c0_1__ecfp_1024,"Logistic Regression (L1, C=0.1)",ECFP4 (1024-bit),test,Accuracy,0.6340425531914894,0.0700029101121791,0.5471224599357022,0.7209626464472766
datasail,logreg_l1_c0_1__ecfp_1024,"Logistic Regression (L1, C=0.1)",ECFP4 (1024-bit),test,F1,0.1273906829843686,0.1068414738487004,-0.0052705286085919,0.2600518945773292
datasail,logreg_l1_c0_1__ecfp_1024,"Logistic Regression (L1, C=0.1)",ECFP4 (1024-bit),test,MCC,-0.0971303899126204,0.1361878885391415,-0.2662299881030598,0.0719692082778189
datasail,logreg_l1_c0_1__ecfp_1024_rdkit2d_normalized_200,"Logistic Regression (L1, C=0.1)",ECFP4 (1024-bit) + RDKit2D (200-d),valid,AUROC,0.7007475487175343,0.1031964404159919,0.572612243910217,0.8288828535248516
datasail,logreg_l1_c0_1__ecfp_1024_rdkit2d_normalized_200,"Logistic Regression (L1, C=0.1)",ECFP4 (1024-bit) + RDKit2D (200-d),valid,AUPRC,0.474753169831018,0.1308529863760971,0.3122777275903702,0.6372286120716658
datasail,logreg_l1_c0_1__ecfp_1024_rdkit2d_normalized_200,"Logistic Regression (L1, C=0.1)",ECFP4 (1024-bit) + RDKit2D (200-d),valid,Accuracy,0.7079464729727069,0.0807310487532309,0.607705636198587,0.8081873097468267
datasail,logreg_l1_c0_1__ecfp_1024_rdkit2d_normalized_200,"Logistic Regression (L1, C=0.1)",ECFP4 (1024-bit) + RDKit2D (200-d),valid,F1,0.4570048187399853,0.0837078300127141,0.3530678198454373,0.5609418176345332
datasail,logreg_l1_c0_1__ecfp_1024_rdkit2d_normalized_200,"Logistic Regression (L1, C=0.1)",ECFP4 (1024-bit) + RDKit2D (200-d),valid,MCC,0.3084235277449595,0.0922884543485068,0.1938322765305468,0.4230147789593723
datasail,logreg_l1_c0_1__ecfp_1024_rdkit2d_normalized_200,"Logistic Regression (L1, C=0.1)",ECFP4 (1024-bit) + RDKit2D (200-d),test,AUROC,0.4498737373737373,0.1169980113167583,0.3046015188602816,0.5951459558871931
datasail,logreg_l1_c0_1__ecfp_1024_rdkit2d_normalized_200,"Logistic Regression (L1, C=0.1)",ECFP4 (1024-bit) + RDKit2D (200-d),test,AUPRC,0.237248790025196,0.0588372742426913,0.1641926648456044,0.3103049152047876
datasail,logreg_l1_c0_1__ecfp_1024_rdkit2d_normalized_200,"Logistic Regression (L1, C=0.1)",ECFP4 (1024-bit) + RDKit2D (200-d),test,Accuracy,0.625531914893617,0.078680264200428,0.5278374634667848,0.7232263663204492
datasail,logreg_l1_c0_1__ecfp_1024_rdkit2d_normalized_200,"Logistic Regression (L1, C=0.1)",ECFP4 (1024-bit) + RDKit2D (200-d),test,F1,0.1217588325652841,0.1011789387640315,-0.0038714130744773,0.2473890782050456
datasail,logreg_l1_c0_1__ecfp_1024_rdkit2d_normalized_200,"Logistic Regression (L1, C=0.1)",ECFP4 (1024-bit) + RDKit2D (200-d),test,MCC,-0.1096884178038187,0.1496162658797503,-0.2954615486923873,0.0760847130847498
datasail,knn_k5__ecfp_1024,k-Nearest Neighbors (k=5),ECFP4 (1024-bit),valid,AUROC,0.7219034065276908,0.0872833423663606,0.6135268226684872,0.8302799903868944
datasail,knn_k5__ecfp_1024,k-Nearest Neighbors (k=5),ECFP4 (1024-bit),valid,AUPRC,0.5348760278119363,0.1891467798838819,0.3000192808539478,0.7697327747699249
datasail,knn_k5__ecfp_1024,k-Nearest Neighbors (k=5),ECFP4 (1024-bit),valid,Accuracy,0.7558893047814791,0.0527188320613142,0.6904302289835947,0.8213483805793634
datasail,knn_k5__ecfp_1024,k-Nearest Neighbors (k=5),ECFP4 (1024-bit),valid,F1,0.3276228637177554,0.2575629636374404,0.0078162044984798,0.647429522937031
datasail,knn_k5__ecfp_1024,k-Nearest Neighbors (k=5),ECFP4 (1024-bit),valid,MCC,0.2586159145693122,0.1758346144527371,0.0402884041653088,0.4769434249733156
datasail,knn_k5__ecfp_1024,k-Nearest Neighbors (k=5),ECFP4 (1024-bit),test,AUROC,0.488510101010101,0.0375476105359379,0.4418885847890505,0.5351316172311517
datasail,knn_k5__ecfp_1024,k-Nearest Neighbors (k=5),ECFP4 (1024-bit),test,AUPRC,0.2850484544476324,0.0340786426278865,0.2427342307889335,0.3273626781063312
datasail,knn_k5__ecfp_1024,k-Nearest Neighbors (k=5),ECFP4 (1024-bit),test,Accuracy,0.7659574468085106,0.0106382978723403,0.7527482553382578,0.7791666382787634
datasail,knn_k5__ecfp_1024,k-Nearest Neighbors (k=5),ECFP4 (1024-bit),test,F1,0.0347826086956521,0.04762804847871,-0.0243554244050658,0.0939206417963701
datasail,knn_k5__ecfp_1024,k-Nearest Neighbors (k=5),ECFP4 (1024-bit),test,MCC,0.0521087832900602,0.1258726463612631,-0.1041827500553545,0.2084003166354749
datasail,knn_k5__ecfp_2048_rdkit2d_normalized_200,k-Nearest Neighbors (k=5),ECFP4 (2048-bit) + RDKit2D (200-d),valid,AUROC,0.7216455091476722,0.0895733011966194,0.6104255658515675,0.832865452443777
datasail,knn_k5__ecfp_2048_rdkit2d_normalized_200,k-Nearest Neighbors (k=5),ECFP4 (2048-bit) + RDKit2D (200-d),valid,AUPRC,0.5221734321456585,0.182801067689982,0.2951959275617981,0.7491509367295188
datasail,knn_k5__ecfp_2048_rdkit2d_normalized_200,k-Nearest Neighbors (k=5),ECFP4 (2048-bit) + RDKit2D (200-d),valid,Accuracy,0.7597304956789172,0.0488493418538559,0.6990760265630357,0.8203849647947986
datasail,knn_k5__ecfp_2048_rdkit2d_normalized_200,k-Nearest Neighbors (k=5),ECFP4 (2048-bit) + RDKit2D (200-d),valid,F1,0.3252133712660028,0.2311182589875453,0.0382421497536337,0.612184592778372
datasail,knn_k5__ecfp_2048_rdkit2d_normalized_200,k-Nearest Neighbors (k=5),ECFP4 (2048-bit) + RDKit2D (200-d),valid,MCC,0.2316558159304399,0.1727563577381514,0.0171504660661666,0.4461611657947133
datasail,knn_k5__ecfp_2048_rdkit2d_normalized_200,k-Nearest Neighbors (k=5),ECFP4 (2048-bit) + RDKit2D (200-d),test,AUROC,0.5580808080808081,0.1093694200698889,0.4222807366756024,0.6938808794860136
datasail,knn_k5__ecfp_2048_rdkit2d_normalized_200,k-Nearest Neighbors (k=5),ECFP4 (2048-bit) + RDKit2D (200-d),test,AUPRC,0.2911832486845845,0.0787458956796392,0.1934073050128669,0.3889591923563021
datasail,knn_k5__ecfp_2048_rdkit2d_normalized_200,k-Nearest Neighbors (k=5),ECFP4 (2048-bit) + RDKit2D (200-d),test,Accuracy,0.7659574468085106,0.0075224125658143,0.7566171379459034,0.7752977556711179
datasail,knn_k5__ecfp_2048_rdkit2d_normalized_200,k-Nearest Neighbors (k=5),ECFP4 (2048-bit) + RDKit2D (200-d),test,F1,0.017391304347826,0.0388881387391267,-0.0308946974817008,0.065677306177353
datasail,knn_k5__ecfp_2048_rdkit2d_normalized_200,k-Nearest Neighbors (k=5),ECFP4 (2048-bit) + RDKit2D (200-d),test,MCC,0.0260543916450301,0.0936509514419612,-0.0902286231579822,0.1423374064480424
datasail,knn_k5__ecfp_1024_rdkit2d_normalized_200,k-Nearest Neighbors (k=5),ECFP4 (1024-bit) + RDKit2D (200-d),valid,AUROC,0.7192853193636676,0.053689655651418,0.6526208068653444,0.7859498318619907
datasail,knn_k5__ecfp_1024_rdkit2d_normalized_200,k-Nearest Neighbors (k=5),ECFP4 (1024-bit) + RDKit2D (200-d),valid,AUPRC,0.5341282285487098,0.120541311123083,0.3844564222308984,0.6838000348665212
datasail,knn_k5__ecfp_1024_rdkit2d_normalized_200,k-Nearest Neighbors (k=5),ECFP4 (1024-bit) + RDKit2D (200-d),valid,Accuracy,0.7538228253145994,0.0532413882121856,0.6877149103571382,0.8199307402720607
datasail,knn_k5__ecfp_1024_rdkit2d_normalized_200,k-Nearest Neighbors (k=5),ECFP4 (1024-bit) + RDKit2D (200-d),valid,F1,0.3505197718265603,0.1870441766867434,0.1182737515609667,0.5827657920921538
datasail,knn_k5__ecfp_1024_rdkit2d_normalized_200,k-Nearest Neighbors (k=5),ECFP4 (1024-bit) + RDKit2D (200-d),valid,MCC,0.2753746177849215,0.0935267910042616,0.1592457685274019,0.3915034670424411
datasail,knn_k5__ecfp_1024_rdkit2d_normalized_200,k-Nearest Neighbors (k=5),ECFP4 (1024-bit) + RDKit2D (200-d),test,AUROC,0.5898989898989899,0.0988623563941808,0.4671451611867456,0.7126528186112342
datasail,knn_k5__ecfp_1024_rdkit2d_normalized_200,k-Nearest Neighbors (k=5),ECFP4 (1024-bit) + RDKit2D (200-d),test,AUPRC,0.3545859641034025,0.1084368755760974,0.219943799622861,0.4892281285839439
datasail,knn_k5__ecfp_1024_rdkit2d_normalized_200,k-Nearest Neighbors (k=5),ECFP4 (1024-bit) + RDKit2D (200-d),test,Accuracy,0.7702127659574468,0.0193254277921116,0.7462170780180952,0.7942084538967984
datasail,knn_k5__ecfp_1024_rdkit2d_normalized_200,k-Nearest Neighbors (k=5),ECFP4 (1024-bit) + RDKit2D (200-d),test,F1,0.0807759197324414,0.0980495415506522,-0.0409686660513877,0.2025205055162707
datasail,knn_k5__ecfp_1024_rdkit2d_normalized_200,k-Nearest Neighbors (k=5),ECFP4 (1024-bit) + RDKit2D (200-d),test,MCC,0.1048012964584157,0.1485170834821642,-0.0796070192196109,0.2892096121364423
datasail,logreg_l2_c0_1__ecfp_1024_rdkit2d_normalized_200,"Logistic Regression (L2, C=0.1)",ECFP4 (1024-bit) + RDKit2D (200-d),valid,AUROC,0.6916792349850324,0.0923849586861077,0.57696815780895,0.8063903121611147
datasail,logreg_l2_c0_1__ecfp_1024_rdkit2d_normalized_200,"Logistic Regression (L2, C=0.1)",ECFP4 (1024-bit) + RDKit2D (200-d),valid,AUPRC,0.4466923385273161,0.0996824460299257,0.3229202340390673,0.570464443015565
datasail,logreg_l2_c0_1__ecfp_1024_rdkit2d_normalized_200,"Logistic Regression (L2, C=0.1)",ECFP4 (1024-bit) + RDKit2D (200-d),valid,Accuracy,0.7173874753525709,0.0688379649491622,0.6319138525655833,0.8028610981395584
datasail,logreg_l2_c0_1__ecfp_1024_rdkit2d_normalized_200,"Logistic Regression (L2, C=0.1)",ECFP4 (1024-bit) + RDKit2D (200-d),valid,F1,0.4099228229950384,0.0832202073214278,0.306591287640968,0.5132543583491088
datasail,logreg_l2_c0_1__ecfp_1024_rdkit2d_normalized_200,"Logistic Regression (L2, C=0.1)",ECFP4 (1024-bit) + RDKit2D (200-d),valid,MCC,0.2551183626666954,0.0674882828249082,0.1713205915824133,0.3389161337509776
datasail,logreg_l2_c0_1__ecfp_1024_rdkit2d_normalized_200,"Logistic Regression (L2, C=0.1)",ECFP4 (1024-bit) + RDKit2D (200-d),test,AUROC,0.5869949494949496,0.0846658933761012,0.4818683578140859,0.6921215411758133
datasail,logreg_l2_c0_1__ecfp_1024_rdkit2d_normalized_200,"Logistic Regression (L2, C=0.1)",ECFP4 (1024-bit) + RDKit2D (200-d),test,AUPRC,0.2965529436059126,0.0558751565309345,0.2271747733474511,0.3659311138643741
datasail,logreg_l2_c0_1__ecfp_1024_rdkit2d_normalized_200,"Logistic Regression (L2, C=0.1)",ECFP4 (1024-bit) + RDKit2D (200-d),test,Accuracy,0.725531914893617,0.0554825736612991,0.6566412006506933,0.7944226291365407
datasail,logreg_l2_c0_1__ecfp_1024_rdkit2d_normalized_200,"Logistic Regression (L2, C=0.1)",ECFP4 (1024-bit) + RDKit2D (200-d),test,F1,0.0244444444444444,0.0337016686402291,-0.0174017041855209,0.0662905930744098
datasail,logreg_l2_c0_1__ecfp_1024_rdkit2d_normalized_200,"Logistic Regression (L2, C=0.1)",ECFP4 (1024-bit) + RDKit2D (200-d),test,MCC,-0.0593072185639046,0.0664882329282119,-0.1418632636950517,0.0232488265672423
datasail,knn_k5__ecfp_2048,k-Nearest Neighbors (k=5),ECFP4 (2048-bit),valid,AUROC,0.7157215231691361,0.1035596837681917,0.5871351921688054,0.8443078541694667
datasail,knn_k5__ecfp_2048,k-Nearest Neighbors (k=5),ECFP4 (2048-bit),valid,AUPRC,0.5270231671862577,0.2072896482156853,0.2696390737965177,0.7844072605759977
datasail,knn_k5__ecfp_2048,k-Nearest Neighbors (k=5),ECFP4 (2048-bit),valid,Accuracy,0.7828939561994253,0.0457097697382944,0.7261377807492011,0.8396501316496494
datasail,knn_k5__ecfp_2048,k-Nearest Neighbors (k=5),ECFP4 (2048-bit),valid,F1,0.3083657821120728,0.2785097871668188,-0.0374497937603595,0.6541813579845052
datasail,knn_k5__ecfp_2048,k-Nearest Neighbors (k=5),ECFP4 (2048-bit),valid,MCC,0.2490010420925378,0.2413567183226646,-0.0506829057733223,0.5486849899583979
datasail,knn_k5__ecfp_2048,k-Nearest Neighbors (k=5),ECFP4 (2048-bit),test,AUROC,0.4877525252525252,0.0487739957661208,0.4271916106611901,0.5483134398438604
datasail,knn_k5__ecfp_2048,k-Nearest Neighbors (k=5),ECFP4 (2048-bit),test,AUPRC,0.254465587453941,0.0308045820900532,0.2162166468930093,0.2927145280148727
datasail,knn_k5__ecfp_2048,k-Nearest Neighbors (k=5),ECFP4 (2048-bit),test,Accuracy,0.7659574468085106,0.0,0.7659574468085106,0.7659574468085106
datasail,knn_k5__ecfp_2048,k-Nearest Neighbors (k=5),ECFP4 (2048-bit),test,F1,0.0,0.0,0.0,0.0
datasail,knn_k5__ecfp_2048,k-Nearest Neighbors (k=5),ECFP4 (2048-bit),test,MCC,0.0,0.0,0.0,0.0
datasail,logreg_l1_c1__ecfp_1024_rdkit2d_normalized_200,"Logistic Regression (L1, C=1)",ECFP4 (1024-bit) + RDKit2D (200-d),valid,AUROC,0.7050445115852164,0.0732640851130173,0.6140751347390463,0.7960138884313865
datasail,logreg_l1_c1__ecfp_1024_rdkit2d_normalized_200,"Logistic Regression (L1, C=1)",ECFP4 (1024-bit) + RDKit2D (200-d),valid,AUPRC,0.4507046443525926,0.1084430705786347,0.3160547877604318,0.5853545009447534
datasail,logreg_l1_c1__ecfp_1024_rdkit2d_normalized_200,"Logistic Regression (L1, C=1)",ECFP4 (1024-bit) + RDKit2D (200-d),valid,Accuracy,0.7178342700725981,0.0636627870842524,0.6387864793247702,0.7968820608204261
datasail,logreg_l1_c1__ecfp_1024_rdkit2d_normalized_200,"Logistic Regression (L1, C=1)",ECFP4 (1024-bit) + RDKit2D (200-d),valid,F1,0.4456658319870577,0.091456558935051,0.3321075153578038,0.5592241486163116
datasail,logreg_l1_c1__ecfp_1024_rdkit2d_normalized_200,"Logistic Regression (L1, C=1)",ECFP4 (1024-bit) + RDKit2D (200-d),valid,MCC,0.2838961871939603,0.1217974886042116,0.1326646305224772,0.4351277438654434
datasail,logreg_l1_c1__ecfp_1024_rdkit2d_normalized_200,"Logistic Regression (L1, C=1)",ECFP4 (1024-bit) + RDKit2D (200-d),test,AUROC,0.5674242424242424,0.1738665476234919,0.3515404097481718,0.783308075100313
datasail,logreg_l1_c1__ecfp_1024_rdkit2d_normalized_200,"Logistic Regression (L1, C=1)",ECFP4 (1024-bit) + RDKit2D (200-d),test,AUPRC,0.3247273988237619,0.1580659357013907,0.1284626171209536,0.5209921805265703
datasail,logreg_l1_c1__ecfp_1024_rdkit2d_normalized_200,"Logistic Regression (L1, C=1)",ECFP4 (1024-bit) + RDKit2D (200-d),test,Accuracy,0.6553191489361703,0.1127358450360762,0.5153391088477957,0.7952991890245449
datasail,logreg_l1_c1__ecfp_1024_rdkit2d_normalized_200,"Logistic Regression (L1, C=1)",ECFP4 (1024-bit) + RDKit2D (200-d),test,F1,0.1744407283537718,0.1960496466740817,-0.0689870597820042,0.4178685164895478
datasail,logreg_l1_c1__ecfp_1024_rdkit2d_normalized_200,"Logistic Regression (L1, C=1)",ECFP4 (1024-bit) + RDKit2D (200-d),test,MCC,-0.021419624422333,0.2709140905124667,-0.3578038972177796,0.3149646483731134
datasail,knn_k3__ecfp_1024,k-Nearest Neighbors (k=3),ECFP4 (1024-bit),valid,AUROC,0.7211978751000366,0.0866919424081726,0.6135556112774543,0.828840138922619
datasail,knn_k3__ecfp_1024,k-Nearest Neighbors (k=3),ECFP4 (1024-bit),valid,AUPRC,0.4934768927283556,0.1594329642617942,0.2955147208775779,0.6914390645791333
datasail,knn_k3__ecfp_1024,k-Nearest Neighbors (k=3),ECFP4 (1024-bit),valid,Accuracy,0.7470418733482317,0.0562475573814064,0.6772013063608389,0.8168824403356245
datasail,knn_k3__ecfp_1024,k-Nearest Neighbors (k=3),ECFP4 (1024-bit),valid,F1,0.3644717013410138,0.1817505003069052,0.1387986484544069,0.5901447542276206
datasail,knn_k3__ecfp_1024,k-Nearest Neighbors (k=3),ECFP4 (1024-bit),valid,MCC,0.256105908513876,0.1316479984736828,0.0926433283735197,0.4195684886542323
datasail,knn_k3__ecfp_1024,k-Nearest Neighbors (k=3),ECFP4 (1024-bit),test,AUROC,0.4952020202020202,0.0378665542113221,0.4481844831017903,0.5422195573022502
datasail,knn_k3__ecfp_1024,k-Nearest Neighbors (k=3),ECFP4 (1024-bit),test,AUPRC,0.2759145187879969,0.0086225788328553,0.2652081730795665,0.2866208644964273
datasail,knn_k3__ecfp_1024,k-Nearest Neighbors (k=3),ECFP4 (1024-bit),test,Accuracy,0.7617021276595745,0.0095151828829777,0.7498874676374562,0.7735167876816927
datasail,knn_k3__ecfp_1024,k-Nearest Neighbors (k=3),ECFP4 (1024-bit),test,F1,0.0340579710144927,0.0466533872545503,-0.0238698603337408,0.0919858023627263
datasail,knn_k3__ecfp_1024,k-Nearest Neighbors (k=3),ECFP4 (1024-bit),test,MCC,0.0216496196838364,0.1132269188009532,-0.1189401690188483,0.1622394083865212
datasail,logreg_l1_c1__ecfp_1024,"Logistic Regression (L1, C=1)",ECFP4 (1024-bit),valid,AUROC,0.7098674667071289,0.0486100547463198,0.6495101117779094,0.7702248216363483
datasail,logreg_l1_c1__ecfp_1024,"Logistic Regression (L1, C=1)",ECFP4 (1024-bit),valid,AUPRC,0.4430243074664055,0.0908032612993041,0.3302771669915702,0.5557714479412409
datasail,logreg_l1_c1__ecfp_1024,"Logistic Regression (L1, C=1)",ECFP4 (1024-bit),valid,Accuracy,0.7067665823875251,0.0651723422777623,0.6258444313026144,0.7876887334724358
datasail,logreg_l1_c1__ecfp_1024,"Logistic Regression (L1, C=1)",ECFP4 (1024-bit),valid,F1,0.3947684438445935,0.1421939445960375,0.2182113420771126,0.5713255456120744
datasail,logreg_l1_c1__ecfp_1024,"Logistic Regression (L1, C=1)",ECFP4 (1024-bit),valid,MCC,0.2367905061919483,0.1470675718498339,0.0541819969227638,0.4193990154611328
datasail,logreg_l1_c1__ecfp_1024,"Logistic Regression (L1, C=1)",ECFP4 (1024-bit),test,AUROC,0.5194444444444445,0.1651539465096875,0.3143787349020949,0.7245101539867941
datasail,logreg_l1_c1__ecfp_1024,"Logistic Regression (L1, C=1)",ECFP4 (1024-bit),test,AUPRC,0.2958879612285636,0.1415425489527933,0.1201396739798859,0.4716362484772413
datasail,logreg_l1_c1__ecfp_1024,"Logistic Regression (L1, C=1)",ECFP4 (1024-bit),test,Accuracy,0.6319148936170212,0.0866221403652011,0.5243593004781977,0.7394704867558448
datasail,logreg_l1_c1__ecfp_1024,"Logistic Regression (L1, C=1)",ECFP4 (1024-bit),test,F1,0.1111427867525428,0.0941867289172224,-0.0058054836525498,0.2280910571576355
datasail,logreg_l1_c1__ecfp_1024,"Logistic Regression (L1, C=1)",ECFP4 (1024-bit),test,MCC,-0.099193007311568,0.1910746217615521,-0.3364434861232892,0.1380574715001531
datasail,logreg_l2_c1__ecfp_1024_rdkit2d_normalized_200,"Logistic Regression (L2, C=1)",ECFP4 (1024-bit) + RDKit2D (200-d),valid,AUROC,0.6941729410706898,0.0759352557949459,0.5998868677557115,0.7884590143856681
datasail,logreg_l2_c1__ecfp_1024_rdkit2d_normalized_200,"Logistic Regression (L2, C=1)",ECFP4 (1024-bit) + RDKit2D (200-d),valid,AUPRC,0.4502172448264875,0.0903084075196707,0.338084546474198,0.562349943178777
datasail,logreg_l2_c1__ecfp_1024_rdkit2d_normalized_200,"Logistic Regression (L2, C=1)",ECFP4 (1024-bit) + RDKit2D (200-d),valid,Accuracy,0.7216820205879788,0.0577396771745201,0.6499887421724694,0.7933752990034882
datasail,logreg_l2_c1__ecfp_1024_rdkit2d_normalized_200,"Logistic Regression (L2, C=1)",ECFP4 (1024-bit) + RDKit2D (200-d),valid,F1,0.4229097809426242,0.1052490365243789,0.2922258414446696,0.553593720440579
datasail,logreg_l2_c1__ecfp_1024_rdkit2d_normalized_200,"Logistic Regression (L2, C=1)",ECFP4 (1024-bit) + RDKit2D (200-d),valid,MCC,0.2666022277311752,0.1047466595067908,0.1365420716894847,0.3966623837728656
datasail,logreg_l2_c1__ecfp_1024_rdkit2d_normalized_200,"Logistic Regression (L2, C=1)",ECFP4 (1024-bit) + RDKit2D (200-d),test,AUROC,0.6012626262626263,0.0891176249482714,0.4906084797589318,0.7119167727663207
datasail,logreg_l2_c1__ecfp_1024_rdkit2d_normalized_200,"Logistic Regression (L2, C=1)",ECFP4 (1024-bit) + RDKit2D (200-d),test,AUPRC,0.314822351041413,0.0782615187017555,0.2176478408246924,0.4119968612581337
datasail,logreg_l2_c1__ecfp_1024_rdkit2d_normalized_200,"Logistic Regression (L2, C=1)",ECFP4 (1024-bit) + RDKit2D (200-d),test,Accuracy,0.721276595744681,0.0640068466233673,0.6418015986538954,0.8007515928354665
datasail,logreg_l2_c1__ecfp_1024_rdkit2d_normalized_200,"Logistic Regression (L2, C=1)",ECFP4 (1024-bit) + RDKit2D (200-d),test,F1,0.023859649122807,0.0330458517276381,-0.017172195257381,0.064891493502995
datasail,logreg_l2_c1__ecfp_1024_rdkit2d_normalized_200,"Logistic Regression (L2, C=1)",ECFP4 (1024-bit) + RDKit2D (200-d),test,MCC,-0.0638736772768716,0.075379626233424,-0.1574698453689704,0.0297224908152271
datasail,logreg_l2_c0_1__ecfp_1024,"Logistic Regression (L2, C=0.1)",ECFP4 (1024-bit),valid,AUROC,0.6833889515975252,0.1023581940144627,0.5562944671686105,0.8104834360264399
datasail,logreg_l2_c0_1__ecfp_1024,"Logistic Regression (L2, C=0.1)",ECFP4 (1024-bit),valid,AUPRC,0.4367807123967164,0.0980774612034771,0.3150014597851322,0.5585599650083006
datasail,logreg_l2_c0_1__ecfp_1024,"Logistic Regression (L2, C=0.1)",ECFP4 (1024-bit),valid,Accuracy,0.7182947369067867,0.0628075487446629,0.6403088648151105,0.7962806089984629
datasail,logreg_l2_c0_1__ecfp_1024,"Logistic Regression (L2, C=0.1)",ECFP4 (1024-bit),valid,F1,0.3914507537563673,0.1138725822257182,0.2500592680241947,0.5328422394885398
datasail,logreg_l2_c0_1__ecfp_1024,"Logistic Regression (L2, C=0.1)",ECFP4 (1024-bit),valid,MCC,0.2401291057433788,0.0887841228788356,0.1298890567526291,0.3503691547341284
datasail,logreg_l2_c0_1__ecfp_1024,"Logistic Regression (L2, C=0.1)",ECFP4 (1024-bit),test,AUROC,0.5387626262626263,0.0824578089145885,0.436377733562616,0.6411475189626364
datasail,logreg_l2_c0_1__ecfp_1024,"Logistic Regression (L2, C=0.1)",ECFP4 (1024-bit),test,AUPRC,0.2643508162850134,0.0366210366678421,0.2188797934776538,0.309821839092373
datasail,logreg_l2_c0_1__ecfp_1024,"Logistic Regression (L2, C=0.1)",ECFP4 (1024-bit),test,Accuracy,0.7148936170212765,0.0648848965190506,0.6343283769863944,0.7954588570561586
datasail,logreg_l2_c0_1__ecfp_1024,"Logistic Regression (L2, C=0.1)",ECFP4 (1024-bit),test,F1,0.0478846153846153,0.0457130391973966,-0.0088756196352696,0.1046448504045004
datasail,logreg_l2_c0_1__ecfp_1024,"Logistic Regression (L2, C=0.1)",ECFP4 (1024-bit),test,MCC,-0.0485175029870176,0.071047428311055,-0.1367345368858177,0.0396995309117824
datasail,knn_k3__ecfp_1024_rdkit2d_normalized_200,k-Nearest Neighbors (k=3),ECFP4 (1024-bit) + RDKit2D (200-d),valid,AUROC,0.6920615087192105,0.0711716221504882,0.6036902678011875,0.7804327496372334
datasail,knn_k3__ecfp_1024_rdkit2d_normalized_200,k-Nearest Neighbors (k=3),ECFP4 (1024-bit) + RDKit2D (200-d),valid,AUPRC,0.4827186501791914,0.1283578266321478,0.3233413579623728,0.64209594239601
datasail,knn_k3__ecfp_1024_rdkit2d_normalized_200,k-Nearest Neighbors (k=3),ECFP4 (1024-bit) + RDKit2D (200-d),valid,Accuracy,0.7483242480063289,0.0711165780429545,0.6600213533749437,0.8366271426377141
datasail,knn_k3__ecfp_1024_rdkit2d_normalized_200,k-Nearest Neighbors (k=3),ECFP4 (1024-bit) + RDKit2D (200-d),valid,F1,0.3864836059462925,0.1495615794780815,0.2007783771938674,0.5721888346987176
datasail,knn_k3__ecfp_1024_rdkit2d_normalized_200,k-Nearest Neighbors (k=3),ECFP4 (1024-bit) + RDKit2D (200-d),valid,MCC,0.2789225080447474,0.1133361766842238,0.1381970577618855,0.4196479583276092
datasail,knn_k3__ecfp_1024_rdkit2d_normalized_200,k-Nearest Neighbors (k=3),ECFP4 (1024-bit) + RDKit2D (200-d),test,AUROC,0.5473484848484848,0.05032916026036,0.4848565784933679,0.6098403912036016
datasail,knn_k3__ecfp_1024_rdkit2d_normalized_200,k-Nearest Neighbors (k=3),ECFP4 (1024-bit) + RDKit2D (200-d),test,AUPRC,0.3019168818050325,0.061521796473264,0.225527482019361,0.3783062815907039
datasail,knn_k3__ecfp_1024_rdkit2d_normalized_200,k-Nearest Neighbors (k=3),ECFP4 (1024-bit) + RDKit2D (200-d),test,Accuracy,0.7595744680851064,0.0193254277921116,0.735578780145755,0.7835701560244579
datasail,knn_k3__ecfp_1024_rdkit2d_normalized_200,k-Nearest Neighbors (k=3),ECFP4 (1024-bit) + RDKit2D (200-d),test,F1,0.0737400530503978,0.1061737149956722,-0.0580920264152757,0.2055721325160715
datasail,knn_k3__ecfp_1024_rdkit2d_normalized_200,k-Nearest Neighbors (k=3),ECFP4 (1024-bit) + RDKit2D (200-d),test,MCC,0.0353766267589256,0.129915543568015,-0.1259348264965515,0.1966880800144027
datasail,knn_k3__ecfp_2048,k-Nearest Neighbors (k=3),ECFP4 (2048-bit),valid,AUROC,0.6966313583223005,0.1245975665352197,0.5419230456917197,0.8513396709528813
datasail,knn_k3__ecfp_2048,k-Nearest Neighbors (k=3),ECFP4 (2048-bit),valid,AUPRC,0.4927565432327735,0.2079262536102159,0.2345819998435824,0.7509310866219645
datasail,knn_k3__ecfp_2048,k-Nearest Neighbors (k=3),ECFP4 (2048-bit),valid,Accuracy,0.7950027876377365,0.041073292634903,0.7440035588852895,0.8460020163901835
datasail,knn_k3__ecfp_2048,k-Nearest Neighbors (k=3),ECFP4 (2048-bit),valid,F1,0.3953544700913122,0.2537875690875929,0.0802355823635969,0.7104733578190274
datasail,knn_k3__ecfp_2048,k-Nearest Neighbors (k=3),ECFP4 (2048-bit),valid,MCC,0.3166073993837816,0.214244847935117,0.0505872849021061,0.582627513865457
datasail,knn_k3__ecfp_2048,k-Nearest Neighbors (k=3),ECFP4 (2048-bit),test,AUROC,0.4973484848484849,0.0477015456286449,0.4381191929827221,0.5565777767142476
datasail,knn_k3__ecfp_2048,k-Nearest Neighbors (k=3),ECFP4 (2048-bit),test,AUPRC,0.2452079436044973,0.016919016606192,0.224200209799577,0.2662156774094177
datasail,knn_k3__ecfp_2048,k-Nearest Neighbors (k=3),ECFP4 (2048-bit),test,Accuracy,0.7574468085106384,0.0047575914414888,0.7515394784995792,0.7633541385216975
datasail,knn_k3__ecfp_2048,k-Nearest Neighbors (k=3),ECFP4 (2048-bit),test,F1,0.0,0.0,0.0,0.0
datasail,knn_k3__ecfp_2048,k-Nearest Neighbors (k=3),ECFP4 (2048-bit),test,MCC,-0.0458557292952529,0.0256341319655035,-0.077684708082023,-0.0140267505084828
datasail,knn_k3__ecfp_2048_rdkit2d_normalized_200,k-Nearest Neighbors (k=3),ECFP4 (2048-bit) + RDKit2D (200-d),valid,AUROC,0.6898424407268052,0.1055697190486174,0.5587603212836506,0.8209245601699598
datasail,knn_k3__ecfp_2048_rdkit2d_normalized_200,k-Nearest Neighbors (k=3),ECFP4 (2048-bit) + RDKit2D (200-d),valid,AUPRC,0.486887175751958,0.1762050280837649,0.2680997360778636,0.7056746154260525
datasail,knn_k3__ecfp_2048_rdkit2d_normalized_200,k-Nearest Neighbors (k=3),ECFP4 (2048-bit) + RDKit2D (200-d),valid,Accuracy,0.7581246197851355,0.0349438649435883,0.7147360807265871,0.8015131588436838
datasail,knn_k3__ecfp_2048_rdkit2d_normalized_200,k-Nearest Neighbors (k=3),ECFP4 (2048-bit) + RDKit2D (200-d),valid,F1,0.3464877782478413,0.2188701786017558,0.0747245571976126,0.61825099929807
datasail,knn_k3__ecfp_2048_rdkit2d_normalized_200,k-Nearest Neighbors (k=3),ECFP4 (2048-bit) + RDKit2D (200-d),valid,MCC,0.2499969540756907,0.1538583316955382,0.0589566027856473,0.441037305365734
datasail,knn_k3__ecfp_2048_rdkit2d_normalized_200,k-Nearest Neighbors (k=3),ECFP4 (2048-bit) + RDKit2D (200-d),test,AUROC,0.5349116161616161,0.0702648253643043,0.4476663121666845,0.6221569201565477
datasail,knn_k3__ecfp_2048_rdkit2d_normalized_200,k-Nearest Neighbors (k=3),ECFP4 (2048-bit) + RDKit2D (200-d),test,AUPRC,0.270172455132429,0.0385567006889536,0.2222979879974368,0.3180469222674211
datasail,knn_k3__ecfp_2048_rdkit2d_normalized_200,k-Nearest Neighbors (k=3),ECFP4 (2048-bit) + RDKit2D (200-d),test,Accuracy,0.7553191489361702,0.0130292007594849,0.7391412594277486,0.7714970384445919
datasail,knn_k3__ecfp_2048_rdkit2d_normalized_200,k-Nearest Neighbors (k=3),ECFP4 (2048-bit) + RDKit2D (200-d),test,F1,0.0553763440860215,0.0852536292050666,-0.0504800180141229,0.1612327061861659
datasail,knn_k3__ecfp_2048_rdkit2d_normalized_200,k-Nearest Neighbors (k=3),ECFP4 (2048-bit) + RDKit2D (200-d),test,MCC,0.0108568599760533,0.0713832779350402,-0.0777771863096594,0.099490906261766
datasail,knn_k5__rdkit2d_normalized_200,k-Nearest Neighbors (k=5),RDKit2D (200-d),valid,AUROC,0.6433657301370538,0.0913054525958796,0.5299950368090494,0.7567364234650582
datasail,knn_k5__rdkit2d_normalized_200,k-Nearest Neighbors (k=5),RDKit2D (200-d),valid,AUPRC,0.4085898490810348,0.1178950712152161,0.2622037835874318,0.5549759145746378
datasail,knn_k5__rdkit2d_normalized_200,k-Nearest Neighbors (k=5),RDKit2D (200-d),valid,Accuracy,0.7247943782910434,0.0760536920837384,0.6303612469001906,0.8192275096818963
datasail,knn_k5__rdkit2d_normalized_200,k-Nearest Neighbors (k=5),RDKit2D (200-d),valid,F1,0.3639251761310585,0.1459725825162549,0.1826762756957962,0.5451740765663208
datasail,knn_k5__rdkit2d_normalized_200,k-Nearest Neighbors (k=5),RDKit2D (200-d),valid,MCC,0.2054606334412284,0.1624478337923867,0.0037550066350326,0.4071662602474243
datasail,knn_k5__rdkit2d_normalized_200,k-Nearest Neighbors (k=5),RDKit2D (200-d),test,AUROC,0.5549242424242424,0.0817495659405992,0.4534187495270155,0.6564297353214694
datasail,knn_k5__rdkit2d_normalized_200,k-Nearest Neighbors (k=5),RDKit2D (200-d),test,AUPRC,0.314090974715883,0.0826513183086518,0.2114658083679502,0.4167161410638158
datasail,knn_k5__rdkit2d_normalized_200,k-Nearest Neighbors (k=5),RDKit2D (200-d),test,Accuracy,0.7595744680851064,0.0178012771602994,0.7374712631131156,0.7816776730570972
datasail,knn_k5__rdkit2d_normalized_200,k-Nearest Neighbors (k=5),RDKit2D (200-d),test,F1,0.1362380952380952,0.1428053874502193,-0.041078213108382,0.3135544035845725
datasail,knn_k5__rdkit2d_normalized_200,k-Nearest Neighbors (k=5),RDKit2D (200-d),test,MCC,0.0826300772792752,0.1374600814092276,-0.0880491569967216,0.2533093115552721
datasail,logreg_l2_c1__ecfp_1024,"Logistic Regression (L2, C=1)",ECFP4 (1024-bit),valid,AUROC,0.6724072029557211,0.0896530729634003,0.5610882099287314,0.7837261959827108
datasail,logreg_l2_c1__ecfp_1024,"Logistic Regression (L2, C=1)",ECFP4 (1024-bit),valid,AUPRC,0.4315728015029316,0.1032855618205747,0.3033268378560745,0.5598187651497888
datasail,logreg_l2_c1__ecfp_1024,"Logistic Regression (L2, C=1)",ECFP4 (1024-bit),valid,Accuracy,0.7082682943260978,0.0610840272638314,0.6324224568073009,0.7841141318448948
datasail,logreg_l2_c1__ecfp_1024,"Logistic Regression (L2, C=1)",ECFP4 (1024-bit),valid,F1,0.3886759459291153,0.1224626650740425,0.2366184635825909,0.5407334282756399
datasail,logreg_l2_c1__ecfp_1024,"Logistic Regression (L2, C=1)",ECFP4 (1024-bit),valid,MCC,0.2271894510520665,0.1009550431827008,0.1018372084950003,0.3525416936091327
datasail,logreg_l2_c1__ecfp_1024,"Logistic Regression (L2, C=1)",ECFP4 (1024-bit),test,AUROC,0.5511363636363636,0.1043215102569727,0.4216041001120356,0.6806686271606917
datasail,logreg_l2_c1__ecfp_1024,"Logistic Regression (L2, C=1)",ECFP4 (1024-bit),test,AUPRC,0.2795382366328888,0.0598918178540072,0.2051727226165903,0.3539037506491872
datasail,logreg_l2_c1__ecfp_1024,"Logistic Regression (L2, C=1)",ECFP4 (1024-bit),test,Accuracy,0.6957446808510639,0.0783920571359171,0.5984080857602628,0.793081275941865
datasail,logreg_l2_c1__ecfp_1024,"Logistic Regression (L2, C=1)",ECFP4 (1024-bit),test,F1,0.0361033302209772,0.0342691460840091,-0.0064474347207224,0.0786540951626769
datasail,logreg_l2_c1__ecfp_1024,"Logistic Regression (L2, C=1)",ECFP4 (1024-bit),test,MCC,-0.0991686088680995,0.0827197487522408,-0.2018787428342179,0.0035415250980188
datasail,logreg_l2_c0_1__rdkit2d_normalized_200,"Logistic Regression (L2, C=0.1)",RDKit2D (200-d),valid,AUROC,0.6863582778770834,0.0668564192522971,0.6033450690426888,0.7693714867114779
datasail,logreg_l2_c0_1__rdkit2d_normalized_200,"Logistic Regression (L2, C=0.1)",RDKit2D (200-d),valid,AUPRC,0.3990973960474618,0.1004601585672012,0.2743596339007264,0.5238351581941973
datasail,logreg_l2_c0_1__rdkit2d_normalized_200,"Logistic Regression (L2, C=0.1)",RDKit2D (200-d),valid,Accuracy,0.6623470115181987,0.0858311034481416,0.555773620440538,0.7689204025958595
datasail,logreg_l2_c0_1__rdkit2d_normalized_200,"Logistic Regression (L2, C=0.1)",RDKit2D (200-d),valid,F1,0.4339999104228306,0.0770485713110672,0.3383314733128428,0.5296683475328183
datasail,logreg_l2_c0_1__rdkit2d_normalized_200,"Logistic Regression (L2, C=0.1)",RDKit2D (200-d),valid,MCC,0.2330388366799266,0.1092051550926567,0.097442727183116,0.3686349461767372
datasail,logreg_l2_c0_1__rdkit2d_normalized_200,"Logistic Regression (L2, C=0.1)",RDKit2D (200-d),test,AUROC,0.6948232323232323,0.0671920063153525,0.6113933371143789,0.7782531275320856
datasail,logreg_l2_c0_1__rdkit2d_normalized_200,"Logistic Regression (L2, C=0.1)",RDKit2D (200-d),test,AUPRC,0.522789131561323,0.1204114158773949,0.3732786114936203,0.6722996516290257
datasail,logreg_l2_c0_1__rdkit2d_normalized_200,"Logistic Regression (L2, C=0.1)",RDKit2D (200-d),test,Accuracy,0.7382978723404255,0.0846396777911322,0.6332038316076097,0.8433919130732414
datasail,logreg_l2_c0_1__rdkit2d_normalized_200,"Logistic Regression (L2, C=0.1)",RDKit2D (200-d),test,F1,0.4631933395004625,0.0608187983835421,0.3876768271336048,0.5387098518673203
datasail,logreg_l2_c0_1__rdkit2d_normalized_200,"Logistic Regression (L2, C=0.1)",RDKit2D (200-d),test,MCC,0.3292174833562409,0.1005210427462061,0.2044041235163748,0.454030843196107
datasail,knn_k3__rdkit2d_normalized_200,k-Nearest Neighbors (k=3),RDKit2D (200-d),valid,AUROC,0.6190628627761855,0.084772565965454,0.5138038195815273,0.7243219059708437
datasail,knn_k3__rdkit2d_normalized_200,k-Nearest Neighbors (k=3),RDKit2D (200-d),valid,AUPRC,0.3477310525388623,0.0764078368324563,0.2528581923633736,0.4426039127143509
datasail,knn_k3__rdkit2d_normalized_200,k-Nearest Neighbors (k=3),RDKit2D (200-d),valid,Accuracy,0.72710528111284,0.0452350496241914,0.6709385485375207,0.7832720136881594
datasail,knn_k3__rdkit2d_normalized_200,k-Nearest Neighbors (k=3),RDKit2D (200-d),valid,F1,0.3395156791031989,0.1193375238077523,0.1913385721563279,0.4876927860500699
datasail,knn_k3__rdkit2d_normalized_200,k-Nearest Neighbors (k=3),RDKit2D (200-d),valid,MCC,0.1867758263700709,0.112061551264965,0.047633032581498,0.3259186201586438
datasail,knn_k3__rdkit2d_normalized_200,k-Nearest Neighbors (k=3),RDKit2D (200-d),test,AUROC,0.5786616161616162,0.0990778029261612,0.4556402752470739,0.7016829570761584
datasail,knn_k3__rdkit2d_normalized_200,k-Nearest Neighbors (k=3),RDKit2D (200-d),test,AUPRC,0.3005681221009874,0.1011510332512037,0.1749725257318556,0.4261637184701191
datasail,knn_k3__rdkit2d_normalized_200,k-Nearest Neighbors (k=3),RDKit2D (200-d),test,Accuracy,0.7489361702127659,0.0220600439929018,0.7215450077879885,0.7763273326375434
datasail,knn_k3__rdkit2d_normalized_200,k-Nearest Neighbors (k=3),RDKit2D (200-d),test,F1,0.1189560439560439,0.1550787066784625,-0.0735996030146049,0.3115116909266928
datasail,knn_k3__rdkit2d_normalized_200,k-Nearest Neighbors (k=3),RDKit2D (200-d),test,MCC,0.0333342858988584,0.1638142123723451,-0.1700679239979885,0.2367364957957055
datasail,logreg_l1_c1__rdkit2d_normalized_200,"Logistic Regression (L1, C=1)",RDKit2D (200-d),valid,AUROC,0.6745255553094517,0.0549505605574831,0.6062954225841091,0.7427556880347943
datasail,logreg_l1_c1__rdkit2d_normalized_200,"Logistic Regression (L1, C=1)",RDKit2D (200-d),valid,AUPRC,0.3739518177994246,0.0644552019797941,0.2939201140041621,0.4539835215946872
datasail,logreg_l1_c1__rdkit2d_normalized_200,"Logistic Regression (L1, C=1)",RDKit2D (200-d),valid,Accuracy,0.6575186966583143,0.089477051882404,0.5464182626705226,0.768619130646106
datasail,logreg_l1_c1__rdkit2d_normalized_200,"Logistic Regression (L1, C=1)",RDKit2D (200-d),valid,F1,0.4278661488742266,0.0477416841871209,0.3685870184054644,0.4871452793429888
datasail,logreg_l1_c1__rdkit2d_normalized_200,"Logistic Regression (L1, C=1)",RDKit2D (200-d),valid,MCC,0.220171334946238,0.0860919394259001,0.1132740732255583,0.3270685966669177
datasail,logreg_l1_c1__rdkit2d_normalized_200,"Logistic Regression (L1, C=1)",RDKit2D (200-d),test,AUROC,0.6876262626262626,0.1078367098639712,0.5537293023034245,0.8215232229491006
datasail,logreg_l1_c1__rdkit2d_normalized_200,"Logistic Regression (L1, C=1)",RDKit2D (200-d),test,AUPRC,0.5298507225527515,0.1829317055707836,0.302711009615498,0.7569904354900049
datasail,logreg_l1_c1__rdkit2d_normalized_200,"Logistic Regression (L1, C=1)",RDKit2D (200-d),test,Accuracy,0.772340425531915,0.0776668606316765,0.6759042808320528,0.8687765702317771
datasail,logreg_l1_c1__rdkit2d_normalized_200,"Logistic Regression (L1, C=1)",RDKit2D (200-d),test,F1,0.4453207854523643,0.184857582948148,0.2157897799106825,0.6748517909940462
datasail,logreg_l1_c1__rdkit2d_normalized_200,"Logistic Regression (L1, C=1)",RDKit2D (200-d),test,MCC,0.3480070573822392,0.2182146694722075,0.0770577584186646,0.6189563563458138
datasail,logreg_l1_c0_1__rdkit2d_normalized_200,"Logistic Regression (L1, C=0.1)",RDKit2D (200-d),valid,AUROC,0.6696931455539176,0.109083390860745,0.5342482263201407,0.8051380647876945
datasail,logreg_l1_c0_1__rdkit2d_normalized_200,"Logistic Regression (L1, C=0.1)",RDKit2D (200-d),valid,AUPRC,0.4302128693337111,0.1564182436560571,0.2359939675237203,0.624431771143702
datasail,logreg_l1_c0_1__rdkit2d_normalized_200,"Logistic Regression (L1, C=0.1)",RDKit2D (200-d),valid,Accuracy,0.6408205336978126,0.0863981578471714,0.5335430515878534,0.7480980158077717
datasail,logreg_l1_c0_1__rdkit2d_normalized_200,"Logistic Regression (L1, C=0.1)",RDKit2D (200-d),valid,F1,0.3923972201665009,0.1353552756867122,0.2243314473793647,0.5604629929536371
datasail,logreg_l1_c0_1__rdkit2d_normalized_200,"Logistic Regression (L1, C=0.1)",RDKit2D (200-d),valid,MCC,0.1802557417192224,0.1803312463552861,-0.0436550746313505,0.4041665580697954
datasail,logreg_l1_c0_1__rdkit2d_normalized_200,"Logistic Regression (L1, C=0.1)",RDKit2D (200-d),test,AUROC,0.6893939393939393,0.134807898547393,0.5220078250941356,0.8567800536937431
datasail,logreg_l1_c0_1__rdkit2d_normalized_200,"Logistic Regression (L1, C=0.1)",RDKit2D (200-d),test,AUPRC,0.6069978278648547,0.1491321896524806,0.4218257570000732,0.7921698987296362
datasail,logreg_l1_c0_1__rdkit2d_normalized_200,"Logistic Regression (L1, C=0.1)",RDKit2D (200-d),test,Accuracy,0.7808510638297872,0.1498074817069343,0.5948405071327174,0.966861620526857
datasail,logreg_l1_c0_1__rdkit2d_normalized_200,"Logistic Regression (L1, C=0.1)",RDKit2D (200-d),test,F1,0.470711153597977,0.2271232360004206,0.188700408300717,0.7527218988952369
datasail,logreg_l1_c0_1__rdkit2d_normalized_200,"Logistic Regression (L1, C=0.1)",RDKit2D (200-d),test,MCC,0.3883071733999609,0.3064148479366152,0.0078428882019841,0.7687714585979377
datasail,logreg_l2_c1__rdkit2d_normalized_200,"Logistic Regression (L2, C=1)",RDKit2D (200-d),valid,AUROC,0.6724931755090804,0.0726453600608762,0.5822920472849406,0.7626943037332202
datasail,logreg_l2_c1__rdkit2d_normalized_200,"Logistic Regression (L2, C=1)",RDKit2D (200-d),valid,AUPRC,0.3646724870305451,0.0803233078571948,0.2649379274476286,0.4644070466134617
datasail,logreg_l2_c1__rdkit2d_normalized_200,"Logistic Regression (L2, C=1)",RDKit2D (200-d),valid,Accuracy,0.6470254185565435,0.0926451489713328,0.5319912724706147,0.7620595646424723
datasail,logreg_l2_c1__rdkit2d_normalized_200,"Logistic Regression (L2, C=1)",RDKit2D (200-d),valid,F1,0.4284075757491076,0.0361805149974452,0.3834835328403084,0.4733316186579067
datasail,logreg_l2_c1__rdkit2d_normalized_200,"Logistic Regression (L2, C=1)",RDKit2D (200-d),valid,MCC,0.2176031479921114,0.0683394012391382,0.1327485738146716,0.3024577221695511
datasail,logreg_l2_c1__rdkit2d_normalized_200,"Logistic Regression (L2, C=1)",RDKit2D (200-d),test,AUROC,0.663888888888889,0.0916585357581542,0.5500797849099162,0.7776979928678618
datasail,logreg_l2_c1__rdkit2d_normalized_200,"Logistic Regression (L2, C=1)",RDKit2D (200-d),test,AUPRC,0.4436207728179219,0.1399050542472158,0.2699057037924091,0.6173358418434347
datasail,logreg_l2_c1__rdkit2d_normalized_200,"Logistic Regression (L2, C=1)",RDKit2D (200-d),test,Accuracy,0.7297872340425532,0.0758235305583211,0.6356398859315827,0.8239345821535237
datasail,logreg_l2_c1__rdkit2d_normalized_200,"Logistic Regression (L2, C=1)",RDKit2D (200-d),test,F1,0.3657708567347389,0.1341190004009782,0.1992401224617677,0.5323015910077101
datasail,logreg_l2_c1__rdkit2d_normalized_200,"Logistic Regression (L2, C=1)",RDKit2D (200-d),test,MCC,0.2213989024561373,0.192349051861278,-0.0174339903286408,0.4602317952409154
datasail,chemprop_default,Chemprop,Graph,valid,AUROC,0.6515572465410305,0.0931756164784683,0.5358644380492749,0.7672500550327862
datasail,chemprop_default,Chemprop,Graph,valid,AUPRC,0.3840530701725249,0.1133364684801628,0.2433272575771508,0.524778882767899
datasail,chemprop_default,Chemprop,Graph,valid,Accuracy,0.7674864865385096,0.0154715375912563,0.7482760353145904,0.7866969377624288
datasail,chemprop_default,Chemprop,Graph,valid,F1,0.0,0.0,0.0,0.0
datasail,chemprop_default,Chemprop,Graph,valid,MCC,0.0,0.0,0.0,0.0
datasail,chemprop_default,Chemprop,Graph,test,AUROC,0.4839646464646464,0.0434933054986823,0.4299605748640546,0.5379687180652382
datasail,chemprop_default,Chemprop,Graph,test,AUPRC,0.2237975359744714,0.0159187759695853,0.204031764957566,0.2435633069913768
datasail,chemprop_default,Chemprop,Graph,test,Accuracy,0.7659574468085106,0.0,0.7659574468085106,0.7659574468085106
datasail,chemprop_default,Chemprop,Graph,test,F1,0.0,0.0,0.0,0.0
datasail,chemprop_default,Chemprop,Graph,test,MCC,0.0,0.0,0.0,0.0
