screen_id,global_rank,canonical_smiles,sources,source_count,source_row_count,rf_antagonistic_score,lightgbm_antagonistic_score,tabpfn_antagonistic_score,rf_pred_label,tabpfn_pred_label,lightgbm_pred_label,consensus_all_antagonistic,consensus_all_non_antagonistic,consensus_vote_count,consensus_mean_score,consensus_min_score,consensus_max_score,model_score_range
screen_7fcce45aa20d49a8d28d,1,NC(=O)c1cccc(C2CC3CCC(C2)N3CCN(CC2CCCCC2)C(=O)CO)c1,reinvent,1,3,1.0,0.999999491421774,0.99889576,1,1,1,1,0,3,0.9996317519242218,0.9988957643508911,1.0,0.0011042356491088867
screen_c715795e23df350e6f21,2,CCC(CC)CN(CCN1C2CCC1CC(c1cccc(C(N)=O)c1)C2)C(=O)CO,reinvent,1,1,1.0,0.9999929471083461,0.9983087,1,1,1,1,0,3,0.9994338884376148,0.9983087182044983,1.0,0.001691281795501709
screen_e9c051736e9aa16da400,3,CCC(CC)CN(CCCCCCN1C2CCC1CC(c1cccc(C(N)=O)c1)C2)C(=O)CO,reinvent,1,1,1.0,0.9999885686856124,0.99807924,1,1,1,1,0,3,0.9993559363359085,0.998079240322113,1.0,0.0019207596778869629
screen_ac18cd32cb66b6d4f3a7,4,NC(=O)c1cccc([C@H]2C[C@H]3CC[C@@H](C2)N3CCN(CCCC2CCCCC2)C(=O)CO)c1,gpcrdb,1,1,0.9966666666666667,0.9999972027771739,0.9974749,1,1,1,1,0,3,0.9980462594241919,0.9966666666666667,0.9999972027771739,0.003330536110507154
screen_9cad1fb51814e387bb77,5,CC(=O)N(CCN1C2CCC1CC(c1cccc(C(N)=O)c1)C2)CC1CCCCC1,reinvent,1,1,0.9933333333333333,0.9999918144845606,0.99798405,1,1,1,1,0,3,0.9971030665074335,0.9933333333333333,0.9999918144845606,0.006658481151227358
screen_9f7bcecf324c9a646783,6,CCC(C)NC(=O)N(CCN1[C@@H]2CC[C@H]1C[C@@H](c1cccc(C(N)=O)c1)C2)CC1CCCCC1,gpcrdb,1,1,0.9966666666666667,0.9999355512445033,0.9945341,1,1,1,1,0,3,0.9970454310571107,0.9945340752601624,0.9999355512445033,0.005401475984340931
screen_7fe336f76afccc664a8e,7,NC(=O)c1cccc([C@H]2C[C@H]3CC[C@@H](C2)N3CCN(CC2CCCCC2)C(=O)[C@H](O)CO)c1,gpcrdb,1,1,0.9933333333333333,0.999990840181627,0.996506,1,1,1,1,0,3,0.9966100497460756,0.9933333333333333,0.999990840181627,0.006657506848293693
screen_3d468cabebdbabf5f919,8,CS(=O)(=O)CC(=O)N(CCN1[C@@H]2CC[C@H]1C[C@@H](c1cccc(C(N)=O)c1)C2)CC1CCCC1,gpcrdb,1,1,0.9916666666666667,0.9999857254969853,0.9979003,1,1,1,1,0,3,0.9965175664473831,0.9916666666666667,0.9999857254969853,0.008319058830318582
screen_bb3c7b286548a3a322ab,9,CS(=O)(=O)N(CCN1C2CCC1CC(c1cccc(C(N)=O)c1)C2)CC1CCCCC1,reinvent,1,5,0.9916666666666667,0.9999865057841559,0.9971483,1,1,1,1,0,3,0.9962671492753964,0.9916666666666667,0.9999865057841559,0.008319839117489236
screen_df21de15e09c7edc2d9f,10,NC(=O)c1cccc([C@H]2C[C@H]3CC[C@@H](C2)N3CCCN(CC2CCCCC2)C(=O)CO)c1,gpcrdb,1,1,0.9916666666666667,0.9999990965692007,0.99678546,1,1,1,1,0,3,0.9961504083794953,0.9916666666666667,0.9999990965692007,0.008332429902534022
screen_bb43eed0e87295a96849,11,CC(C)(C)C(=O)N(CCN1C2CCC1CC(c1cccc(C(N)=O)c1)C2)CC1CCCCC1,reinvent,1,2,0.99,0.9999703367061231,0.9973132,1,1,1,1,0,3,0.9957611793778609,0.99,0.9999703367061231,0.009970336706123129
screen_947eae0908ae6ee8022d,12,NC(=O)c1cccc(C2CC3CCC(C2)N3CCN(Cc2ccccc2)C(=O)CO)c1,reinvent,1,2,0.99,0.9999777648160847,0.9967113,1,1,1,1,0,3,0.9955630261802009,0.99,0.9999777648160847,0.0099777648160847
screen_28a1e822444dd2d65db3,13,NC(=O)c1cccc(C2CC3CCC(C2)N3CCN(CC2CCC(F)(F)CC2)C(=O)CO)c1,reinvent,1,1,0.9881799303322616,0.9999966774172944,0.9975662,1,1,1,1,0,3,0.995247610298029,0.9881799303322616,0.9999966774172944,0.011816747085032775
screen_60d90a584fde919131f1,14,NC(=O)c1cccc(C2CC3CCC(C2)N3CCN(CCc2ccccc2)C(=O)CO)c1,reinvent,1,1,0.9883333333333333,0.9999763338332704,0.9970133,1,1,1,1,0,3,0.9951076460071846,0.9883333333333333,0.9999763338332704,0.011643000499937162
screen_9ae65a9d71741169433a,15,NC(=O)c1cccc([C@H]2C[C@H]3CC[C@@H](C2)N3CCN(CCC2CCCCC2)C(=O)CO)c1,gpcrdb,1,1,0.9983333333333333,0.9999993044761709,0.98689926,1,1,1,1,0,3,0.995077298171914,0.9868992567062378,0.9999993044761709,0.01310004776993312
screen_50e01e48e2033d966190,16,NC(=O)c1cccc([C@H]2C[C@H]3CC[C@@H](C2)N3CCN(CC2CCCC2)C(=O)[C@H](O)CO)c1,gpcrdb,1,1,0.9883333333333333,0.9999882349333507,0.996506,1,1,1,1,0,3,0.9949425146633168,0.9883333333333333,0.9999882349333507,0.011654901600017364
screen_f12a289d0ca042fad8fe,17,NC(=O)c1cccc([C@H]2C[C@H]3CC[C@@H](C2)N3CCN(CC2CCCC2)C(=O)[C@@H](O)CO)c1,gpcrdb,1,1,0.9883333333333333,0.9999882349333507,0.996506,1,1,1,1,0,3,0.9949425146633168,0.9883333333333333,0.9999882349333507,0.011654901600017364
screen_080c56f2bef01943321b,18,CS(=O)(=O)N(CCN1[C@@H]2CC[C@H]1C[C@@H](c1cccc(C(N)=O)c1)C2)CC1CCCC1,gpcrdb,1,1,0.9866666666666667,0.9998975970872621,0.9971483,1,1,1,1,0,3,0.9945708463764317,0.9866666666666667,0.9998975970872621,0.013230930420595421
screen_63d0691e2cb77dd29354,19,CS(=O)(=O)CC(=O)N(CCCN1[C@@H]2CC[C@H]1C[C@@H](c1cccc(C(N)=O)c1)C2)CC1CCCCC1,gpcrdb,1,1,0.99,0.9999849403635835,0.9935386,1,1,1,1,0,3,0.9945078528171174,0.99,0.9999849403635835,0.00998494036358355
screen_faf7835cd93bdc25fd22,20,CC(C)(C)C(=O)N(CCN1[C@@H]2CC[C@H]1C[C@@H](c1cccc(C(N)=O)c1)C2)CC1CCCC1,gpcrdb,1,1,0.985,0.9999795260856246,0.9973132,1,1,1,1,0,3,0.9940975758376948,0.985,0.9999795260856246,0.014979526085624584
screen_c02e4ab7a59e1c6149da,21,COCC(=O)N(CCN1[C@@H]2CC[C@H]1C[C@@H](c1cccc(C(N)=O)c1)C2)CC1CCCCC1,gpcrdb,1,1,0.9916666666666667,0.9999983324800577,0.99024194,1,1,1,1,0,3,0.9939689813122037,0.9902419447898865,0.9999983324800577,0.009756387690171175
screen_97c32025483e5fff0b2b,22,CC(CO)(CO)C(=O)N(CCN1[C@@H]2CC[C@H]1C[C@@H](c1cccc(C(N)=O)c1)C2)CC1CCCCC1,gpcrdb,1,1,0.9883333333333333,0.9999939121591729,0.99228215,1,1,1,1,0,3,0.9935364658894699,0.9883333333333333,0.9999939121591729,0.011660578825839596
screen_c54cd581f3416b67c746,23,NC(=O)c1cccc(C2CC3CCC(C2)N3CCN(CCCc2ccccc2)C(=O)CO)c1,reinvent,1,1,0.9833333333333333,0.9999905888060463,0.99719584,1,1,1,1,0,3,0.9935065873404255,0.9833333333333333,0.9999905888060463,0.016657255472713017
screen_2853229a849e16b28494,24,NC(=O)c1cccc([C@H]2C[C@H]3CC[C@@H](C2)N3CCN(CC2CCCCC2)C(=O)[C@@H](O)CCO)c1,gpcrdb,1,1,0.9883333333333333,0.9999889809074425,0.99054885,1,1,1,1,0,3,0.9929570544488703,0.9883333333333333,0.9999889809074425,0.011655647574109196
screen_b33522011825c12e70e4,25,CCS(=O)(=O)N(CCN1C2CCC1CC(c1cccc(C(N)=O)c1)C2)CC1CCCCC1,reinvent,1,1,0.9883333333333333,0.9999687378534937,0.99042326,1,1,1,1,0,3,0.9929084444353734,0.9883333333333333,0.9999687378534937,0.01163540452016043
screen_f3e0c808e3b9a4030e12,26,CN(C)CC(=O)N(CCN1[C@@H]2CC[C@H]1C[C@@H](c1cccc(C(N)=O)c1)C2)CC1CCCCC1,gpcrdb,1,1,0.9883333333333333,0.9995136604009941,0.9893559,1,1,1,1,0,3,0.9924009718265426,0.9883333333333333,0.9995136604009941,0.011180327067660811
screen_147ae33b4ba0f8a086f1,27,CC(CO)(CO)C(=O)N(CCN1[C@@H]2CC[C@H]1C[C@@H](c1cccc(C(N)=O)c1)C2)CC1CCCC1,gpcrdb,1,1,0.9833333333333333,0.9999823554188858,0.99228215,1,1,1,1,0,3,0.9918659469760408,0.9833333333333333,0.9999823554188858,0.016649022085552523
screen_24204930cd30bf76e5d6,28,CS(=O)(=O)CC(=O)N(CCN1[C@@H]2CC[C@H]1C[C@@H](c1cccc(C(N)=O)c1)C2)CC1CCC1,gpcrdb,1,1,0.9801514469234678,0.9999341779780507,0.99448097,1,1,1,1,0,3,0.9915221974743953,0.9801514469234678,0.9999341779780507,0.019782731054582947
screen_3feddf66d9cc48547539,29,NCC(=O)N(CCN1[C@@H]2CC[C@H]1C[C@@H](c1cccc(C(N)=O)c1)C2)CC1CCCCC1,gpcrdb,1,1,0.9766666666666667,0.9999980037175841,0.99548393,1,1,1,1,0,3,0.9907162017545179,0.9766666666666667,0.9999980037175841,0.02333133705091739
screen_9872b281951589e9658e,30,NC(=O)c1cccc([C@H]2C[C@H]3CC[C@@H](C2)N3CCN(CC2CCC(F)CC2)C(=O)CO)c1,gpcrdb,1,1,0.9848465969989282,0.9999944711570626,0.98577213,1,1,1,1,0,3,0.9902044003431754,0.9848465969989282,0.9999944711570626,0.015147874158134456
screen_3c345311f65207f625cb,31,NC(=O)c1cccc([C@H]2C[C@H]3CC[C@@H](C2)N3CCN(CC2CCC2)C(=O)[C@@H](O)CO)c1,gpcrdb,1,1,0.9801514469234678,0.9998683116705276,0.9893106,1,1,1,1,0,3,0.9897767936030887,0.9801514469234678,0.9998683116705276,0.019716864747059804
screen_51cb80386bac1ecef988,32,NC(=O)c1cccc([C@H]2C[C@H]3CC[C@@H](C2)N3CCN(CC2CCC2)C(=O)[C@H](O)CO)c1,gpcrdb,1,1,0.9801514469234678,0.9998683116705276,0.9893106,1,1,1,1,0,3,0.9897767936030887,0.9801514469234678,0.9998683116705276,0.019716864747059804
screen_0d99a354ab1d91ae9743,33,CN(C)CC(O)C(=O)N(CCN1[C@@H]2CC[C@H]1C[C@@H](c1cccc(C(N)=O)c1)C2)CC1CCCCC1,gpcrdb,1,1,0.9833333333333333,0.997664176782547,0.9874328,1,1,1,1,0,3,0.9894767626658343,0.9833333333333333,0.997664176782547,0.01433084344921376
screen_ed54f12ea9e341c4bd05,34,NC(=O)c1cccc([C@H]2C[C@H]3CC[C@@H](C2)N3CCN(CC2CCCCC2)C(=O)CCCO)c1,gpcrdb,1,1,0.9733333333333334,0.9999979356105,0.9936751,1,1,1,1,0,3,0.9890021272227125,0.9733333333333334,0.9999979356105,0.026664602277166605
screen_3ad50c25e1577418d23c,35,CC(C)(CO)C(=O)N(CCN1[C@@H]2CC[C@H]1C[C@@H](c1cccc(C(N)=O)c1)C2)CC1CCCCC1,gpcrdb,1,1,0.9883333333333333,0.9999990725997839,0.97770315,1,1,1,1,0,3,0.988678520006728,0.9777031540870667,0.9999990725997839,0.022295918512717283
screen_7f1a4d063ea3bfa77f75,36,NC(=O)c1cccc([C@H]2C[C@H]3CC[C@@H](C2)N3CCN(Cc2ccc(F)cc2)C(=O)CO)c1,gpcrdb,1,1,0.9715132636655949,0.9999807675607745,0.9934894,1,1,1,1,0,3,0.9883278052925178,0.9715132636655949,0.9999807675607745,0.028467503895179602
screen_98211514de47797a39d0,37,NC(=O)c1cccc(C2CC3CCC(C2)N3CCN(CC2CCCCC2)C(=O)Cc2cccnc2)c1,reinvent,1,1,0.9766666666666667,0.9999769025026756,0.98820585,1,1,1,1,0,3,0.988283139764567,0.9766666666666667,0.9999769025026756,0.023310235836008886
screen_06774c3b1657f31ea0e6,38,NC(=O)c1cccc(C2CC3CCC(C2)N3CCN(CC2CCCCC2)C(=O)c2cccnc2)c1,reinvent,1,1,0.9783333333333334,0.9998460044152897,0.986441,1,1,1,1,0,3,0.9882067846486092,0.9783333333333334,0.9998460044152897,0.021512671081956314
screen_c4bb03951f42ec3fb28b,39,NC(=O)c1cccc([C@H]2C[C@H]3CC[C@@H](C2)N3CCN(CC2CCCC2)C(=O)CCO)c1,gpcrdb,1,1,0.9683333333333334,0.9999989623601226,0.9948566,1,1,1,1,0,3,0.9877296305621659,0.9683333333333334,0.9999989623601226,0.031665629026789266
screen_b895fcbddf58ac51a62d,40,CS(=O)(=O)CC(=O)N(CCN1[C@@H]2CC[C@H]1C[C@@H](c1cccc(C(N)=O)c1)C2)CC1CCC(F)(F)CC1,gpcrdb,1,1,0.9697961904761905,0.9998460485778764,0.99342495,1,1,1,1,0,3,0.9876890636947495,0.9697961904761905,0.9998460485778764,0.030049858101685922
screen_ddf5baa87bb8a11f33e4,41,NC(=O)c1cccc([C@H]2C[C@H]3CC[C@@H](C2)N3CCN(Cc2ccc(C(F)(F)F)cc2)C(=O)CO)c1,gpcrdb,1,1,0.9698465969989282,0.9998617843381867,0.9927477,1,1,1,1,0,3,0.9874853684644528,0.9698465969989282,0.9998617843381867,0.030015187339258564
screen_ab74f41839e459871250,42,CN[C@@H](CO)C(=O)N(CCN1[C@@H]2CC[C@H]1C[C@@H](c1cccc(C(N)=O)c1)C2)CC1CCCCC1,gpcrdb,1,1,0.9833333333333333,0.9999842605445463,0.9788844,1,1,1,1,0,3,0.9874006642717017,0.9788843989372253,0.9999842605445463,0.021099861607320913
screen_f5517d279eb0cd89baf5,43,NC(=O)c1cccc([C@H]2C[C@H]3CC[C@@H](C2)N3CCN(CC2CCC(C(F)(F)F)CC2)C(=O)CO)c1,gpcrdb,1,1,0.9748465969989282,0.9998559076145783,0.98733485,1,1,1,1,0,3,0.9873457840212542,0.9748465969989282,0.9998559076145783,0.02500931061565015
screen_e9b54aafb9e3fa02c4b2,44,CCCCCNC(=O)N(CCN1[C@@H]2CC[C@H]1C[C@@H](c1cccc(C(N)=O)c1)C2)CC1CCCCC1,gpcrdb,1,1,0.9733333333333334,0.9961477958667928,0.9923427,1,1,1,1,0,3,0.9872746132317071,0.9733333333333334,0.9961477958667928,0.022814462533459423
screen_c44a701b59d4d665bfc9,45,NC(=O)c1cccc([C@H]2C[C@H]3CC[C@@H](C2)N3CCN(CC2CCCCC2)C(=O)Cc2ccccc2)c1,gpcrdb,1,1,0.97,0.9972285633838174,0.9943417,1,1,1,1,0,3,0.9871900782835482,0.97,0.9972285633838174,0.027228563383817406
screen_3510d854db9694c3048f,46,CC1CN(CCCc2ccccc2)C2CC(NC(=O)C3(c4ccccc4)CCCC3)CC1(c1cccc(O)c1)C2,gpcrdb;reinvent,2,6,0.9866666666666667,0.9999937790883624,0.97466886,1,1,1,1,0,3,0.9871097687301716,0.9746688604354858,0.9999937790883624,0.02532491865287656
screen_44fe799fbeaacc6286ba,47,CC1CN(CCCc2ccccc2)C2C[C@@H](NC(=O)C3(c4ccccc4)CCCC3)CC1(c1cccc(O)c1)C2,gpcrdb,1,1,0.9866666666666667,0.9999937790883624,0.97466886,1,1,1,1,0,3,0.9871097687301716,0.9746688604354858,0.9999937790883624,0.02532491865287656
screen_6ca5ebc6a9957ed2ae30,48,CC1CN(CCCc2ccccc2)C2C[C@H](NC(=O)C3(c4ccccc4)CCCC3)CC1(c1cccc(O)c1)C2,gpcrdb,1,1,0.9866666666666667,0.9999937790883624,0.97466886,1,1,1,1,0,3,0.9871097687301716,0.9746688604354858,0.9999937790883624,0.02532491865287656
screen_b39f72a920fb93f5b299,49,CC(=O)N(CCCN1[C@@H]2CC[C@H]1C[C@@H](c1cccc(C(N)=O)c1)C2)CC1CCCCC1,gpcrdb,1,1,0.98,0.9999780297732324,0.98126566,1,1,1,1,0,3,0.9870812312912931,0.98,0.9999780297732324,0.019978029773232375
screen_e4b94eed7e876212849f,50,NC(=O)c1cccc([C@H]2C[C@H]3CC[C@@H](C2)N3CCN(CC2CCC(F)(F)CC2)C(=O)[C@H](O)CO)c1,gpcrdb,1,1,0.9696427874751188,0.9999469564639715,0.99163115,1,1,1,1,0,3,0.987073631394919,0.9696427874751188,0.9999469564639715,0.030304168988852687
screen_e7b3793851f2a0fbba7b,51,NC(=O)c1cccc([C@H]2C[C@H]3CC[C@@H](C2)N3CCN(CC2CCC(F)(F)CC2)C(=O)[C@@H](O)CO)c1,gpcrdb,1,1,0.9696427874751188,0.9999469564639715,0.99163115,1,1,1,1,0,3,0.987073631394919,0.9696427874751188,0.9999469564639715,0.030304168988852687
screen_9d3f4bd7443cef520668,52,CC(C)(CO)C(=O)N(CCN1[C@@H]2CC[C@H]1C[C@@H](c1cccc(C(N)=O)c1)C2)CC1CCCC1,gpcrdb,1,1,0.9833333333333333,0.9999976993512404,0.97770315,1,1,1,1,0,3,0.9870113955905468,0.9777031540870667,0.9999976993512404,0.022294545264173737
screen_7d1cf5c40703a11dbc18,53,CN(C)CCCC(=O)N(CCN1[C@@H]2CC[C@H]1C[C@@H](c1cccc(C(N)=O)c1)C2)CC1CCCCC1,gpcrdb,1,1,0.965,0.9995465335531402,0.9964718,1,1,1,1,0,3,0.9870061186049833,0.965,0.9995465335531402,0.03454653355314019
screen_f35e7948a2d519f53198,54,NC(=O)c1cccc(C2CC3CCC(C2)N3CCNCC2CCCCC2)c1,reinvent,1,1,0.9716666666666667,0.9999132384781754,0.9888148,1,1,1,1,0,3,0.9867982254400754,0.9716666666666667,0.9999132384781754,0.02824657181150869
screen_99324bb79e388a6b1346,55,NC(=O)c1cccc([C@H]2C[C@H]3CC[C@@H](C2)N3CCCN(Cc2ccccc2)C(=O)CO)c1,gpcrdb,1,1,0.9683333333333334,0.9999897497040507,0.9913925,1,1,1,1,0,3,0.9865718587617899,0.9683333333333334,0.9999897497040507,0.031656416370717366
screen_16394dfb8262df76e78e,56,NC(=O)c1cccc([C@H]2C[C@H]3CC[C@@H](C2)N3CCN(CC2CCCCC2)C(=O)C[C@H](O)CO)c1,gpcrdb,1,1,0.9833333333333333,0.9999588257813541,0.9758509,1,1,1,1,0,3,0.9863810130869046,0.9758508801460266,0.9999588257813541,0.024107945635327477
screen_9b29891bc431849703d9,57,NC(=O)c1cccc([C@H]2C[C@H]3CC[C@@H](C2)N3CCN(Cc2cccc(F)c2)C(=O)CO)c1,gpcrdb,1,1,0.9648465969989282,0.9999838669075984,0.99335355,1,1,1,1,0,3,0.9860613365240892,0.9648465969989282,0.9999838669075984,0.03513726990867028
screen_f27ef1fcce54800fc3aa,58,NC(=O)c1cccc([C@H]2C[C@H]3CC[C@@H](C2)N3CCN(CCc2ccc(F)cc2)C(=O)CO)c1,gpcrdb,1,1,0.9631799303322616,0.9999264219127445,0.99506783,1,1,1,1,0,3,0.9860580623663774,0.9631799303322616,0.9999264219127445,0.03674649158048293
screen_7c18a669c51e7817ee0b,59,COC(=O)CCC(=O)N(CCN1[C@@H]2CC[C@H]1C[C@@H](c1cccc(C(N)=O)c1)C2)CC1CCCCC1,gpcrdb,1,1,0.9683333333333334,0.9997857010727236,0.98985183,1,1,1,1,0,3,0.9859902889319628,0.9683333333333334,0.9997857010727236,0.0314523677393902
screen_c0fef8a97ee956990803,60,CN(C)CC[C@H](O)C(=O)N(CCN1[C@@H]2CC[C@H]1C[C@@H](c1cccc(C(N)=O)c1)C2)CC1CCCCC1,gpcrdb,1,1,0.9783333333333334,0.9983915362859079,0.9810618,1,1,1,1,0,3,0.9859288952782522,0.9783333333333334,0.9983915362859079,0.020058202952574544
screen_c5aba00bd42ec922d4d7,61,CC(CO)(CO)C(=O)N(CCN1[C@@H]2CC[C@H]1C[C@@H](c1cccc(C(N)=O)c1)C2)CC1CCC1,gpcrdb,1,1,0.9734847802568012,0.9999605480756567,0.9842398,1,1,1,1,0,3,0.9858950483327025,0.9734847802568012,0.9999605480756567,0.026475767818855522
screen_8aeeb5f6b58dc9cec7f9,62,NC(=O)c1cccc([C@H]2C[C@H]3CC[C@@H](C2)N3CCN(CC2CCCCC2)C(=O)[C@@H](O)Cc2ccccc2)c1,gpcrdb,1,1,0.965,0.9985842042168565,0.9933346,1,1,1,1,0,3,0.9856395985351862,0.965,0.9985842042168565,0.033584204216856484
screen_ab60f70f1ba875bee182,63,NC(=O)c1cccc([C@H]2C[C@H]3CC[C@@H](C2)N3CCN(CC23CC4CC(CC(C4)C2)C3)C(=O)CO)c1,gpcrdb,1,1,0.981317040054311,0.9999954556864022,0.97557104,1,1,1,1,0,3,0.9856278440265065,0.9755710363388062,0.9999954556864022,0.024424419347596094
screen_956a7adf72f3ed98eab7,64,C[C@H](O)C(=O)N(CCN1[C@@H]2CC[C@H]1C[C@@H](c1cccc(C(N)=O)c1)C2)CC1CCC1,gpcrdb,1,1,0.9784847802568012,0.9999761515248594,0.9778632,1,1,1,1,0,3,0.9854413747799832,0.9778631925582886,0.9999761515248594,0.02211295896657084
screen_d7e3948c5d1ea4ba56cf,65,C[C@H](O)C(=O)N(CCN1[C@@H]2CC[C@H]1C[C@@H](c1cccc(C(N)=O)c1)C2)CC1CCC(F)(F)CC1,gpcrdb,1,1,0.9697961904761905,0.9999955146168085,0.9851636,1,1,1,1,0,3,0.9849851113826741,0.9697961904761905,0.9999955146168085,0.03019932414061799
screen_4dae4a56ef33f930899d,66,CC(C)(C)NCC[C@H](O)C(=O)N(CCN1[C@@H]2CC[C@H]1C[C@@H](c1cccc(C(N)=O)c1)C2)CC1CCCCC1,gpcrdb,1,1,0.9816666666666667,0.9998609130153159,0.9726414,1,1,1,1,0,3,0.9847229960418112,0.9726414084434509,0.9998609130153159,0.02721950457186495
screen_08254b3bd3c3d4324c10,67,CC(C)C[C@H](O)C(=O)N(CCN1[C@@H]2CC[C@H]1C[C@@H](c1cccc(C(N)=O)c1)C2)CC1CCCCC1,gpcrdb,1,1,0.975,0.9999703153170393,0.9783813,1,1,1,1,0,3,0.9844505304825719,0.975,0.9999703153170393,0.024970315317039304
screen_3c2c52ece073afebb725,68,NC(=O)c1cccc([C@H]2C[C@H]3CC[C@@H](C2)N3CCN(Cc2ccccc2)C(=O)[C@H](O)CO)c1,gpcrdb,1,1,0.9633333333333334,0.9998963592210541,0.9888676,1,1,1,1,0,3,0.9840324244816809,0.9633333333333334,0.9998963592210541,0.03656302588772076
screen_efcc5f2c1c1d1883ed55,69,NC(=O)c1cccc([C@H]2C[C@H]3CC[C@@H](C2)N3CCN(Cc2ccccc2)C(=O)[C@@H](O)CO)c1,gpcrdb,1,1,0.9633333333333334,0.9998963592210541,0.9888676,1,1,1,1,0,3,0.9840324244816809,0.9633333333333334,0.9998963592210541,0.03656302588772076
screen_f62d184208caad03209e,70,COCCN(CCN1C2CCC1CC(c1cccc(C(N)=O)c1)C2)C(=O)CO,reinvent,1,2,0.9716666666666667,0.9931096567637135,0.9873122,1,1,1,1,0,3,0.9840295070385406,0.9716666666666667,0.9931096567637135,0.021442990097046866
screen_e83351827969a132e151,71,CS(=O)(=O)CC(=O)N(CCN1[C@@H]2CC[C@H]1C[C@@H](c1cccc(C(N)=O)c1)C2)Cc1ccccc1,gpcrdb,1,1,0.9633333333333334,0.9978078242647376,0.99079067,1,1,1,1,0,3,0.9839772742492533,0.9633333333333334,0.9978078242647376,0.0344744909314042
screen_cf6f432b43531be579ea,72,NC(=O)c1cccc([C@H]2C[C@H]3CC[C@@H](C2)N3CCN(CCc2ccccc2)C(=O)[C@@H](O)CO)c1,gpcrdb,1,1,0.9583333333333334,0.9998197896479013,0.99085116,1,1,1,1,0,3,0.9830014289484569,0.9583333333333334,0.9998197896479013,0.04148645631456793
screen_0789a65e2f3d657e1be6,73,CCN(CC)CC[C@H](O)C(=O)N(CCN1[C@@H]2CC[C@H]1C[C@@H](c1cccc(C(N)=O)c1)C2)CC1CCCCC1,gpcrdb,1,1,0.9816666666666667,0.9998985698331012,0.96731466,1,1,1,1,0,3,0.9829599656829773,0.9673146605491638,0.9998985698331012,0.032583909283937396
screen_6bec18852064a36302a8,74,Cc1ccccc1C=CCN1CC(C)C2(c3cccc(O)c3)CC(NC(=O)C3(c4ccccc4)CCCC3)CC1C2,reinvent,1,2,0.9683333333333334,0.9999826405339121,0.98054355,1,1,1,1,0,3,0.9829531758988127,0.9683333333333334,0.9999826405339121,0.03164930720057868
screen_0bc63c044952d278f982,75,CS(=O)(=O)CC(=O)N(CCc1ccccc1)CCN1[C@@H]2CC[C@H]1C[C@@H](c1cccc(C(N)=O)c1)C2,gpcrdb,1,1,0.955,0.9994621876747934,0.9935728,1,1,1,1,0,3,0.9826783197413395,0.955,0.9994621876747934,0.044462187674793485
screen_6fe4e7d9c9b48cbbcd96,76,O=C(C=Cc1ccc(Cl)cc1)NC12CCC(=O)C3Oc4c(O)ccc5c4C31CCN(CC1CC1)C2C5,gpcrdb;reinvent,2,4,0.9866666666666667,0.9999463914236829,0.9609668,1,1,1,1,0,3,0.9825266278585264,0.9609668254852295,0.9999463914236829,0.03897956593845342
screen_060d6d41f59f40ff6122,77,NC(=O)c1cccc([C@H]2C[C@H]3CC[C@@H](C2)N3CCN(CC2CCC(F)CC2)C(=O)[C@@H](O)CO)c1,gpcrdb,1,1,0.9681799303322616,0.9999800118621706,0.97876954,1,1,1,1,0,3,0.9823098276603918,0.9681799303322616,0.9999800118621706,0.031800081529908986
screen_8581e68bd8e420e680d8,78,O=C1CCC2=C(C3Oc4c(O)ccc5c4C34CCN(CC3CC3)C(C5)C4(O)C2)N1Cc1ccccc1,reinvent,1,1,0.9666666666666667,0.9999833831815316,0.97986084,1,1,1,1,0,3,0.9821702973587114,0.9666666666666667,0.9999833831815316,0.0333167165148649
screen_f73bcafdca5c58956285,79,NC(=O)c1cccc([C@H]2C[C@H]3CC[C@@H](C2)N3CCN(CCc2cccc(F)c2)C(=O)CO)c1,gpcrdb,1,1,0.9548465969989283,0.9999502404049044,0.9913849,1,1,1,1,0,3,0.9820605869539775,0.9548465969989283,0.9999502404049044,0.04510364340597617
screen_c285c356ac9c881645c4,80,CC1CCC(CN(CCN2[C@@H]3CC[C@H]2C[C@@H](c2cccc(C(N)=O)c2)C3)C(=O)CS(C)(=O)=O)CC1,gpcrdb,1,1,0.9633333333333334,0.9999852927862151,0.9826768,1,1,1,1,0,3,0.9819984767284176,0.9633333333333334,0.9999852927862151,0.03665195945288169
screen_3a2cde27a64ee81b8f0e,81,CC(CO)(CO)C(=O)N(CCN1[C@@H]2CC[C@H]1C[C@@H](c1cccc(C(N)=O)c1)C2)CC1CCC(F)(F)CC1,gpcrdb,1,1,0.9629761208084521,0.999959534822916,0.9826168,1,1,1,1,0,3,0.9818508126065945,0.9629761208084521,0.999959534822916,0.03698341401446392
screen_3b3b868be3dabf9f3c3a,82,NC(=O)c1cccc([C@H]2C[C@H]3CC[C@@H](C2)N3CCN(CC2CCCCC2)C(=O)CCC(=O)O)c1,gpcrdb,1,1,0.9666666666666667,0.9999508471425715,0.9786052,1,1,1,1,0,3,0.9817409081967785,0.9666666666666667,0.9999508471425715,0.03328418047590487
screen_344a70da2aae61a09f09,83,COCC(=O)N(CCN1[C@@H]2CC[C@H]1C[C@@H](c1cccc(C(N)=O)c1)C2)Cc1ccccc1,gpcrdb,1,1,0.96,0.9999241240233162,0.98182875,1,1,1,1,0,3,0.9805842910677187,0.96,0.9999241240233162,0.03992412402331624
screen_f2d23e9c971655e6e6e1,84,Cc1ccccc1C=CCN1CC(C)C2(c3cccc(O)c3)CC(NC(=O)C3(c4ccccc4)CCC3)CC1C2,reinvent,1,1,0.965,0.9999629086530297,0.97638375,1,1,1,1,0,3,0.9804488847744494,0.965,0.9999629086530297,0.034962908653029756
screen_717977f4e2bad4d38d44,85,CS(=O)(=O)CC(=O)N(CCN1[C@@H]2CC[C@H]1C[C@@H](c1cccc(C(N)=O)c1)C2)CC1CCC(C(F)(F)F)CC1,gpcrdb,1,1,0.9616666666666667,0.9997304823634731,0.979816,1,1,1,1,0,3,0.9804043895217348,0.9616666666666667,0.9997304823634731,0.03806381569680639
screen_79f1cfb1ecb53a887fa2,86,CC(O)C(=O)N(CCN1[C@@H]2CC[C@H]1C[C@@H](c1cccc(C(N)=O)c1)C2)Cc1ccccc1,gpcrdb,1,1,0.9616666666666667,0.9999906784862631,0.9792083,1,1,1,1,0,3,0.9802885452432882,0.9616666666666667,0.9999906784862631,0.03832401181959644
screen_2b72f70618a79aa8b743,87,C[C@@H](O)[C@H](O)C(=O)N(CCN1[C@@H]2CC[C@H]1C[C@@H](c1cccc(C(N)=O)c1)C2)Cc1ccccc1,gpcrdb,1,1,0.9633333333333334,0.9999375215907038,0.9762381,1,1,1,1,0,3,0.9798363089475082,0.9633333333333334,0.9999375215907038,0.03660418825737044
screen_6b86e176357ceed5b70c,88,CC1CN(CCCc2ccccc2)C2CC(NC(=O)C3(c4ccccc4)CCC3)CC1(c1cccc(O)c1)C2,reinvent,1,1,0.9666666666666667,0.9999840866389361,0.9702889,1,1,1,1,0,3,0.9789798753414712,0.9666666666666667,0.9999840866389361,0.033317419972269446
screen_2f3577084ad891d9ce7a,89,NC(=O)c1cccc([C@H]2C[C@H]3CC[C@@H](C2)N3CCN(CCc2ccc(O)cc2)C(=O)CO)c1,gpcrdb,1,1,0.9466666666666667,0.9994922516512963,0.99068487,1,1,1,1,0,3,0.9789479284077252,0.9466666666666667,0.9994922516512963,0.05282558498462964
screen_d1959131d1cedd05e343,90,CC(C)(C)C(=O)N(CCN1[C@@H]2CC[C@H]1C[C@@H](c1cccc(C(N)=O)c1)C2)Cc1ccccc1,gpcrdb,1,1,0.9516666666666667,0.9989605623586291,0.9861476,1,1,1,1,0,3,0.9789249371854236,0.9516666666666667,0.9989605623586291,0.047293895691962407
screen_a77bddc1d352edb0c344,91,COc1ccc2c3c1OC1C(=O)CCC4(NC(=O)C=Cc5ccc(Cl)cc5)C(C2)N(CC2CC2)CCC314,gpcrdb,1,1,0.9716666666666667,0.9999802164394272,0.96404374,1,1,1,1,0,3,0.9785635398546395,0.9640437364578247,0.9999802164394272,0.03593647998160254
screen_0e70b8022225cee1a19d,92,NC(=O)c1cccc([C@H]2C[C@H]3CC[C@@H](C2)N3CCN(CC2CCCC2)C(=O)[C@H]2CC[C@H](O)CC2)c1,gpcrdb,1,1,0.9525010615711251,0.9999844529856275,0.9825568,1,1,1,1,0,3,0.9783474448241747,0.9525010615711251,0.9999844529856275,0.04748339141450242
screen_e33294cd847019389944,93,NC(=O)c1cccc([C@H]2C[C@H]3CC[C@@H](C2)N3CCN(CC23CC4CC(CC(O)(C4)C2)C3)C(=O)CO)c1,gpcrdb,1,1,0.9696503733876444,0.9998276920101934,0.9651553,1,1,1,1,0,3,0.978211122958693,0.965155303478241,0.9998276920101934,0.034672388531952425
screen_33e11700fc4925606ca2,94,CS(=O)(=O)CC(=O)N(CCN1[C@@H]2CC[C@H]1C[C@@H](c1cccc(C(N)=O)c1)C2)Cc1ccc(F)cc1,gpcrdb,1,1,0.955,0.9954645698618841,0.9832334,1,1,1,1,0,3,0.977899320700167,0.955,0.9954645698618841,0.04046456986188418
screen_13ba7f7937e06e04a8ef,95,NC(=O)c1cccc([C@H]2C[C@H]3CC[C@@H](C2)N3CCN(C[C@H]2CC[C@H](O)CC2)C(=O)[C@@H](O)CO)c1,gpcrdb,1,1,0.945,0.9999361597458615,0.9886564,1,1,1,1,0,3,0.9778641871266925,0.945,0.9999361597458615,0.054936159745861524
screen_5204fc77936126d1aaed,96,NC(=O)c1cccc([C@H]2C[C@H]3CC[C@@H](C2)N3CCN(C[C@H]2CC[C@@H](O)CC2)C(=O)[C@@H](O)CO)c1,gpcrdb,1,1,0.945,0.9999361597458615,0.9886564,1,1,1,1,0,3,0.9778641871266925,0.945,0.9999361597458615,0.054936159745861524
screen_caf1d0af34deb0f92d36,97,CC1CCC(CN(CCN2[C@@H]3CC[C@H]2C[C@@H](c2cccc(C(N)=O)c2)C3)C(=O)[C@@H](O)CO)CC1,gpcrdb,1,1,0.9566666666666667,0.9999935804290002,0.9769166,1,1,1,1,0,3,0.9778589527634258,0.9566666666666667,0.9999935804290002,0.04332691376233355
screen_b44c747521fb1e53ad01,98,CN(C)S(=O)(=O)N(CCN1[C@@H]2CC[C@H]1C[C@@H](c1cccc(C(N)=O)c1)C2)Cc1ccc(CF)cc1,gpcrdb,1,1,0.9566666666666667,0.9930537348905476,0.9827068,1,1,1,1,0,3,0.9774757289197469,0.9566666666666667,0.9930537348905476,0.036387068223880936
screen_0d65d1698d6bea76ef2e,99,NC(=O)c1cccc([C@H]2C[C@H]3CC[C@@H](C2)N3CCN(CC2CCCCC2)C(=O)Nc2ccc3c(c2)OCO3)c1,gpcrdb,1,1,0.975,0.9998250365188401,0.9563095,1,1,1,1,0,3,0.9770448446250851,0.9563094973564148,0.9998250365188401,0.04351553916242534
screen_5f3eb8845e0542224357,100,NC(=O)c1cccc([C@H]2C[C@H]3CC[C@@H](C2)N3CCN(CC2CCC(C(F)(F)F)CC2)C(=O)[C@@H](O)CO)c1,gpcrdb,1,1,0.9565132636655949,0.9995789574485571,0.9740171,1,1,1,1,0,3,0.9767031015863396,0.9565132636655949,0.9995789574485571,0.04306569378296221
screen_a946226b6e7ad76c868e,101,NC(=O)c1cccc(C2CC3CCC(C2)N3CCCCCCN(C(=O)CO)C2CC2)c1,reinvent,1,1,0.9533333333333334,0.9999452194805459,0.97632414,1,1,1,1,0,3,0.9765342312798074,0.9533333333333334,0.9999452194805459,0.04661188614721257
screen_484dc60da9a1212dc977,102,CS(=O)(=O)N(CCN1[C@@H]2CC[C@H]1C[C@@H](c1cccc(C(N)=O)c1)C2)Cc1ccccc1,gpcrdb,1,1,0.94,0.9956872164888285,0.9924827,1,1,1,1,0,3,0.9760566460981336,0.94,0.9956872164888285,0.05568721648882857
screen_7e8ae5110686d8a233fa,103,CC(C)N(CCN1C2CCC1CC(c1cccc(C(N)=O)c1)C2)C(C)C,reinvent,1,1,0.98,0.9554052389023823,0.9919453,1,1,1,1,0,3,0.9757835217435532,0.9554052389023823,0.9919453263282776,0.03654008742589532
screen_4711570aeff47781d81f,104,CC(C)C1CCC(N2CCC(N3C(=O)NC4CCCCC43)CC2)CC1,reinvent,1,1,0.9883333333333333,0.9999870640387798,0.9388789,1,1,1,1,0,3,0.9757330970747823,0.9388788938522339,0.9999870640387798,0.06110817018654591
screen_7d289bf9455c96c52ba6,105,CS(=O)(=O)CC(=O)N(CCN1[C@@H]2CC[C@H]1C[C@@H](c1cccc(C(N)=O)c1)C2)Cc1cccc(F)c1,gpcrdb,1,1,0.945,0.9958694283042588,0.9855847,1,1,1,1,0,3,0.9754847015233251,0.945,0.9958694283042588,0.05086942830425889
screen_c4621fefca916c0cae8f,106,N#CCC(=O)N(CCN1[C@@H]2CC[C@H]1C[C@@H](c1cccc(C(N)=O)c1)C2)Cc1ccccc1,gpcrdb,1,1,0.9633333333333334,0.9999490275173162,0.9629494,1,1,1,1,0,3,0.9754105853434659,0.9629493951797485,0.9999490275173162,0.036999632337567645
screen_deaaaac53f47e125f539,107,CN(C)CC[C@H](O)C(=O)N(CCN1[C@@H]2CC[C@H]1C[C@@H](c1cccc(C(N)=O)c1)C2)CC1CCC(F)(F)CC1,gpcrdb,1,1,0.9514628571428572,0.9990855707449717,0.9753655,1,1,1,1,0,3,0.9753046491371498,0.9514628571428572,0.9990855707449717,0.047622713602114564
screen_11829867223c04e2aa4a,108,CC(C)C(CN1CCC(c2cccc(F)c2)CC1)NC(=O)C1Cc2ccc(O)cc2CN1,reinvent,1,1,0.9533333333333334,0.9999899512680833,0.9721828,1,1,1,1,0,3,0.9751686983026553,0.9533333333333334,0.9999899512680833,0.046656617934749955
screen_98753af1f6a345432211,109,NC(=O)c1cccc([C@H]2C[C@H]3CC[C@@H](C2)N3CCN(Cc2c(F)cccc2F)C(=O)[C@@H](O)CO)c1,gpcrdb,1,1,0.9548465969989283,0.998724627695673,0.9715018,1,1,1,1,0,3,0.9750243506448638,0.9548465969989283,0.998724627695673,0.043878030696744785
screen_ffaeb3dc970051bd1b00,110,NC(=O)c1cccc([C@H]2C[C@H]3CC[C@@H](C2)N3CCN(Cc2c(F)cccc2F)C(=O)[C@H](O)CO)c1,gpcrdb,1,1,0.9548465969989283,0.998724627695673,0.9715018,1,1,1,1,0,3,0.9750243506448638,0.9548465969989283,0.998724627695673,0.043878030696744785
screen_4b7c0bd0f08a47d463c2,111,CS(=O)(=O)CC(=O)N(CCCN1[C@@H]2CC[C@H]1C[C@@H](c1cccc(C(N)=O)c1)C2)Cc1ccccc1,gpcrdb,1,1,0.94,0.9998776000164309,0.9836686,1,1,1,1,0,3,0.9745154084570659,0.94,0.9998776000164309,0.05987760001643094
screen_9f9a368d30c42a9cda24,112,NC(=O)c1cccc([C@H]2C[C@H]3CC[C@@H](C2)N3CCN(CC2CCCCC2)C(=O)NCc2ccc(F)cc2)c1,gpcrdb,1,1,0.94,0.9978878369523162,0.9851411,1,1,1,1,0,3,0.9743429784838714,0.94,0.9978878369523162,0.05788783695231625
screen_5173dd4a3128063f4436,113,CC(C)(C(=O)N(CCN1[C@@H]2CC[C@H]1C[C@@H](c1cccc(C(N)=O)c1)C2)CC1CCC1)S(C)(=O)=O,gpcrdb,1,1,0.9501514469234678,0.9999733711180919,0.97284925,1,1,1,1,0,3,0.9743246892937808,0.9501514469234678,0.9999733711180919,0.04982192419462417
screen_519c2cf1d4c1fd03c2e5,114,CC1(C)C(CN(CCN2[C@@H]3CC[C@H]2C[C@@H](c2cccc(C(N)=O)c2)C3)C(=O)CO)C1(C)C,gpcrdb,1,1,0.9483333333333334,0.9999972941425992,0.9743269,1,1,1,1,0,3,0.9742191786881139,0.9483333333333334,0.9999972941425992,0.05166396080926583
screen_74728e4363d7ae6a5423,115,CC(C)(O)C(=O)N(CCN1[C@@H]2CC[C@H]1C[C@@H](c1cccc(C(N)=O)c1)C2)Cc1ccccc1,gpcrdb,1,1,0.9383333333333334,0.9996051862956842,0.98391676,1,1,1,1,0,3,0.9739517597066615,0.9383333333333334,0.9996051862956842,0.061271852962350826
screen_13e317931dc07a169271,116,O=C(OC12CCC(=O)C3Oc4c(O)ccc5c4C31CCN(CC1CC1)C2C5)c1ccncc1,gpcrdb,1,1,0.975,0.999995132706716,0.94528365,1,1,1,1,0,3,0.9734262613528816,0.9452836513519287,0.999995132706716,0.05471148135478732
screen_61259085a6e0fbc7485a,117,CS(=O)(=O)N(CCN1[C@@H]2CC[C@H]1C[C@@H](c1cccc(C(N)=O)c1)C2)Cc1c(F)cccc1F,gpcrdb,1,1,0.945,0.9938591435618792,0.9801995,1,1,1,1,0,3,0.9730195531271429,0.945,0.9938591435618792,0.04885914356187926
screen_05d103f5a66b41acb410,118,NC(=O)c1cccc([C@H]2C[C@H]3CC[C@@H](C2)N3CCCN(Cc2ccccc2)C(=O)[C@H](O)CO)c1,gpcrdb,1,1,0.94,0.9998353419570777,0.9791832,1,1,1,1,0,3,0.9730061796595207,0.94,0.9998353419570777,0.05983534195707774
screen_be47da1c192357ecab8b,119,NC(=O)c1cccc([C@H]2C[C@H]3CC[C@@H](C2)N3CCCN(Cc2ccccc2)C(=O)[C@@H](O)CO)c1,gpcrdb,1,1,0.94,0.9998353419570777,0.9791832,1,1,1,1,0,3,0.9730061796595207,0.94,0.9998353419570777,0.05983534195707774
screen_0836d3979cc1bfa6b3de,120,NC(=O)c1cccc([C@H]2C[C@H]3CC[C@@H](C2)N3CCN(CC2CCCCC2)C(=O)C2(O)CC2)c1,gpcrdb,1,1,0.9466666666666667,0.9999573180144908,0.96919394,1,1,1,1,0,3,0.9719393066918149,0.9466666666666667,0.9999573180144908,0.05329065134782418
screen_e111dc15ecc024cded18,121,CC(C)(C)OCC(=O)N(CCN1[C@@H]2CC[C@H]1C[C@@H](c1cccc(C(N)=O)c1)C2)Cc1c(F)cccc1F,gpcrdb,1,1,0.9516666666666667,0.9978794441892554,0.9661022,1,1,1,1,0,3,0.9718827645736883,0.9516666666666667,0.9978794441892554,0.04621277752258879
screen_8679689288e0bf210883,122,O=C(OC12CCC(=O)C3Oc4c(O)ccc5c4C31CCN(CC1CC1)C2C5)c1ccccc1,gpcrdb;reinvent,2,7,0.9783333333333334,0.9999965665390446,0.93571824,1,1,1,1,0,3,0.9713493794087024,0.9357182383537292,0.9999965665390446,0.06427832818531531
screen_ad9de1bbac4a92892504,123,CN(CCN1C2CCC1CC(c1cccc(C(N)=O)c1)C2)CC1CCCCC1,reinvent,1,1,0.985,0.9340150520938144,0.99428475,1,1,1,1,0,3,0.9710999337082938,0.9340150520938144,0.9942847490310669,0.06026969693725248
screen_50f3a6e87f92a867581c,124,CS(=O)(=O)CC(=O)N(CCc1ccc(F)cc1)CCN1[C@@H]2CC[C@H]1C[C@@H](c1cccc(C(N)=O)c1)C2,gpcrdb,1,1,0.9416666666666667,0.9808744452753881,0.9903704,1,1,1,1,0,3,0.9709705015804774,0.9416666666666667,0.9903703927993774,0.04870372613271079
screen_f6745596e8fd6a67bc13,125,NC(=O)c1cccc([C@H]2C[C@H]3CC[C@@H](C2)N3CCN(CC(F)(F)c2ccccc2)C(=O)[C@@H](O)CO)c1,gpcrdb,1,1,0.9598465969989282,0.9922313995570364,0.9602734,1,1,1,1,0,3,0.9707837938679592,0.9598465969989282,0.9922313995570364,0.03238480255810827
screen_56171d0a32343c08771a,126,C[C@H](O)C(=O)N(CCN1[C@@H]2CC[C@H]1C[C@@H](c1cccc(C(N)=O)c1)C2)Cc1c(F)cccc1F,gpcrdb,1,1,0.9533333333333334,0.9997000519697256,0.95910144,1,1,1,1,0,3,0.9707116079417992,0.9533333333333334,0.9997000519697256,0.04636671863639219
screen_f0e6706996b30528ef11,127,CC(C)(C)C(=O)N(CCN1[C@@H]2CC[C@H]1C[C@@H](c1cccc(C(N)=O)c1)C2)Cc1c(F)cccc1F,gpcrdb,1,1,0.9433333333333334,0.9988969277347439,0.96851355,1,1,1,1,0,3,0.9702479364807511,0.9433333333333334,0.9988969277347439,0.055563594401410565
screen_6e6ada826d4402cee383,128,CC(C)C(CN1CCC(c2ccccc2)CC1)NC(=O)C1Cc2ccc(O)cc2CN1,reinvent,1,1,0.9383333333333334,0.9999308693876392,0.972079,1,1,1,1,0,3,0.9701143939121076,0.9383333333333334,0.9999308693876392,0.061597536054305846
screen_39f4ced06e813a1c9573,129,CN(C)S(=O)(=O)N(CCN1[C@@H]2CC[C@H]1C[C@@H](c1cccc(C(N)=O)c1)C2)Cc1ccc(C(F)(F)F)cc1,gpcrdb,1,1,0.9383333333333334,0.9913939740986021,0.980379,1,1,1,1,0,3,0.9700354309456346,0.9383333333333334,0.9913939740986021,0.05306064076526873
screen_766326f7235c0593c3a2,130,NC(=O)c1cccc(C2CC3CCC(C2)N3CCN(CC2CCN(CC=Cc3ccccc3)CC2)C(=O)CO)c1,reinvent,1,1,0.9433333333333334,0.9934369392450122,0.97101426,1,1,1,1,0,3,0.9692615112746911,0.9433333333333334,0.9934369392450122,0.05010360591167884
screen_098d14a23ef20e74ce62,131,CC(C)(CO)C(=O)N(CCN1[C@@H]2CC[C@H]1C[C@@H](c1cccc(C(N)=O)c1)C2)Cc1ccccc1,gpcrdb,1,1,0.95,0.9998747934537461,0.95789087,1,1,1,1,0,3,0.9692552205468989,0.95,0.9998747934537461,0.049874793453746125
screen_a1c73ad74821050bd1d1,132,COCC(=O)N(CCN1[C@@H]2CC[C@H]1C[C@@H](c1cccc(C(N)=O)c1)C2)Cc1c(F)cccc1F,gpcrdb,1,1,0.9516666666666667,0.9991917472611513,0.9568561,1,1,1,1,0,3,0.9692381619589411,0.9516666666666667,0.9991917472611513,0.04752508059448468
screen_55143a7039ab8c1ed292,133,C[C@H](O)C(=O)N(CCCN1[C@@H]2CC[C@H]1C[C@@H](c1cccc(C(N)=O)c1)C2)Cc1ccccc1,gpcrdb,1,1,0.9416666666666667,0.9999725605843766,0.96607274,1,1,1,1,0,3,0.9692373218072223,0.9416666666666667,0.9999725605843766,0.058305893917709906
screen_c3aac90999f6c5bb4b0d,134,NC(=O)c1ccc2c3c1OC1C(=O)CCC4(O)C(C2)N(CC2CC2)CCC314,gpcrdb,1,1,0.9583333333333334,0.9999544872843958,0.9472367,1,1,1,1,0,3,0.9685081791216711,0.9472367167472839,0.9999544872843958,0.05271777053711191
screen_a8a41e047912edb02588,135,NC(=O)c1cccc([C@H]2C[C@H]3CC[C@@H](C2)N3CCN(Cc2ccccc2)C(=O)C2(O)CC2)c1,gpcrdb,1,1,0.9383333333333334,0.9998099960938528,0.96728516,1,1,1,1,0,3,0.9684761618923954,0.9383333333333334,0.9998099960938528,0.06147666276051944
screen_7bcc743a5f2ec697bb68,136,CS(=O)(=O)CC(=O)N(CCc1ccc(O)cc1)CCN1[C@@H]2CC[C@H]1C[C@@H](c1cccc(C(N)=O)c1)C2,gpcrdb,1,1,0.9283333333333333,0.9876704886095107,0.9860197,1,1,1,1,0,3,0.9673411643020438,0.9283333333333333,0.9876704886095107,0.059337155276177334
screen_dd6ce8ecc4d550371002,137,CC(O)C(O)C(=O)N(CCCN1[C@@H]2CC[C@H]1C[C@@H](c1cccc(C(N)=O)c1)C2)Cc1ccccc1,gpcrdb,1,1,0.94,0.9997450252971216,0.96217835,1,1,1,1,0,3,0.9673077915973519,0.94,0.9997450252971216,0.05974502529712167
screen_61994d1a233db623aa0d,138,O=C1NC2CCCCC2N1C1CCN(C2CCCCC2)CC1,reinvent,1,1,0.9733333333333334,0.9997786088000516,0.92848426,1,1,1,1,0,3,0.967198734389768,0.9284842610359192,0.9997786088000516,0.07129434776413246
screen_1c5f28f0073adcf80200,139,CC(C)(C)C(=O)N(CCCN1[C@@H]2CC[C@H]1C[C@@H](c1cccc(C(N)=O)c1)C2)Cc1ccccc1,gpcrdb,1,1,0.9283333333333333,0.9995196802100622,0.9711618,1,1,1,1,0,3,0.966338265428314,0.9283333333333333,0.9995196802100622,0.07118634687672887
screen_c7cd2ce44a5f0b49806c,140,CC(=O)N(CCN1[C@@H]2CC[C@H]1C[C@@H](c1cccc(C(N)=O)c1)C2)CC12CC3CC(CC(C3)C1)C2,gpcrdb,1,1,0.9596503733876444,0.9994934459692607,0.939712,1,1,1,1,0,3,0.9662852691097216,0.9397119879722595,0.9994934459692607,0.059781457997001186
screen_5e8bb038e6de5c2a9753,141,NC(=O)c1cccc([C@H]2C[C@H]3CC[C@@H](C2)N3CCN(CC23CC4CC(CC(O)(C4)C2)C3)C(=O)[C@@H](O)CO)c1,gpcrdb,1,1,0.9546503733876444,0.9993740795169476,0.94430715,1,1,1,1,0,3,0.9661105337870551,0.9443071484565735,0.9993740795169476,0.05506693106037408
screen_b280c6f2e54904c875ee,142,O=C(OC12CCC(=O)C3Oc4c(O)ccc5c4C31CCN(CC1CC1)C2C5)c1cccnc1,gpcrdb;reinvent,2,3,0.96,0.9999800094615392,0.93695456,1,1,1,1,0,3,0.9656448557857331,0.9369545578956604,0.9999800094615392,0.0630254515658788
screen_262b7ac7604873d6ddec,143,C[C@H]1CN(CC(Cc2ccccc2)C(=O)NCC(=O)O)CC[C@@]1(C)c1cccc(O)c1,gpcrdb,1,1,0.93,0.9999820389780297,0.96518475,1,1,1,1,0,3,0.96505559571693,0.93,0.9999820389780297,0.06998203897802968
screen_4a3a47cac1f563bfd07c,144,CC1CN(C[C@H](Cc2ccccc2)C(=O)NCC(=O)O)CCC1(C)c1cccc(O)c1,gpcrdb,1,1,0.93,0.9999820389780297,0.96518475,1,1,1,1,0,3,0.96505559571693,0.93,0.9999820389780297,0.06998203897802968
screen_5d6755c6239a4c3c6898,145,CC1CN(CC(Cc2ccccc2)C(=O)NCC(=O)O)CCC1(C)c1cccc(O)c1,gpcrdb;reinvent,2,2,0.93,0.9999820389780297,0.96518475,1,1,1,1,0,3,0.96505559571693,0.93,0.9999820389780297,0.06998203897802968
screen_c8e6602c7ac5d638137f,146,CN(CCCN1C2CCC1CC(c1cccc(C(N)=O)c1)C2)C(=O)Cc1ccccc1,reinvent,1,1,0.9366666666666666,0.9797181733573129,0.9765476,1,1,1,1,0,3,0.9643108129542619,0.9366666666666666,0.9797181733573129,0.04305150669064628
screen_25f733370eff7472ec31,147,O=C1CC[C@@]2(NC/C=C/c3ccc(Cl)cc3)[C@H]3Cc4ccc(O)c5c4[C@@]2(CCN3CC2CC2)[C@H]1O5,gpcrdb,1,1,0.9666666666666667,0.9987753867380282,0.92692757,1,1,1,1,0,3,0.9641232066443385,0.9269275665283203,0.9987753867380282,0.07184782020970792
screen_bc35ba48c0fefe61bc33,148,COc1ccc2c3c1OC1C(=O)CCC4(OC(=O)C=Cc5ccc(Cl)cc5)C(C2)N(CC2CC2)CCC314,gpcrdb,1,1,0.9283333333333333,0.9950734861542079,0.9688387,1,1,1,1,0,3,0.9640818370663222,0.9283333333333333,0.9950734861542079,0.06674015282087453
screen_e9feb3cb4b7fd667f70a,149,COc1ccc2c3c1O[C@H]1C(=O)CC[C@@]4(OC(=O)/C=C/c5ccc(Cl)cc5)[C@@H](C2)N(CC2CC2)CC[C@]314,gpcrdb,1,1,0.9283333333333333,0.9950734861542079,0.9688387,1,1,1,1,0,3,0.9640818370663222,0.9283333333333333,0.9950734861542079,0.06674015282087453
screen_6eacaf15fad4d98547f9,150,N#CCC(=O)N(CCN1[C@@H]2CC[C@H]1C[C@@H](c1cccc(C(N)=O)c1)C2)Cc1c(F)cccc1F,gpcrdb,1,1,0.9516666666666667,0.9983882261833631,0.93951046,1,1,1,1,0,3,0.9631884525061012,0.9395104646682739,0.9983882261833631,0.058877761515089166
screen_a8f789cce73c7a75ca11,151,CC(C)(O)C(=O)N(CCCN1[C@@H]2CC[C@H]1C[C@@H](c1cccc(C(N)=O)c1)C2)Cc1ccccc1,gpcrdb,1,1,0.9166666666666666,0.9999450749062369,0.9706587,1,1,1,1,0,3,0.9624234870375151,0.9166666666666666,0.9999450749062369,0.08327840823957022
screen_25619942c5e6e97c4dc4,152,CS(=O)(=O)CC(=O)N(CCN1[C@@H]2CC[C@H]1C[C@@H](c1cccc(C(N)=O)c1)C2)Cc1ccc(C(F)(F)F)cc1,gpcrdb,1,1,0.9583333333333334,0.9439753624348796,0.9831434,1,1,1,1,0,3,0.9618173616644063,0.9439753624348796,0.9831433892250061,0.03916802679012654
screen_76f16dc39513dd66de69,153,O=C1CCC2(NCC=CCc3ccc(Cl)cc3)C3Cc4ccc(O)c5c4C2(CCN3CC2CC2)C1O5,reinvent,1,1,0.9516666666666667,0.9999683818847623,0.9324465,1,1,1,1,0,3,0.9613605094495975,0.9324464797973633,0.9999683818847623,0.06752190208739905
screen_4f22c447b023773e1749,154,C=CCN1CCC23c4c5ccc(O)c4OC2C(=NN=C2CCC4(O)C6Cc7ccc(O)c8c7C4(CCN6CC=C)C2O8)CCC3(O)C1C5,gpcrdb,1,1,0.9333333333333333,0.9999632677949866,0.94591624,1,1,1,1,0,3,0.9597376121917499,0.9333333333333333,0.9999632677949866,0.06662993446165322
screen_9e235b8ec0f5b3a79bdc,155,O=C1CCC2(O)C3Cc4ccc(O)c5c4C2(CCN3CC2CC2)C1O5,gpcrdb;reinvent,2,6,0.9716666666666667,0.9999873066125419,0.9063606,1,1,1,1,0,3,0.9593381998333039,0.9063606262207031,0.9999873066125419,0.09362668039183875
screen_647d5833e0b5c518aa06,156,NC(=O)c1cccc(C2CC3CCC(C2)N3CCN(CC2CCCCC2)C(=O)CCc2ccccc2)c1,reinvent,1,1,0.9266666666666666,0.967305694395101,0.9837066,1,1,1,1,0,3,0.9592263181917522,0.9266666666666666,0.9837065935134888,0.05703992684682213
screen_84e654d4fd792fd8d806,157,NC(=O)c1cccc([C@H]2C[C@H]3CC[C@@H](C2)N3CCN(Cc2c(F)cccc2F)C(=O)[C@H]2CC[C@H](O)CC2)c1,gpcrdb,1,1,0.9166666666666666,0.9978608227762105,0.96231425,1,1,1,1,0,3,0.958947245842633,0.9166666666666666,0.9978608227762105,0.08119415610954384
screen_db1d7a5cf2079904b6cf,158,COc1ccc2c3c1O[C@H]1C(=O)CC[C@@]4(NC/C=C/c5ccc(Cl)cc5)[C@@H](C2)N(CC2CC2)CC[C@]314,gpcrdb,1,1,0.9533333333333334,0.9995066263538459,0.9231145,1,1,1,1,0,3,0.9586514794250945,0.9231144785881042,0.9995066263538459,0.07639214776574166
screen_d0ba2dc4475f86f97cf2,159,CC(C)(CO)C(=O)N(CCN1[C@@H]2CC[C@H]1C[C@@H](c1cccc(C(N)=O)c1)C2)Cc1c(F)cccc1F,gpcrdb,1,1,0.9415132636655948,0.9971378115229691,0.9364091,1,1,1,1,0,3,0.9583533969932949,0.9364091157913208,0.9971378115229691,0.0607286957316483
screen_8de088f9f73bd8ad89f0,160,CC(C)(O)C(=O)N(CCN1[C@@H]2CC[C@H]1C[C@@H](c1cccc(C(N)=O)c1)C2)Cc1c(F)cccc1F,gpcrdb,1,1,0.9283333333333333,0.9840489436118044,0.9624317,1,1,1,1,0,3,0.9582713352616706,0.9283333333333333,0.9840489436118044,0.05571561027847105
screen_e428245787652896d0f2,161,NC(=O)c1cccc([C@H]2C[C@H]3CC[C@@H](C2)N3CCN(CC23CC4CC(CC(C4)C2)C3)C(=O)CCC(=O)O)c1,gpcrdb,1,1,0.9413170400543109,0.9998981776133191,0.93359375,1,1,1,1,0,3,0.9582696558892101,0.93359375,0.9998981776133191,0.06630442761331912
screen_0c56636337dfeabbe618,162,CC(C)C[C@H](O)C(=O)N(CCN1[C@@H]2CC[C@H]1C[C@@H](c1cccc(C(N)=O)c1)C2)Cc1c(F)cccc1F,gpcrdb,1,1,0.93,0.9971844474393012,0.94407815,1,1,1,1,0,3,0.9570875316168825,0.93,0.9971844474393012,0.06718444743930119
screen_de16f88d0d5fb074a106,163,O=C(C#Cc1ccccc1)NC12CCC(=O)C3Oc4c(O)ccc5c4C31CCN(CC1CC1)C2C5,reinvent,1,1,0.93,0.9999693830194042,0.9391655,1,1,1,1,0,3,0.9563782853345728,0.93,0.9999693830194042,0.06996938301940414
screen_1101119ce196c95a8982,164,COc1ccc2c3c1O[C@H]1C(=O)CC[C@@]4(OC(=O)/C=C/c5ccc(C)cc5)[C@@H](C2)N(CC2CC2)CC[C@]314,gpcrdb,1,1,0.915,0.9967995383652992,0.9555664,1,1,1,1,0,3,0.9557886482050998,0.915,0.9967995383652992,0.08179953836529918
screen_7980d9755e82b29e1cf8,165,COc1ccc2c3c1OC1C(=O)CCC4(OC(=O)C=Cc5ccc(C)cc5)C(C2)N(CC2CC2)CCC314,gpcrdb,1,1,0.915,0.9967995383652992,0.9555664,1,1,1,1,0,3,0.9557886482050998,0.915,0.9967995383652992,0.08179953836529918
screen_d6ed381997718eebf95d,166,NC(=O)c1cccc([C@H]2C[C@H]3CC[C@@H](C2)N3CCN(Cc2c(F)cccc2F)C(=O)C2(O)CC2)c1,gpcrdb,1,1,0.925,0.994053388098252,0.9463468,1,1,1,1,0,3,0.9551334024996798,0.925,0.994053388098252,0.06905338809825201
screen_eaa92d2d93c8d54ade21,167,CC(O)C(NC(=O)C1NC(=O)C(C(C)O)NC(=O)C(CCCN)NC(=O)C(Cc2c[nH]c3ccccc23)NC(=O)C(Cc2ccc(O)cc2)NC(=O)C(NC(=O)C(N)Cc2ccccc2)CSSC1(C)C)C(N)=O,gpcrdb,1,1,0.8866666666666667,0.9999736359046706,0.9775838,1,1,1,1,0,3,0.9547413760531879,0.8866666666666667,0.9999736359046706,0.11330696923800387
screen_b380e29be4fa00ddc717,168,O=C1NC2CCC2N1C1CCN(C2CCCCCCC2)CC1,reinvent,1,1,0.9516666666666667,0.9995005248100292,0.9112997,1,1,1,1,0,3,0.9541556323273556,0.9112997055053711,0.9995005248100292,0.08820081930465806
screen_5aee64d44ebf2472ec0b,169,C=C1CCC2(O)C3Cc4ccc(O)c5c4C2(CCN3CC2CC2)C1O5,gpcrdb;reinvent,2,3,0.9316666666666666,0.9999669821504695,0.9290858,1,1,1,1,0,3,0.9535731466427095,0.9290857911109924,0.9999669821504695,0.0708811910394771
screen_2744b54e8189e14117f3,170,CC1CN(CC(Cc2ccccc2)C(=O)O)CCC1(C)c1cccc(O)c1,reinvent,1,1,0.895,0.9999561655859341,0.9640731,1,1,1,1,0,3,0.9530097623778776,0.895,0.9999561655859341,0.10495616558593412
screen_cbcbdf9478376ac99acd,171,C[C@H]1CN(CC(Cc2ccccc2)C(=O)O)CC[C@@]1(C)c1cccc(O)c1,gpcrdb,1,1,0.895,0.9999561655859341,0.9640731,1,1,1,1,0,3,0.9530097623778776,0.895,0.9999561655859341,0.10495616558593412
screen_2e372335cf06eda8aba2,172,CS(=O)(=O)CC(=O)N(CCN1[C@@H]2CC[C@H]1C[C@@H](c1cccc(C(N)=O)c1)C2)Cc1c(F)cccc1F,gpcrdb,1,1,0.955,0.9230301556723736,0.9793726,1,1,1,1,0,3,0.9524675920849847,0.9230301556723736,0.9793726205825806,0.056342464910207
screen_cd3f3e84d3a2c13dca2c,173,NC(=O)c1cccc(C2CC3CCC(C2)N3CCCCCCCCOC(=O)C2CCCCC2)c1,reinvent,1,1,0.9283333333333333,0.9773773904390757,0.9485278,1,1,1,1,0,3,0.9514128455767242,0.9283333333333333,0.9773773904390757,0.049044057105742334
screen_c98f04eef479c54ae781,174,CCC12CCN(CC3(O)CC3)[C@H](Cc3ccc(O)cc31)C2(C)C,gpcrdb,1,1,0.9066666666666666,0.9999717705214121,0.94577193,1,1,1,1,0,3,0.9508034565966691,0.9066666666666666,0.9999717705214121,0.09330510385474544
screen_34aae79e1e2e4fae195c,175,C[C@@H](O)[C@H](NC(=O)[C@H]1NC(=O)[C@H]([C@@H](C)O)NC(=O)[C@H](CCCCN)NC(=O)[C@H](Cc2c[nH]c3ccccc23)NC(=O)[C@H](Cc2ccc(O)cc2)NC(=O)[C@@H](NC(=O)[C@@H](N)Cc2ccccc2)CSSC1(C)C)C(N)=O,gpcrdb,1,1,0.8833333333333333,0.999742882361087,0.96786207,1,1,1,1,0,3,0.9503127617670671,0.8833333333333333,0.999742882361087,0.11640954902775369
screen_75c2a72a8d30a90bae41,176,C[C@@H](O)[C@H](NC(=O)[C@@H]1NC(=O)[C@@H]([C@@H](C)O)NC(=O)[C@H](CCCCN)NC(=O)[C@H](Cc2c[nH]c3ccccc23)NC(=O)[C@H](Cc2ccc(O)cc2)NC(=O)[C@@H](NC(=O)[C@H](N)Cc2ccccc2)CSSC1(C)C)C(N)=O,gpcrdb,1,1,0.8833333333333333,0.999742882361087,0.96786207,1,1,1,1,0,3,0.9503127617670671,0.8833333333333333,0.999742882361087,0.11640954902775369
screen_7ae6dddd5089a9f07445,177,C[C@@H](O)[C@H](NC(=O)[C@@H]1NC(=O)[C@@H]([C@@H](C)O)NC(=O)[C@H](CCCCN)NC(=O)[C@@H](Cc2c[nH]c3ccccc23)NC(=O)[C@H](Cc2ccc(O)cc2)NC(=O)[C@@H](NC(=O)[C@H](N)Cc2ccccc2)CSSC1(C)C)C(N)=O,gpcrdb,1,1,0.8833333333333333,0.999742882361087,0.96786207,1,1,1,1,0,3,0.9503127617670671,0.8833333333333333,0.999742882361087,0.11640954902775369
screen_a724e3ec6c0598fb2300,178,CC(C)CN(CCN1C2CCC1CC(c1cccc(C(N)=O)c1)C2)CC(C)C,reinvent,1,2,0.9716666666666667,0.8878141807525621,0.98390174,1,1,1,1,0,3,0.9477941955132373,0.8878141807525621,0.9839017391204834,0.09608755836792127
screen_686f98812ad1024650a8,179,C=C1CC[C@@]2(O)[C@H]3Cc4ccc(C(N)=O)c5c4[C@@]2(CCN3CC2CC2)[C@H]1O5,gpcrdb,1,1,0.9275763747454175,0.9925830482775462,0.92165,1,1,1,1,0,3,0.9472698051629789,0.9216499924659729,0.9925830482775462,0.07093305581157328
screen_d587c4e8eff89c563725,180,C=C1CCC2(O)C3Cc4ccc(C(N)=O)c5c4C2(CCN3CC2CC2)C1O5,gpcrdb,1,1,0.9275763747454175,0.9925830482775462,0.92165,1,1,1,1,0,3,0.9472698051629789,0.9216499924659729,0.9925830482775462,0.07093305581157328
screen_3ad50d11b70ee0df098b,181,COCCN(C(=O)COc1ccc(Cl)cc1)[C@H]1c2cc(OC)c(OC)cc2CC[C@H]1N(C)C,ouroboros,1,1,0.8916666666666667,0.9999715152211671,0.94789857,1,1,1,1,0,3,0.9465122495369012,0.8916666666666667,0.9999715152211671,0.1083048485545004
screen_4107b2fd5e3d7a430b13,182,COCCN(C(=O)COc1ccc(Cl)cc1)C1c2cc(OC)c(OC)cc2CC[C@H]1N(C)C,ouroboros,1,1,0.8916666666666667,0.9999715152211671,0.94789857,1,1,1,1,0,3,0.9465122495369012,0.8916666666666667,0.9999715152211671,0.1083048485545004
screen_b6c6d88f255e336875b5,183,COCCN(C(=O)COc1ccc(Cl)cc1)[C@H]1c2cc(OC)c(OC)cc2CC[C@@H]1N(C)C,ouroboros,1,1,0.8916666666666667,0.9999715152211671,0.94789857,1,1,1,1,0,3,0.9465122495369012,0.8916666666666667,0.9999715152211671,0.1083048485545004
screen_dd27b25c9e0966e93165,184,COCCN(C(=O)COc1ccc(Cl)cc1)C1c2cc(OC)c(OC)cc2CC[C@@H]1N(C)C,ouroboros,1,1,0.8916666666666667,0.9999715152211671,0.94789857,1,1,1,1,0,3,0.9465122495369012,0.8916666666666667,0.9999715152211671,0.1083048485545004
screen_651eb6f40606366725aa,185,C=CCN1CC[C@]23c4c5ccc(O)c4O[C@H]2C(=O)CC[C@]3(O)[C@H]1C5,gpcrdb,1,1,0.8983333333333333,0.9999714974801945,0.93968254,1,1,1,1,0,3,0.9459957913637561,0.8983333333333333,0.9999714974801945,0.10163816414686122
screen_8001cbc0e033e2595b99,186,C=CCN1CC[C@]23c4c5ccc(O)c4OC2C(=O)CC[C@@]3(O)[C@H]1C5,zinc,1,2,0.8983333333333333,0.9999714974801945,0.93968254,1,1,1,1,0,3,0.9459957913637561,0.8983333333333333,0.9999714974801945,0.10163816414686122
screen_838ae29c232e277cb91e,187,C=CCN1CCC23c4c5ccc(O)c4OC2C(=O)CCC3(O)C1C5,reinvent,1,4,0.8983333333333333,0.9999714974801945,0.93968254,1,1,1,1,0,3,0.9459957913637561,0.8983333333333333,0.9999714974801945,0.10163816414686122
screen_7586c6b41c0ea74ff239,188,O=C(/C=C/c1ccc(Cl)cc1)N[C@@]12CCC(=O)[C@@H]3Oc4c(OCC5CC5)ccc5c4[C@@]31CCN(CC1CC1)[C@@H]2C5,gpcrdb,1,1,0.9216666666666666,0.9999837714808608,0.9126534,1,1,1,1,0,3,0.9447679415801309,0.912653386592865,0.9999837714808608,0.08733038488799583
screen_86611a8ea70af7cd7b2a,189,CCCOc1ccc2c3c1O[C@H]1C(=O)CC[C@@]4(NC(=O)/C=C/c5ccc(Cl)cc5)[C@@H](C2)N(CC2CC2)CC[C@]314,gpcrdb,1,1,0.9016666666666666,0.9999915223808967,0.9309819,1,1,1,1,0,3,0.9442133545045018,0.9016666666666666,0.9999915223808967,0.09832485571423011
screen_fdba4b2e34c91b16a8ed,190,Cl.O=C1CCC2(O)C3Cc4ccc(O)c5c4C2(CCN3CC2CC2)C1O5,gpcrdb,1,1,0.9716666666666667,0.9966563115819014,0.8580149,1,1,1,1,0,3,0.9421126199531461,0.8580148816108704,0.9966563115819014,0.13864142997103102
screen_a8aaf04b9d4e1dc33f5d,191,COc1ccc2c3c1O[C@H]1C(=O)CC[C@@]4(NC(=O)C#Cc5ccc(Cl)cc5)[C@@H](C2)N(CC2CC2)CC[C@]314,gpcrdb,1,1,0.89,0.9957697345610733,0.9404297,1,1,1,1,0,3,0.9420664740203578,0.89,0.9957697345610733,0.1057697345610733
screen_6b6a45772a087504d493,192,C[C@@H](O)[C@H](NC(=O)[C@H]1NC(=O)[C@H]([C@@H](C)O)NC(=O)[C@H](CCCCN)NC(=O)[C@H](Cc2c[nH]c3ccccc23)NC(=O)[C@@H](Cc2ccc(O)cc2)NC(=O)[C@@H](NC(=O)[C@H]2Cc3ccccc3CN2)CSSC1(C)C)C(N)=O,gpcrdb,1,1,0.8583333333333333,0.999764026640739,0.967803,1,1,1,1,0,3,0.9419667871259604,0.8583333333333333,0.999764026640739,0.14143069330740576
screen_0814a81f5bb23fba3c7a,193,COc1ccc2c3c1OC1C4(OC)CCC5(CC4CNC(=O)C=Cc4ccc(C)cc4)C(C2)N(C)CCC315,gpcrdb,1,1,0.8916666666666667,0.9999753326791367,0.93342286,1,1,1,1,0,3,0.9416882876097441,0.8916666666666667,0.9999753326791367,0.10830866601247002
screen_89a9d35113b28699bc7a,194,C=CCN1CCC23c4c5ccc(O)c4O[C@@H]2/C(=N/NC(=O)c2ccccc2)CCC3(O)C1C5,gpcrdb,1,1,0.8983333333333333,0.999966525552743,0.9231708,1,1,1,1,0,3,0.9404902212878312,0.8983333333333333,0.999966525552743,0.1016331922194097
screen_d1daa7c26dfac71ace4e,195,C=CCN1CCC23c4c5ccc(O)c4OC2C(=NNC(=O)c2ccccc2)CCC3(O)C1C5,gpcrdb;reinvent,2,2,0.8983333333333333,0.999966525552743,0.9231708,1,1,1,1,0,3,0.9404902212878312,0.8983333333333333,0.999966525552743,0.1016331922194097
screen_07b6d43274f6bc6ec3c5,196,COc1ccc2c3c1O[C@H]1C(=O)CC[C@@]4(OC(=O)/C=C/c5ccccc5)[C@@H](C2)N(CC2CC2)CC[C@]314,gpcrdb,1,1,0.8716666666666667,0.999098925562777,0.95065457,1,1,1,1,0,3,0.9404733861724793,0.8716666666666667,0.999098925562777,0.12743225889611032
screen_8ba0a5854f87701887ef,197,COc1ccc2c3c1OC1C(=O)CCC4(OC(=O)C=Cc5ccccc5)C(C2)N(CC2CC2)CCC314,gpcrdb,1,1,0.8716666666666667,0.999098925562777,0.95065457,1,1,1,1,0,3,0.9404733861724793,0.8716666666666667,0.999098925562777,0.12743225889611032
screen_105f55d6c05940a59933,198,O=C1NC2CCCCC2N1C1CCN(CC2CCCCCCC2)CC1,reinvent,1,1,0.9066666666666666,0.9999842402176737,0.9147183,1,1,1,1,0,3,0.9404563923953865,0.9066666666666666,0.9999842402176737,0.09331757355100712
screen_a42ec24a822870d54927,199,COCCN(C(=O)Cc1ccccc1)C1c2ccccc2C=CC1N1CCN(c2ccccc2)CC1,reinvent,1,1,0.9233333333333333,0.9998336722225751,0.8963203,1,1,1,1,0,3,0.9398290963229473,0.8963202834129333,0.9998336722225751,0.10351338880964178
screen_44fd9aca5f801bc57846,200,NC(=O)c1ccc(Oc2ccc(CCCNCc3ccccc3)cc2)nc1,gpcrdb,1,1,0.92,0.9999726002972259,0.89773005,1,1,1,1,0,3,0.9392342175894622,0.8977300524711609,0.9999726002972259,0.10224254782606501
screen_6f668e9a537cc1e0a1ee,201,C[C@@H](O)[C@H](NC(=O)[C@H]1NC(=O)[C@H]([C@@H](C)O)NC(=O)[C@H](CCCCN)NC(=O)[C@H](Cc2c[nH]c3ccccc23)NC(=O)[C@H](Cc2ccc(O)cc2)NC(=O)[C@@H](NC(=O)[C@@H](N)Cc2c[nH]c3ccccc23)CSSC1(C)C)C(N)=O,gpcrdb,1,1,0.8533333333333334,0.9985098687412366,0.964726,1,1,1,1,0,3,0.9388563910988313,0.8533333333333334,0.9985098687412366,0.1451765354079032
screen_b57e58c0b2568376bbff,202,O=C(OC12CCC(=O)C3Oc4c(O)ccc5c4C31CCN(CC1CC1)C2C5)c1ccccn1,gpcrdb,1,1,0.9166666666666666,0.9999919982829583,0.8985472,1,1,1,1,0,3,0.9384019458320038,0.8985471725463867,0.9999919982829583,0.10144482573657154
screen_74e580ce585a95802c86,203,C=CCOc1ccc2c3c1O[C@H]1C(=O)CC[C@@]4(NC(=O)/C=C/c5ccc(Cl)cc5)[C@@H](C2)N(CC2CC2)CC[C@]314,gpcrdb,1,1,0.915,0.9999925805029442,0.89990234,1,1,1,1,0,3,0.9382983080843147,0.89990234375,0.9999925805029442,0.10009023675294415
screen_54a0fb8e401ffae88f7a,204,COC(=O)/C=C/C(=O)O[C@@]12CCC(=O)[C@@H]3Oc4c(O)ccc5c4[C@@]31CCN(CC1CC1)[C@@H]2C5,gpcrdb,1,1,0.935,0.9985366872825963,0.8785252,1,1,1,1,0,3,0.9373539615961825,0.8785251975059509,0.9985366872825963,0.12001148977664533
screen_72a877469e148cf0c75f,205,CCCC[C@@H]1NC(=O)[C@@H](Cc2c[nH]c3ccccc23)NC(=O)[C@H](Cc2ccc(O)cc2)NC(=O)[C@@H](NC(=O)[C@H](N)Cc2ccccc2)CSSC(C)(C)[C@H](C(=O)N[C@H](C(N)=O)[C@@H](C)O)NC(=O)[C@@H]([C@@H](C)O)NC1=O,gpcrdb,1,1,0.845,0.9956735583023695,0.9679802,1,1,1,1,0,3,0.9362179214383651,0.845,0.9956735583023695,0.1506735583023695
screen_13e97bc08c87e4d9f7dd,206,N#CCOc1ccc2c3c1O[C@H]1C(=O)CC[C@@]4(NC(=O)/C=C/c5ccc(Cl)cc5)[C@@H](C2)N(CC2CC2)CC[C@]314,gpcrdb,1,1,0.935,0.9998172710027526,0.87353516,1,1,1,1,0,3,0.9361174757509175,0.87353515625,0.9998172710027526,0.12628211475275264
screen_122e8969e616d8eff690,207,O=C1CCC2(NCCCc3ccc(Cl)cc3)C3Cc4ccc(O)c5c4C2(CCN3CC2CC2)C1O5,reinvent,1,1,0.9266666666666666,0.99987494873322,0.8800977,1,1,1,1,0,3,0.9355464342147674,0.8800976872444153,0.99987494873322,0.11977726148880474
screen_14faf5e953b0e1c2645e,208,O=C(OC12CCC(=O)C3Oc4c(O)ccc5c4C31CCN(CC1CC1)C2C5)c1cc2ccccc2cn1,gpcrdb,1,1,0.9333333333333333,0.9999815385472233,0.87185746,1,1,1,1,0,3,0.9350574453980212,0.8718574643135071,0.9999815385472233,0.1281240742337162
screen_eaeae2e27db9ca318e0b,209,NC(=O)c1ccc(Oc2ccc(CCNCCc3ccc(O)cc3)cc2)nc1,reinvent,1,1,0.8327232390460344,0.99992553833688,0.9711914,1,1,1,1,0,3,0.9346133945443048,0.8327232390460344,0.99992553833688,0.16720229929084562
screen_ba26d3da8ecc05bcb1ad,210,C=C1CCC2(O)C3Cc4ccc(O)c5c4C2(CCN3CC2CC2)C1O5.Cl,gpcrdb,1,1,0.9316666666666666,0.9882794567539867,0.88357335,1,1,1,1,0,3,0.9345064922370704,0.8835733532905579,0.9882794567539867,0.10470610346342879
screen_b933212799a21c91214a,211,CN[C@H](Cc1ccccc1)C(=O)N[C@H]1CSSC(C)(C)[C@@H](C(=O)N[C@H](C(N)=O)[C@@H](C)O)NC(=O)[C@H]([C@@H](C)O)NC(=O)[C@H](CCCN)NC(=O)[C@H](Cc2c[nH]c3ccccc23)NC(=O)[C@H](Cc2ccc(O)cc2)NC1=O,gpcrdb,1,1,0.8416666666666667,0.999551123439775,0.9615725,1,1,1,1,0,3,0.9342634393306263,0.8416666666666667,0.999551123439775,0.15788445677310836
screen_9b568ca2ed66f8091835,212,C[C@@H](O)[C@H](NC(=O)[C@@H]1NC(=O)[C@@H]([C@@H](C)O)NC(=O)[C@H](CCCN=C(N)N)NC(=O)[C@H](Cc2c[nH]c3ccccc23)NC(=O)[C@H](Cc2ccc(O)cc2)NC(=O)[C@@H](NC(=O)[C@H]2Cc3ccccc3CN2)CSSC1(C)C)C(N)=O,gpcrdb,1,1,0.8383333333333334,0.999949578466451,0.95852536,1,1,1,1,0,3,0.9322694238101231,0.8383333333333334,0.999949578466451,0.16161624513311768
screen_a99d523464626d58d058,213,CC(O)C(NC(=O)C1NC(=O)C(C(C)O)NC(=O)C(CCCN=C(N)N)NC(=O)C(Cc2c[nH]c3ccccc23)NC(=O)C(Cc2ccc(O)cc2)NC(=O)C(NC(=O)C2Cc3ccccc3CN2)CSSC1(C)C)C(N)=O,gpcrdb,1,1,0.8383333333333334,0.999949578466451,0.95852536,1,1,1,1,0,3,0.9322694238101231,0.8383333333333334,0.999949578466451,0.16161624513311768
screen_c454291fc13f6111c716,214,C[C@@H](O)[C@H](NC(=O)[C@H]1NC(=O)[C@H]([C@@H](C)O)NC(=O)[C@H](CCCN=C(N)N)NC(=O)[C@H](Cc2c[nH]c3ccccc23)NC(=O)[C@H](Cc2ccc(O)cc2)NC(=O)[C@@H](NC(=O)[C@@H]2Cc3ccccc3CN2)CSSC1(C)C)C(N)=O,gpcrdb,1,1,0.8383333333333334,0.999949578466451,0.95852536,1,1,1,1,0,3,0.9322694238101231,0.8383333333333334,0.999949578466451,0.16161624513311768
screen_63905af33499c3a4e6fa,215,C[C@@H](O)[C@H](NC(=O)[C@@H]1NC(=O)[C@@H]([C@@H](C)O)NC(=O)[C@H](CCCN=C(N)N)NC(=O)[C@@H](Cc2c[nH]c3ccccc23)NC(=O)[C@H](Cc2ccc(O)cc2)NC(=O)[C@@H](NC(=O)[C@H](N)Cc2ccccc2)CSSC1(C)C)C(N)=O,gpcrdb,1,1,0.8466666666666667,0.9999241394395667,0.94921875,1,1,1,1,0,3,0.9319365187020777,0.8466666666666667,0.9999241394395667,0.15325747277290003
screen_1487862ba125ae1ed555,216,NC(=O)c1cccc(C2C[C@H]3CC[C@H](C2)N3CCCCN2C(=O)c3ccccc3C2=O)c1,gpcrdb,1,1,0.8965587311239485,0.9950515202277169,0.9013672,1,1,1,1,0,3,0.9309924796172218,0.8965587311239485,0.9950515202277169,0.09849278910376846
screen_dcd659b9912568cfffb1,217,O=C(NC12CCC(=O)C3Oc4c(O)ccc5c4C31CCN(CC1CC1)C2C5)c1ccncc1,reinvent,1,3,0.9333333333333333,0.9999747616583026,0.85829365,1,1,1,1,0,3,0.9305339158420404,0.8582936525344849,0.9999747616583026,0.1416811091238177
screen_4c5e7a7dea78c6821532,218,CC(C)Oc1ccc2c3c1O[C@H]1C(=O)CC[C@@]4(NC(=O)/C=C/c5ccc(Cl)cc5)[C@@H](C2)N(CC2CC2)CC[C@]314,gpcrdb,1,1,0.9216666666666666,0.9999833170885052,0.86795217,1,1,1,1,0,3,0.9298673839143318,0.8679521679878235,0.9999833170885052,0.1320311491006817
screen_1077c5b7bae9213e8baf,219,O=C(CCCc1ccc(Cl)cc1)NC12CCC(=O)C3Oc4c(O)ccc5c4C31CCN(CC1CC1)C2C5,reinvent,1,1,0.93,0.9999937178245661,0.85595703,1,1,1,1,0,3,0.9286502496915222,0.85595703125,0.9999937178245661,0.14403668657456614
screen_85aab00d6aa6de721895,220,C[C@@H](O)[C@H](NC(=O)[C@@H]1NC(=O)[C@H]([C@@H](C)O)NC(=O)[C@@H](CCCCN)NC(=O)[C@@H](Cc2c[nH]c3ccccc23)NC(=O)[C@@H](Cc2ccc(N)cc2)NC(=O)[C@H](NC(=O)[C@@H](N)Cc2ccccc2)CSSC1(C)C)C(N)=O,gpcrdb,1,1,0.8516666666666667,0.9870271370600776,0.94695073,1,1,1,1,0,3,0.9285481791294652,0.8516666666666667,0.9870271370600776,0.13536047039341093
screen_cd49dd41ba6a0a772abd,221,CC1(C)CN2C(CS/C(=N\[C@H]3CC[C@H](CNC(=O)COCC(=O)NCCCCCCNC(=O)COCC(=O)N[C@@H]4CC[C@@]5(O)[C@H]6Cc7ccc(O)c8c7[C@@]5(CCN6CC5CC5)[C@H]4O8)CC3)NC3CCCCC3)=CSC2=N1,gpcrdb,1,1,0.8433333333333334,0.9987647502181672,0.9424691,1,1,1,1,0,3,0.9281890678590451,0.8433333333333334,0.9987647502181672,0.15543141688483386
screen_ff5a648aa4bc5edbdbd5,222,CC1(C)CN2C(CS/C(=N\[C@H]3CC[C@H](CNC(=O)COCC(=O)NCCCCCCCCNC(=O)COCC(=O)N[C@@H]4CC[C@@]5(O)[C@H]6Cc7ccc(O)c8c7[C@@]5(CCN6CC5CC5)[C@H]4O8)CC3)NC3CCCCC3)=CSC2=N1,gpcrdb,1,1,0.8433333333333334,0.9958280158085696,0.9424691,1,1,1,1,0,3,0.9272101563891791,0.8433333333333334,0.9958280158085696,0.15249468247523623
screen_9b12feaf1e33b85ca464,223,COc1ccc2c3c1OC1C(=O)CCC4(O)C(C2)N(CC2CC2)CCC314,gpcrdb;reinvent,2,2,0.905,0.9999367844877143,0.87353516,1,1,1,1,0,3,0.926157313579238,0.87353515625,0.9999367844877143,0.12640162823771428
screen_e782e115a53dbb90aba8,224,CC1CN(CC(Cc2ccccc2)C(=O)NCCO)CCC1(C)c1cccc(O)c1,reinvent,1,1,0.86,0.9948937614998046,0.9201465,1,1,1,1,0,3,0.9250134288019876,0.86,0.9948937614998046,0.1348937614998046
screen_4108cd60b07541fd19ca,225,C[C@@H](O)[C@H](NC(=O)[C@@H]1NC(=O)[C@@H]([C@@H](C)O)NC(=O)[C@H](CCCCN)NC(=O)[C@@H](Cc2c[nH]c3ccccc23)NC(=O)[C@H](Cc2ccc(O)cc2)NC(=O)[C@@H](NC(=O)[C@H](N)c2ccccc2)CSSC1(C)C)C(N)=O,gpcrdb,1,1,0.835,0.9986306536907318,0.9381616,1,1,1,1,0,3,0.9239307550825795,0.835,0.9986306536907318,0.16363065369073182
screen_d0be2c4e508cdb996c20,226,CN(C)[C@@H](Cc1ccccc1)C(=O)N(CCN1[C@@H]2CC[C@H]1C[C@@H](c1cccc(C(N)=O)c1)C2)CC1CCCCC1,gpcrdb,1,1,0.955,0.8325726727684483,0.9839768,1,1,1,1,0,3,0.923849818045568,0.8325726727684483,0.9839767813682556,0.15140410859980735
screen_51c379dad8cdb6dd520c,227,C=CCN1CC[C@]23c4c5ccc(C(N)=O)c4O[C@H]2C(=O)CC[C@@]3(O)[C@H]1C5,gpcrdb,1,1,0.830833389360688,0.9994837910298767,0.93764305,1,1,1,1,0,3,0.9226534105126752,0.830833389360688,0.9994837910298767,0.16865040166918877
screen_d697ffc20730b1569a2c,228,C=CCN1CCC23c4c5ccc(C(N)=O)c4OC2C(=O)CCC3(O)C1C5,gpcrdb,1,1,0.830833389360688,0.9994837910298767,0.93764305,1,1,1,1,0,3,0.9226534105126752,0.830833389360688,0.9994837910298767,0.16865040166918877
screen_c95e813c6487af034dac,229,NC(=O)c1ccc2c3c1OC1CCCC4(O)C(C2)N(CC2CC2)CCC314,gpcrdb,1,1,0.9022943028841504,0.9999185482135116,0.8652344,1,1,1,1,0,3,0.9224824086992207,0.865234375,0.9999185482135116,0.13468417321351156
screen_82839f075b1c7f09c14f,230,NC(=O)c1cccc(C2C[C@H]3CC[C@H](C2)N3CC(=O)C2CCCCC2)c1,gpcrdb,1,1,0.8762797012898844,0.9943534737050373,0.8929574,1,1,1,1,0,3,0.9211968547832092,0.8762797012898844,0.9943534737050373,0.11807377241515293
screen_0a5082be2e5b166156e3,231,C[C@@H](O)[C@H](NC(=O)[C@@H]1NC(=O)[C@@H]([C@@H](C)O)NC(=O)[C@H](CCCN=C(N)N)NC(=O)[C@H](Cc2c[nH]c3ccccc23)NC(=O)[C@H](Cc2ccc(O)cc2)NC(=O)[C@@H](NC(=O)[C@H](N)Cc2c[nH]c3ccccc23)CSSC1(C)C)C(N)=O,gpcrdb,1,1,0.82,0.9997054288749053,0.9429862,1,1,1,1,0,3,0.9208972063979889,0.82,0.9997054288749053,0.17970542887490537
screen_df37deefa951cfc0e90c,232,NC(=O)c1cccc(C2C[C@H]3CC[C@H](C2)N3CC(O)Cc2ccccc2)c1,gpcrdb,1,1,0.8612797012898845,0.9949086342955858,0.9057617,1,1,1,1,0,3,0.9206500181118235,0.8612797012898845,0.9949086342955858,0.13362893300570133
screen_dd0d7f39d9546e19792d,233,COC(=O)C1(NC(=O)C2=C(O)[C@@H]3Oc4c(O)ccc5c4[C@@]34CCN(CC3CC3)[C@H](C5)[C@]4(O)C2)CCCC1,gpcrdb,1,1,0.8616666666666667,0.9945840931587201,0.90185547,1,1,1,1,0,3,0.9193687428584623,0.8616666666666667,0.9945840931587201,0.1329174264920534
screen_49dd2a1f2c80a470d7cc,234,O=C(CCc1ccc(Cl)cc1)NC12CCC(=O)C3Oc4c(O)ccc5c4C31CCN(CC1CC1)C2C5,reinvent,1,1,0.9033333333333333,0.9999377098722856,0.85428363,1,1,1,1,0,3,0.9191848913511832,0.8542836308479309,0.9999377098722856,0.14565407902435468
screen_081cdc72411335718d75,235,CCN1C(=O)N(C2CCN(C3CCCCCCC3)CC2)C2CCCCC21,reinvent,1,3,0.905,0.9999790991174996,0.85177046,1,1,1,1,0,3,0.918916519907707,0.8517704606056213,0.9999790991174996,0.14820863851187827
screen_a1d8a717ee0e884ffcf7,236,COC12CCC3(CC1CNC(=O)C=Cc1ccc(C)cc1)C1Cc4ccc(O)c5c4C3(CCN1C)C2O5,gpcrdb,1,1,0.8366666666666667,0.9999544069607709,0.9198657,1,1,1,1,0,3,0.9188289336840197,0.8366666666666667,0.9999544069607709,0.1632877402941042
screen_f8914dd80dcea4de6571,237,CCN1C(=O)N(C2CCN(C3CCCCC3)CC2)C2CCCCC21,reinvent,1,1,0.905,0.9994603251182144,0.85177046,1,1,1,1,0,3,0.9187435952412786,0.8517704606056213,0.9994603251182144,0.14768986451259303
screen_2d4ab003a76ecdc77e83,238,O=C(C1=C(O)[C@@H]2Oc3c(O)ccc4c3[C@@]23CCN(CC2CC2)[C@H](C4)[C@]3(O)C1)N1CCCC1,gpcrdb,1,1,0.9083333333333333,0.999764714852789,0.8475528,1,1,1,1,0,3,0.9185502748409307,0.8475527763366699,0.999764714852789,0.15221193851611903
screen_8410dc431f51052d3f62,239,CC(C)c1ccc(C=CC(=O)NCCCCCCN2C3CCC2CC(c2cccc(C(N)=O)c2)C3)cc1,reinvent,1,1,0.8766666666666667,0.9369214590625858,0.9401422,1,1,1,1,0,3,0.9179101133425003,0.8766666666666667,0.9401422142982483,0.06347554763158159
screen_2d8d47fe4d974660d100,240,Cc1ccc(C=CC(=O)NC23CCC(=O)C4Oc5c(O)ccc6c5C42CCN(C)C3C6)cc1,reinvent,1,1,0.8333333333333334,0.9999933373487623,0.9199219,1,1,1,1,0,3,0.9177495152273653,0.8333333333333334,0.9999933373487623,0.1666600040154289
screen_d7912725bca041d9c29f,241,COC(=O)/C=C/C(=O)N[C@@]12CCC(=O)[C@@H]3Oc4c(O)ccc5c4[C@@]31CCN(CC1CC1)[C@@H]2C5,gpcrdb,1,1,0.9066666666666666,0.9986384349232023,0.8466797,1,1,1,1,0,3,0.9173282630299564,0.8466796875,0.9986384349232023,0.15195874742320226
screen_035652eae224236da5a5,242,Oc1ccc2c3c1OC1c4oc5ccccc5c4CC4(O)C(C2)N(CC2CC2)CCC314,gpcrdb,1,1,0.9016666666666666,0.9999785300644389,0.8477597,1,1,1,1,0,3,0.9164683067981452,0.8477597236633301,0.9999785300644389,0.15221880640110885
screen_0e5ad729662db113c028,243,C[C@@H](O)[C@H](NC(=O)[C@H]1NC(=O)[C@H]([C@@H](C)O)NC(=O)[C@H](CCCN)NC(=O)[C@H](Cc2c[nH]c3ccccc23)NC(=O)[C@@H](Cc2ccc(O)cc2)NC(=O)[C@@H](NC(=O)[C@H]2Cc3ccccc3CN2C(=O)CN)CSSC1(C)C)C(N)=O,gpcrdb,1,1,0.7983333333333333,0.9998599866242716,0.9478696,1,1,1,1,0,3,0.9153543062743713,0.7983333333333333,0.9998599866242716,0.20152665329093822
screen_902a6d5584f715d37f4e,244,NC(=O)c1cccc(C2C[C@H]3CC[C@H](C2)N3CCCOc2ccccc2)c1,gpcrdb,1,1,0.895,0.9046575838363555,0.9462313,1,1,1,1,0,3,0.9152962964785227,0.895,0.9462313055992126,0.05123130559921263
screen_b2f763fbd2f07a420d4c,245,Cc1cc(C)cc([C@H]2CCCN2Cc2ccc(Oc3ccc(C(N)=O)cc3F)cc2)c1,gpcrdb,1,1,0.8033333333333333,0.999950665310541,0.9420953,1,1,1,1,0,3,0.9151264261124926,0.8033333333333333,0.999950665310541,0.19661733197720765
screen_c11c52bd6cad5bffc3fd,246,Cc1cc(C)cc(C2CCCN2Cc2ccc(Oc3ccc(C(N)=O)cc3F)cc2)c1,gpcrdb,1,1,0.8033333333333333,0.999950665310541,0.9420953,1,1,1,1,0,3,0.9151264261124926,0.8033333333333333,0.999950665310541,0.19661733197720765
screen_9bdb054fd5f923dc124d,247,COC(=O)C(Cc1ccccc1)CN1CCC(C)(c2cccc(O)c2)C(C)C1,reinvent,1,2,0.8483333333333334,0.9836009974253612,0.91340697,1,1,1,1,0,3,0.9151137662918183,0.8483333333333334,0.9836009974253612,0.13526766409202784
screen_16a74eac4891491843cf,248,Nc1ccc2c3c1O[C@H]1C(=O)CC[C@@]4(O)[C@@H](C2)N(CC2CC2)CC[C@]314,gpcrdb,1,1,0.92,0.9996953348837457,0.82539684,1,1,1,1,0,3,0.9150307235625771,0.8253968358039856,0.9996953348837457,0.17429849907976014
screen_ff8a17a11715af825aad,249,COc1ccc2c3c1O[C@H]1C(=O)CC[C@@]4(NC(=O)C#Cc5ccccc5)[C@@H](C2)N(CC2CC2)CC[C@]314,gpcrdb,1,1,0.835,0.998332795755255,0.9117324,1,1,1,1,0,3,0.9150217237923503,0.835,0.998332795755255,0.16333279575525506
screen_85b61f7bdbcc6fe607bd,250,CC(C)[C@H](NC(=O)[C@H]1NC(=O)[C@H]([C@@H](C)O)NC(=O)[C@H](CCCCN)NC(=O)[C@H](Cc2c[nH]c3ccccc23)NC(=O)[C@H](Cc2ccc(O)cc2)NC(=O)[C@@H](NC(=O)[C@H]2Cc3ccccc3CN2)CSSC1(C)C)C(N)=O,gpcrdb,1,1,0.8033333333333333,0.9830819220762343,0.95824176,1,1,1,1,0,3,0.9148856720467703,0.8033333333333333,0.9830819220762343,0.179748588742901
screen_67137dd98678c1c5ff19,251,Cc1noc(C(C)(C)NC(=O)C2=C(O)[C@@H]3Oc4c(O)ccc5c4[C@@]34CCN(CC3CC3)[C@H](C5)[C@]4(O)C2)n1,gpcrdb,1,1,0.87,0.9596359352187265,0.91308594,1,1,1,1,0,3,0.9142406242395755,0.87,0.9596359352187265,0.08963593521872648
screen_a54dd7b05ea439e79ce1,252,C[C@@H](O)[C@H](NC(=O)[C@@H]1NC(=O)[C@H]([C@@H](C)O)NC(=O)[C@@H](CCCCN)NC(=O)[C@@H](Cc2c[nH]c3ccccc23)NC(=O)[C@@H](Cc2ccc(O)cc2)NC(=O)[C@H](NC(=O)[C@@H](N)Cc2ccccc2)CSSC1(C)C)C(=O)O,gpcrdb,1,1,0.811045291355979,0.999579871553058,0.9303801,1,1,1,1,0,3,0.9136684229604423,0.811045291355979,0.999579871553058,0.18853458019707903
screen_1aba0c4d16cae8ddced7,253,Oc1ccc2c3c1OC1c4[nH]c5c(c4CC4(O)C(C2)N(CC2CC2)CCC314)CC1(O)C2Cc3ccc(O)c4c3C1(CCN2CC1CC1)C5O4,gpcrdb,1,1,0.8883333333333333,0.9999126488347774,0.85128206,1,1,1,1,0,3,0.9131760141048142,0.8512820601463318,0.9999126488347774,0.1486305886884456
screen_c244ec05d8c3c52a4519,254,C[N+]1(CC2CC2)CCC23c4c5ccc(O)c4OC2C(=O)CCC3(O)C1C5,reinvent,1,2,0.825,0.9999465903321967,0.9127648,1,1,1,1,0,3,0.9125704593353823,0.825,0.9999465903321967,0.17494659033219673
screen_01902d063106e279d12c,255,COc1ccc2c3c1O[C@H]1[C@]4(OC)CC[C@@]5(C[C@@H]4CNC(=O)/C=C/c4ccc(Cl)cc4)[C@@H](C2)N(C)CC[C@]315,gpcrdb,1,1,0.8266666666666667,0.997449486375853,0.9135185,1,1,1,1,0,3,0.9125448804832182,0.8266666666666667,0.997449486375853,0.1707828197091863
screen_0dfeb4a4dda1f7ede182,256,COc1ccc2c3c1OC1C4(OC)CCC5(CC4CNC(=O)C=Cc4ccc(Cl)cc4)C(C2)N(C)CCC315,gpcrdb,1,1,0.8266666666666667,0.997449486375853,0.9135185,1,1,1,1,0,3,0.9125448804832182,0.8266666666666667,0.997449486375853,0.1707828197091863
screen_dbe12abd85893c7ba694,257,C[C@@H](O)[C@H](NC(=O)[C@H]1NC(=O)[C@H]([C@@H](C)O)NC(=O)[C@H](Cc2c[nH]c3ccccc23)NC(=O)[C@H](Cc2ccc(O)cc2)NC(=O)[C@@H](NC(=O)[C@@H](N)Cc2ccccc2)CSSC1(C)C)C(N)=O,gpcrdb,1,1,0.8033333333333333,0.9787708071001441,0.9553405,1,1,1,1,0,3,0.9124815483599261,0.8033333333333333,0.9787708071001441,0.17543747376681074
screen_973c28aa2dedc6a3ee00,258,O=C(/C=C/c1ccc([N+](=O)[O-])cc1)N[C@@]12CCC(=O)[C@@H]3Oc4c(O)ccc5c4[C@@]31CCN(CC1CC1)[C@@H]2C5,gpcrdb,1,1,0.9466666666666667,0.9539090078501447,0.83085185,1,1,1,1,0,3,0.9104758424702135,0.8308518528938293,0.9539090078501447,0.1230571549563153
screen_a1ddd793a390a08a8bce,259,NC(=O)c1cccc(C2CC3CCC(C2)N3CCCCCCCNC2CCCCC2)c1,reinvent,1,1,0.9416666666666667,0.8292604267627838,0.96010745,1,1,1,1,0,3,0.9103448463821028,0.8292604267627838,0.9601074457168579,0.13084701895407413
screen_705d3f535283928e3144,260,COCCN(C(=O)c1sccc1Cl)[C@@H]1c2ccccc2C=C[C@H]1N1CCN(c2ccccc2)CC1,gpcrdb,1,1,0.8683333333333333,0.9999355532523122,0.8618164,1,1,1,1,0,3,0.9100284309452151,0.86181640625,0.9999355532523122,0.1381191470023122
screen_c83774c9c698b977dbf5,261,COCCN(C(=O)c1sccc1Cl)[C@H]1c2ccccc2C=C[C@@H]1N1CCN(c2ccccc2)CC1,gpcrdb,1,1,0.8683333333333333,0.9999355532523122,0.8618164,1,1,1,1,0,3,0.9100284309452151,0.86181640625,0.9999355532523122,0.1381191470023122
screen_3641a8f339b639deca1f,262,O=C(OC12CCC(=O)C3Oc4c(O)ccc5c4C31CCN(CC1CC1)C2C5)c1ccc2ccccc2n1,gpcrdb,1,1,0.855,0.9997750210703021,0.87315345,1,1,1,1,0,3,0.9093094897250534,0.855,0.9997750210703021,0.14477502107030216
screen_dd2259a1b205e9757bbe,263,C#CCOc1ccc2c3c1O[C@H]1C(=O)CC[C@@]4(NC(=O)/C=C/c5ccc(Cl)cc5)[C@@H](C2)N(CC2CC2)CC[C@]314,gpcrdb,1,1,0.9133333333333333,0.9999709004683709,0.81396484,1,1,1,1,0,3,0.9090896925172348,0.81396484375,0.9999709004683709,0.1860060567183709
screen_dc45d739dda9b0fce4c8,264,O=C(OC12CCC(=O)C3Oc4c(O)ccc5c4C31CCN(CC1CC1)C2C5)c1ccc2ccccc2c1,gpcrdb,1,1,0.8683333333333333,0.9998478824020954,0.85372406,1,1,1,1,0,3,0.907301759392736,0.8537240624427795,0.9998478824020954,0.1461238199593159
screen_43876621be99f5dcf126,265,NC(=O)c1ccc(Oc2ccc(CNCc3ccccc3)cc2)nc1,gpcrdb,1,1,0.8366666666666667,0.9732570356053621,0.9119424,1,1,1,1,0,3,0.907288708220671,0.8366666666666667,0.9732570356053621,0.13659036893869547
screen_0de37e3e5f2db0908178,266,CC(C)[C@@H](CN1CC[C@@](C)(c2cccc(O)c2)[C@@H](C)C1)NC(=O)[C@H]1Cc2ccc(O)cc2CN1,gpcrdb,1,1,0.862909029192125,0.9971957349745554,0.8581889,1,1,1,1,0,3,0.9060978971134316,0.8581889271736145,0.9971957349745554,0.13900680780094088
screen_4764b2cd4d70df692dcc,267,CC(C)[C@@H](CN1CC[C@](C)(c2cccc(O)c2)[C@H](C)C1)NC(=O)[C@H]1Cc2ccc(O)cc2CN1,gpcrdb,1,1,0.862909029192125,0.9971957349745554,0.8581889,1,1,1,1,0,3,0.9060978971134316,0.8581889271736145,0.9971957349745554,0.13900680780094088
screen_ce42028c7e0c88586b70,268,CC(C)[C@@H](CN1CC[C@@](C)(c2cccc(O)c2)[C@@H](C)C1)NC(=O)C1Cc2ccc(O)cc2CN1,gpcrdb,1,1,0.862909029192125,0.9971957349745554,0.8581889,1,1,1,1,0,3,0.9060978971134316,0.8581889271736145,0.9971957349745554,0.13900680780094088
screen_df646e860e5f3b593665,269,CC(C)[C@@H](CN1CC[C@@](C)(c2cccc(O)c2)[C@@H](C)C1)NC(=O)[C@@H]1Cc2ccc(O)cc2CN1,gpcrdb,1,1,0.862909029192125,0.9971957349745554,0.8581889,1,1,1,1,0,3,0.9060978971134316,0.8581889271736145,0.9971957349745554,0.13900680780094088
screen_2e680cab7f58b91ca5c6,270,C[C@@H](O)[C@H](NC(=O)[C@@H]1NC(=O)[C@@H]([C@@H](C)O)NC(=O)[C@H](CCCN=C(N)N)NC(=O)[C@H](Cc2c[nH]c3ccccc23)NC(=O)[C@H](Cc2ccc(O)cc2)NC(=O)[C@@H](NC(=O)[C@H](N)[C@@H](C)c2c[nH]c3ccccc23)CSSC1(C)C)C(N)=O,gpcrdb,1,1,0.805,0.9996853094004807,0.9126534,1,1,1,1,0,3,0.9057795653311153,0.805,0.9996853094004807,0.19468530940048068
screen_30a3fda5d559a8dd46a2,271,C[C@@H](O)[C@H](NC(=O)[C@@H]1NC(=O)[C@@H]([C@@H](C)O)NC(=O)[C@H](CCCN=C(N)N)NC(=O)[C@H](Cc2c[nH]c3ccccc23)NC(=O)[C@H](Cc2ccc(O)cc2)NC(=O)[C@@H](NC(=O)[C@@H](N)[C@@H](C)c2c[nH]c3ccccc23)CSSC1(C)C)C(N)=O,gpcrdb,1,1,0.805,0.9996853094004807,0.9126534,1,1,1,1,0,3,0.9057795653311153,0.805,0.9996853094004807,0.19468530940048068
screen_9460d7b1dd8c81e5b4b7,272,C[C@H](c1c[nH]c2ccccc12)[C@@H](N)C(=O)N[C@H]1CSSC(C)(C)[C@H](C(=O)N[C@H](C(N)=O)[C@@H](C)O)NC(=O)[C@@H]([C@@H](C)O)NC(=O)[C@H](CCCN=C(N)N)NC(=O)[C@H](Cc2c[nH]c3ccccc23)NC(=O)[C@H](Cc2ccc(O)cc2)NC1=O,gpcrdb,1,1,0.805,0.9996853094004807,0.9126534,1,1,1,1,0,3,0.9057795653311153,0.805,0.9996853094004807,0.19468530940048068
screen_f82425288aeeb8f544b1,273,C[C@H](c1c[nH]c2ccccc12)[C@H](N)C(=O)N[C@H]1CSSC(C)(C)[C@H](C(=O)N[C@H](C(N)=O)[C@@H](C)O)NC(=O)[C@@H]([C@@H](C)O)NC(=O)[C@H](CCCN=C(N)N)NC(=O)[C@H](Cc2c[nH]c3ccccc23)NC(=O)[C@H](Cc2ccc(O)cc2)NC1=O,gpcrdb,1,1,0.805,0.9996853094004807,0.9126534,1,1,1,1,0,3,0.9057795653311153,0.805,0.9996853094004807,0.19468530940048068
screen_df609cecda5b216554d7,274,CCC(=O)C1=C(O)[C@@H]2Oc3c(O)ccc4c3[C@@]23CCN(CC2CC2)[C@H](C4)[C@]3(O)C1,gpcrdb,1,1,0.8616666666666667,0.9856378956288557,0.86952275,1,1,1,1,0,3,0.9056091042243924,0.8616666666666667,0.9856378956288557,0.12397122896218904
screen_313ee68b450eeda33e9c,275,COCC(=O)N(CCOc1ccc(Cl)cc1)[C@H]1c2cc(OC)c(OC)cc2CC[C@H]1N(C)C,ouroboros,1,1,0.8083333333333333,0.9996603580993276,0.9085805,1,1,1,1,0,3,0.905524724479578,0.8083333333333333,0.9996603580993276,0.19132702476599428
screen_3e35c8ace2d9f8c8c35d,276,CC(C)NC(=O)C1=C(O)[C@@H]2Oc3c(O)ccc4c3[C@@]23CCN(CC2CC2)[C@H](C4)[C@]3(O)C1,gpcrdb,1,1,0.8683333333333333,0.999897890782142,0.8460881,1,1,1,1,0,3,0.9047731118386931,0.8460881114006042,0.999897890782142,0.15380977938153773
screen_241ef211fafb8a906547,277,COc1ccc2c3c1O[C@H]1C(=O)CC[C@@]4(NC(=O)/C=C/c5ccc([N+](=O)[O-])cc5)[C@@H](C2)N(CC2CC2)CC[C@]314,gpcrdb,1,1,0.925,0.9675204745736143,0.821677,1,1,1,1,0,3,0.9047325012354858,0.821677029132843,0.9675204745736143,0.14584344544077132
screen_7d840f4fda4413c0b0f7,278,COC(=O)COc1ccc2c3c1O[C@H]1C(=O)CC[C@@]4(NC(=O)/C=C/c5ccc(Cl)cc5)[C@@H](C2)N(CC2CC2)CC[C@]314,gpcrdb,1,1,0.91,0.908129489450459,0.8958867,1,1,1,1,0,3,0.9046720695590987,0.8958867192268372,0.91,0.014113280773162873
screen_a7795418194c9169509a,279,Cc1ccccc1C=CCN1CC(C)C2(c3cccc(O)c3)CC(NC(=O)C=CCc3ccccc3)CC1C2,reinvent,1,1,0.81,0.9566153126816921,0.94493955,1,1,1,1,0,3,0.9038516221397774,0.81,0.9566153126816921,0.14661531268169203
screen_7fc1dce4a064f3b901ff,280,CN(C)S(=O)(=O)N(CCN1[C@@H]2CC[C@H]1C[C@@H](c1cccc(C(N)=O)c1)C2)Cc1c(F)cccc1F,gpcrdb,1,1,0.9416666666666667,0.7995730001521754,0.96988934,1,1,1,1,0,3,0.9037096698679079,0.7995730001521754,0.9698893427848816,0.17031634263270623
screen_c064ddf0a3ee53276cd1,281,C[C@@H](O)[C@H](NC(=O)[C@H]1NC(=O)[C@H](CCCCN)NC(=O)[C@H](Cc2c[nH]c3ccccc23)NC(=O)[C@@H](Cc2ccc(O)cc2)NC(=O)[C@@H](NC(=O)[C@H]2Cc3ccccc3CN2)CSSC1(C)C)C(N)=O,gpcrdb,1,1,0.7633333333333333,0.9880708266264353,0.9584961,1,1,1,1,0,3,0.9033000845699228,0.7633333333333333,0.9880708266264353,0.224737493293102
screen_1136c6e8bad7ae52f36d,282,O=C(/C=C/c1ccccc1Cl)N[C@@]12CCC(=O)[C@@H]3Oc4c(O)ccc5c4[C@@]31CCN(CC1CC1)[C@@H]2C5,gpcrdb,1,1,0.8583333333333333,0.9994985892925781,0.85128206,1,1,1,1,0,3,0.9030379942574145,0.8512820601463318,0.9994985892925781,0.14821652914624628
screen_26e47b9d94ed20011302,283,COC(=O)C(C)(C)NC(=O)C1=C(O)[C@@H]2Oc3c(O)ccc4c3[C@@]23CCN(CC2CC2)[C@H](C4)[C@]3(O)C1,gpcrdb,1,1,0.8816666666666667,0.9994055708883935,0.8280239,1,1,1,1,0,3,0.9030320493591738,0.8280239105224609,0.9994055708883935,0.1713816603659326
screen_a4a0a952941a46df51e3,284,COc1ccc2c3c1OC1C4(OC)CCC5(CC4CNCC=Cc4ccc(Cl)cc4)C(C2)N(C)CCC315,gpcrdb,1,1,0.7716666666666666,0.9999411115385991,0.9358638,1,1,1,1,0,3,0.9024905237005121,0.7716666666666666,0.9999411115385991,0.2282744448719325
screen_1e6618ced49580404d5a,285,CC1CN(CC(Cc2ccccc2)C(N)=O)CCC1(C)c1cccc(O)c1,reinvent,1,1,0.825,0.9989467690055658,0.87831074,1,1,1,1,0,3,0.9007525029998716,0.825,0.9989467690055658,0.17394676900556583
screen_3a6dbcc40664deb0d9ce,286,Cc1ccccc1/C=C/C(=O)N[C@@]12CCC(=O)[C@@H]3Oc4c(O)ccc5c4[C@@]31CCN(CC1CC1)[C@@H]2C5,gpcrdb,1,1,0.84,0.9926401092482448,0.8692467,1,1,1,1,0,3,0.900628943505315,0.84,0.9926401092482448,0.15264010924824478
screen_56b7291ab10659250f1d,287,C[C@@H](O)[C@@H]1NC(=O)[C@H](CCCCN)NC(=O)[C@H](Cc2c[nH]c3ccccc23)NC(=O)[C@H](Cc2ccc(O)cc2)NC(=O)[C@@H](NC(=O)[C@H]2Cc3ccccc3CN2)CSSC(C)(C)[C@@H](C(=O)N[C@@H](CO)C(N)=O)NC1=O,gpcrdb,1,1,0.7623374043957768,0.9936966011645731,0.93985534,1,1,1,1,0,3,0.8986297809010981,0.7623374043957768,0.9936966011645731,0.23135919676879635
screen_b54e0ea7ea07b54fdb84,288,CC1CN(CC(Cc2ccccc2)C(=O)NCC(=O)O)CCC1c1cccc(O)c1,reinvent,1,2,0.7846130346232179,0.9999747954181539,0.91015625,1,1,1,1,0,3,0.8982480266804572,0.7846130346232179,0.9999747954181539,0.21536176079493607
screen_fd50c0f65bf6610899b2,289,COc1ccc2c3c1O[C@H]1C(=O)CC[C@@]4(NC(=O)/C=C/c5ccccc5Cl)[C@@H](C2)N(CC2CC2)CC[C@]314,gpcrdb,1,1,0.8316666666666667,0.9998129792386732,0.86268765,1,1,1,1,0,3,0.8980557644160072,0.8316666666666667,0.9998129792386732,0.16814631257200652
screen_5bdc4c5d3d5abaf788fb,290,CCCC1CCC(N2CCC(N3C(=O)N(CC)[C@@H]4CCCC[C@H]43)CC2)CC1,gpcrdb,1,1,0.8633333333333333,0.9999862516712524,0.82871443,1,1,1,1,0,3,0.8973446717789232,0.8287144303321838,0.9999862516712524,0.1712718213390686
screen_44ec0a5c044d10550ce3,291,C[C@H](c1ccccc1)[C@@H](N)C(=O)N[C@H]1CSSC(C)(C)[C@H](C(=O)N[C@H](C(N)=O)[C@@H](C)O)NC(=O)[C@@H]([C@@H](C)O)NC(=O)[C@H](CCCN=C(N)N)NC(=O)[C@H](Cc2c[nH]c3ccccc23)NC(=O)[C@H](Cc2ccc(O)cc2)NC1=O,gpcrdb,1,1,0.795,0.999358252291354,0.8971369,1,1,1,1,0,3,0.8971650596474516,0.795,0.999358252291354,0.20435825229135396
screen_58fecda54e8029aeb334,292,C[C@@H](O)[C@H](NC(=O)[C@@H]1NC(=O)[C@@H]([C@@H](C)O)NC(=O)[C@H](CCCN=C(N)N)NC(=O)[C@H](Cc2c[nH]c3ccccc23)NC(=O)[C@H](Cc2ccc(O)cc2)NC(=O)[C@@H](NC(=O)[C@@H](N)[C@@H](C)c2ccccc2)CSSC1(C)C)C(N)=O,gpcrdb,1,1,0.795,0.999358252291354,0.8971369,1,1,1,1,0,3,0.8971650596474516,0.795,0.999358252291354,0.20435825229135396
screen_62ea5a6dd78a41a3fe2d,293,C[C@@H](O)[C@H](NC(=O)[C@@H]1NC(=O)[C@@H]([C@@H](C)O)NC(=O)[C@H](CCCN=C(N)N)NC(=O)[C@H](Cc2c[nH]c3ccccc23)NC(=O)[C@H](Cc2ccc(O)cc2)NC(=O)[C@@H](NC(=O)[C@H](N)[C@@H](C)c2ccccc2)CSSC1(C)C)C(N)=O,gpcrdb,1,1,0.795,0.999358252291354,0.8971369,1,1,1,1,0,3,0.8971650596474516,0.795,0.999358252291354,0.20435825229135396
screen_8c2a3bdbed6d3047db08,294,C[C@H](c1ccccc1)[C@H](N)C(=O)N[C@H]1CSSC(C)(C)[C@H](C(=O)N[C@H](C(N)=O)[C@@H](C)O)NC(=O)[C@@H]([C@@H](C)O)NC(=O)[C@H](CCCN=C(N)N)NC(=O)[C@H](Cc2c[nH]c3ccccc23)NC(=O)[C@H](Cc2ccc(O)cc2)NC1=O,gpcrdb,1,1,0.795,0.999358252291354,0.8971369,1,1,1,1,0,3,0.8971650596474516,0.795,0.999358252291354,0.20435825229135396
screen_e9f5a2383541b515eb20,295,CC(=O)C1=C(O)[C@@H]2Oc3c(O)ccc4c3[C@@]23CCN(CC2CC2)[C@H](C4)[C@]3(O)C1,gpcrdb,1,1,0.8833333333333333,0.9984136932919522,0.8083028,1,1,1,1,0,3,0.8966832821180456,0.8083028197288513,0.9984136932919522,0.19011087356310086
screen_9b2ca643f43f170640fe,296,C[C@@H](O)[C@H](NC(=O)[C@@H]1NC(=O)[C@H]([C@@H](C)O)NC(=O)[C@@H](CCCCN)NC(=O)[C@@H](Cc2c[nH]c3ccccc23)NC(=O)[C@@H](Cc2ccc(N=[N+]=[N-])cc2)NC(=O)[C@H](NC(=O)[C@@H](N)Cc2ccccc2)CSSC1(C)C)C(N)=O,gpcrdb,1,1,0.8266666666666667,0.9990908172468315,0.8617112,1,1,1,1,0,3,0.8958228959884899,0.8266666666666667,0.9990908172468315,0.1724241505801648
screen_1a07866aca6084cf849d,297,C[C@@H](NC(=O)[C@@H](Cc1ccccc1)CN1CC[C@@](C)(c2cccc(O)c2)[C@@H](C)C1)C(=O)O,gpcrdb,1,1,0.825,0.9987683943324709,0.8634921,1,1,1,1,0,3,0.8957534886536805,0.825,0.9987683943324709,0.17376839433247093
screen_3d7d45b4c5aa940f89da,298,C[C@H](NC(=O)[C@@H](Cc1ccccc1)CN1CC[C@@](C)(c2cccc(O)c2)[C@@H](C)C1)C(=O)O,gpcrdb,1,1,0.825,0.9987683943324709,0.8634921,1,1,1,1,0,3,0.8957534886536805,0.825,0.9987683943324709,0.17376839433247093
screen_afc7a258113b4b17e956,299,CC(NC(=O)C(Cc1ccccc1)CN1CCC(C)(c2cccc(O)c2)C(C)C1)C(=O)O,gpcrdb,1,1,0.825,0.9987683943324709,0.8634921,1,1,1,1,0,3,0.8957534886536805,0.825,0.9987683943324709,0.17376839433247093
screen_ff8d6bcd9ba221758cce,300,O=C(CO)ONC(=O)c1cccc([C@H]2C[C@H]3CC[C@@H](C2)N3CCN(CC2CCCCC2)C(=O)[C@@H](O)CO)c1,gpcrdb,1,1,0.7883333333333333,0.960048655875353,0.93603516,1,1,1,1,0,3,0.8948057151528954,0.7883333333333333,0.960048655875353,0.1717153225420197
screen_f04359e59816f75ff9bd,301,CC1CN(CCCc2ccccc2)C2CC(NC(=O)C3(c4ccccc4)CCC3)CC1(c1cccc(C(N)=O)c1)C2,reinvent,1,1,0.7527912677389147,0.9901563559948057,0.9386771,1,1,1,1,0,3,0.893874898752915,0.7527912677389147,0.9901563559948057,0.23736508825589098
screen_29ccd24ace7a990231c2,302,C[C@@H](O)[C@H](NC(=O)[C@H]1NC(=O)[C@H]([C@@H](C)O)NC(=O)[C@H](CCCCN)NC(=O)[C@H](CCCN)NC(=O)[C@H](Cc2ccc(O)cc2)NC(=O)[C@@H](NC(=O)[C@@H]2Cc3ccccc3CN2)CSSC1(C)C)C(N)=O,gpcrdb,1,1,0.7466666666666667,0.9895238814985152,0.94264174,1,1,1,1,0,3,0.8929440944140287,0.7466666666666667,0.9895238814985152,0.24285721483184852
screen_5af639337bfabaa508cc,303,CC(C)[C@@H](CN1CC[C@@](C)(c2cccc(O)c2)[C@@H](C)C1)NC(=O)[C@H]1Cc2ccccc2CN1,gpcrdb,1,1,0.8333333333333334,0.9963297722777766,0.8487364,1,1,1,1,0,3,0.8927998369945765,0.8333333333333334,0.9963297722777766,0.16299643894444327
screen_8bc34784226eccd06f27,304,COc1ccc2c3c1O[C@H]1C(=O)CC[C@@]4(NC(=O)/C=C/c5ccccc5C)[C@@H](C2)N(CC2CC2)CC[C@]314,gpcrdb,1,1,0.8083333333333333,0.9997934851090298,0.8691406,1,1,1,1,0,3,0.8924224811474545,0.8083333333333333,0.9997934851090298,0.19146015177569642
screen_103aa7e7e5ec40fc48df,305,NC(=O)c1ccc(Oc2cccc(CCNCCc3ccc(O)cc3)c2)nc1,reinvent,1,1,0.7377232390460344,0.9998562276253605,0.93537563,1,1,1,1,0,3,0.8909850325089851,0.7377232390460344,0.9998562276253605,0.2621329885793261
screen_9dd230bd89335be43527,306,O=C(NC12CCC(=O)C3Oc4c(O)ccc5c4C31CCN(CC1CC1)C2C5)c1ccccc1,reinvent,1,3,0.8616666666666667,0.9999022943350793,0.81103516,1,1,1,1,0,3,0.8908680390839153,0.81103515625,0.9999022943350793,0.18886713808507927
screen_bb7b3efab1b55b522604,307,Cc1cc(O)cc(C)c1CC(N)C(=O)N1Cc2ccccc2CC1CO,reinvent,1,1,0.8733333333333333,0.9999492786635684,0.7984373,1,1,1,1,0,3,0.8905733031137032,0.7984372973442078,0.9999492786635684,0.20151198131936066
screen_f46e277f2295fa1c571c,308,Cc1cc(O)cc(C)c1C[C@H](N)C(=O)N1Cc2ccccc2CC1CO,gpcrdb,1,1,0.8733333333333333,0.9999492786635684,0.7984373,1,1,1,1,0,3,0.8905733031137032,0.7984372973442078,0.9999492786635684,0.20151198131936066
screen_824ea95bd3103e72e88b,309,C[N+]1(CC2CC2)CC[C@]23c4c5ccc(C(N)=O)c4O[C@H]2C(=O)CC[C@@]3(O)[C@H]1C5,gpcrdb,1,1,0.7716666666666666,0.9991368663593129,0.90050054,1,1,1,1,0,3,0.8904346896636484,0.7716666666666666,0.9991368663593129,0.22747019969264626
screen_ff0b10a9b30505967618,310,CC(C)C(CN1CCC(c2cccc(F)c2)CC1)NC(=O)C1Cc2ccccc2CN1,reinvent,1,1,0.835,0.9034926003710422,0.93273103,1,1,1,1,0,3,0.8904078775808544,0.835,0.932731032371521,0.09773103237152103
screen_9af2a69e38afed0b0460,311,C[N+]1(CC2CC2)CCC23c4c5ccc(O)c4OC2C(=O)CCC3(O)C1C5.[I-],gpcrdb,1,1,0.7966666666666666,0.9835783292779708,0.8792872,1,1,1,1,0,3,0.886510726409799,0.7966666666666666,0.9835783292779708,0.1869116626113042
screen_9127b2b9ef359a2150f1,312,Cc1cc(O)cc(C)c1C[C@H](N)C(=O)N1Cc2ccccc2CC1COCc1ccccc1,gpcrdb,1,1,0.87,0.9998865067488575,0.78691727,1,1,1,1,0,3,0.8856012586595822,0.7869172692298889,0.9998865067488575,0.21296923751896857
screen_fbb1a7c1d71409fa0e67,313,NC(=O)CCC(=O)N(CCN1[C@@H]2CC[C@H]1C[C@@H](c1cccc(O)c1)C2)CC1CCCCC1,gpcrdb,1,1,0.7333333333333333,0.9999335535462731,0.92322713,1,1,1,1,0,3,0.8854980060821122,0.7333333333333333,0.9999335535462731,0.26660022021293983
screen_a225d8892669f9faa642,314,C[C@@H](O)[C@H](NC(=O)[C@@H]1NC(=O)[C@@H]([C@@H](C)O)NC(=O)[C@H](CCCN=C(N)N)NC(=O)[C@H](Cc2c[nH]c3ccccc23)NC(=O)[C@H](Cc2ccc(O)cc2)NC(=O)[C@@H](NC(=O)C2=CSC=CN2)CSSC1(C)C)C(N)=O,gpcrdb,1,1,0.7916666666666666,0.9844299934214278,0.8788526,1,1,1,1,0,3,0.8849830886359321,0.7916666666666666,0.9844299934214278,0.19276332675476116
screen_4fa5a9413d07e0ad8974,315,C[C@H](CO)NC(=O)C1=C(O)[C@@H]2Oc3c(O)ccc4c3[C@@]23CCN(CC2CC2)[C@H](C4)[C@]3(O)C1,gpcrdb,1,1,0.88,0.9995010375525754,0.7745086,1,1,1,1,0,3,0.8846698776730629,0.7745085954666138,0.9995010375525754,0.22499244208596159
screen_5f954e866ecd90cfdcdc,316,CC1CN(CCCc2ccccc2)C2CC(NC(=O)C3(c4ccccc4)CCCC3)CC1(c1ccccc1)C2,reinvent,1,3,0.7046113374066532,0.986372160430288,0.9457431,1,1,1,1,0,3,0.8789088605969329,0.7046113374066532,0.986372160430288,0.2817608230236348
screen_5ca7a4eefd6f6f7fe1b5,317,NC(=O)c1cccc(C2CC3CCC(C2)N3CCN2CC3CCC(O)(CCC2=O)C2Cc4cccc(c43)O2)c1,reinvent,1,1,0.8123101762821853,0.9998096204339011,0.82285434,1,1,1,1,0,3,0.8783247122641776,0.8123101762821853,0.9998096204339011,0.18749944415171582
screen_507258f94bae935f9fe2,318,Oc1ccc2c3c1OC1C4=C(C4)CC4(O)C(C2)N(CC2CC2)CCC314,reinvent,1,1,0.8583333333333333,0.998601330524376,0.77783203,1,1,1,1,0,3,0.8782555650359032,0.77783203125,0.998601330524376,0.22076929927437605
screen_bca3e9e7b8fb9689ea9a,319,NC(=O)N/N=C1/CC[C@@]2(O)C3Cc4ccc(O)c5c4C2(CCN3CC2CC2)[C@H]1O5,gpcrdb,1,1,0.8563068567549218,0.9984106618241646,0.77978516,1,1,1,1,0,3,0.8781675582763621,0.77978515625,0.9984106618241646,0.2186255055741646
screen_3ab09a27fb804bd1646d,320,Cc1cc(O)cc(C)c1CC(N)C(=O)N1Cc2ccccc2CC1CNCC(C)(C)C,reinvent,1,1,0.8366666666666667,0.9999320677367222,0.79785156,1,1,1,1,0,3,0.8781500989677963,0.7978515625,0.9999320677367222,0.20208050523672216
screen_2d88525d8aa07cfece54,321,COc1ccc(C=CC(=O)NCC2CC34CCC2(OC)C2Oc5c(OC)ccc6c5C23CCN(C)C4C6)cc1,gpcrdb,1,1,0.7816666666666666,0.9664325159203443,0.88292027,1,1,1,1,0,3,0.8770064825949216,0.7816666666666666,0.9664325159203443,0.18476584925367767
screen_b6d087309495e1757789,322,COc1ccc(/C=C/C(=O)NC[C@H]2C[C@@]34CC[C@@]2(OC)[C@@H]2Oc5c(OC)ccc6c5[C@@]23CCN(C)[C@@H]4C6)cc1,gpcrdb,1,1,0.7816666666666666,0.9664325159203443,0.88292027,1,1,1,1,0,3,0.8770064825949216,0.7816666666666666,0.9664325159203443,0.18476584925367767
screen_5827421e6c30ea5954bd,323,O=C(CO)N(CCN1[C@@H]2CC[C@H]1C[C@@H](c1cccc(O)c1)C2)CC1CCCCC1,gpcrdb,1,1,0.705,0.9987464524029155,0.922307,1,1,1,1,0,3,0.8753511556227492,0.705,0.9987464524029155,0.2937464524029155
screen_4c8ddef5dd0f4f72b4d3,324,CC(C)(NC(=O)C1=C(O)[C@@H]2Oc3c(O)ccc4c3[C@@]23CCN(CC2CC2)[C@H](C4)[C@]3(O)C1)C(=O)NS(C)(=O)=O,gpcrdb,1,1,0.8483333333333334,0.9988612244734739,0.77255523,1,1,1,1,0,3,0.873249929951614,0.7725552320480347,0.9988612244734739,0.22630599242543925
screen_cc0e6ec494e0b43cba6f,325,CC1CN(CCCc2ccccc2)CCC1(C)c1cccc(O)c1,reinvent,1,3,0.7466666666666667,0.9998888622429167,0.8722833,1,1,1,1,0,3,0.8729462696017887,0.7466666666666667,0.9998888622429167,0.25322219557625003
screen_96729707accc3462b914,326,CC1CN(CCCc2ccccc2)C2CC(NC(=O)C3(c4ccccc4)CCC3)CC1(c1ccccc1)C2,reinvent,1,1,0.6946113374066532,0.97820342792119,0.94591624,1,1,1,1,0,3,0.872910333591591,0.6946113374066532,0.97820342792119,0.2835920905145368
screen_cbb284ff7a2f0233edfb,327,C[C@@H](O)[C@@H]1NC(=O)[C@H](CCCCN)NC(=O)[C@H](Cc2c[nH]c3ccccc23)NC(=O)[C@H](Cc2ccc(O)cc2)NC(=O)[C@@H](NC(=O)[C@H](N)Cc2ccccc2)CSSC(C)(C)[C@@H](C(=O)N[C@@H](CO)C(N)=O)NC1=O,gpcrdb,1,1,0.7312830957230143,0.9871222792622634,0.89838266,1,1,1,1,0,3,0.8722626795706948,0.7312830957230143,0.9871222792622634,0.25583918353924906
screen_ba48605db4a177612963,328,Cc1cc(O)cc(C)c1CC(N)C(=O)N1Cc2ccccc2CC1CNC(=O)NC(C)(C)C,reinvent,1,1,0.8116666666666666,0.9999484152972453,0.80497926,1,1,1,1,0,3,0.8721981155666958,0.8049792647361755,0.9999484152972453,0.19496915056106978
screen_07f549a7f83a701add2d,329,O=C([C@@H](O)C1CCCCC1)N(CCN1[C@@H]2CC[C@H]1C[C@@H](c1cccc(O)c1)C2)CC1CCCCC1,gpcrdb,1,1,0.7333333333333333,0.9818651024707219,0.90076894,1,1,1,1,0,3,0.8719891238281482,0.7333333333333333,0.9818651024707219,0.24853176913738861
screen_594ab2c16b70994a3e3a,330,O=C([C@H](O)C1CCCCC1)N(CCN1[C@@H]2CC[C@H]1C[C@@H](c1cccc(O)c1)C2)CC1CCCCC1,gpcrdb,1,1,0.7333333333333333,0.9818651024707219,0.90076894,1,1,1,1,0,3,0.8719891238281482,0.7333333333333333,0.9818651024707219,0.24853176913738861
screen_71279ce9789e21521d56,331,CC(C)(NC(=O)C1=C(O)[C@@H]2Oc3c(O)ccc4c3[C@@]23CCN(CC2CC2)[C@H](C4)[C@]3(O)C1)C(=O)O,gpcrdb,1,1,0.8816666666666667,0.999901012563262,0.73291016,1,1,1,1,0,3,0.871492611826643,0.73291015625,0.999901012563262,0.266990856313262
screen_c9826c77936128912222,332,CC1CN(CCCc2ccccc2)C2CC(NC(=O)C3(c4ccsc4)CCCC3)CCC1(c1cccc(O)c1)C2,reinvent,1,1,0.7695977596741345,0.9999490534684551,0.84434134,1,1,1,1,0,3,0.8712960502744687,0.7695977596741345,0.9999490534684551,0.23035129379432062
screen_4a7400f59ed2e8d85e0b,333,Cc1cc(C)cc(C2CCCN2Cc2ccc(Oc3ccc(C(N)=O)cc3)c(F)c2)c1,gpcrdb,1,1,0.7333333333333333,0.9967229102024383,0.882597,1,1,1,1,0,3,0.8708844242483029,0.7333333333333333,0.9967229102024383,0.263389576869105
screen_e04c750b86599ea0581f,334,C[C@@H](O)[C@@H]1NC(=O)[C@H](CCCCN)NC(=O)[C@H](Cc2c[nH]c3ccccc23)NC(=O)[C@H](Cc2ccc(O)cc2)NC(=O)[C@@H](NC(=O)[C@H](N)Cc2ccccc2)CSSC(C)(C)[C@@H](C(=O)N[C@@H](CC(=O)O)C(N)=O)NC1=O,gpcrdb,1,1,0.7229497623896809,0.9929704627580337,0.8950742,1,1,1,1,0,3,0.8703314712856579,0.7229497623896809,0.9929704627580337,0.2700207003683528
screen_7d6f219aa252af60a56f,335,CS(=O)(=O)Nc1cccc([C@H]2C[C@H]3CC[C@@H](C2)N3CCN(CC2CCCCC2)C(=O)CO)c1,gpcrdb,1,1,0.73,0.9999278577156941,0.8798291,1,1,1,1,0,3,0.8699189888102504,0.73,0.9999278577156941,0.26992785771569416
screen_3173a1b78e7183ac195b,336,COc1ccc2c3c1OC1C4(OC)CCC5(CC4CNC(=O)C=Cc4ccccc4)C(C2)N(C)CCC315,gpcrdb,1,1,0.7216666666666667,0.9963222805374231,0.8912765,1,1,1,1,0,3,0.869755141990495,0.7216666666666667,0.9963222805374231,0.27465561387075643
screen_c353a6bdca647ddd55bb,337,COc1ccc2c3c1O[C@H]1[C@]4(OC)CC[C@@]5(C[C@@H]4CNC(=O)/C=C/c4ccccc4)[C@@H](C2)N(C)CC[C@]315,gpcrdb,1,1,0.7216666666666667,0.9963222805374231,0.8912765,1,1,1,1,0,3,0.869755141990495,0.7216666666666667,0.9963222805374231,0.27465561387075643
screen_68312685ef777f81b15d,338,C[N+]1(CC2CC2)CCC23c4c5ccc(C(N)=O)c4OC2C(=O)CCC3(O)C1C5.[I-],gpcrdb,1,1,0.7466666666666667,0.9855450737643012,0.8756486,1,1,1,1,0,3,0.8692867860584711,0.7466666666666667,0.9855450737643012,0.23887840709763453
screen_19e349376a33d2dd3979,339,CC(C)[C@@H](CN1CC[C@@](C)(c2cccc(O)c2)[C@@H](C)C1)NC(=O)[C@H]1Cc2ccc(OCCF)cc2CN1,gpcrdb,1,1,0.7912423625254582,0.9866647912997959,0.8275357,1,1,1,1,0,3,0.8684809475674532,0.7912423625254582,0.9866647912997959,0.1954224287743377
screen_9a9b0ac289e945a3a1c4,340,COc1ccc2c3c1O[C@H]1C(=O)CC[C@@]4(NC(=O)/C=C/c5ccc(C)cc5)[C@@H](C2)N(C)CC[C@]314,gpcrdb,1,1,0.73,0.9996732018641773,0.8736418,1,1,1,1,0,3,0.8677716636078935,0.73,0.9996732018641773,0.2696732018641773
screen_4d7e3d66784947fb1d2d,341,CC1C2Cc3ccc(C(N)=O)c(N)c3C1(C)CCN2CC1CC1,reinvent,1,3,0.7445960624575696,0.9999324389256801,0.8574219,1,1,1,1,0,3,0.8673167921277498,0.7445960624575696,0.9999324389256801,0.25533637646811047
screen_9c4cefe9b71e44c76f3d,342,NC(=O)c1cccc(C2CC3CCC(C2)N3CCN2CCCC2)c1,reinvent,1,1,0.865,0.7925622351688529,0.9442495,1,1,1,1,0,3,0.8672705819779761,0.7925622351688529,0.9442495107650757,0.15168727559622275
screen_f8790d70dc285b2940e7,343,Oc1ccc2c3c1OC1CCCC4(O)C(C2)N(CC2CC2)CCC314,gpcrdb,1,1,0.8016666666666666,0.9999613752817121,0.7987306,1,1,1,1,0,3,0.8667862179165088,0.7987306118011475,0.9999613752817121,0.20123076348056468
screen_5463f467a5911a5bb9e6,344,CC(=O)N(CCN1[C@@H]2CC[C@H]1C[C@@H](c1cccc(C(=O)NOP(=O)(O)O)c1)C2)CC1CCC(F)(F)CC1,gpcrdb,1,1,0.7481295238095239,0.9982963169594021,0.8535156,1,1,1,1,0,3,0.8666471552563086,0.7481295238095239,0.9982963169594021,0.2501667931498782
screen_c6e34917e3378e42ccf0,345,NC(=O)c1ccc2c3c1O[C@H]1c4[nH]c5ccccc5c4C[C@@]4(O)[C@@H](C2)N(CC2CC2)CC[C@]314,gpcrdb,1,1,0.817722739281984,0.9974339600688661,0.7837871,1,1,1,1,0,3,0.8663145903519048,0.7837870717048645,0.9974339600688661,0.21364688836400159
screen_ec53ade7b3c0fe7f3d8c,346,NC(=O)c1ccc2c3c1OC1c4[nH]c5ccccc5c4CC4(O)C(C2)N(CC2CC2)CCC314,gpcrdb,1,1,0.817722739281984,0.9974339600688661,0.7837871,1,1,1,1,0,3,0.8663145903519048,0.7837870717048645,0.9974339600688661,0.21364688836400159
screen_5af0643e16c7775e7e82,347,CS(=O)(=O)CC(=O)N(CCN1[C@@H]2CC[C@H]1C[C@@H](c1cccc(O)c1)C2)CC1CCCCC1,gpcrdb,1,1,0.7,0.9999595985555476,0.8966486,1,1,1,1,0,3,0.8655360614506346,0.7,0.9999595985555476,0.29995959855554766
screen_4be6174c88ab555bc4b4,348,C[C@@H](O)[C@@H]1NC(=O)[C@H](CCCCN)NC(=O)[C@H](Cc2c[nH]c3ccccc23)NC(=O)[C@H](Cc2ccc(O)cc2)NC(=O)[C@@H](NC(=O)[C@H](N)Cc2ccccc2)CSSC(C)(C)[C@@H](C(=O)N[C@@H](CC(N)=O)C(N)=O)NC1=O,gpcrdb,1,1,0.7262830957230143,0.9961615000800322,0.8730469,1,1,1,1,0,3,0.8651638236010156,0.7262830957230143,0.9961615000800322,0.26987840435701793
screen_c61895b68000d309b132,349,CCC(C)NC(=O)N(CCN1[C@@H]2CC[C@H]1C[C@@H](c1cccc(O)c1)C2)CC1CCCCC1,gpcrdb,1,1,0.7066666666666667,0.9953379819114903,0.88959414,1,1,1,1,0,3,0.8638662620822556,0.7066666666666667,0.9953379819114903,0.2886713152448236
screen_a8f2da7a26afb8e368cb,350,O=C1/C(=C\c2ccccc2)C[C@@]2(O)[C@H]3Cc4ccc(O)c5c4[C@@]2(CCN3CC2CC2)[C@H]1O5,gpcrdb,1,1,0.815,0.9999857530967022,0.7713902,1,1,1,1,0,3,0.8621253175859858,0.7713901996612549,0.9999857530967022,0.22859555343544735
screen_0e69ab22742a91f03709,351,NC(=O)c1ccc2c3c1OC1C(O)CCC4(O)C(C2)N(CC2CCC2)CCC314,gpcrdb;reinvent,2,2,0.8409186940139737,0.9999339653731611,0.74529916,1,1,1,1,0,3,0.8620506066225447,0.7452991604804993,0.9999339653731611,0.2546348048926619
screen_9ede6f169747a98f25dd,352,CO[C@@]12CC[C@@]3(C[C@@H]1CNC(=O)/C=C/c1ccc(Cl)cc1)[C@H]1Cc4ccc(O)c5c4[C@@]3(CCN1C)[C@H]2O5,gpcrdb,1,1,0.7333333333333333,0.9756526083873939,0.87597656,1,1,1,1,0,3,0.8616541680735758,0.7333333333333333,0.9756526083873939,0.2423192750540606
screen_ccd916fea32423bdf9ca,353,COC12CCC3(CC1CNC(=O)C=Cc1ccc(Cl)cc1)C1Cc4ccc(O)c5c4C3(CCN1C)C2O5,gpcrdb,1,1,0.7333333333333333,0.9756526083873939,0.87597656,1,1,1,1,0,3,0.8616541680735758,0.7333333333333333,0.9756526083873939,0.2423192750540606
screen_40c92fa9a824ab2c230a,354,CC=C1CCC2(O)C3Cc4ccc(O)c5c4C2(CCN3CC2CC2)C1O5,reinvent,1,2,0.8783333333333333,0.9837953020798998,0.72216797,1,1,1,1,0,3,0.8614322013877445,0.72216796875,0.9837953020798998,0.26162733332989985
screen_73d9c6770977b2eaf04d,355,C[C@H]1CN(C[C@H](Cc2ccccc2)C(=O)N[C@@H](CC2CCCCC2)C(=O)O)CC[C@@]1(C)c1cccc(O)c1,gpcrdb,1,1,0.7589961604876715,0.9786043685726165,0.84639806,1,1,1,1,0,3,0.861332861537908,0.7589961604876715,0.9786043685726165,0.21960820808494497
screen_908fc1259b728f97b15f,356,CC1CN(CC(Cc2ccccc2)C(=O)NC(CC2CCCCC2)C(=O)O)CCC1(C)c1cccc(O)c1,gpcrdb,1,1,0.7589961604876715,0.9786043685726165,0.84639806,1,1,1,1,0,3,0.861332861537908,0.7589961604876715,0.9786043685726165,0.21960820808494497
screen_564dced3064f1a78e808,357,O=C(NC12CCC(=O)C3Oc4c(O)ccc5c4C31CCN(CC1CC1)C2C5)c1ccccn1,reinvent,1,1,0.8166666666666667,0.9999287305819344,0.76641446,1,1,1,1,0,3,0.8610032869228837,0.76641446352005,0.9999287305819344,0.23351426706188438
screen_cd377a814c244a97ff1b,358,NC(=O)c1ccc(Oc2ccc(CCCNc3ccccc3)cc2)nc1,gpcrdb,1,1,0.84,0.999711635754067,0.74316406,1,1,1,1,0,3,0.8609585660846889,0.7431640625,0.999711635754067,0.25654757325406696
screen_e782958950b83e0a6b1f,359,O=C(CO)N(CCN1[C@@H]2CC[C@H]1C[C@@H](c1cccc(O)c1)C2)Cc1ccc(Cl)cc1,gpcrdb,1,1,0.6912813985064494,0.9918020783845101,0.8972419,1,1,1,1,0,3,0.8601084557738033,0.6912813985064494,0.9918020783845101,0.30052067987806064
screen_b5873aa42324015cd7b8,360,CCN1C(=O)N(C2CCN(CC3CCCCCCC3)CC2)C2CCCCC21,reinvent,1,4,0.795,0.9999663463615837,0.7836914,1,1,1,1,0,3,0.8595525842038612,0.78369140625,0.9999663463615837,0.21627494011158366
screen_fee1221dfd4fc6255fdd,361,CCN1C(=O)N(C2CCN(CC3CCCCC3)CC2)C2CCCCC21,reinvent,1,1,0.795,0.999934969897088,0.7836914,1,1,1,1,0,3,0.8595421253823626,0.78369140625,0.999934969897088,0.21624356364708797
screen_4a72e004492f6f283c07,362,COC12CCC3(CC1C(C)(O)C(C)(C)C)C1Cc4ccc(C(N)=O)c5c4C3(CCN1CC1CC1)C2O5,gpcrdb,1,1,0.8006822502768995,0.9998233641504598,0.7752014,1,1,1,1,0,3,0.8585689982267325,0.7752013802528381,0.9998233641504598,0.22462198389762167
screen_e1a2502a3b3c652c386f,363,Cl.NC(=O)c1ccc2c(c1O)C13CCN(CC4CC4)C(C2)C1(O)CCC(=O)C3,gpcrdb,1,1,0.8028984797402389,0.9986728414159882,0.77236664,1,1,1,1,0,3,0.8579793213693975,0.7723666429519653,0.9986728414159882,0.2263061984640229
screen_9d41412b74c0d50d4c3c,364,CC(C)[C@@H](CN1CC[C@@](C)(c2cccc(O)c2)[C@@H](C)C1)NC(=O)[C@H]1Cc2ccc(OCCCF)cc2CN1,gpcrdb,1,1,0.7945756958587915,0.9868977149172332,0.7894544,1,1,1,1,0,3,0.856975937105141,0.7894544005393982,0.9868977149172332,0.19744331437783502
screen_fc58c5d4f00c050b4636,365,O=C(CO)N(CCN1[C@@H]2CC[C@H]1C[C@@H](c1cccc(O)c1)C2)CC12CC3CC(CC(C3)C1)C2,gpcrdb,1,1,0.695,0.9866091852140868,0.88921446,1,1,1,1,0,3,0.856941213765159,0.695,0.9866091852140868,0.29160918521408685
screen_815a2cc4fcc30cd69e8e,366,O=CNc1ccc2c3c1O[C@H]1C(=O)CC[C@@]4(O)[C@@H](C2)N(CC2CC2)CC[C@]314,gpcrdb,1,1,0.88,0.9973242442758152,0.69319016,1,1,1,1,0,3,0.8568381338964327,0.6931901574134827,0.9973242442758152,0.30413408686233256
screen_6d318719ee73d0723990,367,Cc1ccc(C=CC(=O)NC23CCC(=O)C(O)C4Oc5c(O)ccc6c5C42CCN(CC2CC2)C3C6)cc1,reinvent,1,1,0.7566666666666667,0.9991746186357258,0.8144531,1,1,1,1,0,3,0.8567648034341309,0.7566666666666667,0.9991746186357258,0.24250795196905905
screen_3904bbd6b3fff1144029,368,NC(=O)c1ccc(Oc2ccc(CN3CCCC3c3cccnc3)cc2)nc1,gpcrdb,1,1,0.7233333333333334,0.9993363998747672,0.84462345,1,1,1,1,0,3,0.855764393224213,0.7233333333333334,0.9993363998747672,0.2760030665414338
screen_0821e01c75085a2f6c86,369,CC(C)COC(=O)CNC(=O)[C@@H](Cc1ccccc1)CN1CC[C@@](C)(c2cccc(O)c2)[C@@H](C)C1,gpcrdb,1,1,0.8366666666666667,0.8982312940267806,0.83144146,1,1,1,1,0,3,0.8554464742444648,0.8314414620399475,0.8982312940267806,0.06678983198683308
screen_675aa1fccd6a521221a7,370,CC(C)COC(=O)CNC(=O)C(Cc1ccccc1)CN1CCC(C)(c2cccc(O)c2)C(C)C1,gpcrdb,1,1,0.8366666666666667,0.8982312940267806,0.83144146,1,1,1,1,0,3,0.8554464742444648,0.8314414620399475,0.8982312940267806,0.06678983198683308
screen_dfda98b3a405a3dba353,371,O=C(N[C@H]1CCOC1=O)C1=C(O)[C@@H]2Oc3c(O)ccc4c3[C@@]23CCN(CC2CC2)[C@H](C4)[C@]3(O)C1,gpcrdb,1,1,0.8166666666666667,0.9998440521541707,0.74853516,1,1,1,1,0,3,0.8550152916902792,0.74853515625,0.9998440521541707,0.2513088959041707
screen_16eca97dae8ff99c42d2,372,CC(=O)N(CCN1[C@@H]2CC[C@H]1C[C@@H](c1cccc(O)c1)C2)CC1CCCCC1,gpcrdb,1,1,0.7033333333333334,0.9803177189222873,0.8784716,1,1,1,1,0,3,0.8540408883953061,0.7033333333333334,0.9803177189222873,0.2769843855889539
screen_2a177d1eed26a8bb3d2b,373,CC(C)(CC(=O)O)CC(=O)N(CCN1[C@@H]2CC[C@H]1C[C@@H](c1cccc(O)c1)C2)CC1CCCCC1,gpcrdb,1,1,0.7056620149533713,0.999648836034325,0.85421246,1,1,1,1,0,3,0.8531744379632551,0.7056620149533713,0.999648836034325,0.29398682108095364
screen_d9c19a2d63d3c906a7d0,374,COc1ccc(NC(=O)N(CCN2[C@@H]3CC[C@H]2C[C@@H](c2cccc(O)c2)C3)CC2CCCCC2)cc1OC,gpcrdb,1,1,0.72,0.9596920182206844,0.87831074,1,1,1,1,0,3,0.8526675860715778,0.72,0.9596920182206844,0.23969201822068442
screen_1ab9da630bbb71d0255f,375,CC1CN(CC(Cc2ccccc2)C(=O)NC(CCCN)C(=O)O)CCC1(C)c1cccc(O)c1,gpcrdb,1,1,0.7883333333333333,0.92001124639548,0.84884006,1,1,1,1,0,3,0.8523948791928991,0.7883333333333333,0.92001124639548,0.1316779130621467
screen_9ffeda3a14ea1c0ccf41,376,C[C@H]1CN(C[C@H](Cc2ccccc2)C(=O)N[C@@H](CCCN)C(=O)O)CC[C@@]1(C)c1cccc(O)c1,gpcrdb,1,1,0.7883333333333333,0.92001124639548,0.84884006,1,1,1,1,0,3,0.8523948791928991,0.7883333333333333,0.92001124639548,0.1316779130621467
screen_675b02f2f5026c569e41,377,C[C@H]1CN(C[C@H](Cc2ccccc2)C(=O)N[C@@H](CCCCN)C(=O)O)CC[C@@]1(C)c1cccc(O)c1,gpcrdb,1,1,0.785,0.906238101953235,0.8641523,1,1,1,1,0,3,0.8517968047439942,0.785,0.906238101953235,0.12123810195323492
screen_8ad453333e38839c2e2d,378,CC1CN(CC(Cc2ccccc2)C(=O)NC(CCCCN)C(=O)O)CCC1(C)c1cccc(O)c1,gpcrdb,1,1,0.785,0.906238101953235,0.8641523,1,1,1,1,0,3,0.8517968047439942,0.785,0.906238101953235,0.12123810195323492
screen_ac5626f4ace83f955fd2,379,O=C(O)CC(=O)N(CCN1[C@@H]2CC[C@H]1C[C@@H](c1cccc(O)c1)C2)CC1CCCCC1,gpcrdb,1,1,0.695,0.9999380065139721,0.859375,1,1,1,1,0,3,0.8514376688379907,0.695,0.9999380065139721,0.3049380065139722
screen_b81b77c7a63a263875f1,380,C[C@@H](O)[C@H](NC(=O)[C@H]1NC(=O)[C@H]([C@@H](C)O)NC(=O)[C@H](CCCCN)NC(=O)[C@H](CCCN)NC(=O)[C@H](Cc2ccc(O)cc2)NC(=O)[C@@H](NC(=O)[C@@H](N)Cc2ccccc2)CSSC1(C)C)C(N)=O,gpcrdb,1,1,0.7033333333333334,0.9286844623781882,0.92193127,1,1,1,1,0,3,0.8513163541653966,0.7033333333333334,0.9286844623781882,0.22535112904485488
screen_7ad4570e274b253e09b4,381,C=CCN1CCC23c4c5ccc(O)c4OC2C(O)C=CC3C1C5,gpcrdb,1,1,0.77,0.999943702536358,0.78232205,1,1,1,1,0,3,0.8507552505590961,0.77,0.999943702536358,0.22994370253635799
screen_4806755f91eab17f1ea4,382,CC(O)CN1CCC23Cc4nc5ccccc5cc4CC2(O)C1Cc1ccc(O)cc13,reinvent,1,1,0.7666666666666667,0.9999377321900489,0.78515625,1,1,1,1,0,3,0.8505868829522386,0.7666666666666667,0.9999377321900489,0.23327106552338217
screen_c042ad06b30f55d2ddcb,383,C[C@@H](O)CN1CC[C@]23Cc4nc5ccccc5cc4C[C@@]2(O)[C@H]1Cc1ccc(O)cc13,gpcrdb,1,1,0.7666666666666667,0.9999377321900489,0.78515625,1,1,1,1,0,3,0.8505868829522386,0.7666666666666667,0.9999377321900489,0.23327106552338217
screen_6e2a72945762675ec710,384,COCCN(C(=O)Cc1ccccc1Br)C1c2cc(OC)c(OC)cc2CCC1N(C)C,gpcrdb,1,1,0.7516666666666667,0.9995680411356301,0.79726595,1,1,1,1,0,3,0.8495002182224596,0.7516666666666667,0.9995680411356301,0.24790137446896343
screen_61413d18aaffa775eed1,385,C[C@@H](O)[C@H](NC(=O)[C@@H]1NC(=O)CNC(=O)[C@H](CCCCN)NC(=O)[C@@H](Cc2c[nH]c3ccccc23)NC(=O)[C@H](Cc2ccc(O)cc2)NC(=O)[C@@H](NC(=O)[C@H](N)Cc2ccccc2)CSSC1(C)C)C(N)=O,gpcrdb,1,1,0.655,0.980369544651878,0.91032296,1,1,1,1,0,3,0.8485641696144383,0.655,0.980369544651878,0.32536954465187795
screen_ef2be4c080db51f030fb,386,O=C(CO)N(CCN1[C@@H]2CC[C@H]1C[C@@H](c1cccc(O)c1)C2)Cc1ccccc1,gpcrdb,1,1,0.695,0.9665410515395796,0.8834086,1,1,1,1,0,3,0.8483165525306594,0.695,0.9665410515395796,0.27154105153957964
screen_83e275f555b92442b1d5,387,COC(=O)CCC(=O)N(CCN1[C@@H]2CC[C@H]1C[C@@H](c1cccc(O)c1)C2)CC1CCCCC1,gpcrdb,1,1,0.6833333333333333,0.9997963792788471,0.8618164,1,1,1,1,0,3,0.8483153729540601,0.6833333333333333,0.9997963792788471,0.3164630459455138
screen_00ac26b48c029fb17f99,388,N=C(N)N1CC[C@]23c4c5ccc(O)c4O[C@H]2c2[nH]c4c(c2C[C@@]3(O)[C@H]1C5)C[C@@]1(O)[C@H]2Cc3ccc(O)c5c3[C@@]1(CCN2CC1CC1)[C@H]4O5,gpcrdb,1,1,0.8479735234215886,0.9642920952432612,0.73260075,1,1,1,1,0,3,0.8482887890679404,0.732600748538971,0.9642920952432612,0.23169134670429026
screen_970f5deb462ca6715c38,389,COC(=O)C=CC(=O)NC1CCC2(O)C3Cc4ccc(O)c5c4C2(CCN3CC2CC2)C1O5,gpcrdb,1,1,0.7129904955872369,0.9999497951957353,0.8292028,1,1,1,1,0,3,0.8473810206566004,0.7129904955872369,0.9999497951957353,0.2869592996084984
screen_70f936d0a0ce950c096c,390,O=C(CO)N(CCN1[C@@H]2CC[C@H]1C[C@@H](c1cccc(O)c1)C2)Cc1ccc(C(F)(F)F)cc1,gpcrdb,1,1,0.6781799303322615,0.9884673310142541,0.87440497,1,1,1,1,0,3,0.8470174093925743,0.6781799303322615,0.9884673310142541,0.31028740068199256
screen_290f28a19a757af43b2b,391,CC1CN(CCCc2ccccc2)C2CC(NC(=O)C3(c4ccccc4)CCCCC3)CC1(c1ccc(N)cc1)C2,reinvent,1,1,0.6929446707399864,0.9941191146026871,0.85389966,1,1,1,1,0,3,0.8469878143563205,0.6929446707399864,0.9941191146026871,0.30117444386270065
screen_392786e4e410d2b1c7c4,392,N=C(N)c1ccc(Oc2ccc(CNCCc3ccccc3)cc2)nc1,gpcrdb,1,1,0.6666666666666666,0.9894899915500112,0.88362724,1,1,1,1,0,3,0.8465946313687042,0.6666666666666666,0.9894899915500112,0.32282332488334453
screen_afacedae1d09ff54adc2,393,O=C(O)c1ccc(Oc2ccc(CCNCc3ccccc3)cc2)nc1,gpcrdb,1,1,0.6266666666666667,0.9972324646771156,0.91558325,1,1,1,1,0,3,0.8464941280835272,0.6266666666666667,0.9972324646771156,0.37056579801044887
screen_b73bba27c7e8be3dcbc0,394,CC(=O)Oc1ccc2c3c1OC1C(=O)CCC4(O)C(C2)N(CC2CC2)CCC314,reinvent,1,1,0.8033333333333333,0.9998397552422764,0.73455435,1,1,1,1,0,3,0.8459091463172462,0.7345543503761292,0.9998397552422764,0.26528540486614727
screen_b8c4970429e91aeb321a,395,NC(=O)c1ccc(Oc2ccc(CN3CCCC3c3ccccc3)cc2)nc1,gpcrdb,1,1,0.7366666666666667,0.9809985021415385,0.8187477,1,1,1,1,0,3,0.8454709560229724,0.7366666666666667,0.9809985021415385,0.2443318354748718
screen_8a16b3eab4989f701afd,396,C=C(Cl)C(=O)N[C@@]12CCC(=O)[C@@H]3Oc4c(O)ccc5c4C31CCN(CC1CC1)C2C5,gpcrdb,1,1,0.85,0.9987629540038603,0.6855469,1,1,1,1,0,3,0.8447699430012868,0.685546875,0.9987629540038603,0.3132160790038603
screen_f9fa321ddc2da63cc0d5,397,O=C(CO)N(CCN1[C@@H]2CC[C@H]1C[C@@H](c1cccc(O)c1)C2)Cc1c(F)cccc1F,gpcrdb,1,1,0.6905263040371562,0.9692999850067889,0.87391675,1,1,1,1,0,3,0.8445810114099324,0.6905263040371562,0.9692999850067889,0.27877368096963273
screen_e0b96e5aafb35a661bdd,398,O=C1CCC2(NCC=CCc3ccccc3Cl)C3Cc4ccc(O)c5c4C2(CCN3CC2CC2)C1O5,reinvent,1,1,0.825,0.9985385588955742,0.7086691,1,1,1,1,0,3,0.8440692283097858,0.708669126033783,0.9985385588955742,0.28986943286179123
screen_1fd2a25d675633a0eb5d,399,Cc1ccc(CC=CCNC23CCC(=O)C4Oc5c(O)ccc6c5C42CC3N(CC2CC2)CC6)cc1,reinvent,1,1,0.8195186768130185,0.9832574820008652,0.7290039,1,1,1,1,0,3,0.8439266883546278,0.72900390625,0.9832574820008652,0.25425357575086516
screen_64395567d73907be5200,400,O=C(O)CS(=O)(=O)CC(=O)N(CCN1[C@@H]2CC[C@H]1C[C@@H](c1cccc(O)c1)C2)CC1CCCCC1,gpcrdb,1,1,0.685,0.9943690795512368,0.8496094,1,1,1,1,0,3,0.8429928181837457,0.685,0.9943690795512368,0.3093690795512367
screen_76768e13ef0158796510,401,CC(C)=CC(=O)NC12CCC(=O)C3Oc4c(O)ccc5c4C31CCN(CC1CC1)C2C5,reinvent,1,1,0.8783333333333333,0.9997463077855224,0.64990234,1,1,1,1,0,3,0.842660661622952,0.64990234375,0.9997463077855224,0.3498439640355224
screen_43bb2836d548ad126591,402,NC(=O)c1ccc2c(c1O)C13CCN(CC4CC4)C(C2)C1(O)Cc1c([nH]c2ccccc12)C3,gpcrdb,1,1,0.8070209693350205,0.9999647249640661,0.72021484,1,1,1,1,0,3,0.8424001793496956,0.72021484375,0.9999647249640661,0.2797498812140661
screen_568617446000b9db66c9,403,CC(=O)N1Cc2cc(O)ccc2C[C@@H]1C(=O)N[C@H](CN1CC[C@@](C)(c2cccc(O)c2)[C@@H](C)C1)C(C)C,gpcrdb,1,1,0.7433333333333333,0.9945654599667855,0.78594095,1,1,1,1,0,3,0.8412799128161955,0.7433333333333333,0.9945654599667855,0.2512321266334522
screen_58f14b8b903ba19150e4,404,O=C(CO)N(CCN1[C@@H]2CC[C@H]1C[C@@H](c1cccc(O)c1)C2)Cc1ccc(F)cc1,gpcrdb,1,1,0.6838596373704895,0.9739501224413012,0.86582834,1,1,1,1,0,3,0.8412126983656592,0.6838596373704895,0.9739501224413012,0.2900904850708117
screen_7073e46ba438a0516d26,405,Cc1cc(C)cc(C2CCCN2Cc2ccc(Oc3ccc(C(N)=O)cc3F)c(F)c2)c1,gpcrdb,1,1,0.7116666666666667,0.9903797625930092,0.8210886,1,1,1,1,0,3,0.8410450137797655,0.7116666666666667,0.9903797625930092,0.2787130959263425
screen_caf5206ef3182151b124,406,CC(C)C[C@H](O)C(=O)N(CCN1[C@@H]2CC[C@H]1C[C@@H](c1cccc(O)c1)C2)CC1CCCCC1,gpcrdb,1,1,0.6916666666666667,0.9993818105491884,0.83085185,1,1,1,1,0,3,0.8406334433698949,0.6916666666666667,0.9993818105491884,0.30771514388252175
screen_f0630e03e18225c63e7e,407,O=C(CO)N(CCN1[C@@H]2CC[C@H]1C[C@@H](c1cccc(O)c1)C2)Cc1cccc(F)c1,gpcrdb,1,1,0.6755263040371562,0.983151943216518,0.86307055,1,1,1,1,0,3,0.8405829316114644,0.6755263040371562,0.983151943216518,0.3076256391793618
screen_309865c3907ba8830a66,408,COc1ccc2c3c1O[C@H]1[C@]4(OC)CC[C@@]5(C[C@@H]4CNC(=O)/C=C/c4ccccc4C)[C@@H](C2)N(C)CC[C@]315,gpcrdb,1,1,0.655,0.9999304642704752,0.8663167,1,1,1,1,0,3,0.8404157134701022,0.655,0.9999304642704752,0.34493046427047513
screen_e96d4a3e9c3f70e63ee0,409,COc1ccc2c3c1OC1C4(OC)CCC5(CC4CNC(=O)C=Cc4ccccc4C)C(C2)N(C)CCC315,gpcrdb,1,1,0.655,0.9999304642704752,0.8663167,1,1,1,1,0,3,0.8404157134701022,0.655,0.9999304642704752,0.34493046427047513
screen_9bf08dbdafec25c0b166,410,O=C1/C(=C/c2ccc(Cl)cc2)C[C@@]2(O)[C@H]3Cc4ccc(O)c5c4[C@@]2(CCN3CC2CC2)[C@H]1O5,gpcrdb,1,1,0.7533333333333333,0.9866363042049021,0.780464,1,1,1,1,0,3,0.8401445436958608,0.7533333333333333,0.9866363042049021,0.23330297087156882
screen_4ab4d04a280f550a6fa1,411,O=C(O)CC1(CC(=O)N(CCN2[C@@H]3CC[C@H]2C[C@@H](c2cccc(O)c2)C3)CC2CCCCC2)CCCC1,gpcrdb,1,1,0.6866666666666666,0.9937297025937877,0.839253,1,1,1,1,0,3,0.8398831258753617,0.6866666666666666,0.9937297025937877,0.30706303592712103
screen_835db28f80b62d3b0b4d,412,N#Cc1ccc(NC(=O)C2=C(O)[C@@H]3Oc4c(O)ccc5c4[C@@]34CCN(CC3CC3)[C@H](C5)[C@]4(O)C2)cc1,gpcrdb,1,1,0.885,0.9152817729108256,0.7138672,1,1,1,1,0,3,0.8380496534702752,0.7138671875,0.9152817729108256,0.20141458541082558
screen_9d704b5fea34c0be846e,413,NC(=O)c1ccc(Oc2ccc(CN3CCCC3c3cccc(F)c3)cc2)c(F)c1,gpcrdb,1,1,0.6866666666666666,0.9361546905635605,0.89078814,1,1,1,1,0,3,0.8378698317143257,0.6866666666666666,0.9361546905635605,0.24948802389689384
screen_a465bcf4ea7007841626,414,NC(=O)c1ccc(Oc2ccc(CN3CCC[C@H]3c3cccc(F)c3)cc2)c(F)c1,gpcrdb,1,1,0.6866666666666666,0.9361546905635605,0.89078814,1,1,1,1,0,3,0.8378698317143257,0.6866666666666666,0.9361546905635605,0.24948802389689384
screen_b7beea36a1d337970e49,415,NC(=O)c1ccc(Oc2ccc(CN3CCC[C@@H]3c3cccc(F)c3)cc2)c(F)c1,gpcrdb,1,1,0.6866666666666666,0.9361546905635605,0.89078814,1,1,1,1,0,3,0.8378698317143257,0.6866666666666666,0.9361546905635605,0.24948802389689384
screen_1179426f68d4b610c33f,416,O=S1(=O)Nc2ccccc2N1C1CCN(C2Cc3ccccc3C2)CC1,gpcrdb,1,1,0.8083333333333333,0.9761715194110901,0.72771674,1,1,1,1,0,3,0.837407198896833,0.7277167439460754,0.9761715194110901,0.2484547754650147
screen_7ec41d6732398a79f126,417,COC12CCC3(CC1CNC(=O)C=Cc1ccc(Cl)cc1)C1Cc4ccc(O)c5c4C3(CCN1CC1CC1)C2O5,reinvent,1,1,0.645,0.9970075230364321,0.86621094,1,1,1,1,0,3,0.8360728201788108,0.645,0.9970075230364321,0.3520075230364321
screen_2f5b2f0b7be1d21cf8e4,418,NC(=O)c1ccc2c3c1O[C@H]1[C@H](O)CC[C@@]4(O)[C@@H](C2)N(CC2CC2)CC[C@]314,gpcrdb,1,1,0.8137924000808415,0.9990472733799592,0.6953125,1,1,1,1,0,3,0.8360507244869336,0.6953125,0.9990472733799592,0.30373477337995924
screen_465dd30ae73cef022d9a,419,NC(=O)c1ccc2c3c1OC1C(O)CCC4(O)C(C2)N(CC2CC2)CCC314,gpcrdb,1,1,0.8137924000808415,0.9990472733799592,0.6953125,1,1,1,1,0,3,0.8360507244869336,0.6953125,0.9990472733799592,0.30373477337995924
screen_4e60368667a80468c8a0,420,NC(=O)c1ccc2c3c1O[C@H]1[C@@H](O)CC[C@@]4(O)[C@@H](C2)N(CC2CC2)CC[C@]314,gpcrdb,1,1,0.8137924000808415,0.9990472733799592,0.6953125,1,1,1,1,0,3,0.8360507244869336,0.6953125,0.9990472733799592,0.30373477337995924
screen_4955663d67093457f6ce,421,CS(=O)(=O)NCCOc1ccc(Oc2ccc(C(N)=O)cn2)cc1,reinvent,1,1,0.7212966734555328,0.9744620867266465,0.81211084,1,1,1,1,0,3,0.8359565338188135,0.7212966734555328,0.9744620867266465,0.25316541327111364
screen_cc929ebdd463b76211fa,422,COc1cccc(C2CC3CCC(C2)N3CCN(CCCc2ccccc2)C(=O)CO)c1,reinvent,1,1,0.68,0.9825098441249677,0.845318,1,1,1,1,0,3,0.8359426211716913,0.68,0.9825098441249677,0.3025098441249676
screen_bd18082a2f02563518e6,423,NC(=O)c1ccc(Oc2ccc(NCCCc3ccccc3)cc2)nc1,gpcrdb,1,1,0.8283333333333334,0.9997369633352501,0.6778999,1,1,1,1,0,3,0.8353233979223749,0.6778998970985413,0.9997369633352501,0.3218370662367088
screen_b932a782bec811e06fe9,424,O=C(O)CCC(=O)N(CCN1[C@@H]2CC[C@H]1C[C@@H](c1cccc(O)c1)C2)CC1CCCCC1,gpcrdb,1,1,0.685,0.9997745166944617,0.82021236,1,1,1,1,0,3,0.8349956269637464,0.685,0.9997745166944617,0.31477451669446166
screen_ff9c4a013e77883efbe6,425,O=C(O)CC1(CC(=O)N(CCN2[C@@H]3CC[C@H]2C[C@@H](c2cccc(O)c2)C3)CC2CCCCC2)CCCCC1,gpcrdb,1,1,0.6866666666666666,0.9777599002145771,0.839253,1,1,1,1,0,3,0.834559858415625,0.6866666666666666,0.9777599002145771,0.2910932335479105
screen_b0329545a8c18e27d63a,426,C[C@H]1CN(CCCOC(=O)[C@H]2Cc3ccc(O)cc3CN2)CC[C@@]1(C)c1cccc(O)c1,gpcrdb,1,1,0.7533333333333333,0.9943932106049723,0.75097656,1,1,1,1,0,3,0.8329010354794352,0.7509765625,0.9943932106049723,0.24341664810497232
screen_a765f75bd5cb306ee806,427,C=CCN1CC[C@]23c4c5ccc(O)c4O[C@H]2[C@@H](O)C=C[C@H]3[C@H]1C5.Cl,gpcrdb,1,1,0.77,0.9983344284286958,0.72998047,1,1,1,1,0,3,0.8327716323928986,0.72998046875,0.9983344284286958,0.2683539596786958
screen_708ad544bb3f128ebb2a,428,C=CCN1CCC23c4c5ccc(O)c4OC2c2[nH]c4ccccc4c2CC3(O)C1C5,reinvent,1,1,0.7233333333333334,0.9935853563160726,0.78027344,1,1,1,1,0,3,0.8323973757164685,0.7233333333333334,0.9935853563160726,0.2702520229827392
screen_e0b9991c1dceb1dc0633,429,C=CCN1CC[C@]23c4c5ccc(O)c4O[C@H]2c2[nH]c4ccccc4c2C[C@@]3(O)[C@H]1C5,gpcrdb,1,1,0.7233333333333334,0.9935853563160726,0.78027344,1,1,1,1,0,3,0.8323973757164685,0.7233333333333334,0.9935853563160726,0.2702520229827392
screen_2e2578b4558fd5a5cfed,430,CC(C)CN1CC[C@]23c4c5ccc(O)c4O[C@H]2C(=O)CC[C@@]3(O)[C@H]1C5,gpcrdb,1,1,0.7133333333333334,0.997205565359065,0.7862288,1,1,1,1,0,3,0.8322558915568289,0.7133333333333334,0.997205565359065,0.28387223202573164
screen_2b97458d3cbec2d9e8f5,431,Cc1cccc(CCCN2CC[C@@](C)(c3cccc(O)c3)[C@@H](C)C2)c1,gpcrdb,1,1,0.725,0.9644345269443768,0.8068376,1,1,1,1,0,3,0.8320907150984532,0.725,0.9644345269443768,0.23943452694437684
screen_3dcb644676c9575d7322,432,CC(C)CC(=O)N(CCN1[C@@H]2CC[C@H]1C[C@@H](c1cccc(O)c1)C2)CC1CCCCC1,gpcrdb,1,1,0.7,0.9215016464234127,0.87440497,1,1,1,1,0,3,0.8319688710848734,0.7,0.9215016464234127,0.22150164642341275
screen_4a86b567f44878e09cc7,433,CCCCCNC(=O)N(CCN1[C@@H]2CC[C@H]1C[C@@H](c1cccc(O)c1)C2)CC1CCCCC1,gpcrdb,1,1,0.6766666666666666,0.9515560380398616,0.8665934,1,1,1,1,0,3,0.831605375070684,0.6766666666666666,0.9515560380398616,0.2748893713731949
screen_4993eb3df8086175538d,434,CCC(=O)N(CCN1[C@@H]2CC[C@H]1C[C@@H](c1cccc(O)c1)C2)CC1CCCCC1,gpcrdb,1,1,0.6766666666666666,0.9558321621070639,0.8623047,1,1,1,1,0,3,0.8316011720912435,0.6766666666666666,0.9558321621070639,0.27916549544039726
screen_1cacaf4d54598e9e136e,435,CC1(C)CN(Cc2ccc(Oc3ccc(C(N)=O)cn3)cc2)[C@H]1c1ccccc1,gpcrdb,1,1,0.7016666666666667,0.9921701520972512,0.8005858,1,1,1,1,0,3,0.8314742083778999,0.7016666666666667,0.9921701520972512,0.2905034854305846
screen_a4564944b4bc56f74538,436,CC1(C)CN(Cc2ccc(Oc3ccc(C(N)=O)cn3)cc2)[C@@H]1c1ccccc1,gpcrdb,1,1,0.7016666666666667,0.9921701520972512,0.8005858,1,1,1,1,0,3,0.8314742083778999,0.7016666666666667,0.9921701520972512,0.2905034854305846
screen_e528732f0fc845bcf7e8,437,CC1(C)CN(Cc2ccc(Oc3ccc(C(N)=O)cn3)cc2)C1c1ccccc1,gpcrdb,1,1,0.7016666666666667,0.9921701520972512,0.8005858,1,1,1,1,0,3,0.8314742083778999,0.7016666666666667,0.9921701520972512,0.2905034854305846
screen_a3c0f7253f7e3b7d4e95,438,CC[C@H](C)[C@@H]1NC(=O)[C@H](CCCNC(=N)N)NC(=O)[C@@H](NC(=O)[C@H](Cc2ccccc2)NC(=O)CNC(=O)CNC(=O)[C@H](Cc2ccc(O)cc2)NCc2ccccc2)CC(=O)NC[C@@H](C(=O)N[C@@H](CCCNC(=N)N)C(=O)N2CCC[C@H]2C(=O)N[C@@H](CCCCN)C(N)=O)NC1=O,gpcrdb,1,1,0.615,0.9995391968847557,0.87809044,1,1,1,1,0,3,0.8308765460372384,0.615,0.9995391968847557,0.3845391968847557
screen_c725fcb5a08e026a97cd,439,O=C(O)C1CCCCC1C(=O)N(CCN1[C@@H]2CC[C@H]1C[C@@H](c1cccc(O)c1)C2)CC1CCCCC1,gpcrdb,1,1,0.7,0.9987509894868218,0.792674,1,1,1,1,0,3,0.8304749981728025,0.7,0.9987509894868218,0.2987509894868219
screen_190b434241627bbfb4ea,440,O=C(NC12CCC(=O)C3Oc4c(O)ccc5c4C31CCN(CC1CC1)C2C5)c1ccc(Cl)cc1,reinvent,1,1,0.7983333333333333,0.9859578233864602,0.70410156,1,1,1,1,0,3,0.8294642397399312,0.7041015625,0.9859578233864602,0.2818562608864602
screen_b989543c80d3c7cb5e97,441,COC(=O)CCC(=O)N[C@@]12CCC(=O)[C@@H]3Oc4c(O)ccc5c4[C@@]31CCN(CC1CC1)[C@@H]2C5,gpcrdb,1,1,0.76,0.9817096371536227,0.7454235,1,1,1,1,0,3,0.8290443776410411,0.7454234957695007,0.9817096371536227,0.23628614138412196
screen_8c6df1f0fa3b2c355d97,442,NC(=O)c1cccc([C@H]2C[C@H]3CC[C@@H](C2)N3CCN(Cc2c(F)cccc2F)C(=O)[C@@H](O)Cc2ccccc2)c1,gpcrdb,1,1,0.9366666666666666,0.5860218244110317,0.962685,1,1,1,1,0,3,0.8284578266844077,0.5860218244110317,0.9626849889755249,0.3766631645644932
screen_89a6b19cee8346e99120,443,C[C@H]1CN(CCOC(=O)[C@H]2Cc3ccc(O)cc3CN2)CC[C@@]1(C)c1cccc(O)c1,gpcrdb,1,1,0.7583333333333333,0.98651012085935,0.73876953,1,1,1,1,0,3,0.8278709951475611,0.73876953125,0.98651012085935,0.24774058960934997
screen_88469bebe487a58812d7,444,C=CCOC[C@@H]1Cc2ccccc2CN1C(=O)[C@@H](N)Cc1c(C)cc(O)cc1C,gpcrdb,1,1,0.8648004561003421,0.9996031974503756,0.6189895,1,1,1,1,0,3,0.8277977269254041,0.6189895272254944,0.9996031974503756,0.38061367022488124
screen_4442849de45b93d54ca9,445,O=C(Nc1cccc(F)c1)N(CCN1[C@@H]2CC[C@H]1C[C@@H](c1cccc(O)c1)C2)CC1CCCCC1,gpcrdb,1,1,0.6833333333333333,0.9840507585594401,0.81581837,1,1,1,1,0,3,0.8277341537604513,0.6833333333333333,0.9840507585594401,0.3007174252261068
screen_2a3a275dc1343dced6d9,446,COc1ccc2c3c1O[C@H]1c4[nH]c5c(c4C[C@@]4(O)[C@@H](C2)N(CC2CC2)CC[C@]314)C[C@@]1(O)[C@H]2Cc3ccc(O)c4c3[C@@]1(CCN2CC1CC1)[C@H]5O4,gpcrdb,1,1,0.8016666666666666,0.9903633786450371,0.6875,1,1,1,1,0,3,0.8265100151039012,0.6875,0.9903633786450371,0.3028633786450371
screen_7c5351e5b34851a07858,447,CO[C@@]12CC[C@@]3(C[C@@H]1CNC/C=C/c1ccc(Cl)cc1)[C@H]1Cc4ccc(O)c5c4[C@@]3(CCN1C)[C@H]2O5,gpcrdb,1,1,0.6166666666666667,0.9833385457883842,0.8790672,1,1,1,1,0,3,0.8263574649986482,0.6166666666666667,0.9833385457883842,0.3666718791217175
screen_f31734168b8daf81ab1c,448,COC12CCC3(CC1CNCC=Cc1ccc(Cl)cc1)C1Cc4ccc(O)c5c4C3(CCN1C)C2O5,gpcrdb,1,1,0.6166666666666667,0.9833385457883842,0.8790672,1,1,1,1,0,3,0.8263574649986482,0.6166666666666667,0.9833385457883842,0.3666718791217175
screen_43198ea9c84c5928229b,449,O=C(/C=C/c1ccc(Cl)cc1)NC12CCC(=O)C3Oc4cccc5c4[C@@]31CCN(CC1CC1)[C@@H]2C5,gpcrdb,1,1,0.755,0.9837519445167698,0.7400537,1,1,1,1,0,3,0.8262685526128185,0.7400537133216858,0.9837519445167698,0.24369823119508405
screen_37c3ee0302421432df85,450,O=S1(=O)Nc2ccccc2N1C1CCN(C2CCCCCCC2)CC1,gpcrdb;reinvent,2,2,0.7766666666666666,0.9986726673366254,0.703125,1,1,1,1,0,3,0.8261547780010973,0.703125,0.9986726673366254,0.2955476673366254
screen_f41163a90b842895b539,451,CO[C@]12CC[C@@]3(C[C@@H]1CNC(=O)/C=C/c1ccccc1)[C@H]1Cc4ccc(O)c5c4[C@@]3(CCN1CC1CC1)[C@H]2O5,gpcrdb,1,1,0.6433333333333333,0.9948287754203589,0.83827657,1,1,1,1,0,3,0.825479557942871,0.6433333333333333,0.9948287754203589,0.35149544208702554
screen_75f2f2541d664663deb5,452,O=C(NCc1ccccc1)C1=C(O)[C@@H]2Oc3c(O)ccc4c3[C@@]23CCN(CC2CC2)[C@H](C4)[C@]3(O)C1,gpcrdb,1,1,0.725,0.9997951668595801,0.7480469,1,1,1,1,0,3,0.82428068061986,0.725,0.9997951668595801,0.27479516685958016
screen_4a6c9cb819da0a689a10,453,O=C(CCC1CCCC1)N(CCN1[C@@H]2CC[C@H]1C[C@@H](c1cccc(O)c1)C2)CC1CCCCC1,gpcrdb,1,1,0.6816666666666666,0.9079434705932754,0.8828664,1,1,1,1,0,3,0.8241588399529397,0.6816666666666666,0.9079434705932754,0.22627680392660876
screen_a3b15b6deed6a885873a,454,C=CCN1CCC23c4c5ccc(C(N)=O)c4OC2C(O)C=CC3C1C5,gpcrdb,1,1,0.7046384928716904,0.9994622484295977,0.768254,1,1,1,1,0,3,0.8241182411227989,0.7046384928716904,0.9994622484295977,0.2948237555579073
screen_d9edf8139e322b3cd529,455,C=CCN1CC[C@]23c4c5ccc(C(N)=O)c4O[C@@H]2[C@@H](O)C=C[C@H]3[C@H]1C5,gpcrdb,1,1,0.7046384928716904,0.9994622484295977,0.768254,1,1,1,1,0,3,0.8241182411227989,0.7046384928716904,0.9994622484295977,0.2948237555579073
screen_ee253e56d85d2239dc81,456,COc1ccc2c3c1O[C@H]1C(=O)CC[C@@]4(NCC#Cc5ccc(Cl)cc5)[C@@H](C2)N(CC2CC2)CC[C@]314,gpcrdb,1,1,0.855,0.7728304334430676,0.8442383,1,1,1,1,0,3,0.8240229048976891,0.7728304334430676,0.855,0.08216956655693242
screen_74b2d07ba207648ac909,457,COc1ccc(NC(=O)C2=C(O)[C@@H]3Oc4c(O)ccc5c4[C@@]34CCN(CC3CC3)[C@H](C5)[C@]4(O)C2)cn1,gpcrdb,1,1,0.7583333333333333,0.9648367222876013,0.74591166,1,1,1,1,0,3,0.8230272378103819,0.7459116578102112,0.9648367222876013,0.21892506447739013
screen_15d0d6e72989eff3b540,458,C[C@H]1CC2=C([C@@H]3Oc4c(O)ccc5c4[C@@]34CCN(CC3CC3)[C@H](C5)[C@]4(O)C2)N(Cc2ccccc2)C1=O,gpcrdb,1,1,0.73,0.999986257365438,0.73810107,1,1,1,1,0,3,0.8226957741747607,0.73,0.999986257365438,0.269986257365438
screen_63538ddc0e75ba3f3eb1,459,C[C@@H]1CC2=C([C@@H]3Oc4c(O)ccc5c4[C@@]34CCN(CC3CC3)[C@H](C5)[C@]4(O)C2)N(Cc2ccccc2)C1=O,gpcrdb,1,1,0.73,0.999986257365438,0.73810107,1,1,1,1,0,3,0.8226957741747607,0.73,0.999986257365438,0.269986257365438
screen_75f1d7356b7e3372a0ae,460,Cc1cc(O)cc(C)c1C[C@H](N)C(=O)N1Cc2ccccc2C[C@H]1CN=C(N)N,gpcrdb,1,1,0.7981337894336754,0.9991318441373012,0.67041016,1,1,1,1,0,3,0.8225585966069922,0.67041015625,0.9991318441373012,0.32872168788730116
screen_a348bfb43e31186076ad,461,Cc1cc(O)cc(C)c1CC(N)C(=O)N1Cc2ccccc2CC1CN=C(N)N,reinvent,1,1,0.7981337894336754,0.9991318441373012,0.67041016,1,1,1,1,0,3,0.8225585966069922,0.67041015625,0.9991318441373012,0.32872168788730116
screen_63bd48997d2740a0103f,462,O=C(NCc1ccc(F)cc1)N(CCN1[C@@H]2CC[C@H]1C[C@@H](c1cccc(O)c1)C2)CC1CCCCC1,gpcrdb,1,1,0.66,0.9691712039829152,0.8354492,1,1,1,1,0,3,0.8215401409109718,0.66,0.9691712039829152,0.3091712039829152
screen_230ce5b7c0761015c765,463,O=C(Nc1ccc2c(c1)OCO2)N(CCN1[C@@H]2CC[C@H]1C[C@@H](c1cccc(O)c1)C2)CC1CCCCC1,gpcrdb,1,1,0.685,0.999054770061824,0.77890366,1,1,1,1,0,3,0.8209861444067469,0.685,0.999054770061824,0.3140547700618239
screen_25e29a8e94c98baa27d1,464,O=C1[C@H](CCO)CC2=C([C@@H]3Oc4c(O)ccc5c4[C@@]34CCN(CC3CC3)[C@H](C5)[C@]4(O)C2)N1Cc1ccccc1,gpcrdb,1,1,0.7266666666666667,0.9986237496935358,0.73748475,1,1,1,1,0,3,0.8209250564973564,0.7266666666666667,0.9986237496935358,0.27195708302686916
screen_70b0f81eabf65e93a8d6,465,O=C1[C@@H](CCO)CC2=C([C@@H]3Oc4c(O)ccc5c4[C@@]34CCN(CC3CC3)[C@H](C5)[C@]4(O)C2)N1Cc1ccccc1,gpcrdb,1,1,0.7266666666666667,0.9986237496935358,0.73748475,1,1,1,1,0,3,0.8209250564973564,0.7266666666666667,0.9986237496935358,0.27195708302686916
screen_0983980d184f918a5865,466,O=C(O)CCC(=O)N(CCN1[C@@H]2CC[C@H]1C[C@@H](c1cccc(O)c1)C2)CC12CC3CC(CC(C3)C1)C2,gpcrdb,1,1,0.6683333333333333,0.9998064976453537,0.79248047,1,1,1,1,0,3,0.820206766576229,0.6683333333333333,0.9998064976453537,0.33147316431202034
screen_b0e5a67fc264a28badc3,467,O=C([C@@H](O)Cc1ccccc1)N(CCN1[C@@H]2CC[C@H]1C[C@@H](c1cccc(O)c1)C2)CC1CCCCC1,gpcrdb,1,1,0.6783333333333333,0.917685221577884,0.86453503,1,1,1,1,0,3,0.8201845295380226,0.6783333333333333,0.917685221577884,0.23935188824455067
screen_58d12880b5addb45ee23,468,COC[C@@H]1Cc2ccccc2CN1C(=O)[C@@H](N)Cc1c(C)cc(O)cc1C,gpcrdb,1,1,0.854800456100342,0.995163169897302,0.61050063,1,1,1,1,0,3,0.8201547532380756,0.6105006337165833,0.995163169897302,0.3846625361807188
screen_c6f7b7b6bccb95e98350,469,CC1CN(CC(Cc2ccccc2)C(=O)O)CCC1c1cccc(O)c1,reinvent,1,1,0.639613034623218,0.9417829835636242,0.8776083,1,1,1,1,0,3,0.819668105814071,0.639613034623218,0.9417829835636242,0.3021699489404063
screen_aa3dda85a06d5dde243e,470,CC(=O)N(CCN1C2CCC1CC(c1cc(C(N)=O)ccc1F)C2)CC1CC1,reinvent,1,1,0.6516666666666666,0.9994395887934284,0.8076172,1,1,1,1,0,3,0.8195744809866984,0.6516666666666666,0.9994395887934284,0.3477729221267618
screen_eb8a45ad1bec8bacd13b,471,C=C(COc1ccc2c3c1O[C@H]1C(=O)CC[C@@]4(O)[C@@H](C2)N(CC2CC2)CC[C@]314)C(=O)OC,gpcrdb,1,1,0.8283333333333334,0.9986322452815337,0.63134766,1,1,1,1,0,3,0.8194377449549557,0.63134765625,0.9986322452815337,0.3672845890315337
screen_1f9719a0c3c059e921ea,472,Oc1ccc2c(c1)[C@]13CCC[C@H](C1)N(CCc1ccccc1)C[C@@H]3O2,gpcrdb,1,1,0.66,0.999936596440246,0.7939453,1,1,1,1,0,3,0.8179606363134154,0.66,0.999936596440246,0.339936596440246
screen_0621efff2aa3f3ccf4a4,473,O=C(O)C(O)CC(=O)N(CCN1[C@@H]2CC[C@H]1C[C@@H](c1cccc(O)c1)C2)Cc1cccc(F)c1,gpcrdb,1,1,0.655,0.999543101012304,0.79892564,1,1,1,1,0,3,0.8178229130703856,0.655,0.999543101012304,0.344543101012304
screen_c8181023bf03ef69e3f7,474,O=C(C=Cc1ccc(C(F)(F)F)cc1F)NC12CCC(=O)C3Oc4c(O)ccc5c4C31CCN(CC1CC1)C2C5,reinvent,1,1,0.7933333333333333,0.8867250379374114,0.77285486,1,1,1,1,0,3,0.8176377452893551,0.7728548645973206,0.8867250379374114,0.11387017334009086
screen_7169728a71aa410a5926,475,CC(C)(C)OC12CCC(=O)C3Oc4c(O)ccc5c4C31CCN(CC1CC1)C2C5,reinvent,1,1,0.8683333333333333,0.9986734852248825,0.5854492,1,1,1,1,0,3,0.8174853457694052,0.58544921875,0.9986734852248825,0.41322426647488253
screen_109079137f3f7d1050b8,476,O=C1CCC2(O)C3Cc4ccc(O)c5c4C2(CCN3CC2CCC2)C1O5,reinvent,1,3,0.81,0.9997170776619481,0.63833946,1,1,1,1,0,3,0.8160188458526786,0.6383394598960876,0.9997170776619481,0.3613776177658604
screen_c7ffd83f2eb7eb33ab3c,477,O=C(O)CC(=O)N(CCN1[C@@H]2CC[C@H]1C[C@@H](c1cccc(O)c1)C2)Cc1c(F)cccc1F,gpcrdb,1,1,0.6716666666666666,0.9957322065096167,0.77783203,1,1,1,1,0,3,0.8150769681420944,0.6716666666666666,0.9957322065096167,0.32406553984295006
screen_6e97f5bde91d049514ee,478,O=C(C1CCCCC1)N(CCN1[C@@H]2CC[C@H]1C[C@@H](c1cccc(O)c1)C2)CC1CCCCC1,gpcrdb,1,1,0.6966666666666667,0.9062811659891318,0.84092295,1,1,1,1,0,3,0.8146235947847006,0.6966666666666667,0.9062811659891318,0.20961449932246512
screen_24a70e4a6860b8d8c349,479,O=C(O)c1ccc2c3c([nH]c2c1)[C@@H]1Oc2c(O)ccc4c2[C@@]12CCN(CC1CC1)[C@H](C4)[C@]2(O)C3,gpcrdb,1,1,0.7783333333333333,0.9983423430153697,0.6665039,1,1,1,1,0,3,0.8143931941995678,0.66650390625,0.9983423430153697,0.3318384367653697
screen_2ce9def9f6a190c81731,480,Cc1cc(NC(=O)C2=C(O)[C@@H]3Oc4c(O)ccc5c4[C@@]34CCN(CC3CC3)[C@H](C5)[C@]4(O)C2)on1,gpcrdb,1,1,0.745,0.9962298155959501,0.70166016,1,1,1,1,0,3,0.8142966572819835,0.70166015625,0.9962298155959501,0.29456965934595014
screen_9fac1ffdafd9216a8295,481,CC(C)CC(=O)N(CCN1[C@@H]2CC[C@H]1C[C@@H](c1cccc(O)c1)C2)Cc1c(F)cccc1F,gpcrdb,1,1,0.6716666666666666,0.9886000688832505,0.77988034,1,1,1,1,0,3,0.8133823601392077,0.6716666666666666,0.9886000688832505,0.31693340221658384
screen_830351d4949d576daee9,482,CS(=O)(=O)CC(=O)N(CCN1[C@@H]2CC[C@H]1C[C@@H](c1cccc(O)c1)C2)Cc1cccc(F)c1,gpcrdb,1,1,0.6490130403715613,0.9807406360703561,0.81034905,1,1,1,1,0,3,0.8133675745419694,0.6490130403715613,0.9807406360703561,0.33172759569879484
screen_492fb8935b47bdbb04d1,483,COc1ccccc1C=CC(=O)NCC1CC23CCC1(OC)C1Oc4c(OC)ccc5c4C12CCN(C)C3C5,gpcrdb,1,1,0.6666666666666666,0.9608873179822967,0.81093615,1,1,1,1,0,3,0.8128300458613303,0.6666666666666666,0.9608873179822967,0.29422065131563
screen_8aee081488961ee6d402,484,COc1ccccc1/C=C/C(=O)NC[C@H]1C[C@@]23CC[C@@]1(OC)[C@@H]1Oc4c(OC)ccc5c4[C@@]12CCN(C)[C@@H]3C5,gpcrdb,1,1,0.6666666666666666,0.9608873179822967,0.81093615,1,1,1,1,0,3,0.8128300458613303,0.6666666666666666,0.9608873179822967,0.29422065131563
screen_d3b7baa2135c3c95a4d8,485,COC(=O)CCC(=O)N(CCN1[C@@H]2CC[C@H]1C[C@@H](c1cccc(O)c1)C2)Cc1ccccc1,gpcrdb,1,1,0.6466666666666666,0.9987010205870854,0.79296875,1,1,1,1,0,3,0.8127788124179173,0.6466666666666666,0.9987010205870854,0.3520343539204188
screen_904b9467d146192e6de6,486,NC(=O)c1cccc(C2CCN(C3CCC(NC(=O)c4ccc(Cl)cc4)CC3)CC2)c1,reinvent,1,1,0.6629463679565514,0.991834126980974,0.7803687,1,1,1,1,0,3,0.8117163935532922,0.6629463679565514,0.991834126980974,0.3288877590244226
screen_8f8d4fb22af6c7b4cfea,487,Cc1cc(O)cc(C)c1C[C@H](N)C(=O)N1Cc2ccccc2C[C@H]1C(=O)NC(C)(C)C,gpcrdb,1,1,0.7166666666666667,0.9988720978362178,0.7185746,1,1,1,1,0,3,0.8113711160111036,0.7166666666666667,0.9988720978362178,0.2822054311695511
screen_f94cf5722de2bfbd27d5,488,C=CCN1CCC23c4c5ccc(O)c4OC2C(NC(=O)C=Cc2ccc(Cl)cc2)CCC3(O)C1C5,reinvent,1,1,0.6066666666666667,0.9981045476234744,0.82529604,1,1,1,1,0,3,0.8100224195466038,0.6066666666666667,0.9981045476234744,0.39143788095680776
screen_a085545704d536b850c4,489,CN1CCC23c4c5ccc(OCCN6CCOCC6)c4OC2C(O)C=CC3C1C5,reinvent,1,1,0.665,0.9999642515338846,0.76357865,1,1,1,1,0,3,0.809514301623152,0.665,0.9999642515338846,0.33496425153388454
screen_20bec93705f628565f6b,490,Oc1ccc2c3c1O[C@H]1c4[nH]c5c(F)cccc5c4C[C@@]4(O)[C@@H](C2)N(CC2CC2)CC[C@]314,gpcrdb,1,1,0.815,0.9985989320492911,0.61459607,1,1,1,1,0,3,0.8093983336361305,0.6145960688591003,0.9985989320492911,0.3840028631901907
screen_5945219671147bca7298,491,CC(C)[C@@H](CN1CC[C@@](C)(c2cccc(O)c2)[C@@H](C)C1)NC(=O)[C@H]1Cc2ccc(O)cc2CN1CCF,gpcrdb,1,1,0.7066666666666667,0.9978444899911706,0.7236328,1,1,1,1,0,3,0.8093813230526123,0.7066666666666667,0.9978444899911706,0.2911778233245039
screen_80b38b7b5cfe631847a0,492,COc1c(C(N)=O)ccc2c1[C@]13CCN(CC4CC4)[C@H](C2)[C@]1(O)CCC(=O)C3,gpcrdb,1,1,0.7427595818100658,0.9987612823825892,0.68652344,1,1,1,1,0,3,0.8093481005642184,0.6865234375,0.9987612823825892,0.3122378448825892
screen_cbe81bf03db92c6de8bc,493,C[C@@H](O)[C@@H]1NC(=O)[C@H](CCCCN)NC(=O)[C@H](Cc2c[nH]c3ccccc23)NC(=O)[C@H](Cc2ccc(O)cc2)NC(=O)[C@@H](NC(=O)[C@H](N)Cc2ccccc2)CSSC(C)(C)[C@@H](C(N)=O)NC1=O,gpcrdb,1,1,0.6429497623896809,0.8988312340027388,0.88579625,1,1,1,1,0,3,0.8091924151017437,0.6429497623896809,0.8988312340027388,0.25588147161305785
screen_8e0a43100171427ebc03,494,O=C(O)CC(=O)N(CCN1[C@@H]2CC[C@H]1C[C@@H](c1cccc(O)c1)C2)Cc1cccc(F)c1,gpcrdb,1,1,0.6516666666666666,0.9974132277670581,0.77646196,1,1,1,1,0,3,0.8085139511063059,0.6516666666666666,0.9974132277670581,0.3457465611003915
screen_77f9805825b6e78e8164,495,O=C(Nc1ccccn1)C1=C(O)[C@@H]2Oc3c(O)ccc4c3[C@@]23CCN(CC2CC2)[C@H](C4)[C@]3(O)C1,gpcrdb,1,1,0.775,0.9997514435378867,0.64974374,1,1,1,1,0,3,0.8081650597760465,0.6497437357902527,0.9997514435378867,0.350007707747634
screen_73a92b8ea50779f5dbbf,496,N#Cc1ccc(/C=C2\C[C@@]3(O)[C@H]4Cc5ccc(O)c6c5[C@@]3(CCN4CC3CC3)[C@@H](O6)C2=O)cc1,gpcrdb,1,1,0.8133333333333334,0.9649436773217228,0.6453503,1,1,1,1,0,3,0.8078757626929717,0.6453502774238586,0.9649436773217228,0.31959339989786417
screen_f54cc67dcb92ea87caa1,497,NC(=O)c1ccc(Oc2ccc(CNCCc3ccccc3)cc2)cc1,gpcrdb,1,1,0.7066666666666667,0.9981469367407191,0.7161338,1,1,1,1,0,3,0.8069824589114197,0.7066666666666667,0.9981469367407191,0.2914802700740524
screen_ac95771e946c4c5bdf45,498,Cc1cc(O)cc(C)c1C[C@H](N)C(=O)N1Cc2ccccc2C[C@H]1CN,gpcrdb,1,1,0.7964671227670088,0.9895317948023188,0.6328125,1,1,1,1,0,3,0.8062704725231091,0.6328125,0.9895317948023188,0.3567192948023188
screen_a455310fee3148485ee1,499,NC(=O)c1ccc2c(c1)C13CCCCC1(O)C(C2)N(CC1CCC1)CC3,gpcrdb;reinvent,2,2,0.7177976609986569,0.9998906238831583,0.69970703,1,1,1,1,0,3,0.8057984387106051,0.69970703125,0.9998906238831583,0.3001835926331583
screen_fa480627f7a5fef21c5b,500,CC(C)[C@@H](CN1CC[C@@](C)(c2cccc(O)c2)[C@@H](C)C1)NC(=O)[C@H]1Cc2ccc(O)cc2CN1C,gpcrdb,1,1,0.72,0.9702183762140021,0.72673994,1,1,1,1,0,3,0.8056527730804994,0.72,0.9702183762140021,0.2502183762140021
screen_e723e4d129472cb300c0,501,CC(=O)OCC(=O)N(CCN1[C@@H]2CC[C@H]1C[C@@H](c1cccc(O)c1)C2)Cc1ccccc1,gpcrdb,1,1,0.6533333333333333,0.9957562809308189,0.762114,1,1,1,1,0,3,0.8037345342212193,0.6533333333333333,0.9957562809308189,0.3424229475974856
screen_fa54144707b2c4010719,502,COc1ccc2c3c1O[C@H]1[C@]4(OC)CC[C@@]5(C[C@@H]4CNC(=O)/C=C/c4ccccc4Cl)[C@@H](C2)N(C)CC[C@]315,gpcrdb,1,1,0.65,0.9931878760060416,0.7640669,1,1,1,1,0,3,0.8024182503289894,0.65,0.9931878760060416,0.3431878760060416
screen_fc4260fc9771447a5ef4,503,COc1ccc2c3c1OC1C4(OC)CCC5(CC4CNC(=O)C=Cc4ccccc4Cl)C(C2)N(C)CCC315,gpcrdb,1,1,0.65,0.9931878760060416,0.7640669,1,1,1,1,0,3,0.8024182503289894,0.65,0.9931878760060416,0.3431878760060416
screen_b137d8492011a00b0afd,504,CC(C)(C)C(=O)N(CCN1C2CCC(c3cccc(O)c3)CC1CC2)C(=O)CO,reinvent,1,1,0.6316666666666667,0.9991337053684669,0.77558,1,1,1,1,0,3,0.802126786997195,0.6316666666666667,0.9991337053684669,0.3674670387018002
screen_e6d7880962b1b09fc5f4,505,O=C(O)CCC(=O)N(CCN1[C@@H]2CC[C@H]1C[C@@H](c1cccc(O)c1)C2)Cc1ccccc1,gpcrdb,1,1,0.65,0.9993236534828501,0.7552789,1,1,1,1,0,3,0.8015341796157941,0.65,0.9993236534828501,0.3493236534828501
screen_a6e7f11b1d52f4ceac0a,506,NC(=O)c1ccnc(Oc2ccc(CCNCc3ccccc3)cc2)c1,gpcrdb,1,1,0.6966666666666667,0.9996304112671645,0.7081807,1,1,1,1,0,3,0.8014926011694415,0.6966666666666667,0.9996304112671645,0.3029637446004978
screen_41fc0e6efd4bff7dcc8b,507,Cc1n[nH]c2c1C[C@@]1(O)[C@H]3Cc4ccc(O)c5c4[C@@]1(CCN3CC1CC1)[C@H]2O5,gpcrdb,1,1,0.7833333333333333,0.9914013666522086,0.62841797,1,1,1,1,0,3,0.801050889578514,0.62841796875,0.9914013666522086,0.36298339790220857
screen_b4c2aa746c1ac98113d5,508,O=C(NC12CCC(=O)C3Oc4c(O)ccc5c4C31CCN(CC1CC1)C2C5)c1ccc(F)cc1,reinvent,1,1,0.7933333333333333,0.9991255818756744,0.60824996,1,1,1,1,0,3,0.8002362925129575,0.6082499623298645,0.9991255818756744,0.39087561954580985
screen_bcbe53e4d31f6dd68b6d,509,CC1CC2(O)C3Cc4ccc(O)c5c4C2(CCN3CC2CC2)[C@@H](O5)C1=O,gpcrdb,1,1,0.8125217790004584,0.9997612653902961,0.5880342,1,1,1,1,0,3,0.8001057523266728,0.5880342125892639,0.9997612653902961,0.41172705280103217
screen_a6851c1a74b06134c670,510,CC(=O)N1CC[C@]23c4c5ccc(O)c4O[C@H]2c2[nH]c4c(c2C[C@@]3(O)[C@H]1C5)C[C@@]1(O)[C@H]2Cc3ccc(O)c5c3[C@@]1(CCN2CC1CC1)[C@H]4O5,gpcrdb,1,1,0.8008597701149425,0.9766966132375796,0.6219185,1,1,1,1,0,3,0.7998249609407596,0.6219184994697571,0.9766966132375796,0.35477811376782253
screen_c368337a5cd65cb23627,511,Oc1ccc2c3c1O[C@H]1c4sc5c(c4C[C@@]4(O)[C@@H](C2)N(CC2CC2)CC[C@]314)C[C@@]1(O)[C@H]2Cc3ccc(O)c4c3[C@@]1(CCN2CC1CC1)[C@H]5O4,gpcrdb,1,1,0.8466666666666667,0.9999146528954325,0.5514042,1,1,1,1,0,3,0.7993284992348823,0.5514041781425476,0.9999146528954325,0.44851047475288486
screen_554cf212d2aebb207c4e,512,O=C1/C(=C/c2ccc(F)cc2)C[C@@]2(O)[C@H]3Cc4ccc(O)c5c4[C@@]2(CCN3CC2CC2)[C@H]1O5,gpcrdb,1,1,0.755,0.9976475880253475,0.64517707,1,1,1,1,0,3,0.7992748847838295,0.6451770663261414,0.9976475880253475,0.3524705216992061
screen_218d26592194449e0e8f,513,COC12CCC3(CC1CNC(=O)C=Cc1ccccc1C)C1Cc4ccc(O)c5c4C3(CCN1C)C2O5,gpcrdb,1,1,0.5983333333333334,0.9995741354802908,0.7999023,1,1,1,1,0,3,0.7992699295739221,0.5983333333333334,0.9995741354802908,0.40124080214695745
screen_c214fd554c6378ed2ded,514,CO[C@@]12CC[C@@]3(C[C@@H]1CNC(=O)/C=C/c1ccccc1C)[C@H]1Cc4ccc(O)c5c4[C@@]3(CCN1C)[C@H]2O5,gpcrdb,1,1,0.5983333333333334,0.9995741354802908,0.7999023,1,1,1,1,0,3,0.7992699295739221,0.5983333333333334,0.9995741354802908,0.40124080214695745
screen_3208703344f5a1afefa8,515,CC(C)NC(=O)C1C[C@@]2(O)[C@H]3Cc4ccc(O)c5c4[C@@]2(CCN3CC2CC2)[C@@H](O5)C1=O,gpcrdb,1,1,0.7704664497404449,0.9992670778439503,0.6279297,1,1,1,1,0,3,0.7992210716947984,0.6279296875,0.9992670778439503,0.3713373903439503
screen_5e79a43242a1e6404865,516,CC(C)[C@@H](CN1CC[C@@](C)(c2cccc(O)c2)[C@@H](C)C1)NC(=O)[C@H]1Cc2ccc(O)cc2CN1C(=O)CN(C)C,gpcrdb,1,1,0.7133333333333334,0.9092733714774889,0.77441406,1,1,1,1,0,3,0.7990069224369408,0.7133333333333334,0.9092733714774889,0.1959400381441555
screen_5811d8051fb1ddfb196a,517,CC(C)CC(=O)N(CCN1[C@@H]2CC[C@H]1C[C@@H](c1cccc(O)c1)C2)Cc1cccc(F)c1,gpcrdb,1,1,0.65,0.9871124547052451,0.75878906,1,1,1,1,0,3,0.798633839068415,0.65,0.9871124547052451,0.3371124547052451
screen_1d0c5c93ed652fcfa0d3,518,O=C(O)c1cccc2c3c([nH]c12)[C@@H]1Oc2c(O)ccc4c2C12CCN(CC1CC1)C(C4)[C@]2(O)C3,gpcrdb,1,1,0.8595977596741344,0.9984953048245626,0.53724056,1,1,1,1,0,3,0.7984445431072826,0.5372405648231506,0.9984953048245626,0.461254740001412
screen_a104b306c2f5feaea3be,519,O=C(N(CCN1[C@@H]2CC[C@H]1C[C@@H](c1cccc(O)c1)C2)CC1CCCCC1)C1(O)CC1,gpcrdb,1,1,0.6516666666666666,0.9960578142856183,0.74591166,1,1,1,1,0,3,0.797878712920832,0.6516666666666666,0.9960578142856183,0.34439114761895173
screen_cccdbefb37d032594dfa,520,O=C(O)c1ccc2c3c([nH]c2c1Cl)[C@@H]1Oc2c(O)ccc4c2[C@@]12CCN(CC1CC1)[C@H](C4)[C@]2(O)C3,gpcrdb,1,1,0.7877023726832061,0.9914824424228713,0.61343104,1,1,1,1,0,3,0.7975386171927993,0.6134310364723206,0.9914824424228713,0.37805140595055076
screen_c0bdbaeaab75fe1d4a00,521,Cc1cc(C)cc(C2CCCN2Cc2ccc(Oc3ccc(C(N)=O)cc3F)c(Cl)c2)c1,gpcrdb,1,1,0.6533333333333333,0.9791559951022429,0.7557671,1,1,1,1,0,3,0.7960854784818213,0.6533333333333333,0.9791559951022429,0.3258226617689096
screen_c9c6a218d2e59ca771fb,522,O=C(O)CCC(=O)N(CCN1[C@@H]2CC[C@H]1C[C@@H](c1cccc(O)c1)C2)Cc1c(F)cccc1F,gpcrdb,1,1,0.6583333333333333,0.9880019552203096,0.7402344,1,1,1,1,0,3,0.7955232211845477,0.6583333333333333,0.9880019552203096,0.3296686218869763
screen_42588c4a6e918b516d9d,523,Cc1cc(O)cc(C)c1C[C@H](N)C(=O)N1Cc2ccccc2C[C@H]1C/N=C(/S)NC(C)(C)C,gpcrdb,1,1,0.8348004561003421,0.9176794474392085,0.63378906,1,1,1,1,0,3,0.7954229886798503,0.6337890625,0.9176794474392085,0.2838903849392085
screen_cdfc62a7a9aae346ef93,524,NC(=O)c1cccc(C2CC3CCC(C2)N3CCc2ccccc2)c1,reinvent,1,1,0.865,0.5626902696508913,0.9580371,1,1,1,1,0,3,0.7952424493438253,0.5626902696508913,0.9580370783805847,0.3953468087296934
screen_1cd120e39a42c6c8f862,525,CNC(=O)c1ccc(Oc2ccc(CNCCc3ccccc3)cc2)nc1,gpcrdb,1,1,0.595,0.939041353537906,0.8497131,1,1,1,1,0,3,0.7945848135399384,0.595,0.939041353537906,0.344041353537906
screen_717d217e7fc5061cad75,526,NC(=O)c1ccc(Oc2ccc3c(c2)CN(Cc2ccccc2)C3)nc1,gpcrdb,1,1,0.6633333333333333,0.9886076223605775,0.7290039,1,1,1,1,0,3,0.793648287314637,0.6633333333333333,0.9886076223605775,0.3252742890272442
screen_bfe74aab16e0caff0cbe,527,COc1ccc2c3c1OC1C4(OC)CCC5(CC4CNCC=Cc4ccccc4)C(C2)N(C)CCC315,gpcrdb,1,1,0.6166666666666667,0.8610221155011097,0.9026192,1,1,1,1,0,3,0.7934359884104278,0.6166666666666667,0.9026191830635071,0.2859525163968404
screen_de4538eb1a374fe89ba3,528,COc1ccc2c3c1O[C@H]1[C@]4(OC)CC[C@@]5(C[C@@H]4CNC/C=C/c4ccccc4)[C@@H](C2)N(C)CC[C@]315,gpcrdb,1,1,0.6166666666666667,0.8610221155011097,0.9026192,1,1,1,1,0,3,0.7934359884104278,0.6166666666666667,0.9026191830635071,0.2859525163968404
screen_730dda59d328308f4dfb,529,COCCNC(=O)C(Cc1ccccc1)CN1CCC(c2cccc(O)c2)C(C)C1,reinvent,1,1,0.6533333333333333,0.9460360548493968,0.7806664,1,1,1,1,0,3,0.7933452663685782,0.6533333333333333,0.9460360548493968,0.29270272151606347
screen_46de37e98c39b9016e46,530,NC(=O)c1cccc(C2C[C@H]3CC[C@H](C2)N3Cc2c(F)cccc2F)c1,gpcrdb,1,1,0.8512797012898846,0.6590656726446129,0.8696289,1,1,1,1,0,3,0.7933247600614992,0.6590656726446129,0.86962890625,0.2105632336053871
screen_4d05a2e512b155b2fc13,531,COCC(C)(C)NC(=O)C1C[C@@]2(O)[C@H]3Cc4ccc(O)c5c4[C@@]2(CCN3CC2CC2)[C@@H](O5)C1=O,gpcrdb,1,1,0.7875217790004585,0.9953426924395615,0.5965341,1,1,1,1,0,3,0.7931328482642779,0.5965340733528137,0.9953426924395615,0.3988086190867478
screen_9118912bf6a3d56151ea,532,O=C(C1CCCC1)N(CCN1[C@@H]2CC[C@H]1C[C@@H](c1cccc(O)c1)C2)CC1CCCCC1,gpcrdb,1,1,0.6966666666666667,0.8404956439745885,0.84092295,1,1,1,1,0,3,0.7926950874465195,0.6966666666666667,0.8409229516983032,0.14425628503163657
screen_0544db20003e71ac32a1,533,Cc1[nH]c2c(c1C)C[C@@]1(O)C3Cc4ccc(O)c5c4C1(CCN3CC1CC1)[C@H]2O5,gpcrdb,1,1,0.8483333333333334,0.8895136706192676,0.6333008,1,1,1,1,0,3,0.7903825950675336,0.63330078125,0.8895136706192676,0.25621288936926756
screen_b34c494d33f911c09922,534,O=C(NNC12CCC(=O)C3Oc4c(O)ccc5c4C31CCN(CC1CC1)C2C5)c1ccncc1,reinvent,1,1,0.7416666666666667,0.9947920272690678,0.62710625,1,1,1,1,0,3,0.7878549810893875,0.627106249332428,0.9947920272690678,0.3676857779366398
screen_acf08fc16f718e43ee1c,535,O=C(CO)NC12CCC(=O)C3Oc4c(O)ccc5c4C31CCN(CC1CC1)C2C5,reinvent,1,1,0.7733333333333333,0.9373862779926149,0.6525031,1,1,1,1,0,3,0.7877408948471443,0.6525030732154846,0.9373862779926149,0.28488320477713025
screen_be606c5b55c84a1036c1,536,O=C1/C(=C/c2ccc(Br)cc2)C[C@@]2(O)[C@H]3Cc4ccc(O)c5c4[C@@]2(CCN3CC2CC2)[C@H]1O5,gpcrdb,1,1,0.7483333333333333,0.9767313882836871,0.63427734,1,1,1,1,0,3,0.7864473551223402,0.63427734375,0.9767313882836871,0.3424540445336871
screen_aee823b6bc1ccb5ac125,537,CCOC(=O)C(CN1CC[C@@](C)(c2cccc(O)c2)[C@@H](C)C1)OC(=O)[C@H]1Cc2ccc(O)cc2CN1,gpcrdb,1,1,0.7033333333333334,0.9886024363917162,0.6671551,1,1,1,1,0,3,0.7863636189064068,0.6671550869941711,0.9886024363917162,0.32144734939754505
screen_284f2ca40cc560e347d6,538,CCc1cc(F)c2nc(N3CCC(N[C@@H]4CCOC4)CC3)c(-c3nc(C)no3)c(C)c2c1,gpcrdb,1,1,0.65,0.9687776395615922,0.73810107,1,1,1,1,0,3,0.785626234906812,0.65,0.9687776395615922,0.3187776395615922
screen_d695b568b7de3c5e0e8e,539,CCc1cc(F)c2nc(N3CCC(N[C@H]4CCOC4)CC3)c(-c3nc(C)no3)c(C)c2c1,gpcrdb,1,1,0.65,0.9687776395615922,0.73810107,1,1,1,1,0,3,0.785626234906812,0.65,0.9687776395615922,0.3187776395615922
screen_9765251474928a057b6f,540,O=C1/C(=C/c2ccccc2F)C[C@@]2(O)[C@H]3Cc4ccc(O)c5c4[C@@]2(CCN3CC2CC2)[C@H]1O5,gpcrdb,1,1,0.7914639253759757,0.9999755992208487,0.5650794,1,1,1,1,0,3,0.7855063051998264,0.565079391002655,0.9999755992208487,0.43489620821819364
screen_80a395a0eacd6fba8d7d,541,CCCCOc1cccc2c1[C@]13CCN(CC4CC4)[C@H](C2)[C@]1(OC)CCC(=O)C3,gpcrdb,1,1,0.6733333333333333,0.9999397700964785,0.68310547,1,1,1,1,0,3,0.7854595240599372,0.6733333333333333,0.9999397700964785,0.32660643676314516
screen_851de88735b122f98cc2,542,CC(=O)N(CCN1[C@@H]2CC[C@H]1C[C@@H](c1cccc(O)c1)C2)Cc1c(F)cccc1F,gpcrdb,1,1,0.6723463737048946,0.9297828663404717,0.7517696,1,1,1,1,0,3,0.7846329474480344,0.6723463737048946,0.9297828663404717,0.2574364926355771
screen_0ac3928c9304ee9729bf,543,CC[C@]1(c2cccc(NS(C)(=O)=O)c2)[C@@H]2CN(CC(O)Cc3ccccc3)C[C@@H]21,gpcrdb,1,1,0.595,0.9967594347643924,0.75927734,1,1,1,1,0,3,0.7836789261714641,0.595,0.9967594347643924,0.40175943476439246
screen_af35d00b63518406b6c4,544,CC[C@]1(c2cccc(NS(C)(=O)=O)c2)[C@@H]2CN(CC3Cc4ccccc4C3O)C[C@@H]21,gpcrdb,1,1,0.5983333333333334,0.9998728355143971,0.7519531,1,1,1,1,0,3,0.7833864312825769,0.5983333333333334,0.9998728355143971,0.4015395021810637
screen_520d048df772f9ccfe2b,545,CC(C)[C@@H](CN1CC[C@@](C)(c2cccc(O)c2)[C@@H](C)C1)NC(=O)[C@H]1Cc2ccc(O)cc2CN1CCCF,gpcrdb,1,1,0.6966666666666667,0.9929631110329237,0.659507,1,1,1,1,0,3,0.7830455847680174,0.6595069766044617,0.9929631110329237,0.333456134428462
screen_8eae22c7fe8eb9d3b46a,546,COC12CCC3(CC1C(C)(O)c1ccsc1)C1Cc4ccc(O)c5c4C3(CCN1CC1CC1)C2O5,reinvent,1,1,0.77,0.9998748792008895,0.5776367,1,1,1,1,0,3,0.7825038659836299,0.57763671875,0.9998748792008895,0.42223816045088947
screen_07456bca8ea616ce1c6b,547,Cc1cc(O)cc(C)c1C[C@H](N)C(=O)N1Cc2ccccc2C[C@@H]1C(=O)NC12C[C@H]3C[C@@H](C1)C[C@@H](C2)C3,gpcrdb,1,1,0.7116666666666667,0.9995861289278571,0.62515265,1,1,1,1,0,3,0.7788018143632645,0.6251526474952698,0.9995861289278571,0.37443348143258737
screen_3d6fd65c7fe4929e07a9,548,Cc1cc(O)cc(C)c1C[C@H](N)C(=O)N1Cc2ccccc2C[C@H]1C(=O)NC12C[C@H]3C[C@@H](C1)C[C@@H](C2)C3,gpcrdb,1,1,0.7116666666666667,0.9995861289278571,0.62515265,1,1,1,1,0,3,0.7788018143632645,0.6251526474952698,0.9995861289278571,0.37443348143258737
screen_939d70249f4c34c8686a,549,COc1cccc2c3c([nH]c12)[C@@H]1Oc2c(O)ccc4c2[C@@]12CCN(CC1CC1)[C@H](C4)[C@]2(O)C3,gpcrdb,1,1,0.805,0.8669069450145721,0.6640625,1,1,1,1,0,3,0.7786564816715241,0.6640625,0.8669069450145721,0.2028444450145721
screen_b69236dac44c8e7c42ec,550,COc1ccc2c3c1O[C@H]1C(=O)/C(=C/c4ccccc4)C[C@@]4(O)[C@@H](C2)N(CC2CC2)CC[C@]314,gpcrdb,1,1,0.6916666666666667,0.9981790445311781,0.64453125,1,1,1,1,0,3,0.7781256537326149,0.64453125,0.9981790445311781,0.3536477945311781
screen_0f69cdff587ba4281260,551,CN1CCC(N(C)CCN2C3CCCC2CC(c2cccc(C(N)=O)c2)C3)CC1,reinvent,1,1,0.8751514469234678,0.5706334527730679,0.88270473,1,1,1,1,0,3,0.7761632114995939,0.5706334527730679,0.8827047348022461,0.3120712820291782
screen_dd6cedf698a8f8dee7a2,552,COc1ccc(/C=C2\C[C@@]3(O)[C@H]4Cc5ccc(O)c6c5[C@@]3(CCN4CC3CC3)[C@@H](O6)C2=O)cc1,gpcrdb,1,1,0.7333333333333333,0.9960937960671212,0.5989749,1,1,1,1,0,3,0.7761340043189402,0.598974883556366,0.9960937960671212,0.39711891251075526
screen_b980eb4d69b315fbe9b6,553,NC(=O)c1ccc(Oc2ccc(CN3CCC(NC(=O)c4ccccc4O)CC3)cc2)nc1,reinvent,1,1,0.657319301503604,0.9636672106598021,0.70703125,1,1,1,1,0,3,0.7760059207211354,0.657319301503604,0.9636672106598021,0.30634790915619814
screen_13c19b98ee0b5c0b0d2a,554,O=S1(=O)Nc2ccccc2N1C1CCN(C2CCc3ccccc3C2)CC1,gpcrdb,1,1,0.6916666666666667,0.9989916157177121,0.63638586,1,1,1,1,0,3,0.7756813801477694,0.6363858580589294,0.9989916157177121,0.36260575765878267
screen_7c6f1dfc6fd1c135a47f,555,Cc1cc(O)cc(C)c1C[C@@H](C(=O)N1Cc2ccccc2C[C@H]1C(=O)NC(C)(C)C)N(C)C,gpcrdb,1,1,0.7066666666666667,0.9697142658040464,0.6503906,1,1,1,1,0,3,0.7755905191569044,0.650390625,0.9697142658040464,0.3193236408040464
screen_255795e759c88e8fb8bd,556,CC(C)NC(=O)C1=C(NS(=O)(=O)c2ccc(Cl)cc2)[C@@H]2Oc3c(O)ccc4c3[C@@]23CCN(CC2CC2)[C@H](C4)[C@]3(O)C1,gpcrdb,1,1,0.7133333333333334,0.96034516463286,0.65185547,1,1,1,1,0,3,0.7751779889053978,0.65185546875,0.96034516463286,0.30848969588286
screen_1aa066ff920db0edf31d,557,Cc1ccc(/C=C/C(=O)N[C@@H]2CC[C@@]3(O)[C@H]4Cc5ccc(O)c6c5C3(CCN4CC3CC3)[C@H]2O6)cc1,gpcrdb,1,1,0.6363238289205703,0.998283970418526,0.6896215,1,1,1,1,0,3,0.7747431024868622,0.6363238289205703,0.998283970418526,0.36196014149795575
screen_ca83c96b782265b7c744,558,CCC(=O)NC1CC2CC(c3cccc(C(N)=O)c3)CC(C1)N2CC1CC1,reinvent,1,1,0.73,0.8244197018983349,0.7694373,1,1,1,1,0,3,0.774619004992723,0.73,0.8244197018983349,0.09441970189833493
screen_995c1c70906e4b839618,559,NC(=O)c1cccc(C2CC3CCC(C2)N3C2CCCCC2)c1,reinvent,1,1,0.7896130346232179,0.707514715971581,0.8256836,1,1,1,1,0,3,0.7742704481149328,0.707514715971581,0.82568359375,0.118168877778419
screen_a0f76ca4543cecdac4aa,560,C[C@H]1CN(CCCc2ccsc2)CC[C@@]1(C)c1cccc(O)c1,gpcrdb,1,1,0.69,0.830015575104077,0.8026364,1,1,1,1,0,3,0.7742173200226888,0.69,0.830015575104077,0.14001557510407703
screen_b303e8dfbf2dcac86593,561,Cc1ccccc1/C=C/C(=O)N[C@@]12CCC(=O)[C@@H]3Oc4c(O)ccc5c4[C@@]31CCN(C)[C@@H]2C5,gpcrdb,1,1,0.6316666666666667,0.9992700472289948,0.69091797,1,1,1,1,0,3,0.7739515608818873,0.6316666666666667,0.9992700472289948,0.3676033805623281
screen_a6b19797226e981a569b,562,O=C([C@@H](O)c1ccccc1)N(CCN1[C@@H]2CC[C@H]1C[C@@H](c1cccc(O)c1)C2)CC1CCCCC1,gpcrdb,1,1,0.6933333333333334,0.8276089481096823,0.80029297,1,1,1,1,0,3,0.7737450833976719,0.6933333333333334,0.8276089481096823,0.13427561477634897
screen_38adf418e039923f773f,563,C[C@H]1CN(CCC(=O)N[C@@H](CCc2ccccc2)C(=O)O)CC[C@@]1(C)c1cccc(O)c1,gpcrdb,1,1,0.6583333333333333,0.9847125723407233,0.6767578,1,1,1,1,0,3,0.7732679060580189,0.6583333333333333,0.9847125723407233,0.32637923900738997
screen_eb21ca8eab9cffbd6339,564,CC1CN(CCC(=O)NC(CCc2ccccc2)C(=O)O)CCC1(C)c1cccc(O)c1,gpcrdb,1,1,0.6583333333333333,0.9847125723407233,0.6767578,1,1,1,1,0,3,0.7732679060580189,0.6583333333333333,0.9847125723407233,0.32637923900738997
screen_42b42fc8dd6830a3f49d,565,Cc1cccc(C(=O)NC23CCC(=O)C4Oc5c(O)ccc6c5C42CCN(CC2CC2)C3C6)c1,reinvent,1,1,0.7366666666666667,0.9839758490543955,0.5989749,1,1,1,1,0,3,0.7732057997591427,0.598974883556366,0.9839758490543955,0.38500096549802953
screen_c553773e929d6e6c1dcf,566,CS(=O)(=O)CC(=O)N(CCN1[C@@H]2CC[C@H]1C[C@@H](c1cccc(O)c1)C2)Cc1c(F)cccc1F,gpcrdb,1,1,0.6690130403715613,0.8296267418070233,0.817094,1,1,1,1,0,3,0.771911270058216,0.6690130403715613,0.8296267418070233,0.16061370143546205
screen_3d6245aed7a399fd1fc0,567,CN1CC[C@@]2(C)c3cc(O)ccc3C[C@@H]1C2(C)CCC(=O)CCC1CCCC1,gpcrdb,1,1,0.6998015194681861,0.9998494747937289,0.61279297,1,1,1,1,0,3,0.770814654337305,0.61279296875,0.9998494747937289,0.3870565060437289
screen_5736900c3809f5b978c4,568,CN1CCC2(C)c3cc(O)ccc3CC1C2(C)CCC(=O)CCC1CCCC1,gpcrdb,1,1,0.6998015194681861,0.9998494747937289,0.61279297,1,1,1,1,0,3,0.770814654337305,0.61279296875,0.9998494747937289,0.3870565060437289
screen_966aa8f955b0b94dc590,569,O=C(C(O)CCc1ccccc1)N(CCN1[C@@H]2CC[C@H]1C[C@@H](c1cccc(O)c1)C2)CC1CCCCC1,gpcrdb,1,1,0.675,0.7660601133793639,0.87109375,1,1,1,1,0,3,0.770717954459788,0.675,0.87109375,0.19609374999999996
screen_f030fee67fe51e024774,570,O=C([C@H](O)CCc1ccccc1)N(CCN1[C@@H]2CC[C@H]1C[C@@H](c1cccc(O)c1)C2)CC1CCCCC1,gpcrdb,1,1,0.675,0.7660601133793639,0.87109375,1,1,1,1,0,3,0.770717954459788,0.675,0.87109375,0.19609374999999996
screen_70ad417ddaa5e92368ef,571,C=CCN1CC[C@]23c4c5ccc(O)c4O[C@H]2[C@H](NC(=O)c2ccc4ccccc4c2)CC[C@@]3(O)[C@H]1C5,gpcrdb,1,1,0.7333333333333333,0.9987235026811135,0.57910156,1,1,1,1,0,3,0.770386132838149,0.5791015625,0.9987235026811135,0.41962194018111354
screen_94a1bf83b87bb3f7b5b2,572,O=C(NC12CCC(=O)C3Oc4c(O)ccc5c4C31CCN(CC1CC1)C2C5)c1ccccc1F,reinvent,1,1,0.795,0.9993124716689127,0.5151367,1,1,1,1,0,3,0.7698163968063042,0.51513671875,0.9993124716689127,0.4841757529189127
screen_9cf3f3f0222e823636d3,573,Cc1noc(C(C)(C)NC(=O)C2C[C@@]3(O)[C@H]4Cc5ccc(O)c6c5[C@@]3(CCN4CC3CC3)[C@@H](O6)C2=O)n1,gpcrdb,1,1,0.7658551123337918,0.9110406105404173,0.6323242,1,1,1,1,0,3,0.769739980541403,0.63232421875,0.9110406105404173,0.2787163917904173
screen_bfbd4a184c9ebf5ceb52,574,CC(O)C(NC(=O)C(NC(=O)C(NC(=O)C(CCCN=C(N)N)NC(=O)C(Cc1c[nH]c2ccccc12)NC(=O)C(Cc1ccc(O)cc1)NC(=O)C(CS)NC(=O)C(N)Cc1ccccc1)C(C)O)C(C)(C)S)C(=O)O,gpcrdb,1,1,0.5233333333333333,0.9972065739451962,0.7875015,1,1,1,1,0,3,0.7693471404121689,0.5233333333333333,0.9972065739451962,0.47387324061186287
screen_23a36afde3886f5e5b17,575,COc1ccc2c3c1O[C@H]1C(=O)CC[C@@]4(NC(=O)/C=C/c5ccccc5C)[C@@H](C2)N(C)CC[C@]314,gpcrdb,1,1,0.5633333333333334,0.9987383724356792,0.74560547,1,1,1,1,0,3,0.7692257248396709,0.5633333333333334,0.9987383724356792,0.43540503910234585
screen_00c0a241ef7d82b34165,576,C=C(C)CN1CCC23c4c5ccc(O)c4O[C@H]2c2oc4ccccc4c2C[C@@]3(O)C1C5,gpcrdb,1,1,0.6466666666666666,0.9992175990588643,0.6582031,1,1,1,1,0,3,0.7680291302418437,0.6466666666666666,0.9992175990588643,0.3525509323921977
screen_f1d1315a9d04b45506d4,577,CC(C)NC(=O)C1=C(NS(=O)(=O)c2ccc(F)cc2)[C@@H]2Oc3c(O)ccc4c3[C@@]23CCN(CC2CC2)[C@H](C4)[C@]3(O)C1,gpcrdb,1,1,0.745,0.9874447458543969,0.5698242,1,1,1,1,0,3,0.7674229882014657,0.56982421875,0.9874447458543969,0.4176205271043969
screen_914f5136da9418c4aab3,578,NC(=O)c1ccc(Oc2ccc(CN3CCN(C(=O)c4ccccc4)CC3)cc2)nc1,reinvent,1,1,0.7416666666666667,0.8175448270010274,0.74072266,1,1,1,1,0,3,0.7666447166392314,0.74072265625,0.8175448270010274,0.07682217075102737
screen_9b4b9b5045d13377b8e4,579,CCc1cc(F)c2nc(N3CCC(N[C@@H]4CCCOC4)CC3)c(-c3nc(C)no3)c(C)c2c1,gpcrdb,1,1,0.6216666666666667,0.9955920638657751,0.6816406,1,1,1,1,0,3,0.7662997851774805,0.6216666666666667,0.9955920638657751,0.37392539719910844
screen_c554aac8b156bfabfb42,580,CCc1cc(F)c2nc(N3CCC(N[C@H]4CCCOC4)CC3)c(-c3nc(C)no3)c(C)c2c1,gpcrdb,1,1,0.6216666666666667,0.9955920638657751,0.6816406,1,1,1,1,0,3,0.7662997851774805,0.6216666666666667,0.9955920638657751,0.37392539719910844
screen_08d5141ca2f233e7c74d,581,NC(=O)c1ccc2c(c1O)[C@]13CCN(CC4CCC4)[C@H](C2)[C@]1(O)CCC(=O)C3,gpcrdb,1,1,0.7292881521188481,0.995178349701821,0.57421875,1,1,1,1,0,3,0.7662284172735564,0.57421875,0.995178349701821,0.42095959970182095
screen_aac1567fafb6f3825755,582,CC(C)=CCN1CC[C@]23CC(=O)CC[C@@]2(O)[C@H]1Cc1ccc(C(N)=O)c(O)c13,gpcrdb,1,1,0.6402724700488164,0.9769941250992329,0.6813187,1,1,1,1,0,3,0.7661950984872057,0.6402724700488164,0.9769941250992329,0.3367216550504165
screen_42dbd2740c94257f19df,583,Cc1cc(O)cc(C)c1C[C@@H](C(=O)N1Cc2ccccc2C[C@@H]1C(=O)NC12C[C@H]3C[C@@H](C1)C[C@@H](C2)C3)N(C)C,gpcrdb,1,1,0.7033333333333334,0.9989118020012645,0.5950696,1,1,1,1,0,3,0.7657715741884267,0.5950695872306824,0.9989118020012645,0.40384221477058213
screen_e7996e5a089db3a75b8a,584,Cc1cc(O)cc(C)c1C[C@@H](C(=O)N1Cc2ccccc2C[C@H]1C(=O)NC12C[C@H]3C[C@@H](C1)C[C@@H](C2)C3)N(C)C,gpcrdb,1,1,0.7033333333333334,0.9989118020012645,0.5950696,1,1,1,1,0,3,0.7657715741884267,0.5950695872306824,0.9989118020012645,0.40384221477058213
screen_3db8ba10d537d31eb1bc,585,O=C(NCc1ccccc1)N(CCN1[C@@H]2CC[C@H]1C[C@@H](c1cccc(O)c1)C2)CC1CCCCC1,gpcrdb,1,1,0.6516666666666666,0.7914381823885035,0.8540039,1,1,1,1,0,3,0.7657029184350567,0.6516666666666666,0.85400390625,0.20233723958333338
screen_502f4f2942bb9f4e5eff,586,CC(C)(NC(=O)C1C[C@@]2(O)[C@H]3Cc4ccc(O)c5c4[C@@]2(CCN3CC2CC2)[C@@H](O5)C1=O)c1nc(-c2ccccc2)no1,gpcrdb,1,1,0.7275217790004584,0.9663529980995612,0.6028802,1,1,1,1,0,3,0.7655849856606897,0.6028801798820496,0.9663529980995612,0.36347281821751165
screen_76c5dbafcaeec8490983,587,CO[C@@]12CC[C@@]3(C[C@@H]1CNC(=O)/C=C/c1ccccc1)[C@H]1Cc4ccc(O)c5c4[C@@]3(CCN1C)[C@H]2O5,gpcrdb,1,1,0.65,0.8007851345625923,0.84493285,1,1,1,1,0,3,0.7652393295793866,0.65,0.8449328541755676,0.1949328541755676
screen_c4fb56b29ee2f12fc1ed,588,COC12CCC3(CC1CNC(=O)C=Cc1ccccc1)C1Cc4ccc(O)c5c4C3(CCN1C)C2O5,gpcrdb,1,1,0.65,0.8007851345625923,0.84493285,1,1,1,1,0,3,0.7652393295793866,0.65,0.8449328541755676,0.1949328541755676
screen_5598e3a75862b6af273d,589,C[C@]1(c2cccc(NS(C)(=O)=O)c2)[C@@H]2CN(CC3Cc4ccccc4C3)C[C@@H]21,gpcrdb,1,1,0.525,0.9796175774568708,0.79091907,1,1,1,1,0,3,0.7651788809774449,0.525,0.9796175774568708,0.4546175774568708
screen_87e474aee13257c11a95,590,COC12CCC(=O)C3Oc4c(O)ccc5c4C31CCN(CC1CC1)C2C5,reinvent,1,3,0.7566666666666667,0.9997770961389835,0.53466797,1,1,1,1,0,3,0.76370391051855,0.53466796875,0.9997770961389835,0.46510912738898347
screen_0af6af43fead338c474e,591,O=C(Nc1ccccc1)C1C[C@@]2(O)[C@H]3Cc4ccc(O)c5c4[C@@]2(CCN3CC2CC2)[C@@H](O5)C1=O,gpcrdb,1,1,0.773394148314783,0.9621186961627297,0.5488281,1,1,1,1,0,3,0.7614469898258376,0.548828125,0.9621186961627297,0.4132905711627297
screen_0a4359c8cb7af9e535d4,592,C=CCN1CCC23CCCCC2C1Cc1ccc(O)cc13,gpcrdb;reinvent,2,4,0.645,0.9999267285705612,0.63656336,1,1,1,1,0,3,0.7604966964205438,0.6365633606910706,0.9999267285705612,0.36336336787949064
screen_8574fd72ebe3febb7c7a,593,COc1ccc2c3c1OC1C(=O)CCC4(O)C(C2)N(CC2CCC2)CCC314,reinvent,1,1,0.7447723765432098,0.9494095294364545,0.5859375,1,1,1,1,0,3,0.7600398019932214,0.5859375,0.9494095294364545,0.3634720294364545
screen_57e470f91a573bd53edb,594,C=CCN1CC[C@]23c4c5ccc(O)c4O[C@H]2[C@@H](O[C@@H]2O[C@@H](C(=O)O)[C@@H](O)[C@H](O)[C@@H]2O)C=C[C@H]3[C@H]1C5,gpcrdb,1,1,0.675,0.9996495391503999,0.60546875,1,1,1,1,0,3,0.7600394297167999,0.60546875,0.9996495391503999,0.3941807891503999
screen_1dfe6b729664c6783cdf,595,CC(C)[C@@H](CN1CC[C@@](C)(c2cccc(O)c2)[C@@H](C)C1)NC(=O)CCc1ccc(O)cc1,gpcrdb,1,1,0.66,0.8850450148825513,0.73162395,1,1,1,1,0,3,0.7588896541676476,0.66,0.8850450148825513,0.22504501488255124
screen_ed386b95d1610547d8df,596,O=C(CSSCC(=O)N[C@@]12CCC(=O)[C@@H]3Oc4c(O)ccc5c4[C@@]31CCN(CC1CC1)[C@@H]2C5)N[C@@]12CCC(=O)[C@@H]3Oc4c(O)ccc5c4[C@@]31CCN(CC1CC1)[C@@H]2C5,gpcrdb,1,1,0.7783333333333333,0.8785053635962785,0.61816406,1,1,1,1,0,3,0.7583342531432039,0.6181640625,0.8785053635962785,0.2603413010962785
screen_659b4bf97a7429a94895,597,C=C1CC[C@@]2(O)[C@H]3Cc4ccc(C(N)=O)c(O)c4[C@@]2(CCN3CC=C(C)C)C1,gpcrdb,1,1,0.6176397640461616,0.9825288666355617,0.6739927,1,1,1,1,0,3,0.7580537747019828,0.6176397640461616,0.9825288666355617,0.3648891025894001
screen_05802213e4c074297c35,598,CC(C)[C@H]1NC(=O)[C@H](CCCCN)NC(=O)[C@@H]([C@@H](C)O)NC(=O)[C@H](Cc2ccc(O)cc2)NC(=O)[C@@H](NC(=O)[C@H](N)Cc2ccccc2)CSSC(C)(C)[C@H](C(=O)N[C@H](C(N)=O)[C@@H](C)O)NC1=O,gpcrdb,1,1,0.6983333333333334,0.6542184155432812,0.9205225,1,1,1,1,0,3,0.757691419960672,0.6542184155432812,0.9205225110054016,0.2663040954621204
screen_6d68bcfb7301f317a182,599,CC(C)(C)c1ccc(C(=O)NC2CCC3(O)C4Cc5ccc(O)c6c5C3(CCN4CC3CC3)C2O6)cc1,reinvent,1,3,0.6816666666666666,0.9998695877625094,0.59033203,1,1,1,1,0,3,0.7572894285597253,0.59033203125,0.9998695877625094,0.40953755651250945
screen_4ef51b818fe206549b52,600,NC(=O)c1ccc(Oc2ccc(CN3CCC[C@H]3c3cccnc3)cc2)c(Cl)c1,gpcrdb,1,1,0.595,0.99780674727484,0.67871094,1,1,1,1,0,3,0.7571725615916133,0.595,0.99780674727484,0.40280674727484
screen_629987693c446fd3dd97,601,NC(=O)c1ccc(Oc2ccc(CN3CCCC3c3cccnc3)cc2)c(Cl)c1,gpcrdb,1,1,0.595,0.99780674727484,0.67871094,1,1,1,1,0,3,0.7571725615916133,0.595,0.99780674727484,0.40280674727484
screen_6c2003c6ad41bf5edbd1,602,NC(=O)c1ccc(Oc2ccc(CN3CCC[C@@H]3c3cccnc3)cc2)c(Cl)c1,gpcrdb,1,1,0.595,0.99780674727484,0.67871094,1,1,1,1,0,3,0.7571725615916133,0.595,0.99780674727484,0.40280674727484
screen_b2a96e3e14c5558626d5,603,Cc1cc(O)cc(C)c1C[C@H](N)C(=O)N1Cc2ccccc2C[C@H]1CN=[N+]=[N-],gpcrdb,1,1,0.8081337894336754,0.923743991469074,0.53808594,1,1,1,1,0,3,0.7566545728009165,0.5380859375,0.923743991469074,0.38565805396907404
screen_57d0f5e4ca18bfc4f79c,604,COC(=O)C(C)(C)NC(=O)C1C[C@@]2(O)[C@H]3Cc4ccc(O)c5c4[C@@]2(CCN3CC2CC2)[C@@H](O5)C1=O,gpcrdb,1,1,0.7456307718754825,0.96910363084007,0.5551758,1,1,1,1,0,3,0.7566367279885174,0.55517578125,0.96910363084007,0.41392784959007
screen_ccd116f7188eeadde9a4,605,NC(=O)c1ccc(Oc2ccc3c(c2)CCN(Cc2ccccc2)C3)nc1,gpcrdb,1,1,0.64,0.9775456479703054,0.6512082,1,1,1,1,0,3,0.7562512899608965,0.64,0.9775456479703054,0.3375456479703054
screen_1df368c1aed22f1fd61e,606,CC1CN(CCCc2ccccc2)C2CC(NC(=O)C(C)(C)c3ccccc3)CC1(c1cccc(C(N)=O)c1)C2,reinvent,1,1,0.6098465969989282,0.9751763174894239,0.68310547,1,1,1,1,0,3,0.756042794412784,0.6098465969989282,0.9751763174894239,0.3653297204904957
screen_0b9f538b993abaec60a2,607,C[C@@H](O)[C@H](NC(=O)[C@H]1CSSC(C)(C)[C@H](NC(=O)[C@H](N)c2ccccc2)C(=O)N[C@@H](Cc2ccccc2)C(=O)N[C@H](Cc2c[nH]c3ccccc23)C(=O)N[C@@H](CCCCN)C(=O)N[C@H]([C@@H](C)O)C(=O)N1)C(=O)O,gpcrdb,1,1,0.5483333333333333,0.9551025606050189,0.76162577,1,1,1,1,0,3,0.7550205535641675,0.5483333333333333,0.9551025606050189,0.4067692272716855
screen_1a19ad6a96c5634c8185,608,CC(C)OC(=O)CN1Cc2ccccc2N(C2CCN(C3CCC(C(C)C)CC3)CC2)S1(=O)=O,reinvent,1,1,0.7283333333333334,0.9997604759400605,0.5332031,1,1,1,1,0,3,0.753765644757798,0.533203125,0.9997604759400605,0.46655735094006046
screen_8faae8488a409276a8eb,609,O=C1/C(=C/c2ccc(I)cc2)C[C@@]2(O)[C@H]3Cc4ccc(O)c5c4[C@@]2(CCN3CC2CC2)[C@H]1O5,gpcrdb,1,1,0.8116666666666666,0.7833740154792052,0.6614596,1,1,1,1,0,3,0.7521667689710584,0.6614596247673035,0.8116666666666666,0.15020704189936318
screen_6ae936e54defefb988a2,610,O=S1(=O)NCc2ccccc2N1C1CCN(C2CCc3ccccc3C2)CC1,gpcrdb;reinvent,2,2,0.7083333333333334,0.9971095548275319,0.5479854,1,1,1,1,0,3,0.7511427543627954,0.5479853749275208,0.9971095548275319,0.4491241799000112
screen_e8360e87f9d6ef07b48f,611,O=C1/C(=C/c2cccc(F)c2)C[C@@]2(O)[C@H]3Cc4ccc(O)c5c4[C@@]2(CCN3CC2CC2)[C@H]1O5,gpcrdb,1,1,0.72,0.996732479829431,0.5288086,1,1,1,1,0,3,0.7485136911931436,0.52880859375,0.996732479829431,0.46792388607943103
screen_d9ab4710e985c5155eb7,612,CC1CN(CCC(=O)NC(CC2CCCCC2)C(=O)O)CCC1(C)c1cccc(O)c1,gpcrdb,1,1,0.6560497925311203,0.9720664633019098,0.61279297,1,1,1,1,0,3,0.7469697415276766,0.61279296875,0.9720664633019098,0.3592734945519098
screen_ffba9da766627b0cda5c,613,C[C@H]1CN(CCC(=O)N[C@@H](CC2CCCCC2)C(=O)O)CC[C@@]1(C)c1cccc(O)c1,gpcrdb,1,1,0.6560497925311203,0.9720664633019098,0.61279297,1,1,1,1,0,3,0.7469697415276766,0.61279296875,0.9720664633019098,0.3592734945519098
screen_fe3b981150142bf83c0c,614,CC(C)NC(=O)c1ccc(Oc2ccc(CNCCc3ccccc3)cc2)nc1,gpcrdb,1,1,0.5683333333333334,0.7464834027358868,0.9242036,1,1,1,1,0,3,0.7463401035755535,0.5683333333333334,0.9242035746574402,0.35587024132410683
screen_293c252b2816d18df177,615,C[C@H]1CN(CCC(=O)N[C@@H](Cc2ccccc2)C(=O)O)CC[C@@]1(C)c1cccc(O)c1,gpcrdb,1,1,0.7183333333333334,0.7487874715732276,0.77001953,1,1,1,1,0,3,0.7457134453855203,0.7183333333333334,0.77001953125,0.05168619791666662
screen_2f7c7868c543cd384c3a,616,CC1CN(CCC(=O)NC(Cc2ccccc2)C(=O)O)CCC1(C)c1cccc(O)c1,gpcrdb,1,1,0.7183333333333334,0.7487874715732276,0.77001953,1,1,1,1,0,3,0.7457134453855203,0.7183333333333334,0.77001953125,0.05168619791666662
screen_bf5dbaaa85dacec99bb7,617,O=C(CCCCCCCCC(=O)Oc1ccc2c3c1OC1C(O)CCC4(O)C(C2)N(CC2CCC2)CCC314)Oc1ccc2c(c1)C13CCCCC1C(C2)N(CC1CCC1)CC3,gpcrdb,1,1,0.6283333333333333,0.9998312967909968,0.60824996,1,1,1,1,0,3,0.7454715308180649,0.6082499623298645,0.9998312967909968,0.3915813344611323
screen_8face31ded7439ea3f20,618,Cc1cc(O)cc(C)c1C[C@H](N)C(=O)N1Cc2ccccc2C[C@H]1CC(=O)O,gpcrdb,1,1,0.6948004561003421,0.9989149767568481,0.5410156,1,1,1,1,0,3,0.7449103526190634,0.541015625,0.9989149767568481,0.45789935175684815
screen_879b51113ea5bbfa2fa5,619,C=CCN1CCC23c4c5ccc(O)c4O[C@H]2c2ncc(-c4ccc(Cl)cc4)cc2C[C@@]3(O)C1C5,gpcrdb,1,1,0.61,0.994401786897761,0.6298828,1,1,1,1,0,3,0.744761533132587,0.61,0.994401786897761,0.38440178689776106
screen_a91007276eadb833cb20,620,C=CCN1CC[C@]23c4c5ccc(O)c4O[C@H]2c2ncc(-c4ccc(Cl)cc4)cc2C[C@@]3(O)[C@H]1C5,gpcrdb,1,1,0.61,0.994401786897761,0.6298828,1,1,1,1,0,3,0.744761533132587,0.61,0.994401786897761,0.38440178689776106
screen_7775bdb1c62e1d96b8aa,621,Cc1cc(O)cc(C)c1C[C@H](N)C(=O)N1Cc2ccccc2C[C@H]1CNC(=O)C(C)(C)C,gpcrdb,1,1,0.6783333333333333,0.9999684927614251,0.5557998,1,1,1,1,0,3,0.7447005361236373,0.5557997822761536,0.9999684927614251,0.4441687104852715
screen_29d9ad699ab541506acb,622,Cc1cc(O)cc(C)c1CC(N)C(=O)N1Cc2ccccc2CC1CNS(C)(=O)=O,reinvent,1,1,0.6333333333333333,0.9973227125202225,0.5966797,1,1,1,1,0,3,0.7424452444511852,0.5966796875,0.9973227125202225,0.40064302502022253
screen_d548008274bee6fafc9c,623,Cc1nc(N)nc2c1C[C@@]1(O)[C@H]3Cc4ccc(O)c5c4[C@@]1(CCN3CC1CC1)[C@H]2O5,gpcrdb,1,1,0.71,0.9880456425367231,0.52796096,1,1,1,1,0,3,0.7420021995444573,0.5279609560966492,0.9880456425367231,0.46008468644007394
screen_5c2f23ada5d7a6381fba,624,COC12CCC3(CC1C(C)(C)O)C1Cc4ccc(O)c5c4C3(CCN1CC1CC1)C2O5,gpcrdb;reinvent,2,2,0.7216666666666667,0.9998063498912929,0.50402933,1,1,1,1,0,3,0.7418341167164736,0.5040293335914612,0.9998063498912929,0.49577701629983173
screen_e9fc36331a413fae210d,625,CO[C@]12CCC3(C[C@@H]1C(C)(C)O)[C@H]1Cc4ccc(O)c5c4[C@]3(CCN1CC1CC1)[C@@H]2O5,gpcrdb,1,1,0.7216666666666667,0.9998063498912929,0.50402933,1,1,1,1,0,3,0.7418341167164736,0.5040293335914612,0.9998063498912929,0.49577701629983173
screen_3705c76ffe0c2509a9a2,626,Cc1cc(O)cc(C)c1CC(N)C(=O)N1Cc2ccccc2CC1C(N)=O,reinvent,1,2,0.6633333333333333,0.9794228251123102,0.5786133,1,1,1,1,0,3,0.7404564798985479,0.57861328125,0.9794228251123102,0.40080954386231016
screen_c52dea09c5b7ccf4f390,627,Cc1cc(O)cc(C)c1C[C@H](N)C(=O)N1Cc2ccccc2CC1C(N)=O,gpcrdb,1,1,0.6633333333333333,0.9794228251123102,0.5786133,1,1,1,1,0,3,0.7404564798985479,0.57861328125,0.9794228251123102,0.40080954386231016
screen_d27636c0b23b320d09f9,628,Cc1cc(O)cc(C)c1C[C@H](N)C(=O)N1Cc2ccccc2C[C@H]1C(N)=O,gpcrdb,1,1,0.6633333333333333,0.9794228251123102,0.5786133,1,1,1,1,0,3,0.7404564798985479,0.57861328125,0.9794228251123102,0.40080954386231016
screen_edbaa98415ebbc3eafee,629,Cc1cc(O)cc(C)c1C[C@H](N)C(=O)N1Cc2ccccc2C[C@@H]1C(N)=O,gpcrdb,1,1,0.6633333333333333,0.9794228251123102,0.5786133,1,1,1,1,0,3,0.7404564798985479,0.57861328125,0.9794228251123102,0.40080954386231016
screen_d49b02cf280139d638e7,630,CC(C)CN(C(=O)CCN1CCC(C)(c2cccc(O)c2)C(C)C1)C(Cc1ccccc1)C(=O)O,gpcrdb,1,1,0.6966666666666667,0.960134320900274,0.5562882,1,1,1,1,0,3,0.7376963901007946,0.5562881827354431,0.960134320900274,0.40384613816483084
screen_e09171c867e3ae3b2067,631,CC(C)CN(C(=O)CCN1CC[C@@](C)(c2cccc(O)c2)[C@@H](C)C1)[C@@H](Cc1ccccc1)C(=O)O,gpcrdb,1,1,0.6966666666666667,0.960134320900274,0.5562882,1,1,1,1,0,3,0.7376963901007946,0.5562881827354431,0.960134320900274,0.40384613816483084
screen_e190e3ea56550f453545,632,COC(=O)[C@@H]1Cc2ccccc2CN1C(=O)[C@@H](N)Cc1c(C)cc(O)cc1C,gpcrdb,1,1,0.6616666666666666,0.9913335850336702,0.55810547,1,1,1,1,0,3,0.7370352401501122,0.55810546875,0.9913335850336702,0.4332281162836702
screen_fe642a22d8dc18ea91c3,633,COC(=O)C1Cc2ccccc2CN1C(=O)C(N)Cc1c(C)cc(O)cc1C,reinvent,1,1,0.6616666666666666,0.9913335850336702,0.55810547,1,1,1,1,0,3,0.7370352401501122,0.55810546875,0.9913335850336702,0.4332281162836702
screen_c091c04932d8c5d9260d,634,COCCN(CCSc1ccc(Cl)cc1)C(=O)[C@@H]1CCc2cc(OC)c(OC)cc2C1N(C)C,ouroboros,1,1,0.635,0.995725432714373,0.5800781,1,1,1,1,0,3,0.7369345192381243,0.580078125,0.995725432714373,0.41564730771437297
screen_54db5cca7397273c6839,635,NC(=O)c1cccc(C2CC3CC(C2)N(CCc2ccccc2)C3)c1,reinvent,1,1,0.705,0.669220962384559,0.8363237,1,1,1,1,0,3,0.7368482136260196,0.669220962384559,0.8363236784934998,0.16710271610894079
screen_d0938562a296d8e10bf1,636,Cc1cc(O)cc(C)c1CC(N)C(=O)N1Cc2ccccc2CC1CNC(=N)N,reinvent,1,1,0.565,0.9948552112740223,0.6489258,1,1,1,1,0,3,0.7362603308413407,0.565,0.9948552112740223,0.4298552112740224
screen_0c0ccdd09fd409569a8f,637,NC(=O)c1ccc(Oc2ccc3c(c2)CN(Cc2ccccc2)CC3)nc1,gpcrdb,1,1,0.6433333333333333,0.8950554221886897,0.66748047,1,1,1,1,0,3,0.7352897414240077,0.6433333333333333,0.8950554221886897,0.2517220888553564
screen_919dbd15c9ad62209d34,638,CCCCNC(=O)C1C[C@@]2(O)[C@H]3Cc4ccc(O)c5c4[C@@]2(CCN3CC2CC2)[C@@H](O5)C1=O,gpcrdb,1,1,0.6841884456671251,0.9979633840728427,0.52233344,1,1,1,1,0,3,0.7348284243015978,0.5223334431648254,0.9979633840728427,0.47562994090801725
screen_24f8563a18045dbabbb4,639,C[C@H]1CN(CCC(=O)N(CC2CC2)[C@@H](Cc2ccccc2)C(=O)O)CC[C@@]1(C)c1cccc(O)c1,gpcrdb,1,1,0.6416666666666667,0.989901198416488,0.5708008,1,1,1,1,0,3,0.7341228821110516,0.57080078125,0.989901198416488,0.41910041716648805
screen_8d44ccf07e0c9cb3d90b,640,CC1CN(CCC(=O)N(CC2CC2)C(Cc2ccccc2)C(=O)O)CCC1(C)c1cccc(O)c1,gpcrdb,1,1,0.6416666666666667,0.989901198416488,0.5708008,1,1,1,1,0,3,0.7341228821110516,0.57080078125,0.989901198416488,0.41910041716648805
screen_b51f52670d725a06eb75,641,COCCN(C(=O)CC1c2cc(OC)c(OC)cc2CC[C@@H]1N(C)C)c1ccc(Cl)cc1,ouroboros,1,1,0.6233333333333333,0.9985827980183077,0.57910156,1,1,1,1,0,3,0.7336725646172138,0.5791015625,0.9985827980183077,0.41948123551830774
screen_adf3248eedb752cf1f87,642,COc1ccc2c3c1O[C@H]1[C@@]4(OC)CC[C@@]5(C[C@@H]4COCc4ccc(C(N)=O)cc4)[C@@H](C2)[N+](C)(CC2CC2)CC[C@]315,gpcrdb,1,1,0.5616666666666666,0.9605535209432983,0.67822266,1,1,1,1,0,3,0.7334809479533216,0.5616666666666666,0.9605535209432983,0.3988868542766316
screen_31353dbf0333e48dd4f6,643,Cc1cc(O)cc(C)c1C[C@H](N)C(=O)N1Cc2ccccc2C[C@H]1C(=O)N[C@@H](C)C(=O)NC12C[C@H]3C[C@@H](C1)C[C@@H](C2)C3,gpcrdb,1,1,0.6633333333333333,0.9987113022290541,0.5379546,1,1,1,1,0,3,0.7333330880099824,0.5379546284675598,0.9987113022290541,0.4607566737614943
screen_4dd9479b4f6140987a70,644,CC(C)CCCCN1CCCc2cc(Oc3ccc(C(N)=O)cn3)ccc2C1,gpcrdb,1,1,0.54,0.9877160053574942,0.671875,1,1,1,1,0,3,0.7331970017858315,0.54,0.9877160053574942,0.4477160053574941
screen_5650ff59f68b5f31deee,645,C[C@@H](O)[C@H](NC(=O)[C@H]1CSSC[C@H](NC(=O)[C@H](N)Cc2ccc(O)cc2)C(=O)N[C@@H](Cc2ccc(O)cc2)C(=O)N[C@H](Cc2c[nH]c3ccccc23)C(=O)N[C@@H](CCCCN)C(=O)N[C@H]([C@@H](C)O)C(=O)N1)C(=O)O,gpcrdb,1,1,0.5993786246893124,0.812853186782133,0.7871094,1,1,1,1,0,3,0.7331137288238151,0.5993786246893124,0.812853186782133,0.21347456209282067
screen_40345168bbd28889cce7,646,C[C@H]1CN(Cc2cccc(O)c2)CC[C@@]1(C)c1cccc(C(N)=O)c1,gpcrdb,1,1,0.5810565723793677,0.9894452995974061,0.6272883,1,1,1,1,0,3,0.7325967179647819,0.5810565723793677,0.9894452995974061,0.4083887272180384
screen_790533ffe17e23972756,647,Cc1cc(O)cc(C)c1C[C@H](N)C(=O)N1Cc2ccccc2CC1C(=O)NCCN,gpcrdb,1,1,0.66,0.996264566082277,0.5394191,1,1,1,1,0,3,0.7318945602239895,0.5394191145896912,0.996264566082277,0.4568454514925858
screen_96bd0eeef42b512d17f3,648,NC(=O)c1cccc(Oc2ccc(CCNCc3ccccc3)cc2)n1,gpcrdb,1,1,0.5633333333333334,0.9994112693732571,0.63101345,1,1,1,1,0,3,0.7312526852377784,0.5633333333333334,0.9994112693732571,0.43607793603992373
screen_5fd3549a7b9f28c65e05,649,Oc1ccc2c3c1O[C@H]1c4[nH]c5ccc(F)cc5c4C[C@@]4(O)[C@@H](C2)N(CC2CC2)CC[C@]314,gpcrdb,1,1,0.7366666666666667,0.947607031685263,0.5083008,1,1,1,1,0,3,0.73085815986731,0.50830078125,0.947607031685263,0.43930625043526295
screen_8d1c281c978d92634565,650,NC(=O)c1cccnc1Oc1ccc(CCNCc2ccccc2)cc1,gpcrdb,1,1,0.5677277777777777,0.9936324712036139,0.6269531,1,1,1,1,0,3,0.7294377913271305,0.5677277777777777,0.9936324712036139,0.42590469342583614
screen_adacd4edbc833cc64fae,651,COC12CCC3(CC1C(C)(C)O)C1CCc4ccc(O)c5c4C3(CCN1CC1CC1)C2O5,reinvent,1,1,0.6860754705403461,0.9912438722979635,0.5107422,1,1,1,1,0,3,0.7293538434461032,0.5107421875,0.9912438722979635,0.4805016847979635
screen_8fafcf440ef3df40c20e,652,Oc1ccc2c(c1)C13CCCCC1(O)C(C2)N(CC1CC1)CC3,reinvent,1,3,0.6733333333333333,0.999891547842209,0.51123047,1,1,1,1,0,3,0.7281517833085142,0.51123046875,0.999891547842209,0.488661079092209
screen_57b2d3a62a6a0906173d,653,C/C=C/CN1CC[C@]23c4c5ccc(O)c4O[C@@H]2c2[nH]c4ccccc4c2C[C@@]3(O)[C@H]1C5,gpcrdb,1,1,0.575,0.9958578955419362,0.61147743,1,1,1,1,0,3,0.7274451100590328,0.575,0.9958578955419362,0.4208578955419362
screen_d1852e82336d0f95188e,654,C/C=C/CN1CC[C@]23c4c5ccc(O)c4O[C@H]2c2[nH]c4ccccc4c2C[C@@]3(O)[C@H]1C5,gpcrdb,1,1,0.575,0.9958578955419362,0.61147743,1,1,1,1,0,3,0.7274451100590328,0.575,0.9958578955419362,0.4208578955419362
screen_5fc8c5f3fc90cc27877f,655,Cc1cc(O)cc(C)c1CC(N)C(=O)N1Cc2ccccc2CC1C(=O)O,reinvent,1,2,0.6366666666666667,0.9877219014154005,0.55615234,1,1,1,1,0,3,0.7268469706106891,0.55615234375,0.9877219014154005,0.4315695576654005
screen_d7bc5a88a2560cbed57f,656,Cc1cc(O)cc(C)c1C[C@H](N)C(=O)N1Cc2ccccc2C[C@H]1C(=O)O,gpcrdb,1,1,0.6366666666666667,0.9877219014154005,0.55615234,1,1,1,1,0,3,0.7268469706106891,0.55615234375,0.9877219014154005,0.4315695576654005
screen_af58c87e3844ce6fae7b,657,Cc1cc(O)cc(C)c1C[C@H](N)C(=O)N1Cc2ccccc2C[C@H]1C(=O)N[C@H](C)C(N)=O,gpcrdb,1,1,0.6416666666666667,0.9753105151493446,0.56333905,1,1,1,1,0,3,0.7267720788001716,0.5633390545845032,0.9753105151493446,0.41197146056484146
screen_c64648af1aef24941e10,658,Cc1cc(O)cc(C)c1C[C@H](N)C(=O)N1Cc2ccccc2C[C@H]1C(=O)N[C@@H](C)C(N)=O,gpcrdb,1,1,0.6416666666666667,0.9753105151493446,0.56333905,1,1,1,1,0,3,0.7267720788001716,0.5633390545845032,0.9753105151493446,0.41197146056484146
screen_3a3914ae565c08325b5e,659,COc1ccc(C(=O)NC23CCC(=O)C4Oc5c(O)ccc6c5C42CCN(CC2CC2)C3C6)cc1,reinvent,1,1,0.7566666666666667,0.831212171761713,0.5917969,1,1,1,1,0,3,0.7265585711427933,0.591796875,0.831212171761713,0.23941529676171303
screen_8b6b92a72331857d25ac,660,Cc1cc(O)cc(C)c1C[C@H](N)C(=O)N1Cc2ccccc2C[C@H]1C(=O)NN,gpcrdb,1,1,0.665,0.9168481767297153,0.5966797,1,1,1,1,0,3,0.7261759547432384,0.5966796875,0.9168481767297153,0.3201684892297153
screen_3e04e760b0247c6e04ec,661,CCCCCCOc1cccc2c1C13CCN(CC4CC4)[C@H](C2)[C@]1(OC)CCC(=O)C3,gpcrdb,1,1,0.6033333333333334,0.9844183909005045,0.58984375,1,1,1,1,0,3,0.725865158077946,0.58984375,0.9844183909005045,0.39457464090050454
screen_692cae994f67a1b9a44d,662,CCCCCCOc1cccc2c1C13CCN(CC4CC4)C(C2)[C@]1(OC)CCC(=O)C3,gpcrdb,1,1,0.6033333333333334,0.9844183909005045,0.58984375,1,1,1,1,0,3,0.725865158077946,0.58984375,0.9844183909005045,0.39457464090050454
screen_1928a5523ed18ad94080,663,CC1CN(CCC(=O)N(C)C(Cc2ccccc2)C(=O)O)CCC1(C)c1cccc(O)c1,gpcrdb,1,1,0.6716666666666666,0.9514641797958826,0.5538462,1,1,1,1,0,3,0.7256590089671815,0.5538461804389954,0.9514641797958826,0.39761799935688724
screen_fc3b55aaad73c038f0ad,664,C[C@H]1CN(CCC(=O)N(C)[C@@H](Cc2ccccc2)C(=O)O)CC[C@@]1(C)c1cccc(O)c1,gpcrdb,1,1,0.6716666666666666,0.9514641797958826,0.5538462,1,1,1,1,0,3,0.7256590089671815,0.5538461804389954,0.9514641797958826,0.39761799935688724
screen_fec0def9c99490f80edb,665,COCCN(C(=O)CSc1ccc(Cl)cc1)[C@@H]1Cc2cc(OC)c(OC)cc2CCC1N(C)C,ouroboros,1,1,0.61,0.9686338055103478,0.59702224,1,1,1,1,0,3,0.7252186803012907,0.5970222353935242,0.9686338055103478,0.37161157011682366
screen_07d1110b239451a434f3,666,C[C@H](CN1[C@@H]2CC[C@H]1C[C@@H](c1cccc(O)c1)C2)N(Cc1ccccc1)C(=O)CCC(=O)O,gpcrdb,1,1,0.599613034623218,0.9994335694559688,0.5722656,1,1,1,1,0,3,0.7237707430263957,0.572265625,0.9994335694559688,0.42716794445596884
screen_ef629de7f94ed3494e74,667,Cc1cc(O)cc(C)c1CC(N)C(=O)N1Cc2ccccc2CC1CNC(N)=O,reinvent,1,1,0.57,0.9994347247447596,0.6010742,1,1,1,1,0,3,0.7235029811649198,0.57,0.9994347247447596,0.42943472474475963
screen_e44c10f485ae355ce49b,668,C=C(C)CN1CCC23c4c5ccc(O)c4O[C@H]2C(=O)C2(CCc4ccccc42)C[C@@]3(O)C1C5,gpcrdb,1,1,0.5916666666666667,0.9925449884363383,0.5839844,1,1,1,1,0,3,0.722732010034335,0.583984375,0.9925449884363383,0.4085606134363383
screen_6b90d4beffe2ea7e0466,669,CCOC(=O)CN1Cc2ccccc2N(C2CCN(C3CCC(C(C)C)CC3)CC2)S1(=O)=O,reinvent,1,1,0.6416666666666667,0.9959296297999702,0.53014404,1,1,1,1,0,3,0.7225801107609432,0.5301440358161926,0.9959296297999702,0.4657855939837776
screen_37bf3f21220d017799d6,670,Cc1cc(CN2CCCCC2)ccc1Oc1ccc(C(N)=O)cn1,reinvent,1,1,0.5383333333333333,0.8723274667883764,0.7558594,1,1,1,1,0,3,0.7221733917072366,0.5383333333333333,0.8723274667883764,0.33399413345504303
screen_9cfb1689fc2576938b19,671,NC(=O)c1ccc(Oc2ccc(CNCCc3ccccc3)cc2)cn1,gpcrdb,1,1,0.5566666666666666,0.999815863109324,0.6098633,1,1,1,1,0,3,0.7221152703419969,0.5566666666666666,0.999815863109324,0.4431491964426574
screen_057e08a5f5975ef6fa61,672,O=C(C=Cc1ccc(Cl)cc1)NC12CCC(=O)C3C4Cc5ccc(O)c(c5C31CCN4CC1CC1)O2,reinvent,1,1,0.5376612466124662,0.9970617613089826,0.6297291,1,1,1,1,0,3,0.7214840333475244,0.5376612466124662,0.9970617613089826,0.45940051469651644
screen_18bc6432134a7941a727,673,CC(C)CN1CC[C@]23c4c5ccc(O)c4O[C@@H]2c2[nH]c4ccccc4c2C[C@@]3(O)[C@H]1C5,gpcrdb,1,1,0.5433333333333333,0.9969015866646422,0.6219185,1,1,1,1,0,3,0.7207178064892442,0.5433333333333333,0.9969015866646422,0.4535682533313089
screen_4f76a422c2bca61a1bef,674,CC(C)CN1CC[C@]23c4c5ccc(O)c4O[C@H]2c2[nH]c4ccccc4c2C[C@@]3(O)[C@H]1C5,gpcrdb,1,1,0.5433333333333333,0.9969015866646422,0.6219185,1,1,1,1,0,3,0.7207178064892442,0.5433333333333333,0.9969015866646422,0.4535682533313089
screen_b3f7aafea97acad1bd3a,675,NC(=O)c1ccc(Oc2ccc3c(c2)CCN(Cc2ccccc2)CC3)nc1,gpcrdb,1,1,0.6466666666666666,0.8335840579106268,0.68115234,1,1,1,1,0,3,0.720467689442431,0.6466666666666666,0.8335840579106268,0.18691739124396023
screen_24f64a72a088286550d1,676,CCN(C(=O)CCN1CCC(C)(c2cccc(O)c2)C(C)C1)C(Cc1ccccc1)C(=O)O,gpcrdb,1,1,0.6716666666666666,0.9390583408404631,0.5472297,1,1,1,1,0,3,0.719318238249396,0.5472297072410583,0.9390583408404631,0.3918286335994048
screen_a1b0590a99255297fccc,677,CCN(C(=O)CCN1CC[C@@](C)(c2cccc(O)c2)[C@@H](C)C1)[C@@H](Cc1ccccc1)C(=O)O,gpcrdb,1,1,0.6716666666666666,0.9390583408404631,0.5472297,1,1,1,1,0,3,0.719318238249396,0.5472297072410583,0.9390583408404631,0.3918286335994048
screen_3637d0de4c3648ec785c,678,C=CCN1CC[C@]23c4c5ccc(O)c4O[C@H]2[C@H](NC(=O)C2C4CC6CC(C4)CC2C6)CC[C@@]3(O)[C@H]1C5,gpcrdb,1,1,0.535,0.9896030080664552,0.6303711,1,1,1,1,0,3,0.7183247006054851,0.535,0.9896030080664552,0.45460300806645515
screen_9adfa823e8828bc077c6,679,O=C1CCC2(O)C3Cc4ccc(O)c5c4C2(CCN3CC2CC2)C1CO5,reinvent,1,1,0.6409945799457994,0.9963138934118906,0.51721615,1,1,1,1,0,3,0.7181748731166563,0.517216145992279,0.9963138934118906,0.47909774741961153
screen_1c0250b72da3bfc2654e,680,C=CCN1CCC23CCCCC2(O)C1Cc1ccc(O)cc13,reinvent,1,1,0.61,0.8567976587290265,0.6866911,1,1,1,1,0,3,0.7178295880315932,0.61,0.8567976587290265,0.24679765872902648
screen_0a685e175b2d988e2350,681,NC(=O)c1ccc(Oc2ccc(CCN3CCc4ccccc4C3)cc2)nc1,gpcrdb,1,1,0.575,0.8899624436289975,0.68830854,1,1,1,1,0,3,0.7177569935451252,0.575,0.8899624436289975,0.3149624436289975
screen_030f8a3beea963ddc996,682,NC(=O)c1ccc(Oc2ccc3c(c2)CN(CCc2ccccc2)C3)nc1,gpcrdb,1,1,0.5816666666666667,0.9596115306911842,0.61147743,1,1,1,1,0,3,0.7175852106643377,0.5816666666666667,0.9596115306911842,0.37794486402451755
screen_ced70febc93cb265ae1e,683,Cc1cc(O)cc(C)c1CC(CN)C(=O)N1Cc2ccccc2C[C@H]1C(=O)O,gpcrdb,1,1,0.585,0.992082344616029,0.57505494,1,1,1,1,0,3,0.7173790960591943,0.575054943561554,0.992082344616029,0.417027401054475
screen_b60434d6308db0b271a3,684,CNC(=O)[C@@H]1Cc2ccccc2CN1C(=O)[C@@H](N)Cc1c(C)cc(O)cc1C,gpcrdb,1,1,0.65,0.9911009698628023,0.5078125,1,1,1,1,0,3,0.7163044899542674,0.5078125,0.9911009698628023,0.4832884698628023
screen_307a180b69a610d7e76d,685,Cc1cc(O)cc(C)c1C[C@H](N)C(=O)N1Cc2ccccc2C[C@H]1C(=O)NCCNC(=O)[C@@H]1Cc2ccccc2CN1C(=O)[C@@H](N)Cc1c(C)cc(O)cc1C,gpcrdb,1,1,0.6666666666666666,0.884918304842136,0.5961914,1,1,1,1,0,3,0.7159254592529342,0.59619140625,0.884918304842136,0.28872689859213596
screen_6e4bf88454378f680493,686,Cc1cc(O)cc(C)c1C[C@H](N)C(=O)N1Cc2ccccc2CC1C(=O)NCCCCNC(=O)C1Cc2ccccc2CN1C(=O)[C@@H](N)Cc1c(C)cc(O)cc1C,gpcrdb,1,1,0.655,0.9202951537859788,0.5722656,1,1,1,1,0,3,0.7158535929286596,0.572265625,0.9202951537859788,0.3480295287859788
screen_7653f6128af1cb53b795,687,Cc1cc(O)cc(C)c1C[C@@H](C(=O)N1Cc2ccccc2C[C@H]1C(N)=O)N(C)C,gpcrdb,1,1,0.6566666666666666,0.9364470969367817,0.5518926,1,1,1,1,0,3,0.7150021140684286,0.5518925786018372,0.9364470969367817,0.3845545183349446
screen_f2cad98fe622fd2e4567,688,Cc1cc(O)cc(C)c1C[C@@H](C(=O)N1Cc2ccccc2CC1C(N)=O)N(C)C,gpcrdb,1,1,0.6566666666666666,0.9364470969367817,0.5518926,1,1,1,1,0,3,0.7150021140684286,0.5518925786018372,0.9364470969367817,0.3845545183349446
screen_3ede758e2786d6691dab,689,C[C@H](CN1[C@@H]2CC[C@H]1C[C@@H](c1cccc(O)c1)C2)N(Cc1ccccc1)C(=O)Cc1ccccc1,gpcrdb,1,1,0.6062797012898846,0.9196667811041657,0.6189895,1,1,1,1,0,3,0.7149786698731816,0.6062797012898846,0.9196667811041657,0.31338707981428104
screen_e76b64245030fef89513,690,COC(=O)[C@H](C)NC(=O)[C@@H]1Cc2ccccc2CN1C(=O)[C@@H](N)Cc1c(C)cc(O)cc1C,gpcrdb,1,1,0.6483333333333333,0.9932462455433174,0.50280696,1,1,1,1,0,3,0.7147955134710194,0.5028069615364075,0.9932462455433174,0.49043928400690995
screen_27f2406811b90f73a77c,691,COc1ccc2c3c1OC1C4(OC)CCC5(CC4CNC(=O)C=Cc4ccc([N+](=O)[O-])cc4)C(C2)N(C)CCC315,gpcrdb,1,1,0.815,0.5055844643312827,0.82344323,1,1,1,1,0,3,0.7146758994327033,0.5055844643312827,0.8234432339668274,0.3178587696355447
screen_95fdffc9dddbd3bd683f,692,COc1ccc2c3c1O[C@H]1[C@]4(OC)CC[C@@]5(C[C@@H]4CNC(=O)/C=C/c4ccc([N+](=O)[O-])cc4)[C@@H](C2)N(C)CC[C@]315,gpcrdb,1,1,0.815,0.5055844643312827,0.82344323,1,1,1,1,0,3,0.7146758994327033,0.5055844643312827,0.8234432339668274,0.3178587696355447
screen_db796882ee5430f7d0b4,693,Oc1ccc2c3c1O[C@H]1c4[nH]c5c6c(ccc5c4C[C@@]4(O)[C@@H](C2)N(CC2CC2)CC[C@]314)CCCC6,gpcrdb,1,1,0.8216666666666667,0.7233762298447155,0.5982906,1,1,1,1,0,3,0.7144445062485755,0.5982906222343445,0.8216666666666667,0.22337604443232217
screen_ea01cde0265e6759d415,694,COc1ccc2c3c1OC1C(=O)CCC4(NC(=O)C=Cc5ccc(O)cc5)C(C2)CC314,reinvent,1,1,0.61,0.8747637421440443,0.6575543,1,1,1,1,0,3,0.7141060235285547,0.61,0.8747637421440443,0.2647637421440443
screen_bade3b621ca819e610aa,695,Cc1cc(O)cc(C)c1C[C@H](N)C(=O)N1Cc2ccccc2CC1C(=O)NCCCCCCNC(=O)C1Cc2ccccc2CN1C(=O)[C@@H](N)Cc1c(C)cc(O)cc1C,gpcrdb,1,1,0.6516666666666666,0.9236492154592045,0.56640625,1,1,1,1,0,3,0.7139073773752904,0.56640625,0.9236492154592045,0.35724296545920453
screen_ddd35c4998e8847905bf,696,CC=CC(=O)NC12CCC(=O)C3OC1Cc1ccc(O)c4c1C32CCN4CC1CC1,reinvent,1,1,0.6083333333333333,0.9699975544880578,0.5629883,1,1,1,1,0,3,0.7137730563571304,0.56298828125,0.9699975544880578,0.4070092732380578
screen_24231d02c6066de2b63e,697,CCc1cc(F)c2nc(N3CCC(NC4CCOCC4)CC3)c(-c3nc(C)no3)cc2c1,gpcrdb,1,1,0.5216666666666666,0.997206730020911,0.62109375,1,1,1,1,0,3,0.7133223822291925,0.5216666666666666,0.997206730020911,0.47554006335424437
screen_b9f440080ca2607af970,698,CC(=O)NC[C@@H]1Cc2ccccc2CN1C(=O)[C@@H](N)Cc1c(C)cc(O)cc1C,gpcrdb,1,1,0.5516666666666666,0.9998912865429564,0.5880342,1,1,1,1,0,3,0.713197388599629,0.5516666666666666,0.9998912865429564,0.4482246198762898
screen_0e13eeb5ea219be9b3cb,699,CNC(=N)c1ccc(Oc2ccc(CNCCc3ccccc3)cc2)nc1,gpcrdb,1,1,0.5666666666666667,0.8100855969461978,0.7605565,1,1,1,1,0,3,0.7124362608814631,0.5666666666666667,0.8100855969461978,0.2434189302795311
screen_dc4a31d92b7e18cbff76,700,C[C@@H](O)[C@@H]1NC(=O)[C@H](CCCN)NC(=O)[C@H](Cc2c[nH]c3ccccc23)NC(=O)[C@H](Cc2ccc(O)cc2)NC(=O)[C@@H](NC(=O)[C@H](N)Cc2ccccc2)CSSC(C)(C)[C@@H](C(N)=O)NC1=O,gpcrdb,1,1,0.6462830957230142,0.5934771325786656,0.8966486,1,1,1,1,0,3,0.7121362713660121,0.5934771325786656,0.8966485857963562,0.30317145321769057
screen_3fd033b145ab25ba4bc2,701,COCCN(C(=O)c1sccc1Cl)[C@H]1Cc2ccccc2C1N1CCN(c2ccccc2)CC1,ouroboros,1,1,0.56,0.9990117802416444,0.5753358,1,1,1,1,0,3,0.7114491936297934,0.56,0.9990117802416444,0.43901178024164433
screen_caad851ebac93efbff26,702,C=CCN1CC[C@]23c4c5ccc(O)c4O[C@H]2[C@H](NC(=O)c2ccccc2)CC[C@@]3(O)[C@H]1C5,gpcrdb,1,1,0.5333333333333333,0.9999486515099252,0.5996094,1,1,1,1,0,3,0.7109637866144194,0.5333333333333333,0.9999486515099252,0.46661531817659185
screen_e0020ce94ca3ee412415,703,CC(C)CCCN1C(c2cccc(C(N)=O)c2)CC2c3cc(O)ccc3OC21,reinvent,1,1,0.5716666666666667,0.9346407319103037,0.62564105,1,1,1,1,0,3,0.7106494821771766,0.5716666666666667,0.9346407319103037,0.36297406524363707
screen_8ab625d6aa40a6d1570d,704,Cc1nc(C(=O)N2CCC(c3cccc(C(N)=O)c3)CC2)co1,reinvent,1,1,0.589613034623218,0.8383269052745265,0.7029534,1,1,1,1,0,3,0.7102977793751454,0.589613034623218,0.8383269052745265,0.24871387065130846
screen_5fedc929fd53098febf1,705,COCC1(NC(=O)C2C[C@@]3(O)[C@H]4Cc5ccc(O)c6c5[C@@]3(CCN4CC3CC3)[C@@H](O6)C2=O)CC1,gpcrdb,1,1,0.7754664497404449,0.7777414795456338,0.5776367,1,1,1,1,0,3,0.7102815493453596,0.57763671875,0.7777414795456338,0.20010476079563377
screen_df5eaef67d3a74f6b27b,706,C=CCN1CCC23Cc4nc5ccccc5cc4CC2(O)C1Cc1ccc(O)cc13,reinvent,1,1,0.595,0.8856520771063442,0.64827925,1,1,1,1,0,3,0.7096437755914885,0.595,0.8856520771063442,0.2906520771063442
screen_47facfcb8cea385dc14f,707,CCCC1CCC(N2CCC(N3c4ccccc4NS3(=O)=O)CC2)CC1,gpcrdb,1,1,0.55,0.9198090487401036,0.6534799,1,1,1,1,0,3,0.7077629742913891,0.55,0.9198090487401036,0.36980904874010356
screen_e1efe88bc79f52df2301,708,C=CCN1CC(C)C2(c3cccc(O)c3)CC(NC(=O)c3ccc(Cl)c(Cl)c3)CC1C2,reinvent,1,1,0.6383333333333333,0.7969069226277147,0.6878204,1,1,1,1,0,3,0.7076868769755719,0.6383333333333333,0.7969069226277147,0.15857358929438137
screen_7780048823c430d28d8f,709,NC(=O)c1ccc(Oc2ccc3c(c2)CCN(CCCc2ccccc2)C3)nc1,gpcrdb,1,1,0.6083333333333333,0.897517350119836,0.61606055,1,1,1,1,0,3,0.7073037461448003,0.6083333333333333,0.897517350119836,0.28918401678650274
screen_6e3df4f1303b9b639687,710,C=CCN1CC[C@]23c4c5ccc(O)c4O[C@H]2[C@H](NC(C)=O)CC[C@@]3(O)[C@H]1C5,gpcrdb,1,1,0.55,0.9942097431690082,0.57470703,1,1,1,1,0,3,0.7063055914730029,0.55,0.9942097431690082,0.4442097431690082
screen_0febc00407cb20a6c30f,711,CC1(C)C=CC=CC2CCC(=O)C3Oc4c(O)ccc5c4C34CCN(CC3CC3)C(C5)C24OCCC1,reinvent,1,1,0.69,0.8947491321803196,0.53404933,1,1,1,1,0,3,0.7062661547740653,0.5340493321418762,0.8947491321803196,0.3606998000384434
screen_61b9db571b393dea771e,712,CCCCc1c(C)[nH]c2c1C[C@@]1(O)C3Cc4ccc(O)c5c4C1(CCN3CC1CC1)[C@H]2O5,gpcrdb,1,1,0.7416666666666667,0.7755031925760377,0.6015625,1,1,1,1,0,3,0.7062441197475682,0.6015625,0.7755031925760377,0.17394069257603773
screen_ae4cefb928d10174f784,713,CC(C)=CCN1CC[C@]23c4c5ccc(O)c4O[C@@H]2c2[nH]c4ccccc4c2C[C@@]3(O)[C@H]1C5,gpcrdb,1,1,0.5683333333333334,0.9640463057027657,0.58496094,1,1,1,1,0,3,0.7057801921786998,0.5683333333333334,0.9640463057027657,0.39571297236943237
screen_b505c01103dae8182f0c,714,CC(C)=CCN1CC[C@]23c4c5ccc(O)c4O[C@H]2c2[nH]c4ccccc4c2C[C@@]3(O)[C@H]1C5,gpcrdb,1,1,0.5683333333333334,0.9640463057027657,0.58496094,1,1,1,1,0,3,0.7057801921786998,0.5683333333333334,0.9640463057027657,0.39571297236943237
screen_ab06623ebc80b7521220,715,C=CCN1CC[C@]23c4c5ccc(O)c4O[C@H]2C(=O)CC[C@@]3(OCCCc2ccccc2)[C@H]1C5,gpcrdb,1,1,0.505,0.9961651037651054,0.6147461,1,1,1,1,0,3,0.7053037325050351,0.505,0.9961651037651054,0.49116510376510536
screen_9ecdf6e73d1307f11660,716,C=CCCCCCCCCC(=O)Oc1ccc2c3c1OC1C(=O)CC[C@@]4(O)[C@@H](C2)N(CC=C)CC[C@]314,zinc,1,4,0.505,0.9952810952985658,0.6152344,1,1,1,1,0,3,0.7051718234328552,0.505,0.9952810952985658,0.4902810952985658
screen_093e0c16cc9023f8faf1,717,NC(=O)c1cccc(C2CCN(C(=O)c3nc4ccccc4[nH]3)CC2)c1,reinvent,1,1,0.5676976845159427,0.9417128947104788,0.60546875,1,1,1,1,0,3,0.7049597764088071,0.5676976845159427,0.9417128947104788,0.3740152101945361
screen_d75d91befc4bf494a641,718,O=C(Cc1ccccc1)N(CCN1[C@@H]2CC[C@H]1C[C@@H](c1cccc(O)c1)C2)CC1CCCCC1,gpcrdb,1,1,0.6816666666666666,0.5584930120287033,0.8722833,1,1,1,1,0,3,0.7041476528637175,0.5584930120287033,0.8722832798957825,0.3137902678670792
screen_22170f77b76bd04fbf6e,719,COc1cc2c(cc1OC)[C@@H](N(CCOc1ccc(Cl)cc1)C(=O)CN(C)C)CC2,ouroboros,1,1,0.5416666666666666,0.9982480371041628,0.5708008,1,1,1,1,0,3,0.7035718283402764,0.5416666666666666,0.9982480371041628,0.45658137043749614
screen_47cf1aebc3b733790e50,720,NC(=O)c1ccc(Oc2ccc3c(c2)CCCN(CCCC2CCCCC2)C3)nc1,gpcrdb,1,1,0.5979293957909029,0.8089392279928753,0.7026367,1,1,1,1,0,3,0.7031684475112594,0.5979293957909029,0.8089392279928753,0.21100983220197245
screen_15ff205907236bf55b47,721,Cc1ccccc1/C=C/CN1CC[C@@](C)(c2cccc(O)c2)[C@@H](C)C1,gpcrdb,1,1,0.6883333333333334,0.5901257299128791,0.83095324,1,1,1,1,0,3,0.7031374345469349,0.5901257299128791,0.8309532403945923,0.24082751048171314
screen_5a87a1170fc7c12e99c8,722,C=CCN1CC2C1Cc1ccc(O)cc1C21CCCCC1,reinvent,1,1,0.5247854406130268,0.9909488542676852,0.5913086,1,1,1,1,0,3,0.7023476295435707,0.5247854406130268,0.9909488542676852,0.4661634136546584
screen_037eaab3b47b6a6047a1,723,C=C(C)CN1CCC23c4c5ccc(O)c4O[C@H]2C(=O)/C(=C/c2ccccc2)C[C@@]3(O)C1C5,gpcrdb,1,1,0.5083333333333333,0.9889523082819611,0.60791016,1,1,1,1,0,3,0.7017319326217648,0.5083333333333333,0.9889523082819611,0.4806189749486278
screen_fd85957621549f31d854,724,C=C(C)CN1CCC23c4c5ccc(O)c4O[C@H]2C(=O)/C(=C\c2ccccc2)C[C@@]3(O)C1C5,gpcrdb,1,1,0.5083333333333333,0.9889523082819611,0.60791016,1,1,1,1,0,3,0.7017319326217648,0.5083333333333333,0.9889523082819611,0.4806189749486278
screen_dd75120d14f13637dcf1,725,CC(C)(C)c1ccc(C(=O)NC2CCC3(O)C4Cc5ccc(O)c6c5C3(CCN4CC3CC3)C2O6)cc1.O=C(O)C(=O)O,gpcrdb,1,1,0.675,0.8948763738138237,0.53466797,1,1,1,1,0,3,0.7015147808546079,0.53466796875,0.8948763738138237,0.3602084050638237
screen_f6963ab59f805f87eff9,726,CC(=O)N(Cc1ccccc1)[C@H](C)CN1[C@@H]2CC[C@H]1C[C@@H](c1cccc(O)c1)C2,gpcrdb,1,1,0.584613034623218,0.8858839773248162,0.6323242,1,1,1,1,0,3,0.7009404102326782,0.584613034623218,0.8858839773248162,0.30127094270159815
screen_d5103f2da00f74e125d9,727,C=CCN1CC[C@]23c4c5ccc(O)c4O[C@H]2[C@H](NC(=O)c2cccc(C)c2)CC[C@@]3(O)[C@H]1C5,gpcrdb,1,1,0.5533333333333333,0.9998693970171474,0.5470086,1,1,1,1,0,3,0.7000704347864741,0.5470085740089417,0.9998693970171474,0.45286082300820574
screen_1f0501dd8951d019dbf2,728,CN[C@H](Cc1c(C)cc(O)cc1C)C(=O)N1Cc2ccccc2CC1C(N)=O,gpcrdb,1,1,0.5997854406130269,0.9944797277609964,0.5048828,1,1,1,1,0,3,0.6997159936246744,0.5048828125,0.9944797277609964,0.48959691526099636
screen_454c82ae63b6b50f6b5d,729,CN[C@@H](Cc1c(C)cc(O)cc1C)C(=O)N1Cc2ccccc2CC1C(N)=O,gpcrdb,1,1,0.5997854406130269,0.9944797277609964,0.5048828,1,1,1,1,0,3,0.6997159936246744,0.5048828125,0.9944797277609964,0.48959691526099636
screen_1db23c90c86f965fd59d,730,CC(C)(O)CN1CCC23c4c5ccc(O)c4OC2c2ccccc2CC3(O)C1C5,reinvent,1,1,0.59,0.9852538365211644,0.5229492,1,1,1,1,0,3,0.6994010184237215,0.52294921875,0.9852538365211644,0.4623046177711644
screen_e4ef0e5bfdd6afd44a1e,731,CC(C)C1CCC(N2CCC(N3CCCCC3=O)CC2)CC1,reinvent,1,1,0.645,0.8921967980632479,0.5601954,1,1,1,1,0,3,0.6991307281576692,0.5601953864097595,0.8921967980632479,0.3320014116534884
screen_dad21834eaaa8c5441df,732,CO[C@]12CC[C@@]3(C[C@@H]1CNC(=O)[C@@H](N)CC(N)=O)[C@H]1Cc4ccc(O)c5c4[C@@]3(CCN1CC1CC1)[C@H]2O5,gpcrdb,1,1,0.5474164375888025,0.964322068354967,0.5807082,1,1,1,1,0,3,0.6974822372145635,0.5474164375888025,0.964322068354967,0.4169056307661645
screen_698e90cfa297a9eba0b9,733,C=CCN1CC[C@]23c4c5ccc(OC(=O)CCCCCCCC)c4OC2C(=O)CC[C@@]3(O)[C@H]1C5,zinc,1,2,0.505,0.9995675706747037,0.586569,1,1,1,1,0,3,0.6970455272953663,0.505,0.9995675706747037,0.4945675706747037
screen_5642092f309efd273b28,734,C=Cc1ccc2c3c1O[C@H]1c4[nH]c5ccccc5c4C[C@@]4(O)[C@@H](C2)N(CC2CC2)CC[C@]314,gpcrdb,1,1,0.7816666666666666,0.6224757874807009,0.6866911,1,1,1,1,0,3,0.6969445198377069,0.6224757874807009,0.7816666666666666,0.15919087918596575
screen_b0544ecd520fc1a025ed,735,C=Cc1ccc2c3c1O[C@@H]1c4[nH]c5ccccc5c4C[C@@]4(O)[C@@H](C2)N(CC2CC2)CC[C@]314,gpcrdb,1,1,0.7816666666666666,0.6224757874807009,0.6866911,1,1,1,1,0,3,0.6969445198377069,0.6224757874807009,0.7816666666666666,0.15919087918596575
screen_78a8db04176124623ca5,736,N/C(=N/Cc1ccc(Cl)cc1)Nc1ccc2[nH]c3c(c2c1)C[C@@]1(O)[C@H]2Cc4ccc(O)c5c4[C@@]1(CCN2CC1CC1)[C@H]3O5,gpcrdb,1,1,0.6628039972777977,0.9134657459181491,0.51452285,1,1,1,1,0,3,0.6969308645698017,0.5145228505134583,0.9134657459181491,0.39894289540469086
screen_8730d90fb8fec8456c14,737,Cc1cc(O)cc(C)c1C[C@H](N)C(=O)N1Cc2ccccc2CC1NC12CC3CC(CC(C3)C1)C2,gpcrdb,1,1,0.7033333333333334,0.8490448829424517,0.5379546,1,1,1,1,0,3,0.6967776149144482,0.5379546284675598,0.8490448829424517,0.3110902544748919
screen_b7a9519d3c6ec982653b,738,C=CCN1CC[C@]23c4c5ccc(OC(=O)CCCCCCCCC)c4OC2C(=O)CC[C@@]3(O)[C@H]1C5,zinc,1,2,0.505,0.9987277161672848,0.586569,1,1,1,1,0,3,0.6967655757928933,0.505,0.9987277161672848,0.49372771616728484
screen_7daaf8b2355167f7bd96,739,C[N+]1(CC2CC2)CC[C@]23CC(=O)CC[C@@]2(O)[C@H]1Cc1ccc(C(N)=O)c(O)c13,gpcrdb,1,1,0.6077803866798487,0.7638014665872813,0.71777344,1,1,1,1,0,3,0.6964517635890433,0.6077803866798487,0.7638014665872813,0.15602107990743264
screen_e1da7577fb5ab44d3d6f,740,CC(=N)NC[C@@H]1Cc2ccccc2CN1C(=O)[C@@H](N)Cc1c(C)cc(O)cc1C,gpcrdb,1,1,0.57,0.9938705283717725,0.5252624,1,1,1,1,0,3,0.6963776479269534,0.5252624154090881,0.9938705283717725,0.46860811296268434
screen_21c33364b36032a4bcd0,741,C=CCN1CC[C@]23c4c5ccc(O)c4O[C@H]2[C@H](NC(=O)c2cccc(N)c2)CC[C@@]3(O)[C@H]1C5,gpcrdb,1,1,0.515,0.9948508129265201,0.57714844,1,1,1,1,0,3,0.69566641680884,0.515,0.9948508129265201,0.4798508129265201
screen_13db286b61b750ff6674,742,Cc1cc(O)cc(C)c1C[C@@H](C(=O)N1Cc2ccccc2CC1C(=O)NCCCCCCNC(=O)C1Cc2ccccc2CN1C(=O)[C@H](Cc1c(C)cc(O)cc1C)N(C)C)N(C)C,gpcrdb,1,1,0.6566666666666666,0.9028884357596775,0.5253906,1,1,1,1,0,3,0.6949819091421148,0.525390625,0.9028884357596775,0.3774978107596775
screen_53e303e31debc3c3a7ce,743,CO[C@]12CC[C@@]3(C[C@@H]1CNC(=O)[C@@H]1CCCN1C(C)=O)[C@H]1Cc4ccc(O)c5c4[C@@]3(CCN1CC1CC1)[C@H]2O5,gpcrdb,1,1,0.5079446707399865,0.9855976149351129,0.5909646,1,1,1,1,0,3,0.6948356336733669,0.5079446707399865,0.9855976149351129,0.4776529441951264
screen_fdffe750698944105d8a,744,CC12CCN(CC3CC3)C1Cc1ccc3c(N)ncnc3c12,reinvent,1,1,0.5207614162140414,0.9245035173476154,0.63623047,1,1,1,1,0,3,0.6938318007705523,0.5207614162140414,0.9245035173476154,0.403742101133574
screen_63da11aefaabb8e83c60,745,C=CCN1CC[C@]23c4c5ccc(O)c4O[C@H]2[C@H](NC(=O)c2cccc(O)c2)CC[C@@]3(O)[C@H]1C5,gpcrdb,1,1,0.515,0.9970984862639726,0.56933594,1,1,1,1,0,3,0.6938114745879909,0.515,0.9970984862639726,0.48209848626397256
screen_9b50fbcc3d986d328835,746,CCNC(=O)NC[C@@H]1Cc2ccccc2CN1C(=O)[C@@H](N)Cc1c(C)cc(O)cc1C,gpcrdb,1,1,0.5683333333333334,0.9975098120965654,0.515011,1,1,1,1,0,3,0.6936180526613559,0.5150110125541687,0.9975098120965654,0.4824987995423967
screen_548c6efa0f7f2c7c7a83,747,C=CCN1CC[C@]23c4c5ccc(O)c4O[C@H]2[C@H](NC(=O)c2cccc(C(F)(F)F)c2)CC[C@@]3(O)[C@H]1C5,gpcrdb,1,1,0.5083333333333333,0.9865067991346564,0.5857945,1,1,1,1,0,3,0.6935448803083912,0.5083333333333333,0.9865067991346564,0.47817346580132314
screen_298d29f3caba7e491a48,748,C=CCN1CC[C@]23c4c5ccc(O)c4O[C@H]2[C@H](NC(=O)C2CCCCC2)CC[C@@]3(O)[C@H]1C5,gpcrdb,1,1,0.5283333333333333,0.9980144401380326,0.5541992,1,1,1,1,0,3,0.6935156640737886,0.5283333333333333,0.9980144401380326,0.4696811068046993
screen_3ffe3d2796d7febd574f,749,Cc1ccccc1CCCN1CC[C@@](C)(c2cccc(O)c2)[C@@H](C)C1,gpcrdb,1,1,0.685,0.6934258027619942,0.6993895,1,1,1,1,0,3,0.6926051066897586,0.685,0.6993895173072815,0.01438951730728144
screen_580412756d1f4d841bec,750,Cc1cc(O)cc(C)c1C[C@@H](C(=O)N1Cc2ccccc2CC1NC12CC3CC(CC(C3)C1)C2)N(C)C,gpcrdb,1,1,0.6733333333333333,0.8856346255235535,0.51708984,1,1,1,1,0,3,0.6920192675356289,0.51708984375,0.8856346255235535,0.36854478177355354
screen_e49c5dff8f89694a038e,751,Cc1cc(O)cc(C)c1C[C@H](N)C(=O)N1Cc2ccccc2C[C@H]1C(=O)NCCC(=O)O,gpcrdb,1,1,0.595,0.9554378485805507,0.52551895,1,1,1,1,0,3,0.6919856007935841,0.5255189538002014,0.9554378485805507,0.4299188947803493
screen_94a688663c4fad2548b5,752,COCCN(C(=O)c1sccc1Cl)[C@H]1C(N2CCN(c3ccccc3)CC2)=Cc2ccccc21,ouroboros,1,1,0.5666666666666667,0.9379434118179162,0.5706615,1,1,1,1,0,3,0.6917571878932476,0.5666666666666667,0.9379434118179162,0.37127674515124953
screen_f70bab23e75328a8e203,753,COCCN(C(=O)c1sccc1Cl)[C@@H]1C(N2CCN(c3ccccc3)CC2)=Cc2ccccc21,ouroboros,1,1,0.5666666666666667,0.9379434118179162,0.5706615,1,1,1,1,0,3,0.6917571878932476,0.5666666666666667,0.9379434118179162,0.37127674515124953
screen_952760d12753c859f63f,754,C[N+]1(CC2CC2)CCC23CC(=O)CCC2(O)C1Cc1ccc(C(N)=O)c(O)c13.[I-],gpcrdb,1,1,0.5861137200131821,0.801937167873349,0.68293875,1,1,1,1,0,3,0.6903298808150314,0.5861137200131821,0.801937167873349,0.21582344786016694
screen_0b1d61a70960dfee0431,755,NC(=O)c1ccc(Oc2ccc(CN3CCCNCC3)cc2)nc1,reinvent,1,1,0.6633333333333333,0.6381654247987932,0.7667888,1,1,1,1,0,3,0.689429179607122,0.6381654247987932,0.7667887806892395,0.12862335589044627
screen_15456904334793546349,756,CO[C@@]12CC[C@@]3(C[C@@H]1CNC(=O)/C=C/c1ccccc1Cl)[C@H]1Cc4ccc(O)c5c4[C@@]3(CCN1C)[C@H]2O5,gpcrdb,1,1,0.575,0.7821215949282928,0.70978767,1,1,1,1,0,3,0.6889697539086436,0.575,0.7821215949282928,0.20712159492829285
screen_905c8271a90721dd8048,757,COC12CCC3(CC1CNC(=O)C=Cc1ccccc1Cl)C1Cc4ccc(O)c5c4C3(CCN1C)C2O5,gpcrdb,1,1,0.575,0.7821215949282928,0.70978767,1,1,1,1,0,3,0.6889697539086436,0.575,0.7821215949282928,0.20712159492829285
screen_afa884e6c159eacad7fc,758,O=C(Oc1ccc2c3c([nH]c2c1)[C@H]1Oc2c(O)ccc4c2[C@@]12CCN(CC1CC1)[C@H](C4)[C@]2(O)C3)c1ccccc1,gpcrdb,1,1,0.745,0.7910174869745366,0.5283203,1,1,1,1,0,3,0.6881125998248455,0.5283203125,0.7910174869745366,0.26269717447453655
screen_7650633fecec79988247,759,Cc1cc(O)cc(C)c1C[C@H](N)C(=O)N1Cc2ccccc2C[C@H]1C(=O)Nc1nn[nH]n1,gpcrdb,1,1,0.5533333333333333,0.9540985173755044,0.5533578,1,1,1,1,0,3,0.6869298768961811,0.5533333333333333,0.9540985173755044,0.4007651840421711
screen_b91ee3a476f8472129b9,760,C=CCN1CC[C@]23c4c5ccc(O)c4O[C@H]2[C@H](NC(=O)c2cccc(OC)c2)CC[C@@]3(O)[C@H]1C5,gpcrdb,1,1,0.5283333333333333,0.98641779580388,0.54541016,1,1,1,1,0,3,0.6867204284624044,0.5283333333333333,0.98641779580388,0.4580844624705467
screen_3d00a37ace61c3a0b73c,761,C=C(C)CN1CCC23c4c5ccc(O)c4O[C@H]2c2[nH]c4ccccc4c2C[C@@]3(O)C1C5,gpcrdb,1,1,0.54,0.993970864442352,0.5214844,1,1,1,1,0,3,0.685151746480784,0.521484375,0.993970864442352,0.47248648944235205
screen_a4e54d523068c8be9d35,762,C=C(C)CN1CC[C@]23c4c5ccc(O)c4O[C@@H]2c2[nH]c4ccccc4c2C[C@@]3(O)[C@H]1C5,gpcrdb,1,1,0.54,0.993970864442352,0.5214844,1,1,1,1,0,3,0.685151746480784,0.521484375,0.993970864442352,0.47248648944235205
screen_38badf5fc8e620710682,763,COc1ccc(S(=O)(=O)NC(=O)C2=C(O)[C@@H]3Oc4c(O)ccc5c4[C@@]34CCN(CC3CC3)[C@H](C5)[C@]4(O)C2)cc1,gpcrdb,1,1,0.79,0.5654572717776479,0.6975836,1,1,1,1,0,3,0.6843469625191748,0.5654572717776479,0.79,0.2245427282223521
screen_ec957f4df60a6fee285d,764,O=C1C(O)C(O)C2Oc3c(O)ccc4c3C23CCN(CC2CC2)C(C4)C13,reinvent,1,1,0.5064628571428572,0.9997744862330677,0.5463867,1,1,1,1,0,3,0.6842080207086415,0.5064628571428572,0.9997744862330677,0.49331162909021053
screen_9427576013f6d033e275,765,C=CCN1C2Cc3ccc(O)c4c3C3(CCN2CC2CC2)C(O4)C2=C(CCC(=O)C2)C13,reinvent,1,1,0.605,0.8638963884779346,0.57910156,1,1,1,1,0,3,0.6826659836593115,0.5791015625,0.8638963884779346,0.2847948259779346
screen_0130742322b0da1d4911,766,COC12CCC3(CC1CNC(=O)C=Cc1ccc([N+](=O)[O-])cc1)C1Cc4ccc(O)c5c4C3(CCN1C)C2O5,gpcrdb,1,1,0.745,0.5318891001915025,0.7710902,1,1,1,1,0,3,0.6826597698918677,0.5318891001915025,0.7710902094841003,0.23920110929259786
screen_f4bde04f99a6017222e0,767,CO[C@@]12CC[C@@]3(C[C@@H]1CNC(=O)/C=C/c1ccc([N+](=O)[O-])cc1)[C@H]1Cc4ccc(O)c5c4[C@@]3(CCN1C)[C@H]2O5,gpcrdb,1,1,0.745,0.5318891001915025,0.7710902,1,1,1,1,0,3,0.6826597698918677,0.5318891001915025,0.7710902094841003,0.23920110929259786
screen_0d7b6c8bdf62ebf5c9c1,768,COC12CC[C@@]3(C[C@@H]1CNC(=O)CCCCC(N)=O)[C@H]1Cc4ccc(O)c5c4[C@@]3(CCN1CC1CC1)[C@H]2O5,gpcrdb,1,1,0.5474164375888025,0.9089003555611705,0.5888672,1,1,1,1,0,3,0.6817279935499911,0.5474164375888025,0.9089003555611705,0.361483917972368
screen_a7e7db68fb501f458430,769,CCN1CC[C@]23c4c5ccc(O)c4O[C@H]2c2[nH]c4ccccc4c2C[C@@]3(O)[C@H]1C5,gpcrdb,1,1,0.5516666666666666,0.9405991953203319,0.5525995,1,1,1,1,0,3,0.6816217838919574,0.5516666666666666,0.9405991953203319,0.38893252865366523
screen_d8677aa6a6828cfff4f6,770,CCN1CC[C@]23c4c5ccc(O)c4O[C@@H]2c2[nH]c4ccccc4c2C[C@@]3(O)[C@H]1C5,gpcrdb,1,1,0.5516666666666666,0.9405991953203319,0.5525995,1,1,1,1,0,3,0.6816217838919574,0.5516666666666666,0.9405991953203319,0.38893252865366523
screen_5586bcb2bfa2b7c74ccc,771,C=CCN1CC[C@]23c4c5ccc(O)c4O[C@H]2[C@H](NC(=O)c2cccc(F)c2)CC[C@@]3(O)[C@H]1C5,gpcrdb,1,1,0.5,0.9977799700185976,0.5455434,1,1,1,1,0,3,0.6811077808832234,0.5,0.9977799700185976,0.49777997001859764
screen_5891d878d17b2e070baf,772,CC(C)[C@@H](CN1CC[C@@](C)(c2cccc(O)c2)[C@@H](C)C1)NC(=O)CCc1ccccc1,gpcrdb,1,1,0.7266666666666667,0.5587554011350837,0.7557671,1,1,1,1,0,3,0.6803963916038794,0.5587554011350837,0.7557671070098877,0.197011705874804
screen_dea66cdfab62fb63d141,773,COc1ccc2c3c1O[C@H]1C(=O)CC[C@@]31[C@@H](CC(=O)N[C@@H](c1ccc(Cl)cc1)C1CC1)N(CC1CC1)C2,ouroboros,1,1,0.51,0.9984833416351172,0.53125,1,1,1,1,0,3,0.6799111138783723,0.51,0.9984833416351172,0.4884833416351172
screen_be8644457d007c9063a8,774,CS(=O)(=O)N(CCN1C2CCC1CC(c1ccc(C(F)(F)F)cc1)C2)C(=O)CO,reinvent,1,1,0.5181799303322615,0.795339597389291,0.7260742,1,1,1,1,0,3,0.6798645821571841,0.5181799303322615,0.795339597389291,0.27715966705702955
screen_1538593c1929d164522e,775,C=CCN1CC[C@]23c4c5ccc(O)c4O[C@H]2[C@H](NC(=O)c2ccc(-c4ccccc4)cc2)CC[C@@]3(O)[C@H]1C5,gpcrdb,1,1,0.5433333333333333,0.937705605216923,0.55455214,1,1,1,1,0,3,0.6785303588006572,0.5433333333333333,0.937705605216923,0.3943722718835897
screen_a5e2fac392606ddc8588,776,NC(=O)c1ccc(Oc2ccc3c(c2)CCCN(CCCC(F)(F)F)C3)nc1,gpcrdb,1,1,0.5366666666666666,0.9389701265403809,0.5530044,1,1,1,1,0,3,0.6762137257492933,0.5366666666666666,0.9389701265403809,0.4023034598737143
screen_17dd371fdabd6411e4e9,777,Cc1cccc(CCN2CC[C@@](C)(c3cccc(O)c3)[C@@H](C)C2)c1,gpcrdb,1,1,0.6014521072796934,0.6702847961959306,0.7562553,1,1,1,1,0,3,0.675997410710289,0.6014521072796934,0.7562553286552429,0.15480322137554947
screen_a1b2b9d54e727b0d186c,778,O=C1c2ccccc2C(=O)N1CCCCN1[C@@H]2CC[C@@H]1CC(c1cccc(O)c1)C2,gpcrdb,1,1,0.5929966774663534,0.7869153293676089,0.6479492,1,1,1,1,0,3,0.6759537418613207,0.5929966774663534,0.7869153293676089,0.19391865190125546
screen_7752818dd95fc2ce366e,779,C[C@H]1CN(Cc2cc3ccccc3o2)CC[C@@]1(C)c1cccc(C(N)=O)c1,gpcrdb,1,1,0.535,0.9263227843675145,0.5628509,1,1,1,1,0,3,0.6747245589704357,0.535,0.9263227843675145,0.39132278436751444
screen_5b88549a40b507c7dd4c,780,CCCCCN1CCCc2cc(Oc3ccc(C(N)=O)cn3)ccc2C1,gpcrdb,1,1,0.5416666666666666,0.8504417858661316,0.63183594,1,1,1,1,0,3,0.6746481300109327,0.5416666666666666,0.8504417858661316,0.308775119199465
screen_7cc1fce3aceb62ea05c4,781,COC(=O)C=CC(=O)NC12CCC(=O)C3Oc4cc(O)c(Cl)c5c4C31CCN(CC1CC1)C2C5,reinvent,1,1,0.6433333333333333,0.6470051281962687,0.73046875,1,1,1,1,0,3,0.6736024038432006,0.6433333333333333,0.73046875,0.08713541666666669
screen_26ca89fd25683e9910d6,782,Oc1ccc2c3c1O[C@H]1c4[nH]c5ccccc5c4C[C@@]4(O)[C@@H](C2)N(CC(F)F)CC[C@]314,gpcrdb,1,1,0.5533333333333333,0.9296545755501755,0.53564453,1,1,1,1,0,3,0.6728774800445029,0.53564453125,0.9296545755501755,0.3940100443001755
screen_a367acab6bca52394128,783,Cc1cc(O)cc(C)c1C[C@H](N)C(=O)N1Cc2ccccc2CC1C(=O)NCCCCCCCCCCNC(=O)C1Cc2ccccc2CN1C(=O)[C@@H](N)Cc1c(C)cc(O)cc1C,gpcrdb,1,1,0.6516666666666666,0.7974995256635018,0.56640625,1,1,1,1,0,3,0.6718574807767229,0.56640625,0.7974995256635018,0.2310932756635018
screen_4ba08106425965695f13,784,CCN1CC[C@]23c4c5ccc(O)c4O[C@H]2c2nc4ccccc4cc2C[C@@]3(O)[C@H]1C5,gpcrdb,1,1,0.5083333333333333,0.977440319205396,0.5258789,1,1,1,1,0,3,0.6705508529295764,0.5083333333333333,0.977440319205396,0.4691069858720627
screen_6bd6f9efe92dd7913ee4,785,Cc1cc(O)cc(C)c1C[C@H](N)C(=O)N1Cc2ccccc2C[C@H]1C(=O)NCC/C=C/CCNC(=O)[C@@H]1Cc2ccccc2CN1C(=O)[C@@H](N)Cc1c(C)cc(O)cc1C,gpcrdb,1,1,0.6083333333333333,0.8478960201854322,0.55078125,1,1,1,1,0,3,0.6690035345062553,0.55078125,0.8478960201854322,0.2971147701854322
screen_b1e660a3ae2fa3bcdd05,786,CN(C)[C@@H](Cc1ccccc1)C(=O)N(CCN1[C@@H]2CC[C@H]1C[C@@H](c1cccc(O)c1)C2)CC1CCCCC1,gpcrdb,1,1,0.6833333333333333,0.509018004517075,0.81337726,1,1,1,1,0,3,0.6685761996707376,0.509018004517075,0.8133772611618042,0.3043592566447292
screen_95f5f788bfcfb42102c1,787,CO[C@]12CC[C@@]3(C[C@@H]1CNC(=O)[C@@H](N)CC(=O)O)[C@H]1Cc4ccc(O)c5c4[C@@]3(CCN1CC1CC1)[C@H]2O5,gpcrdb,1,1,0.5196113374066531,0.9773135329447245,0.5047596,1,1,1,1,0,3,0.6672281600168756,0.5047596096992493,0.9773135329447245,0.4725539232454752
screen_c3683c51ea936df301b5,788,COc1ccc2c3c1O[C@H]1C(=O)CC[C@@]31[C@H]([C@@]1(C)C(=O)N[C@@H]1CCc1nc(/C=C/CNc3ccc(Cl)cc3)ccc1CC1CC1)C2,ouroboros,1,1,0.5566666666666666,0.9402321994077235,0.50109893,1,1,1,1,0,3,0.6659992656367048,0.5010989308357239,0.9402321994077235,0.43913326857199964
screen_e8e85a0a028a095f4dba,789,O=C(Nc1cccnc1)C1C[C@@]2(O)[C@H]3Cc4ccc(O)c5c4[C@@]2(CCN3CC2CC2)[C@@H](O5)C1=O,gpcrdb,1,1,0.6654664497404449,0.8272045633050218,0.50341797,1,1,1,1,0,3,0.6653629939318222,0.50341796875,0.8272045633050218,0.3237865945550218
screen_bbb3c4caeefcd1055952,790,CC(C)CCN1CCCc2cc(Oc3ccc(C(N)=O)cn3)ccc2C1,gpcrdb,1,1,0.5316666666666666,0.7900739676790439,0.671875,1,1,1,1,0,3,0.6645385447819036,0.5316666666666666,0.7900739676790439,0.2584073010123773
screen_24d6e0da90244c4003ad,791,CC(C)CN1CCC23c4c5ccc(O)c4O[C@H]2C(=O)/C(=C\c2ccc4ccccc4c2)C[C@@]3(O)[C@H]1C5,gpcrdb,1,1,0.5133333333333333,0.7661839896497417,0.71240234,1,1,1,1,0,3,0.6639732222443583,0.5133333333333333,0.7661839896497417,0.25285065631640835
screen_9d5b04c01c8ab9351a7e,792,CCc1cc(F)c2nc(N3CCC(N[C@H]4CCOC4)CC3)c(-c3nc(C)no3)cc2c1,gpcrdb,1,1,0.5066666666666667,0.9599787502363766,0.52307695,1,1,1,1,0,3,0.6632407894689324,0.5066666666666667,0.9599787502363766,0.45331208356970987
screen_f91eb0b4376e910ba8b3,793,CCc1cc(F)c2nc(N3CCC(N[C@@H]4CCOC4)CC3)c(-c3nc(C)no3)cc2c1,gpcrdb,1,1,0.5066666666666667,0.9599787502363766,0.52307695,1,1,1,1,0,3,0.6632407894689324,0.5066666666666667,0.9599787502363766,0.45331208356970987
screen_8e014cf39587d736314f,794,O=C(C=C1CCC2(O)C3Cc4ccc(O)c5c4C2(CCN3CC2CC2)C1O5)NCc1ccccc1,reinvent,1,1,0.6929310930074678,0.6874438065538819,0.6074219,1,1,1,1,0,3,0.6625989248537832,0.607421875,0.6929310930074678,0.0855092180074678
screen_68280521ac45b7d10a87,795,C[C@H]1CN(Cc2ccco2)CC[C@@]1(C)c1cccc(O)c1,gpcrdb,1,1,0.6416666666666667,0.6354291792559889,0.7104492,1,1,1,1,0,3,0.6625150215575518,0.6354291792559889,0.71044921875,0.07502003949401115
screen_ee3009757e84a3c784b7,796,COc1ccc2c3c1O[C@@]1(C)C(=O)CC[C@@]4(NC(=O)/C=C/c5ccc([N+](=O)[O-])cc5)C(C2)N(CC2CC2)CCC314,gpcrdb,1,1,0.5483333333333333,0.9266405394854791,0.51061755,1,1,1,1,0,3,0.6618638090021957,0.5106175541877747,0.9266405394854791,0.41602298529770443
screen_f99cabd42478df541227,797,CO[C@]12CC[C@@]3(C[C@@H]1COCc1ccccc1)[C@H]1Cc4ccc(C(N)=O)c5c4[C@@]3(CCN1CC1CC1)[C@H]2O5,gpcrdb,1,1,0.6416123249544284,0.6486769814069708,0.6845703,1,1,1,1,0,3,0.6582865396204665,0.6416123249544284,0.6845703125,0.04295798754557156
screen_bc5535622fa1ea315e0a,798,O=C(/C=C/c1ccc([N+](=O)[O-])cc1)N[C@@]12C=CC(=O)[C@@H]3Oc4c(O)ccc5c4C31CCN(CC1CC1)C2C5,gpcrdb,1,1,0.5966666666666667,0.700624456476334,0.6769231,1,1,1,1,0,3,0.6580714064409876,0.5966666666666667,0.700624456476334,0.1039577898096673
screen_4dc5f231d6941890916f,799,COCCN(C(=O)COc1ccc(Cl)cc1)[C@H]1CCc2cc(OC)c(OC)cc21,ouroboros,1,1,0.6433333333333333,0.5134925470808859,0.8140642,1,1,1,1,0,3,0.6569633617023533,0.5134925470808859,0.8140642046928406,0.3005716576119547
screen_9ff73c037cd0dd68b92d,800,CCCCCCN1CCCc2cc(Oc3ccc(C(N)=O)cn3)ccc2C1,gpcrdb,1,1,0.5416666666666666,0.8020481585803441,0.62710625,1,1,1,1,0,3,0.6569403581931462,0.5416666666666666,0.8020481585803441,0.26038149191367743
screen_6bbf872fcd29707261e7,801,CC(C)CC(NC(=O)C(Cc1ccccc1)NC(=O)N/N=C1/CC[C@@]2(O)C3Cc4ccc(O)c5c4C2(CCN3CC2CC2)[C@H]1O5)C(=O)O,gpcrdb,1,1,0.5783333333333334,0.8735188087971136,0.5134212,1,1,1,1,0,3,0.6550911066648406,0.5134211778640747,0.8735188087971136,0.3600976309330389
screen_8e7da1cb2dabdd3f46b4,802,NC(=O)c1ccc(Oc2ccc3c(c2)CN(CCc2ccccc2)CC3)nc1,gpcrdb,1,1,0.56,0.8066265893449363,0.59814453,1,1,1,1,0,3,0.6549237068649788,0.56,0.8066265893449363,0.2466265893449362
screen_be0a5e879a24833149e0,803,Cc1cc(C)cc(C2CCCN2Cc2ccc(Oc3ccc(C(N)=O)cc3)c(Cl)c2)c1,gpcrdb,1,1,0.6183333333333333,0.6409112961154279,0.70344156,1,1,1,1,0,3,0.654228729905721,0.6183333333333333,0.7034415602684021,0.08510822693506881
screen_bf65300bcfb7c5d421df,804,COCC(C)(COC)NC(=O)C1C[C@@]2(O)[C@H]3Cc4ccc(O)c5c4[C@@]2(CCN3CC2CC2)[C@@H](O5)C1=O,gpcrdb,1,1,0.7875217790004585,0.6038416984182224,0.5698242,1,1,1,1,0,3,0.653729232056227,0.56982421875,0.7875217790004585,0.2176975602504585
screen_f3722a499fda77c11056,805,CO[C@]12CC[C@@]3(C[C@@H]1COCc1ccc(C(N)=O)cc1)[C@H]1Cc4ccc(O)c5c4[C@@]3(CCN1CC1CC1)[C@H]2O5,gpcrdb,1,1,0.5675174462600052,0.7164669998409454,0.6743164,1,1,1,1,0,3,0.6527669507836502,0.5675174462600052,0.7164669998409454,0.1489495535809402
screen_6d2aa822fbfe7e8a15d5,806,NC(=O)c1ccc(Oc2ccc3c(c2)CCN(CCc2ccccc2)C3)nc1,gpcrdb,1,1,0.56,0.8051557041825967,0.5913086,1,1,1,1,0,3,0.6521547659775323,0.56,0.8051557041825967,0.2451557041825967
screen_b972b1c82c2b40e900cc,807,CC(=O)N(CCN1[C@@H]2CC[C@H]1C[C@@H](c1cccc(O)c1)C2)Cc1ccccc1,gpcrdb,1,1,0.6616666666666666,0.5420168540061698,0.7515566,1,1,1,1,0,3,0.6517466986570486,0.5420168540061698,0.7515565752983093,0.2095397212921395
screen_284b01adc922f70d2477,808,COc1ccc2c(c1)CN(C(=O)[C@@H](N)Cc1c(C)cc(O)cc1C)[C@H](C(=O)O)C2,gpcrdb,1,1,0.5283333333333333,0.9220057114422341,0.50451773,1,1,1,1,0,3,0.6516189262754394,0.5045177340507507,0.9220057114422341,0.41748797739148336
screen_d3c7878ae6a2d56e37ad,809,COc1ccc2c(c1)CN(C(=O)C(N)Cc1c(C)cc(O)cc1C)[C@H](C(=O)O)C2,gpcrdb,1,1,0.5283333333333333,0.9220057114422341,0.50451773,1,1,1,1,0,3,0.6516189262754394,0.5045177340507507,0.9220057114422341,0.41748797739148336
screen_ce4f34e2767bbfe3229b,810,O=c1c(NC2CCn3c(F)ccc3C2)nccn1[C@@H]1CCC(c2ccc(Cl)c(Cl)c2)C1,ouroboros,1,1,0.5311711600036197,0.8319887027723223,0.58774716,1,1,1,1,0,3,0.6503023397986559,0.5311711600036197,0.8319887027723223,0.30081754276870254
screen_57949e4fc58411c6d271,811,COCCN(C(=O)CSc1ccc(Cl)cc1)[C@@H]1CCc2cc(OC)c(OC)cc2C1,ouroboros,1,1,0.505,0.8936467936209426,0.551135,1,1,1,1,0,3,0.6499272657292282,0.505,0.8936467936209426,0.38864679362094257
screen_611ddd3d236a1dd5fa68,812,CC(C)[C@@H](CN1CC[C@@](C)(c2cccc(O)c2)[C@@H](C)C1)NC(=O)[C@@H](N)Cc1ccc(O)cc1,gpcrdb,1,1,0.59,0.6451169726258329,0.7111111,1,1,1,1,0,3,0.6487427003186879,0.59,0.7111111283302307,0.12111112833023074
screen_e9f58da9328b7517e3a4,813,O=C(NCCOc1ccccc1)C1C[C@@]2(O)[C@H]3Cc4ccc(O)c5c4[C@@]2(CCN3CC2CC2)[C@@H](O5)C1=O,gpcrdb,1,1,0.7004664497404449,0.717774823027722,0.5258789,1,1,1,1,0,3,0.6480400596727223,0.52587890625,0.717774823027722,0.191895916777722
screen_d29e9099ccace57ae291,814,C=CCN1CCCC(c2cccc(C(N)=O)c2)C1,reinvent,1,1,0.65,0.5031680550234157,0.79043084,1,1,1,1,0,3,0.6478662996178414,0.5031680550234157,0.7904308438301086,0.287262788806693
screen_e4bc639ab985b17af811,815,COc1ccc2c3c1O[C@H]1c4[nH]c5ccccc5c4C[C@@]4(O)[C@@H](C2)N(CC2CC2)CC[C@]314,gpcrdb,1,1,0.7033333333333334,0.6170246965761133,0.620454,1,1,1,1,0,3,0.6469373477523575,0.6170246965761133,0.7033333333333334,0.08630863675722011
screen_fca50881e9d54a91792e,816,COc1ccc2c3c1OC1c4[nH]c5ccccc5c4C[C@@]4(O)[C@@H](C2)N(CC2CC2)CC[C@]314,gpcrdb,1,1,0.7033333333333334,0.6170246965761133,0.620454,1,1,1,1,0,3,0.6469373477523575,0.6170246965761133,0.7033333333333334,0.08630863675722011
screen_fc13e6b40452552572db,817,CCC1CCCCC2CC2N(C2CC2)c2cc(F)ccc2[C@@H]2C3(O)[C@@H]4[C@@H]5Oc6ccc(C7CC7)cc6C5=C(C[C@@H]3S2(=O)=O)N14,ouroboros,1,1,0.5116666666666667,0.8639066961705448,0.5625,1,1,1,1,0,3,0.6460244542790705,0.5116666666666667,0.8639066961705448,0.3522400295038781
screen_03f1e9fc77a28d18ea70,818,C=C(C)CN1CCC23c4c5ccc(OC)c4O[C@H]2c2oc4ccccc4c2C[C@@]3(O)C1C5,gpcrdb,1,1,0.5633333333333334,0.7401691716458644,0.62939453,1,1,1,1,0,3,0.6442990120763993,0.5633333333333334,0.7401691716458644,0.17683583831253102
screen_4de1eb2f17083c7a0c7e,819,NC(=O)c1ccc(Oc2ccc3c(c2)CCCN(CCc2ccccc2)C3)nc1,gpcrdb,1,1,0.5583333333333333,0.7421776532752394,0.63150185,1,1,1,1,0,3,0.6440042800248689,0.5583333333333333,0.7421776532752394,0.1838443199419061
screen_27b6901550bbc15ab3e0,820,c1ccc(CCN2CCC(Nc3cccnc3)CC2)cc1,reinvent,1,2,0.5333333333333333,0.8952323249320384,0.50158733,1,1,1,1,0,3,0.6433843298534617,0.5015873312950134,0.8952323249320384,0.393644993637025
screen_0101ce2ee6e7b280609f,821,C=CCN1CC[C@]23c4c5ccc(O)c4O[C@H]2[C@H](NC(=O)CCCCCCCCCCCC)CC[C@@]3(O)[C@H]1C5,gpcrdb,1,1,0.5033333333333333,0.8253812620554707,0.59228516,1,1,1,1,0,3,0.6403332505462681,0.5033333333333333,0.8253812620554707,0.3220479287221374
screen_5fb57b2ce2b99ab461d3,822,O=C1CC[C@@]2(O)[C@H]3CC4=C(CCCC4)[C@@]2(CCN3CC2CC2)C1,gpcrdb,1,1,0.50821733659538,0.9040954640677747,0.5083008,1,1,1,1,0,3,0.6402045273043849,0.50821733659538,0.9040954640677747,0.3958781274723947
screen_c4f8b9a586ab8533d4f5,823,CO[C@]12CC[C@@]3(C[C@@H]1CNS(C)(=O)=O)[C@H]1Cc4ccc(O)c5c4[C@@]3(CCN1CC1CC1)[C@H]2O5,gpcrdb,1,1,0.565,0.7755448812899557,0.57421875,1,1,1,1,0,3,0.6382545437633186,0.565,0.7755448812899557,0.21054488128995574
screen_3f3b5e45c342d1deb9ee,824,COC12CC[C@@]3(C[C@@H]1CNC(=O)c1nccnc1C(N)=O)[C@H]1Cc4ccc(O)c5c4[C@@]3(CCN1CC1CC1)[C@H]2O5,gpcrdb,1,1,0.647488593578403,0.6314072257027434,0.6352539,1,1,1,1,0,3,0.6380499085103821,0.6314072257027434,0.647488593578403,0.016081367875659613
screen_72b93ffb78e727a971b5,825,COCCN(C(=O)c1sccc1Cl)[C@@H]1CC=C(c2ccccc2)CN2CCN(c3ccccc3)CC12,ouroboros,1,1,0.5133333333333333,0.753553745866367,0.6401367,1,1,1,1,0,3,0.6356745993165668,0.5133333333333333,0.753553745866367,0.24022041253303372
screen_442a02da3095ec22b07f,826,NC(=O)c1ccc(Oc2ccc3c(c2)CCN(CCc2ccccc2)CC3)nc1,gpcrdb,1,1,0.5566666666666666,0.7517044881566092,0.5961914,1,1,1,1,0,3,0.6348541870244252,0.5566666666666666,0.7517044881566092,0.19503782148994253
screen_3ef28b9567a3234098a0,827,NC(=O)c1ccc2c(c1)C13CCCCC1(O)C(C2)N(CC1CC1)CC3,reinvent,1,1,0.705541412084182,0.5752128747955041,0.6228948,1,1,1,1,0,3,0.6345497034769547,0.5752128747955041,0.705541412084182,0.13032853728867788
screen_bf77a2d3bc07d9b2b5ae,828,COc1ccc(OCCNC23CCC(=O)C4Oc5c(O)ccc6c5C42CCN(CC2CC2)C3C6)cc1,reinvent,1,1,0.695,0.5906448614006726,0.61508423,1,1,1,1,0,3,0.6335763641001612,0.5906448614006726,0.695,0.10435513859932732
screen_0c9e34b07a7e0b97adcc,829,CC(C)(C)NC(=O)CN1C2CCC1CC(Oc1ccc(C(N)=O)cc1)C2,reinvent,1,1,0.555,0.7471129745692865,0.5709402,1,1,1,1,0,3,0.6243510570278055,0.555,0.7471129745692865,0.19211297456928644
screen_0ec3eaaabaaf71175641,830,CCCCCCCNC(=O)c1ccc2[nH]c3c(c2c1)C[C@@]1(O)C2Cc4ccc(O)c5c4[C@@]1(CCN2CC1CC1)[C@H]3O5,gpcrdb,1,1,0.5633333333333334,0.7835844957827506,0.52307695,1,1,1,1,0,3,0.6233315935399459,0.5230769515037537,0.7835844957827506,0.2605075442789969
screen_46851ecc03b2d3ee271a,831,COc1ccc(CN2CC[C@@](C)(c3cccc(C(N)=O)c3)[C@@H](C)C2)cc1,gpcrdb,1,1,0.5416666666666666,0.6856656789555512,0.6425781,1,1,1,1,0,3,0.6233034902074058,0.5416666666666666,0.6856656789555512,0.14399901228888456
screen_6e240c77d1a0c43f509d,832,Cc1cc(O)cc(C)c1C[C@H](N)C(=O)N1Cc2ccccc2C[C@H]1C(=O)N[C@@H](C)C(=O)NC(C)(C)C,gpcrdb,1,1,0.6516666666666666,0.578148955080629,0.63656336,1,1,1,1,0,3,0.6221263274794554,0.578148955080629,0.6516666666666666,0.07351771158603759
screen_9405836c145e0e0d4178,833,C=CCN1CC[C@]23c4c5ccc(OC(=O)CCCCCCCCCCC)c4OC2C(=O)CC[C@@]3(O)[C@H]1C5,zinc,1,4,0.505,0.7714363878421535,0.586569,1,1,1,1,0,3,0.6210017996845162,0.505,0.7714363878421535,0.2664363878421535
screen_b0be1e84374cc38ca31d,834,NC(=O)c1cccc(C2CCCN2Cc2cccc(O)c2)c1,reinvent,1,1,0.5256696070025856,0.789033015783347,0.54052734,1,1,1,1,0,3,0.6184099888453108,0.5256696070025856,0.789033015783347,0.26336340878076137
screen_da95fce4ec19431f37b1,835,CCN1C(=O)N(C2CCN(C3Cc4ccccc4C3)CC2)C2CCCCC21,reinvent,1,1,0.6033333333333334,0.6254884567592637,0.6196289,1,1,1,1,0,3,0.6161502321141991,0.6033333333333334,0.6254884567592637,0.02215512342593029
screen_9e790ebb8b5528df502a,836,N#CC(C(=O)NCCc1ccccc1)=C1CCC2(O)C3Cc4ccc(O)c5c4C2(CCN3CC2CC2)C1O5,reinvent,1,1,0.582980312287848,0.7207114826967427,0.5395508,1,1,1,1,0,3,0.6144141920781969,0.53955078125,0.7207114826967427,0.18116070144674268
screen_6ca2e85ce6db1d0ba62e,837,Cc1cc(O)cc(C)c1C[C@H](N)C(=O)N1Cc2ccccc2CC1C(=O)NCCCCCCNC(=O)C1Cc2ccccc2CN1,gpcrdb,1,1,0.67,0.5198701350636513,0.65283203,1,1,1,1,0,3,0.6142340554378838,0.5198701350636513,0.67,0.15012986493634872
screen_b60bf00c3d93a9bb4d79,838,C=CCN1CC[C@]23c4c5ccc(O)c4O[C@H]2c2oc4ccccc4c2C[C@@]3(OCC)[C@H]1C5,gpcrdb,1,1,0.5566666666666666,0.7369845423367457,0.54785156,1,1,1,1,0,3,0.6138342571678042,0.5478515625,0.7369845423367457,0.1891329798367457
screen_a663269024c31248b824,839,CCC(CC)C(=O)N(Cc1ccccc1)[C@H](C)CN1[C@@H]2CC[C@H]1C[C@@H](c1cccc(O)c1)C2,gpcrdb,1,1,0.6016666666666667,0.5009924624336556,0.72802734,1,1,1,1,0,3,0.6102288242834407,0.5009924624336556,0.72802734375,0.22703488131634442
screen_176de5249672529297a9,840,C=CCN1CC[C@@]2(CCc3ccccc3)c3cc(O)ccc3O[C@H]2C1,gpcrdb,1,1,0.605,0.5094633261035701,0.71404153,1,1,1,1,0,3,0.6095016190631793,0.5094633261035701,0.714041531085968,0.20457820498239787
screen_f93d5208939ca5696d5f,841,CO[C@]12CC[C@@]3(C[C@@H]1CNC(=O)[C@H](CC(N)=O)NC(C)=O)[C@H]1Cc4ccc(O)c5c4[C@@]3(CCN1CC1CC1)[C@H]2O5,gpcrdb,1,1,0.5124164375888025,0.7553012009880754,0.5595703,1,1,1,1,0,3,0.6090959836922926,0.5124164375888025,0.7553012009880754,0.2428847633992729
screen_0a2362fa9b993c80c49a,842,C=CCN1CC[C@]23c4c5ccc(OC(=O)CCCCCCCCCCCC)c4OC2C(=O)CC[C@@]3(O)[C@H]1C5,zinc,1,4,0.505,0.7342821676385612,0.586569,1,1,1,1,0,3,0.6086170596166521,0.505,0.7342821676385612,0.22928216763856124
screen_aa3f41964a0460d8ceb6,843,C[C@H](CN1[C@@H]2CC[C@H]1C[C@@H](c1cccc(O)c1)C2)N(Cc1ccccc1)C(=O)CCC1CCCC1,gpcrdb,1,1,0.5879463679565513,0.6145368974812198,0.62026864,1,1,1,1,0,3,0.6075839694467151,0.5879463679565513,0.6202686429023743,0.03232227494582296
screen_00e06ca3b6c47cd3e8f9,844,COc1cc2c(cc1OCSC(=O)N1C[C@@H](c3ccc(Cl)cc3)CC1CF)[C@@H](N(C)C)CC2,ouroboros,1,1,0.5066666666666667,0.7327315292833133,0.58203125,1,1,1,1,0,3,0.6071431486499934,0.5066666666666667,0.7327315292833133,0.2260648626166466
screen_d5451757fe31563e34cb,845,COCCN(C(=O)CSc1ccc(Cl)cc1)[C@H]1CCc2cc(OC)c(OC)cc21,ouroboros,1,1,0.6183333333333333,0.5673568599891545,0.63345546,1,1,1,1,0,3,0.6063818828752267,0.5673568599891545,0.6334554553031921,0.06609859531403761
screen_4ca1959d2bba8514c816,846,N=C(N)Nc1ccc2c3c([nH]c2c1)[C@@H]1Oc2c(O)ccc4c2[C@@]12CCN(CC1CC1)[C@H](C4)[C@]2(O)C3,gpcrdb,1,1,0.7729735234215886,0.5419936524280502,0.50402933,1,1,1,1,0,3,0.6063321698137,0.5040293335914612,0.7729735234215886,0.26894418983012747
screen_c156e3db5a7167558966,847,COC(=O)CN1Cc2ccccc2N(C2CCN(C3CCCCCC3)CC2)S1(=O)=O,reinvent,1,1,0.6760520487264673,0.5912979109010751,0.5384428,1,1,1,1,0,3,0.6019309167119374,0.5384427905082703,0.6760520487264673,0.13760925821819703
screen_09eb5321824b0ced1826,848,C=CCN1CC[C@]23c4c5ccc(OC(=O)CCCCCCCCCCCCCC)c4OC2C(=O)CC[C@@]3(O)[C@H]1C5,zinc,1,4,0.505,0.7088931621984714,0.586569,1,1,1,1,0,3,0.6001540578032888,0.505,0.7088931621984714,0.20389316219847142
screen_0ab1a923043c85729904,849,CC(C)(C)NC(=O)NC[C@@H]1Cc2ccccc2CN1/C(S)=N/C[C@H]1CCCN1C(=O)OC(C)(C)C,gpcrdb,1,1,0.6433333333333333,0.5126567931683463,0.64324063,1,1,1,1,0,3,0.5997435857094527,0.5126567931683463,0.6433333333333333,0.13067654016498698
screen_158a1ae5c9cd9d5a0087,850,Cc1cc(C2CC(C(=O)N[C@H](C(=O)O)[C@H](C(=O)N3C[CH]n4cccc4[C@H]3c3ccccc3)n3nc(CF)nc3C)C2)ccc1O,ouroboros,1,1,0.5097756595416907,0.6837831934754076,0.5989749,1,1,1,1,0,3,0.5975112455244881,0.5097756595416907,0.6837831934754076,0.17400753393371693
screen_beb805b323b2ab0a6011,851,Cc1cc(C2CC(C(=O)N[C@@H](C(=O)O)[C@@H](C(=O)N3C[CH]n4cccc4[C@@H]3c3ccccc3)n3nc(CF)nc3C)C2)ccc1O,ouroboros,1,1,0.5097756595416907,0.6837831934754076,0.5989749,1,1,1,1,0,3,0.5975112455244881,0.5097756595416907,0.6837831934754076,0.17400753393371693
screen_ce3cbb729b22cc00ffcb,852,Cc1cc(C2CC(C(=O)N[C@@H](C(=O)O)[C@H](C(=O)N3C[CH]n4cccc4[C@H]3c3ccccc3)n3nc(CF)nc3C)C2)ccc1O,ouroboros,1,1,0.5097756595416907,0.6837831934754076,0.5989749,1,1,1,1,0,3,0.5975112455244881,0.5097756595416907,0.6837831934754076,0.17400753393371693
screen_e23d51e4f313fc694cda,853,CC(C)(Cc1cc(F)cc(F)c1)CN1CCC(c2cccc(C(N)=O)c2)CC1,reinvent,1,1,0.6296130346232179,0.5018182661813856,0.65185547,1,1,1,1,0,3,0.5944289231848678,0.5018182661813856,0.65185546875,0.15003720256861441
screen_c05e60a6e35f75584eaf,854,c1ccc(NC2CCN(CCc3cccs3)CC2)cc1,reinvent,1,5,0.5116666666666667,0.7273632175439745,0.53772897,1,1,1,1,0,3,0.592252949831027,0.5116666666666667,0.7273632175439745,0.21569655087730777
screen_2579f9ba7acab669612b,855,Cc1cc(O)cc(C)c1C[C@H](NC(=N)N)C(=O)N1Cc2ccccc2C[C@H]1C(=O)O,gpcrdb,1,1,0.5616666666666666,0.5882794610983353,0.6102026,1,1,1,1,0,3,0.5867162460859027,0.5616666666666666,0.6102026104927063,0.04853594382603965
screen_4cc3e77359ee206f07f4,856,Cn1c(/C=C/C(=O)c2ccccc2)cc2c1[C@@H]1Oc3c(O)ccc4c3[C@@]13CCN(CC1CC1)[C@H](C4)[C@]3(O)C2,gpcrdb,1,1,0.6233333333333333,0.604710707536826,0.51904297,1,1,1,1,0,3,0.5823623365400531,0.51904296875,0.6233333333333333,0.1042903645833333
screen_1f7a4f0ba1c2e0207237,857,CC(C)CCCN1CCCc2cc(Oc3ccc(C(N)=O)cn3)ccc2C1,gpcrdb,1,1,0.5333333333333333,0.5388094763095881,0.67268735,1,1,1,1,0,3,0.5816100537821883,0.5333333333333333,0.6726873517036438,0.13935401837031047
screen_c19eb3a4d564dc2a2c20,858,Cc1cc(O)cc(C)c1CC(N)C(=O)NC1CC2CC(c3cccc(O)c3)(C1)C(C)CN2CCCc1ccccc1,reinvent,1,1,0.5116666666666667,0.6917995665270091,0.5175781,1,1,1,1,0,3,0.5736814527312253,0.5116666666666667,0.6917995665270091,0.18013289986034242
screen_e20e0e6a79abc6219577,859,C=CCN1CC[C@]23c4c5ccc(OC(=O)CCCCCCCCCCCCC)c4OC2C(=O)CC[C@@]3(O)[C@H]1C5,zinc,1,4,0.505,0.6266965404835414,0.586569,1,1,1,1,0,3,0.5727551838983121,0.505,0.6266965404835414,0.1216965404835414
screen_d0ebd9c46bd25c58f982,860,CC(C)CC(=O)N(Cc1ccccc1)[C@H](C)CN1[C@@H]2CC[C@H]1C[C@@H](c1cccc(O)c1)C2,gpcrdb,1,1,0.589613034623218,0.5464112395230333,0.5800781,1,1,1,1,0,3,0.5720341330487505,0.5464112395230333,0.589613034623218,0.04320179510018474
screen_0ce5f6277524cef708e3,861,Cc1cc(C2CC(C(=O)N[C@@H](C(=O)O)[C@H](C(=O)N3C[CH]n4cccc4[C@H]3c3ccccc3)n3nc(CF)cc3F)C2)ccc1O,ouroboros,1,1,0.558108992875024,0.5271373134926617,0.6189895,1,1,1,1,0,3,0.5680786111977266,0.5271373134926617,0.6189895272254944,0.0918522137328327
screen_95bc287ab0a71cfabc4d,862,Cc1cc(C2CC(C(=O)N[C@H](C(=O)O)[C@@H](C(=O)N3C[CH]n4cccc4[C@H]3c3ccccc3)n3nc(CF)cc3F)C2)ccc1O,ouroboros,1,1,0.558108992875024,0.5271373134926617,0.6189895,1,1,1,1,0,3,0.5680786111977266,0.5271373134926617,0.6189895272254944,0.0918522137328327
screen_ab079ba21df96c48cf7c,863,Cc1cc(C2CC(C(=O)N[C@H](C(=O)O)[C@H](C(=O)N3C[CH]n4cccc4[C@H]3c3ccccc3)n3nc(CF)cc3F)C2)ccc1O,ouroboros,1,1,0.558108992875024,0.5271373134926617,0.6189895,1,1,1,1,0,3,0.5680786111977266,0.5271373134926617,0.6189895272254944,0.0918522137328327
screen_b97e6af414e304d7d016,864,Cc1cc(C2CC(C(=O)N[C@H](C(=O)O)[C@@H](C(=O)N3C[CH]n4cccc4[C@@H]3c3ccccc3)n3nc(CF)cc3F)C2)ccc1O,ouroboros,1,1,0.558108992875024,0.5271373134926617,0.6189895,1,1,1,1,0,3,0.5680786111977266,0.5271373134926617,0.6189895272254944,0.0918522137328327
screen_5ea4511331580998f299,865,COc1cccc(CN2CC[C@@](C)(c3cccc(C(N)=O)c3)[C@@H](C)C2)c1,gpcrdb,1,1,0.5116666666666667,0.5835271632370486,0.5917969,1,1,1,1,0,3,0.562330234967905,0.5116666666666667,0.591796875,0.08013020833333329
screen_e79c2249f75770898208,866,CO[C@]12CC[C@@]3(C[C@@H]1CNS(=O)(=O)C(F)(F)F)[C@H]1Cc4ccc(O)c5c4[C@@]3(CCN1CC1CC1)[C@H]2O5,gpcrdb,1,1,0.5133333333333333,0.64438568703836,0.50573593,1,1,1,1,0,3,0.5544849847174544,0.5057359337806702,0.64438568703836,0.1386497532576898
screen_9ae6274adbce2e497ccf,867,C=CCN1CC[C@]23c4c5ccc(O)c4O[C@H]2[C@H](NC(=O)CCCCCC)CC[C@@]3(O)[C@H]1C5,gpcrdb,1,1,0.5033333333333333,0.5504553588032831,0.59228516,1,1,1,1,0,3,0.5486912827955388,0.5033333333333333,0.59228515625,0.0889518229166667
screen_8a31a90ac030e0ffb3e3,868,C=CCN1CC[C@]23c4c5ccc(OC(=O)CCCCCCCCCCCCCCC)c4OC2C(=O)CC[C@@]3(O)[C@H]1C5,zinc,1,4,0.505,0.5422314679420202,0.586569,1,1,1,1,0,3,0.5446001597178051,0.505,0.5865690112113953,0.08156901121139526
screen_b432c1046d9946ed4bde,869,Cc1cccc(NC2CCN(Cc3ccc(C(N)=O)cc3)CC2)c1,reinvent,1,1,0.5612797012898847,0.5355953395904989,0.52356535,1,1,1,1,0,3,0.5401467976144756,0.5235653519630432,0.5612797012898847,0.03771434932684148
screen_e60f0ead06c3e19e1edd,870,C=CCN1CC[C@]23c4c5ccc(O)c4O[C@H]2[C@H](NC(=O)c2ccccc2I)CC[C@@]3(O)[C@H]1C5,gpcrdb,1,1,0.52,0.5900035562207752,0.5058594,1,1,1,1,0,3,0.5386209770735917,0.505859375,0.5900035562207752,0.08414418122077516
