bit,mean_abs_shap,mean_shap,carrier_count,antagonistic_prevalence,non_antagonistic_prevalence
1145,0.009485586,-0.0025658885,298,0.23684211,0.32360741
309,0.008612152,-0.002836063,56,0.18859649,0.01724138
1039,0.00857557,-0.0017756553,427,0.6403509,0.37267905
1019,0.00662754,-0.00088016083,853,0.9736842,0.83687
140,0.0063956254,-0.0014990045,130,0.24122807,0.0994695
1117,0.0062352675,-0.0020835577,66,0.18859649,0.030503979
1104,0.006014207,-0.0021885457,171,0.29385966,0.13793103
1199,0.00600998,-0.002460046,611,0.46052632,0.6710875
1656,0.0059635416,-0.0016863627,149,0.27192983,0.115384616
1498,0.0057281535,-0.0021855072,114,0.19298245,0.0928382
1663,0.005600105,-0.0018208262,63,0.18859649,0.0265252
1738,0.0053301407,-0.0016174891,107,0.24561404,0.067639254
1066,0.0051318877,-0.001290514,327,0.20614035,0.3713528
628,0.0049931225,-0.0019269388,42,0.10526316,0.02387268
650,0.004966864,-0.0014491859,699,0.82894737,0.67639256
248,0.0047872476,-0.0014590321,229,0.36842105,0.1923077
1209,0.004692688,-0.0008758581,68,0.18421052,0.03448276
311,0.00466943,-0.0015095219,313,0.4473684,0.27984086
231,0.0044990326,-0.0012248919,504,0.61403507,0.4827586
338,0.0044872803,-0.0015240135,49,0.1754386,0.01193634
1088,0.0044423477,-0.0017825166,674,0.5964912,0.71352786
80,0.0043558874,-0.0010604729,864,0.94736844,0.8594164
2022,0.00427881,-0.002027192,391,0.50438595,0.36604774
273,0.004242845,-0.002002613,28,0.12280702,0.0
1580,0.0041541,-0.0023351628,362,0.4473684,0.3448276
1634,0.0040922556,-0.0015732788,31,0.09210526,0.0132626
633,0.004061377,-0.0014905977,36,0.14035088,0.0053050397
1727,0.0040215384,-0.0013966097,46,0.1491228,0.01591512
486,0.003986048,-0.00055404304,194,0.15350877,0.21087533
156,0.003812023,-0.0015513194,27,0.083333336,0.010610079
1154,0.0036951513,-0.0015786716,136,0.20175439,0.1193634
1917,0.0036011918,-0.001239643,545,0.63596493,0.530504
1834,0.0034422416,-0.001537147,32,0.13596492,0.0013262599
1854,0.0034049985,-0.0013648134,42,0.096491225,0.0265252
1292,0.003389998,-0.0012709436,71,0.17982456,0.0397878
1760,0.0033677055,-0.0012605896,309,0.42982456,0.27984086
370,0.003209205,-0.000644611,93,0.19736843,0.06366048
1754,0.0031478503,-0.0010283918,414,0.30701753,0.4562334
881,0.0030708064,-0.00091298536,191,0.16666667,0.20291777
1731,0.0030562328,-0.00037637976,85,0.013157895,0.108753316
1671,0.002979498,-0.0017686272,301,0.40350878,0.27718833
580,0.0029752064,-0.0010754182,144,0.06140351,0.1724138
593,0.0029739193,-0.001623491,28,0.07017544,0.01591512
1236,0.0029585604,-0.0009791258,534,0.6447368,0.51326257
682,0.0029314794,-0.001149222,118,0.17982456,0.102122016
875,0.0029097057,-0.0017060471,529,0.46929824,0.5596817
29,0.0028878804,-0.0015559981,362,0.49122807,0.331565
625,0.0028524685,-0.0013677542,28,0.118421055,0.0013262599
966,0.002840456,-0.0005927425,103,0.01754386,0.13129973
218,0.0028097634,-0.00033564796,89,0.013157895,0.11405835
119,0.0027869986,-0.00052547985,132,0.039473683,0.16312997
1951,0.002755698,-0.0009668729,68,0.17105263,0.03846154
1708,0.0027362006,-0.0009878344,75,0.13157895,0.0596817
1482,0.0027055875,-0.00066553405,123,0.021929825,0.15649867
519,0.0026245902,-0.0005773287,98,0.030701755,0.12068965
1745,0.0024986262,-0.00048078047,85,0.021929825,0.1061008
649,0.0024941491,-0.0009313397,309,0.42543858,0.28116712
1110,0.0024885072,-0.00053089135,81,0.004385965,0.1061008
806,0.0024545195,-0.0005119826,116,0.20614035,0.091511935
1279,0.0024466233,-0.000993119,49,0.14035088,0.02254642
1946,0.0024331855,-0.00082984904,50,0.10526316,0.03448276
558,0.0024331636,-0.00094828865,28,0.078947365,0.0132626
1245,0.0024072689,-0.0010279919,49,0.13596492,0.02387268
1702,0.0023826654,-0.0013049815,37,0.118421055,0.0132626
694,0.0023477098,-0.00093880476,70,0.13157895,0.0530504
1867,0.002338506,-0.00036314133,109,0.039473683,0.132626
1294,0.0023252193,-0.00069876976,291,0.3991228,0.265252
1094,0.002307659,-0.0009300916,27,0.114035085,0.0013262599
744,0.002288584,-0.0005397759,95,0.030701755,0.11671088
294,0.002249085,-0.000700644,191,0.114035085,0.2188329
2045,0.0022427584,-0.0010271792,20,0.07017544,0.0053050397
1910,0.0021956498,-0.0007376416,172,0.26754385,0.14721486
1761,0.002182013,-0.0007664581,43,0.100877196,0.0265252
1116,0.0021554674,-0.00038270827,73,0.013157895,0.0928382
2,0.0021243282,-0.0008828455,72,0.1491228,0.050397877
1057,0.0020700593,-0.0010896722,665,0.6052632,0.69893897
1582,0.0020573558,-0.00073659397,29,0.114035085,0.00397878
1994,0.0020064109,-0.0011697205,21,0.09210526,0.0
1288,0.0019913653,-0.00081883266,271,0.38157895,0.24403183
663,0.001986717,-0.0003229532,69,0.013157895,0.08753315
1873,0.0019674269,-0.0010957672,971,0.95614034,0.99867374
1385,0.0019535436,-0.00081552373,128,0.22807017,0.10079575
41,0.0019419859,-0.0003577862,115,0.048245613,0.13793103
378,0.0018552053,-0.00057362823,197,0.15789473,0.21352786
214,0.0018522318,-0.0010040444,334,0.40350878,0.32095492
314,0.0018136872,-0.0009493334,227,0.31578946,0.2055703
1545,0.0017843578,-0.00076545845,36,0.10964912,0.01458886
1808,0.001776393,-0.0011135201,265,0.37719297,0.23740053
2046,0.0017476261,-0.00023760276,82,0.021929825,0.102122016
1697,0.0017451879,-0.000997795,61,0.07017544,0.0596817
1820,0.0017309148,-0.000990994,14,0.039473683,0.0066313
1423,0.001718247,-0.0009888556,22,0.048245613,0.01458886
1162,0.0017168368,-0.0006852772,592,0.57894737,0.6100796
1460,0.0016989066,-0.0005413478,30,0.07017544,0.018567638
935,0.0016934783,-0.00025155177,866,0.94736844,0.86206895
1715,0.001665041,-0.0002239868,75,0.004385965,0.098143235
1798,0.001647196,-0.00035100576,96,0.02631579,0.1193634
835,0.0016010434,-0.00074983103,21,0.0745614,0.0053050397
1017,0.0016009706,-0.00027537244,116,0.03508772,0.14323607
889,0.0015891428,-0.0011081359,327,0.3859649,0.31697613
2000,0.0015758274,-0.0008213353,71,0.16228071,0.04509284
381,0.0015692789,-0.0007104528,118,0.13157895,0.11671088
1370,0.0015334439,-5.8939004e-05,58,0.004385965,0.07559682
1150,0.0015211757,-0.00070510275,16,0.048245613,0.0066313
1238,0.0015184786,-0.00021224469,115,0.096491225,0.12334218
1045,0.0015152724,-0.00078923843,209,0.1491228,0.2320955
1628,0.0015101001,-0.00027456656,80,0.06140351,0.08753315
687,0.0015085248,-0.0008267509,12,0.048245613,0.0013262599
1750,0.0014973419,-0.00064806687,955,0.94298244,0.9814324
242,0.001493762,-0.0006489904,103,0.13596492,0.09549072
389,0.0014726461,-0.0010715663,615,0.60087717,0.63395226
686,0.0014669707,-0.0007681651,47,0.12280702,0.025198938
758,0.0014560065,-0.00017780355,54,0.004385965,0.07029178
825,0.0014552664,-0.00042916034,32,0.114035085,0.00795756
750,0.0014427763,-0.0005714344,316,0.41666666,0.29310346
1228,0.0014391502,-0.0008263007,12,0.039473683,0.00397878
1063,0.0014138069,-5.2460455e-05,63,0.021929825,0.07692308
1660,0.0014023642,-0.0008135893,10,0.04385965,0.0
1171,0.0014016129,-0.001008927,249,0.3026316,0.2387268
1778,0.001394994,-0.00012914276,97,0.02631579,0.12068965
190,0.0013861465,-5.434237e-07,42,0.01754386,0.050397877
849,0.0013690689,-0.00020522898,80,0.013157895,0.102122016
1527,0.0013593824,-0.00067380315,39,0.078947365,0.027851459
1980,0.0013507808,-0.0010216536,487,0.53070176,0.48541114
940,0.0013400824,-0.0005744296,213,0.18421052,0.22679046
1308,0.0013289229,-0.00059597124,164,0.096491225,0.1883289
816,0.0013213896,-0.0005699645,61,0.12719299,0.042440318
288,0.0013077598,-2.8437937e-05,68,0.013157895,0.0862069
1503,0.0013076357,-0.0006571087,24,0.05263158,0.01591512
1758,0.0012916907,-0.0002169674,74,0.01754386,0.0928382
787,0.0012905276,-0.00018313479,47,0.01754386,0.057029177
392,0.0012883317,-0.0007992826,57,0.0745614,0.0530504
1152,0.0012709375,-0.0008242332,396,0.40789473,0.40185675
1440,0.0012681419,-0.00019067826,85,0.01754386,0.10742705
1325,0.0012608314,-0.0009191255,670,0.7280702,0.66843504
1920,0.0012584046,-0.0006026141,25,0.057017542,0.01591512
1645,0.0012534921,-0.0007104828,18,0.039473683,0.01193634
908,0.0012522722,-0.00055901415,337,0.3991228,0.32625994
45,0.0012418979,-0.00020076614,90,0.03508772,0.108753316
344,0.001237703,-0.0007425444,31,0.0877193,0.01458886
898,0.001234895,-5.308797e-06,58,0.013157895,0.0729443
1783,0.001222585,-0.00021933024,100,0.030701755,0.12334218
1575,0.0012132924,-0.00024505387,86,0.013157895,0.11007958
1098,0.0012121995,-0.00056989014,24,0.06140351,0.0132626
1535,0.0011739166,-0.00022645379,95,0.057017542,0.108753316
1617,0.0011508821,-0.0007651549,6,0.02631579,0.0
1028,0.0011444546,-0.0009464646,252,0.2631579,0.25464192
126,0.0011430476,-7.29107e-05,50,0.030701755,0.057029177
1735,0.0011297642,-0.000545253,13,0.048245613,0.0026525198
197,0.0011292209,-0.0006143065,167,0.078947365,0.19761273
1,0.0011161863,-0.0009439769,264,0.2236842,0.28249338
1480,0.001114914,-0.00066646433,775,0.70614034,0.8143236
1129,0.0011126691,-9.823667e-05,54,0.01754386,0.066313
1243,0.0011056297,-0.00055753795,227,0.1754386,0.2480106
1604,0.0011037436,-0.00061280525,20,0.048245613,0.01193634
1791,0.0011024707,-0.00055723806,185,0.096491225,0.21618037
2026,0.0010931821,-0.00042620418,26,0.057017542,0.01724138
216,0.0010885338,-0.00044796313,69,0.12719299,0.0530504
673,0.0010796433,-0.0005314184,9,0.03508772,0.0013262599
1060,0.0010783252,-0.00027295918,614,0.6184211,0.62732095
1403,0.0010666458,5.2424806e-05,51,0.030701755,0.05835544
404,0.0010612414,-0.000585729,9,0.03508772,0.0013262599
1268,0.0010466403,-0.000111369816,79,0.02631579,0.09681698
1475,0.0010387341,-0.00068087265,254,0.32894737,0.23740053
387,0.0010259668,-0.00053237774,103,0.09210526,0.108753316
1672,0.0010138847,-0.0005898805,8,0.030701755,0.0013262599
1112,0.0010066008,-0.00044988812,17,0.039473683,0.010610079
1096,0.0009971793,-0.00019873126,88,0.02631579,0.108753316
817,0.0009958085,-0.00060161663,13,0.03508772,0.0066313
1911,0.0009884472,-0.0007494546,188,0.15350877,0.20291777
1452,0.000981657,-0.00062934065,111,0.09210526,0.1193634
76,0.00097535166,-0.00039259123,18,0.048245613,0.009283819
772,0.0009749082,-0.00037151764,61,0.0877193,0.054376658
695,0.0009739142,-0.0005615449,328,0.3026316,0.34350133
428,0.00096390623,-0.00052232645,13,0.03508772,0.0066313
269,0.00096303003,-0.00029077526,27,0.065789476,0.01591512
1978,0.00095058815,-0.0004622857,46,0.0745614,0.03846154
1518,0.000944077,-0.0004976816,24,0.03508772,0.021220159
465,0.0009355326,-0.00049801887,15,0.03508772,0.009283819
1602,0.00093445036,-0.0006329421,548,0.56578946,0.5557029
1866,0.00093138934,-0.0003836459,74,0.057017542,0.080901854
1022,0.00092658086,-3.9707997e-05,43,0.013157895,0.0530504
1985,0.00092580507,-0.00018530163,59,0.14473684,0.03448276
704,0.0009203549,-0.0005620791,8,0.030701755,0.0013262599
736,0.0009176613,-0.0007029696,135,0.065789476,0.1591512
978,0.00091656344,-0.0005376288,134,0.19736843,0.118037134
1610,0.00091591827,-0.00012807932,47,0.01754386,0.057029177
583,0.00091519055,-0.00051427155,237,0.3114035,0.22015916
745,0.00091057847,-0.0007508655,283,0.24122807,0.30238727
118,0.00091055944,-0.0004592913,11,0.039473683,0.0026525198
1964,0.00090918463,-0.0005553693,40,0.030701755,0.043766577
1186,0.00090665516,-0.0006008977,4,0.01754386,0.0
1366,0.0009041926,-0.0005056525,25,0.04385965,0.0198939
401,0.0009027152,-4.2915606e-05,45,0.01754386,0.054376658
1163,0.00089824985,-0.00013257722,65,0.02631579,0.078249335
689,0.00089378975,-0.00022615821,68,0.09210526,0.062334217
739,0.00088357576,-0.00053044094,136,0.10526316,0.14854111
1945,0.00088347564,-0.0005718004,5,0.021929825,0.0
466,0.0008832934,-0.00043709244,11,0.03508772,0.00397878
149,0.00087388675,-0.00048682903,10,0.030701755,0.00397878
383,0.0008718585,-0.0005696552,28,0.02631579,0.02917772
1470,0.0008611277,-0.0005117692,14,0.039473683,0.0066313
636,0.0008556436,-0.00055094814,5,0.01754386,0.0013262599
1928,0.0008534589,-0.00017075487,88,0.039473683,0.104774535
1786,0.0008531239,-0.00058263354,11,0.03508772,0.00397878
1705,0.00085170724,-0.00034536383,77,0.02631579,0.09416445
400,0.0008500635,-0.0005305626,11,0.04385965,0.0013262599
562,0.0008364161,-0.0003246381,115,0.07017544,0.13129973
561,0.00083369476,-0.00046780045,109,0.15789473,0.09681698
1689,0.00083178846,-0.00036848968,177,0.13157895,0.1949602
1768,0.0008244137,-0.00044084108,11,0.02631579,0.0066313
1072,0.00082152005,-0.0004272355,12,0.02631579,0.00795756
143,0.0008115923,-0.00028548492,44,0.048245613,0.043766577
1027,0.0008108818,-0.0003821358,30,0.057017542,0.02254642
899,0.0008078118,-0.0001959885,58,0.05263158,0.061007958
1603,0.0008063184,-0.00045802735,44,0.07017544,0.037135277
656,0.00080449216,-0.0003403658,374,0.4517544,0.35941646
2043,0.0007977398,-8.506516e-05,62,0.00877193,0.0795756
1647,0.000795158,-0.00039388333,37,0.05263158,0.0331565
327,0.0007930607,-0.00040316035,78,0.10526316,0.071618035
283,0.00078955595,-0.00050034636,152,0.13596492,0.16047746
1387,0.0007890779,-0.0004910217,12,0.03508772,0.0053050397
1118,0.0007850538,-0.00034319973,28,0.05263158,0.021220159
1114,0.0007768553,-0.0005868717,193,0.13157895,0.21618037
108,0.0007760983,-0.00018286193,61,0.078947365,0.057029177
693,0.0007698267,-0.00044711714,35,0.0877193,0.0198939
1487,0.00076932105,-0.00012330967,71,0.030701755,0.084880635
1823,0.00076826743,-0.00044491075,26,0.039473683,0.02254642
457,0.0007675047,-0.00045034548,8,0.02631579,0.0026525198
1922,0.00076353457,-0.00043530713,32,0.048245613,0.027851459
1070,0.000761706,-0.00028782594,62,0.12719299,0.043766577
1722,0.000759961,-0.0005160769,122,0.13157895,0.122015916
13,0.00075835356,-0.0005133083,64,0.06140351,0.066313
1683,0.0007582265,-0.0004998532,125,0.16666667,0.115384616
1923,0.00075464713,-0.00032638264,15,0.039473683,0.00795756
74,0.00075288664,-0.0005360074,7,0.01754386,0.00397878
253,0.0007519166,-0.00040444586,18,0.039473683,0.01193634
310,0.00074701145,-0.0004611238,205,0.1491228,0.22679046
696,0.0007405434,-0.00044571047,11,0.03508772,0.00397878
684,0.0007371489,-5.7252426e-05,51,0.0,0.067639254
1557,0.000735071,-0.00028811116,44,0.07017544,0.037135277
784,0.0007334567,-1.1576797e-05,44,0.004385965,0.057029177
1051,0.0007333664,-4.319557e-05,55,0.004385965,0.071618035
1638,0.00073316135,-0.00046805743,111,0.057017542,0.12997347
679,0.0007292783,-0.00044450638,82,0.10526316,0.07692308
211,0.00072795525,-0.00031420804,81,0.07017544,0.0862069
1829,0.0007265204,-4.4739823e-05,53,0.0,0.07029178
1134,0.0007239255,-0.00039275276,23,0.048245613,0.01591512
759,0.00072144205,-9.746127e-05,45,0.0,0.0596817
1507,0.0007206701,-0.00049734284,62,0.05263158,0.066313
1614,0.0007177828,-0.00036179565,19,0.048245613,0.010610079
544,0.00071344216,-0.00039105734,9,0.03508772,0.0013262599
322,0.00071208435,-0.00054227235,93,0.065789476,0.10344828
969,0.00070769794,-0.00037025585,14,0.048245613,0.00397878
33,0.00070645736,-0.00041209543,22,0.039473683,0.01724138
896,0.0006995493,-0.00046975724,38,0.02631579,0.042440318
1065,0.00069815194,-0.00041022472,13,0.01754386,0.01193634
498,0.0006975918,-0.00040249675,9,0.03508772,0.0013262599
1949,0.0006951718,-0.00014574129,49,0.01754386,0.0596817
2006,0.00068929413,-0.00020348384,101,0.04385965,0.12068965
1664,0.0006875009,-0.00044632226,14,0.06140351,0.0
2038,0.0006832774,-0.00012252307,70,0.03508772,0.08222812
493,0.000682398,-0.0005481899,6,0.00877193,0.0053050397
873,0.0006807599,-0.00018802786,60,0.021929825,0.0729443
79,0.0006788509,-0.0002496223,176,0.10964912,0.20026526
1157,0.00067761133,9.167475e-06,35,0.0,0.0464191
1274,0.0006747817,-0.00039803196,102,0.09210526,0.10742705
1285,0.000673496,-0.00047791863,100,0.1491228,0.08753315
86,0.00066587166,-0.0003087295,32,0.048245613,0.027851459
249,0.00066441525,-0.0003445815,52,0.096491225,0.0397878
1539,0.0006628279,-0.0004977192,3,0.013157895,0.0
235,0.0006525419,-0.00046733764,13,0.02631579,0.009283819
2016,0.0006514332,-0.00016738441,95,0.039473683,0.11405835
1349,0.00064108934,-0.00020340642,103,0.03508772,0.1259947
878,0.00063904416,-0.0002132268,87,0.083333336,0.09018568
1924,0.0006376094,-0.00041111434,6,0.021929825,0.0013262599
989,0.00063339586,-3.81863e-05,54,0.0,0.071618035
2033,0.00061892107,-0.00018632547,75,0.100877196,0.06896552
1338,0.0006169905,-6.901616e-05,58,0.048245613,0.062334217
497,0.00061454345,-0.00021582028,77,0.083333336,0.07692308
775,0.0006133465,-0.00037404752,9,0.030701755,0.0026525198
440,0.0006097719,-0.00032994564,31,0.05263158,0.025198938
1536,0.0006093287,-0.00017426957,77,0.0745614,0.0795756
1219,0.0006051153,-0.0003918893,7,0.030701755,0.0
1858,0.0006050261,-0.0003798952,52,0.048245613,0.054376658
1077,0.0006041159,-0.00024099897,80,0.096491225,0.07692308
843,0.00060107146,2.7560818e-05,35,0.0,0.0464191
509,0.00059811986,-0.0002714412,13,0.04385965,0.00397878
890,0.00059473875,-0.0003200954,201,0.19298245,0.2082228
831,0.0005924289,-0.0003766872,49,0.078947365,0.04111406
1208,0.000589322,-0.00042248148,27,0.02631579,0.027851459
1123,0.00058208045,-7.013203e-05,48,0.01754386,0.05835544
1174,0.00058134354,-0.00010671154,250,0.31578946,0.23607427
857,0.00057954347,-9.7783755e-05,131,0.065789476,0.15384616
1564,0.00057853217,-0.00051342277,77,0.04385965,0.08885942
31,0.00057450164,-0.00030907348,14,0.04385965,0.0053050397
1309,0.000573403,-0.00036269703,91,0.09210526,0.0928382
1100,0.0005621672,-0.00016364294,45,0.013157895,0.055702917
1313,0.0005610772,-0.000327107,173,0.09210526,0.2015915
431,0.00055984635,-0.0003219639,10,0.030701755,0.00397878
67,0.0005566509,-0.0003455559,39,0.057017542,0.03448276
1471,0.00055660063,6.6398634e-06,50,0.01754386,0.061007958
786,0.00055480987,-0.00023915028,146,0.0877193,0.16710876
484,0.00055418856,-0.00013454934,73,0.100877196,0.066313
1160,0.00055179617,-0.0001924715,99,0.078947365,0.10742705
699,0.00054938055,-0.00031490182,75,0.030701755,0.09018568
352,0.00054509164,2.8809618e-05,27,0.0,0.035809018
1884,0.0005420841,-0.0002883065,55,0.048245613,0.05835544
547,0.0005420613,-0.00027951042,15,0.039473683,0.00795756
199,0.0005363277,-0.00032779813,6,0.021929825,0.0013262599
1415,0.0005344824,-0.00037944032,5,0.01754386,0.0013262599
987,0.000531383,-8.39192e-05,57,0.01754386,0.07029178
1372,0.00053135003,2.8414426e-05,14,0.0,0.018567638
807,0.000531269,-0.00012989703,818,0.86403507,0.82360744
841,0.00052802585,-0.00036395228,174,0.1754386,0.17771883
1926,0.00052710593,-0.0002730215,16,0.02631579,0.0132626
203,0.0005262731,-0.00034113048,13,0.021929825,0.010610079
1855,0.0005231305,-0.00033038115,88,0.07017544,0.09549072
301,0.00052206445,-0.00027968074,33,0.05263158,0.027851459
65,0.0005212985,-0.00014910135,44,0.065789476,0.03846154
1991,0.0005207698,-0.00031009904,38,0.05263158,0.03448276
1365,0.0005196893,-5.8011316e-05,37,0.00877193,0.0464191
1083,0.0005183598,-0.00023227396,22,0.04385965,0.01591512
1004,0.00051651243,-0.00021735155,61,0.048245613,0.066313
1840,0.0005159028,-0.00036250288,53,0.030701755,0.061007958
926,0.0005154633,-4.6923928e-05,913,0.9780702,0.91511935
1520,0.0005122218,-0.00026891092,11,0.01754386,0.009283819
1405,0.0005113477,-0.00026920906,13,0.03508772,0.0066313
1360,0.00050777185,-0.00024493787,73,0.065789476,0.07692308
366,0.00050678046,-0.00019961243,47,0.01754386,0.057029177
114,0.0005035628,-0.00036413042,97,0.09210526,0.10079575
1982,0.0005031209,-0.00031940846,6,0.021929825,0.0013262599
1905,0.0005012398,-0.00034936395,32,0.021929825,0.035809018
1169,0.0005000588,-0.0003013167,4,0.01754386,0.0
2014,0.0004984931,-0.00032770252,6,0.021929825,0.0013262599
1984,0.00049800763,-0.00031737107,10,0.02631579,0.0053050397
573,0.0004975965,-0.00027190946,154,0.10526316,0.1724138
1143,0.0004960636,-4.1126623e-05,39,0.021929825,0.04509284
1502,0.0004952528,-1.6401913e-05,57,0.01754386,0.07029178
93,0.00049512956,-0.00031342942,6,0.021929825,0.0013262599
1811,0.00049449445,-0.00028078994,10,0.03508772,0.0026525198
346,0.00049005816,-6.681248e-08,63,0.00877193,0.080901854
756,0.0004881411,-0.00024879831,15,0.06140351,0.0013262599
1013,0.0004880569,-0.0003969875,29,0.013157895,0.03448276
469,0.00048772717,-0.00022436437,20,0.04385965,0.0132626
1543,0.00048764315,-0.00027807697,9,0.030701755,0.0026525198
1607,0.00048353535,-0.00024549224,298,0.3377193,0.29310346
960,0.0004804504,1.3263119e-05,63,0.05263158,0.067639254
1267,0.00047667697,-4.647512e-05,30,0.00877193,0.037135277
1624,0.00047351082,-0.00034848537,68,0.07017544,0.06896552
1454,0.00047326347,-0.00027264384,18,0.03508772,0.0132626
1295,0.00047241533,-0.0002153559,33,0.048245613,0.02917772
1280,0.00047041275,-0.0003540583,63,0.030701755,0.074270554
371,0.00046729704,-0.0003071271,26,0.03508772,0.02387268
474,0.0004664652,-0.00026748842,20,0.03508772,0.01591512
289,0.0004642619,-2.6517364e-05,45,0.030701755,0.050397877
159,0.00046197214,-0.00028462432,24,0.04385965,0.018567638
797,0.0004597549,-0.00030974648,4,0.01754386,0.0
61,0.00045930222,5.6146408e-05,13,0.013157895,0.0132626
1002,0.0004580986,-4.929754e-05,49,0.021929825,0.05835544
12,0.00045617647,-0.00030303386,4,0.01754386,0.0
1461,0.00045615196,-0.00021576209,22,0.078947365,0.0053050397
1724,0.00045478018,-0.00027724134,7,0.01754386,0.00397878
936,0.00045435358,-0.00019109063,31,0.048245613,0.0265252
707,0.0004511651,-0.0002988025,8,0.02631579,0.0026525198
37,0.0004498537,-0.00026970028,7,0.01754386,0.00397878
577,0.00044261286,-0.0002158984,18,0.02631579,0.01591512
1140,0.00044212848,-0.0003332439,9,0.030701755,0.0026525198
1961,0.00044076337,-0.000353639,26,0.03508772,0.02387268
1691,0.00043548289,-7.0020305e-06,46,0.0,0.061007958
1181,0.00043332943,-0.00025957232,16,0.04385965,0.00795756
847,0.00042881124,-0.0003444784,128,0.10526316,0.13793103
144,0.00042808865,-0.0002563503,21,0.039473683,0.01591512
1164,0.0004259764,-0.00015109657,56,0.030701755,0.064986736
1804,0.00042445873,6.284329e-05,7,0.0,0.009283819
1618,0.00042444936,-9.2368165e-05,44,0.004385965,0.057029177
1716,0.00042362057,-0.00030577896,4,0.01754386,0.0
1417,0.00042097064,-0.00032724557,46,0.03508772,0.050397877
1351,0.00041529382,-0.0002297194,18,0.02631579,0.01591512
407,0.0004142438,-0.00020777146,22,0.04385965,0.01591512
718,0.00041211504,-0.00029058548,77,0.04385965,0.08885942
222,0.00041202002,-0.00023097814,35,0.083333336,0.021220159
1587,0.00041038834,-0.00021616409,61,0.01754386,0.07559682
184,0.0004094846,-0.00022127292,16,0.039473683,0.009283819
1400,0.00040842066,-0.00028306642,4,0.013157895,0.0013262599
832,0.00040764775,-0.00025900212,11,0.02631579,0.0066313
1038,0.0004028122,-0.00032984305,26,0.013157895,0.030503979
1876,0.00040264268,-0.00023831411,29,0.039473683,0.0265252
1261,0.00039366016,-8.373392e-05,113,0.05263158,0.13395226
1919,0.00039258884,-0.00017063378,27,0.039473683,0.02387268
1693,0.0003916712,-0.00020653033,11,0.030701755,0.0053050397
75,0.00039099352,-0.0002824931,6,0.013157895,0.00397878
1765,0.0003906448,-0.0001913524,63,0.03508772,0.0729443
1097,0.00039011755,-0.00022978295,61,0.048245613,0.066313
179,0.00038799498,-0.00025146856,69,0.05263158,0.07559682
1756,0.0003875317,-5.37922e-06,44,0.01754386,0.0530504
101,0.00038704244,-0.0002504357,5,0.013157895,0.0026525198
1015,0.000384619,-0.00022749262,52,0.030701755,0.0596817
894,0.00038439312,-0.00019853393,20,0.01754386,0.021220159
575,0.00038247576,-0.0003062898,11,0.013157895,0.010610079
590,0.0003818943,-3.3962468e-05,59,0.013157895,0.074270554
680,0.0003771241,-0.00013159793,55,0.00877193,0.07029178
1862,0.00037608977,-0.0002459102,5,0.021929825,0.0
703,0.00037538935,-0.0002147999,11,0.01754386,0.009283819
1573,0.0003738027,-0.00015352714,84,0.03508772,0.10079575
738,0.00037142987,-0.00019739108,36,0.021929825,0.04111406
1184,0.00036983148,-0.0002498374,16,0.02631579,0.0132626
742,0.00036958614,-0.00010662729,59,0.02631579,0.07029178
1927,0.00036854707,-0.00022408992,7,0.02631579,0.0013262599
1809,0.00036767617,-0.00025546254,8,0.013157895,0.0066313
1035,0.00036122068,-0.00026674106,33,0.021929825,0.037135277
627,0.00036045848,2.8275797e-05,19,0.0,0.025198938
1877,0.00036042582,-0.0002653628,3,0.013157895,0.0
1665,0.0003594934,-0.00015192339,23,0.021929825,0.02387268
809,0.00035947395,-0.00016969442,96,0.03508772,0.11671088
667,0.00035784752,-0.00018374821,94,0.09210526,0.09681698
373,0.00035603135,-0.00016200755,18,0.06140351,0.0053050397
162,0.00035599034,3.1181295e-05,22,0.0,0.02917772
1552,0.00035540035,-0.00018768833,10,0.02631579,0.0053050397
1005,0.00035480093,-0.00018576445,20,0.039473683,0.01458886
258,0.00035470136,-0.00023598979,4,0.013157895,0.0013262599
282,0.000353282,-0.00019936683,7,0.021929825,0.0026525198
1950,0.0003506876,-0.00011307346,23,0.00877193,0.027851459
1300,0.00034899288,-0.00025659153,34,0.048245613,0.030503979
1330,0.0003489512,-0.00020749663,7,0.02631579,0.0013262599
14,0.00034723972,-0.00023718298,30,0.021929825,0.0331565
1386,0.00034677572,-0.0002813309,34,0.021929825,0.03846154
207,0.00034608858,-0.00021947236,44,0.05263158,0.042440318
292,0.00034510953,-0.0002036181,14,0.02631579,0.010610079
87,0.00034482052,-0.00020920501,18,0.004385965,0.02254642
1446,0.0003444256,-0.00024600982,5,0.00877193,0.00397878
1670,0.00034422943,1.4360197e-05,36,0.00877193,0.04509284
1357,0.00033949545,-0.00013186822,96,0.048245613,0.1127321
160,0.00033934473,-0.00022579114,8,0.02631579,0.0026525198
1153,0.00033852182,-0.00020202518,22,0.048245613,0.01458886
1067,0.00033638568,-0.00027849743,16,0.021929825,0.01458886
1849,0.00033546353,-0.00017777983,139,0.096491225,0.15517241
413,0.00033535497,-0.0001852422,33,0.03508772,0.0331565
2024,0.00033529702,-0.00025582264,6,0.021929825,0.0013262599
1049,0.00033477944,-0.00016125686,8,0.021929825,0.00397878
1389,0.00033338793,-6.9138594e-05,74,0.065789476,0.078249335
312,0.00033059294,-0.0002635322,7,0.00877193,0.0066313
1622,0.00033045406,-0.00022596997,18,0.021929825,0.01724138
1574,0.00032838376,-0.00017383999,49,0.05263158,0.049071617
1825,0.00032603796,-0.00019005933,13,0.02631579,0.009283819
973,0.0003258661,9.031305e-06,24,0.00877193,0.02917772
1516,0.0003235233,-0.00021664225,9,0.02631579,0.00397878
653,0.0003214915,-0.00019249812,8,0.013157895,0.0066313
1356,0.00032080617,-0.0002026441,28,0.048245613,0.02254642
1399,0.00031904253,-0.000116066316,37,0.030701755,0.0397878
675,0.00031888418,-0.00023532023,56,0.04385965,0.061007958
1404,0.0003175603,-0.0002402931,75,0.09210526,0.071618035
470,0.000315111,-0.00017352433,33,0.05263158,0.027851459
730,0.00031491698,7.320147e-05,4,0.0,0.0053050397
893,0.0003143157,-0.00023549593,7,0.021929825,0.0026525198
725,0.00031113063,-0.00013666524,19,0.03508772,0.01458886
1391,0.00031029596,-0.00013824049,92,0.096491225,0.0928382
1233,0.00030975856,-0.00017860734,15,0.021929825,0.0132626
1993,0.00030918446,-0.00019777821,14,0.01754386,0.0132626
1734,0.00030820083,-0.00020426909,4,0.013157895,0.0013262599
2034,0.0003069996,-0.00015202945,70,0.083333336,0.067639254
706,0.00030693735,-0.00022267655,31,0.02631579,0.0331565
1170,0.0003067601,-9.209125e-05,47,0.01754386,0.057029177
473,0.00030594124,-7.620542e-05,24,0.004385965,0.030503979
724,0.00030520768,-0.00019781453,6,0.00877193,0.0053050397
865,0.00030431667,-0.00017902639,5,0.01754386,0.0013262599
417,0.00030325074,-0.0002285276,3,0.013157895,0.0
526,0.0003017609,-0.00017159572,34,0.013157895,0.04111406
552,0.00030150305,-0.00017829392,34,0.03508772,0.03448276
362,0.00030076748,-0.00017447601,17,0.02631579,0.01458886
354,0.0002979504,-0.00013134329,41,0.02631579,0.0464191
92,0.00029788917,-0.00018090305,8,0.021929825,0.00397878
337,0.00029768818,-0.00025827458,1,0.004385965,0.0
563,0.00029731114,-0.0001592971,11,0.01754386,0.009283819
34,0.0002967491,-0.00020820052,12,0.021929825,0.009283819
1990,0.0002966799,-0.00015524309,22,0.02631579,0.021220159
1902,0.0002962186,0.00011048221,6,0.0,0.00795756
1177,0.00029475574,-9.1470065e-05,24,0.021929825,0.025198938
1252,0.0002944332,-0.00021657151,2,0.00877193,0.0
225,0.00029382916,-0.00022150113,25,0.02631579,0.025198938
1879,0.00029364004,-6.916759e-05,71,0.02631579,0.0862069
295,0.00029341015,-1.5620773e-05,20,0.004385965,0.025198938
441,0.00029216905,-0.00019205135,16,0.021929825,0.01458886
1762,0.00029189853,-0.00023607496,3,0.00877193,0.0013262599
418,0.000291456,-0.00018872005,5,0.00877193,0.00397878
728,0.0002904393,2.0876218e-05,26,0.0,0.03448276
1729,0.00029011685,-0.00015921122,44,0.01754386,0.0530504
2027,0.00029001635,-0.00019154561,7,0.021929825,0.0026525198
1827,0.0002887557,-0.0002395507,14,0.013157895,0.01458886
1428,0.0002875435,-0.00015140757,21,0.039473683,0.01591512
1584,0.00028724087,-0.00019240836,10,0.02631579,0.0053050397
1909,0.00028652512,-0.00020648197,26,0.03508772,0.02387268
325,0.00028589845,-7.160648e-05,12,0.01754386,0.010610079
193,0.00028439425,-0.00016213233,58,0.030701755,0.067639254
556,0.00028304922,-0.00019545287,63,0.07017544,0.062334217
297,0.0002829298,-0.00016774124,9,0.021929825,0.0053050397
1921,0.00027949578,-0.0001437961,16,0.01754386,0.01591512
1257,0.00027893783,-0.00019317871,29,0.039473683,0.0265252
620,0.0002786347,-0.00019327397,49,0.03508772,0.054376658
1087,0.00027833311,-0.00013152605,36,0.05263158,0.03183024
432,0.00027772255,-0.00019096865,6,0.00877193,0.0053050397
1853,0.00027723023,-0.00016382725,33,0.03508772,0.0331565
588,0.0002751769,-0.0001853203,9,0.02631579,0.00397878
638,0.00027491286,-4.057665e-05,27,0.013157895,0.03183024
1992,0.0002730566,-9.57583e-05,26,0.065789476,0.01458886
1021,0.00027193772,-0.000104088525,63,0.057017542,0.066313
692,0.00027054604,-0.00017770237,7,0.021929825,0.0026525198
1297,0.0002690783,-0.0002055871,3,0.013157895,0.0
1898,0.00026898837,4.3127293e-06,26,0.004385965,0.0331565
1801,0.00026837378,-0.0001676827,8,0.02631579,0.0026525198
623,0.000268039,-0.00017019965,28,0.03508772,0.0265252
363,0.00026736254,-0.00016144183,11,0.013157895,0.010610079
448,0.0002670261,-3.327031e-05,21,0.013157895,0.02387268
1438,0.00026393632,-0.00018732878,2,0.00877193,0.0
1132,0.00026176334,-0.0001827021,5,0.01754386,0.0013262599
1857,0.0002586917,-0.00014138264,7,0.01754386,0.00397878
764,0.00025826463,-0.00015902442,18,0.01754386,0.018567638
972,0.00025793575,-0.00016859859,14,0.00877193,0.01591512
1172,0.00025761744,-0.00019719881,16,0.02631579,0.0132626
355,0.00025597506,-0.00018342273,4,0.01754386,0.0
1341,0.00025471998,-0.00017452543,18,0.030701755,0.01458886
555,0.000253623,-0.00019332102,43,0.01754386,0.05172414
1091,0.0002533174,-0.00014602821,36,0.07017544,0.0265252
1589,0.0002523652,-0.00017534052,6,0.004385965,0.0066313
2017,0.0002517473,-0.00017581074,48,0.03508772,0.0530504
1193,0.00025140864,-0.00014064086,35,0.039473683,0.03448276
1287,0.0002510608,-3.221223e-05,42,0.004385965,0.054376658
1316,0.00025005115,-0.000117287454,26,0.030701755,0.025198938
794,0.00024999637,-3.011497e-05,45,0.01754386,0.054376658
1484,0.00024901069,-0.00012291892,19,0.030701755,0.01591512
1413,0.0002485204,-0.000115835566,12,0.01754386,0.010610079
917,0.000248477,-2.4413088e-05,34,0.013157895,0.04111406
1444,0.00024752933,5.6507357e-05,12,0.004385965,0.01458886
1311,0.00024749732,-0.00010668516,34,0.039473683,0.0331565
1046,0.0002470566,-0.00017142293,3,0.013157895,0.0
665,0.00024683258,-0.00013926988,62,0.065789476,0.062334217
2009,0.00024652987,-0.00015024365,8,0.00877193,0.00795756
2047,0.0002464628,-0.000185734,5,0.01754386,0.0013262599
644,0.0002457525,-0.00017699039,14,0.01754386,0.0132626
1090,0.0002447041,-0.0001319294,14,0.030701755,0.009283819
382,0.00024437794,-0.00017539131,10,0.00877193,0.010610079
107,0.00024413176,-0.00015066928,5,0.01754386,0.0013262599
1468,0.00024400509,-0.00019620902,15,0.00877193,0.01724138
1631,0.00024381439,4.3344346e-05,27,0.004385965,0.03448276
1839,0.00024321784,-0.0001631852,8,0.02631579,0.0026525198
1970,0.00024321437,-0.00010758681,99,0.09210526,0.10344828
1168,0.0002421215,-0.00014448604,12,0.01754386,0.010610079
167,0.00024104053,-4.3040745e-05,72,0.078947365,0.071618035
117,0.00023992808,-0.00014315324,117,0.078947365,0.13129973
1803,0.00023964517,-8.372334e-05,58,0.0745614,0.054376658
648,0.00023786428,-3.596418e-05,46,0.004385965,0.0596817
1448,0.00023759654,-0.000118840246,10,0.021929825,0.0066313
1863,0.0002369866,-0.00010216761,33,0.03508772,0.0331565
598,0.00023639745,-0.00017101338,12,0.00877193,0.0132626
713,0.00023561275,-0.00013550975,10,0.021929825,0.0066313
1011,0.00023509971,-9.908654e-05,38,0.048245613,0.035809018
1071,0.00023487904,-0.0001572137,8,0.01754386,0.0053050397
915,0.00023459348,2.1082402e-05,24,0.0,0.03183024
241,0.00023345316,-0.00017898862,13,0.00877193,0.01458886
652,0.00023310403,-0.0001601344,17,0.01754386,0.01724138
1652,0.00023305006,-0.00013668912,17,0.01754386,0.01724138
795,0.00023203256,-0.00012072272,22,0.01754386,0.02387268
1034,0.0002315701,-0.00017460475,18,0.021929825,0.01724138
369,0.00023149322,-0.00017798504,5,0.00877193,0.00397878
499,0.00023074451,-1.3243691e-05,15,0.004385965,0.018567638
25,0.00023046235,-0.00015480121,25,0.05263158,0.01724138
942,0.00022973743,-0.00019517409,1,0.004385965,0.0
1847,0.00022911301,-0.00011918515,48,0.00877193,0.061007958
51,0.00022802182,-0.00016643065,3,0.013157895,0.0
446,0.00022795706,-7.5120246e-05,41,0.00877193,0.05172414
1998,0.00022782946,-0.00018162146,11,0.00877193,0.01193634
918,0.00022758705,-0.00018716394,9,0.021929825,0.0053050397
554,0.00022713852,-0.00013835642,19,0.02631579,0.01724138
380,0.00022707587,-1.027504e-06,27,0.004385965,0.03448276
5,0.00022619506,-7.76762e-05,32,0.01754386,0.037135277
538,0.0002261855,-0.00015128219,3,0.013157895,0.0
836,0.0002248829,-0.00012367158,19,0.06140351,0.0066313
397,0.00022254523,-0.00016430955,2,0.00877193,0.0
1221,0.00022204728,-0.00011814682,18,0.02631579,0.01591512
1265,0.00022168817,-8.154176e-05,28,0.00877193,0.03448276
191,0.00022157605,-7.709238e-05,45,0.01754386,0.054376658
8,0.00022155263,-0.00013571196,41,0.03508772,0.043766577
1457,0.00021968067,-0.00014907631,19,0.02631579,0.01724138
1508,0.00021963296,-0.00010281149,9,0.021929825,0.0053050397
265,0.00021960765,-1.7106471e-05,27,0.00877193,0.0331565
531,0.00021945295,-0.00015097375,49,0.05263158,0.049071617
569,0.00021930678,-0.00011326525,15,0.021929825,0.0132626
913,0.00021907227,-8.869364e-05,10,0.01754386,0.00795756
20,0.00021895114,-0.00014577109,14,0.00877193,0.01591512
1526,0.00021880095,-0.00016588622,4,0.004385965,0.00397878
1570,0.00021875124,-0.00013721341,18,0.01754386,0.018567638
909,0.00021817167,3.6122914e-05,23,0.0,0.030503979
300,0.00021712261,-0.00018192982,4,0.004385965,0.00397878
364,0.00021627938,-7.3347976e-05,40,0.021929825,0.0464191
1410,0.00021536331,2.5308877e-05,28,0.00877193,0.03448276
1374,0.00021489972,-0.00018494725,4,0.00877193,0.0026525198
455,0.00021476428,-0.00015331799,8,0.021929825,0.00397878
94,0.00021400813,-0.00014854716,54,0.07017544,0.050397877
104,0.00021272128,-0.00012927075,19,0.004385965,0.02387268
1562,0.00021201777,1.961755e-05,19,0.0,0.025198938
1548,0.00021197305,-0.00014374842,5,0.013157895,0.0026525198
804,0.00021163619,-0.00014325924,12,0.01754386,0.010610079
1092,0.0002116297,-0.00016396542,2,0.004385965,0.0013262599
887,0.00021155247,-8.126399e-05,67,0.078947365,0.064986736
1488,0.00021100136,-0.0001557468,3,0.004385965,0.0026525198
78,0.0002079474,-0.00016802926,1,0.004385965,0.0
1874,0.00020794515,-0.0001088145,63,0.06140351,0.064986736
1556,0.00020758713,-0.00017685791,1,0.004385965,0.0
42,0.00020696908,-0.00016428942,26,0.013157895,0.030503979
591,0.00020663383,-7.553224e-05,38,0.013157895,0.0464191
1339,0.00020632951,-0.00016951325,2,0.004385965,0.0013262599
447,0.00020602242,-0.00016655336,1,0.004385965,0.0
1255,0.00020564761,-0.00011152408,23,0.039473683,0.018567638
1291,0.00020464725,-0.00011856503,19,0.039473683,0.0132626
594,0.0002043036,-0.00014892023,13,0.01754386,0.01193634
1290,0.00020363204,-1.7791943e-05,32,0.004385965,0.04111406
361,0.00020109392,-7.986504e-05,42,0.021929825,0.049071617
1435,0.00020094428,-9.100603e-05,32,0.039473683,0.030503979
1418,0.00020039848,-0.00016362076,2,0.004385965,0.0013262599
1771,0.0002003671,-4.0007162e-05,30,0.004385965,0.03846154
916,0.00020012225,-0.00014920559,6,0.00877193,0.0053050397
350,0.00019978889,-0.00013538367,11,0.02631579,0.0066313
861,0.00019934522,-0.00012202493,6,0.01754386,0.0026525198
255,0.00019754726,-8.086635e-05,42,0.02631579,0.04774536
1966,0.00019704903,-0.00010033848,8,0.00877193,0.00795756
1629,0.00019646615,-9.881167e-05,43,0.00877193,0.054376658
985,0.0001955778,-0.00015322158,18,0.01754386,0.018567638
15,0.00019254009,-0.00013731507,5,0.021929825,0.0
1076,0.0001924866,-9.363711e-05,31,0.083333336,0.01591512
1586,0.00019002154,-0.00012579541,23,0.021929825,0.02387268
1757,0.00018977541,-0.00010719678,6,0.01754386,0.0026525198
43,0.00018933769,-0.00010103074,15,0.00877193,0.01724138
884,0.00018924917,-2.1435104e-05,39,0.00877193,0.049071617
102,0.00018901496,-0.00012805339,11,0.021929825,0.00795756
828,0.00018842434,-0.000115958144,46,0.01754386,0.055702917
77,0.00018769327,-0.00011081588,13,0.021929825,0.010610079
781,0.00018724022,-0.000104163715,33,0.013157895,0.0397878
1249,0.00018708177,-6.1787774e-05,23,0.013157895,0.0265252
1430,0.00018702957,3.5687746e-05,22,0.0,0.02917772
475,0.00018698304,-0.00011980728,9,0.021929825,0.0053050397
621,0.00018607234,-0.00011763585,6,0.013157895,0.00397878
1501,0.00018583187,-0.0001482977,36,0.021929825,0.04111406
1278,0.0001852206,-0.00015042217,31,0.03508772,0.030503979
316,0.0001844332,-0.00012788772,11,0.004385965,0.0132626
949,0.00018425286,-0.00011678685,13,0.00877193,0.01458886
1139,0.00018412853,4.9875853e-05,4,0.0,0.0053050397
963,0.0001832776,-0.00011818962,4,0.00877193,0.0026525198
1673,0.00018299445,-0.00011910283,5,0.013157895,0.0026525198
1058,0.000182553,2.3462913e-05,16,0.0,0.021220159
603,0.00018172782,-0.00015303478,2,0.00877193,0.0
602,0.00018120217,-0.00013018654,9,0.013157895,0.00795756
1346,0.00018091392,-0.00011011926,4,0.013157895,0.0013262599
1958,0.00018017284,-0.00013290656,2,0.00877193,0.0
994,0.00018015946,-0.00014086707,3,0.00877193,0.0013262599
227,0.00017970521,-0.0001346921,31,0.02631579,0.0331565
2005,0.00017969943,-0.00013633512,2,0.00877193,0.0
1703,0.00017920272,-1.2060863e-05,22,0.004385965,0.027851459
1616,0.00017914022,-0.000101138685,82,0.057017542,0.091511935
1739,0.00017875862,-0.00010782585,6,0.013157895,0.00397878
177,0.00017667036,-0.00013485315,2,0.004385965,0.0013262599
1577,0.0001764624,-0.00014257758,1,0.004385965,0.0
430,0.00017644001,-9.257518e-05,22,0.04385965,0.01591512
1420,0.00017541282,-0.00013574725,7,0.02631579,0.0013262599
1494,0.0001751926,-0.00012373038,9,0.01754386,0.0066313
1948,0.0001749024,-0.00012958626,29,0.030701755,0.02917772
1299,0.00017490133,-2.255302e-05,28,0.00877193,0.03448276
1006,0.00017454404,-0.00010806397,18,0.01754386,0.018567638
1918,0.00017402873,-0.00012003584,5,0.00877193,0.00397878
749,0.00017263873,-0.00011456167,5,0.01754386,0.0013262599
624,0.00017085059,-2.8183767e-05,34,0.004385965,0.043766577
956,0.00016962548,-0.00014257796,16,0.004385965,0.0198939
523,0.00016956845,-0.00012772737,7,0.013157895,0.0053050397
618,0.00016878577,-0.000108263965,3,0.004385965,0.0026525198
1159,0.00016870006,-0.00012048004,10,0.01754386,0.00795756
507,0.00016856939,-9.3126924e-05,47,0.01754386,0.057029177
1347,0.00016800695,-1.4393523e-05,36,0.00877193,0.04509284
103,0.00016697559,-0.00014265341,2,0.00877193,0.0
705,0.00016644198,-0.00011959396,14,0.01754386,0.0132626
1155,0.00016571544,-9.686769e-05,14,0.013157895,0.01458886
1733,0.0001656689,-0.00010727131,6,0.00877193,0.0053050397
357,0.00016538562,-0.00013026032,26,0.021929825,0.027851459
1792,0.00016538109,2.6468739e-05,23,0.0,0.030503979
405,0.0001651244,-0.000120623525,3,0.013157895,0.0
250,0.0001649778,-0.00013743693,1,0.004385965,0.0
1459,0.00016478631,-6.540435e-05,5,0.00877193,0.00397878
1892,0.000163838,-0.00013890925,8,0.013157895,0.0066313
820,0.00016382575,-0.000111215915,3,0.013157895,0.0
409,0.00016291335,-0.00011721166,9,0.01754386,0.0066313
145,0.00016280096,-9.8237906e-05,27,0.03508772,0.025198938
335,0.00016270517,-7.923073e-05,27,0.013157895,0.03183024
1632,0.000162195,-0.00010713675,5,0.013157895,0.0026525198
1566,0.00016203166,-9.5116586e-05,6,0.01754386,0.0026525198
1714,0.0001613136,-8.7865745e-05,16,0.00877193,0.018567638
1681,0.00016104411,2.3546108e-05,22,0.0,0.02917772
1322,0.00016075443,-0.00012692391,2,0.00877193,0.0
1899,0.00016050247,-0.00013692728,3,0.00877193,0.0013262599
23,0.00015975615,-0.00013701592,11,0.01754386,0.009283819
423,0.00015923778,-0.00012399809,3,0.013157895,0.0
1009,0.00015864857,-0.000114417286,5,0.00877193,0.00397878
1755,0.00015775232,1.903697e-05,16,0.0,0.021220159
664,0.00015738566,-0.00011922735,3,0.004385965,0.0026525198
1554,0.00015673044,2.6567237e-05,18,0.004385965,0.02254642
1270,0.00015453584,-0.000109353045,5,0.00877193,0.00397878
1581,0.00015358739,-1.5580319e-05,20,0.004385965,0.025198938
228,0.00015270768,-7.787846e-05,16,0.02631579,0.0132626
444,0.0001526641,-9.8868244e-05,8,0.021929825,0.00397878
844,0.00015231792,-0.00012927988,8,0.013157895,0.0066313
927,0.00015211035,-7.450441e-05,26,0.01754386,0.02917772
1216,0.00015080928,-0.000104876,14,0.013157895,0.01458886
855,0.0001504558,-0.00012390835,16,0.02631579,0.0132626
1561,0.00014905845,-0.00012257742,3,0.00877193,0.0013262599
1477,0.00014877775,-0.00010663257,13,0.004385965,0.01591512
530,0.00014744248,-0.00010390279,27,0.03508772,0.025198938
495,0.00014736986,-9.0403104e-05,5,0.004385965,0.0053050397
2002,0.00014588975,2.5510964e-05,12,0.0,0.01591512
1215,0.00014539619,-0.00010673644,11,0.013157895,0.010610079
1476,0.00014485736,-9.387582e-05,10,0.02631579,0.0053050397
384,0.00014478777,-2.8044193e-05,21,0.004385965,0.0265252
1133,0.00014384212,-0.000115407194,23,0.00877193,0.027851459
1972,0.00014364507,-0.000120491924,34,0.021929825,0.03846154
130,0.00014360546,-0.00010734972,2,0.00877193,0.0
1831,0.00014326675,-3.3565866e-05,20,0.021929825,0.0198939
929,0.00014281902,-0.000110137706,3,0.00877193,0.0013262599
837,0.00014272178,-6.865081e-05,34,0.00877193,0.042440318
1441,0.00014235797,-0.000104784056,8,0.004385965,0.009283819
1816,0.00014124227,2.1164427e-05,25,0.004385965,0.03183024
1891,0.00014108662,-9.146698e-05,8,0.013157895,0.0066313
798,0.00014099151,-0.0001030971,24,0.03508772,0.021220159
1328,0.00014096976,-6.7509222e-06,28,0.00877193,0.03448276
343,0.00014053227,-2.4695279e-05,30,0.039473683,0.027851459
1777,0.00014047725,-8.599146e-05,9,0.00877193,0.009283819
1851,0.00013991033,-7.937541e-05,6,0.013157895,0.00397878
1224,0.00013963386,-0.00010442121,14,0.00877193,0.01591512
1089,0.00013952712,-7.448651e-05,23,0.02631579,0.02254642
480,0.00013874956,-9.959769e-06,23,0.00877193,0.027851459
1136,0.0001387486,-0.00010790212,6,0.00877193,0.0053050397
1466,0.00013784891,-0.00011559413,5,0.004385965,0.0053050397
2031,0.00013769149,-0.00010802384,7,0.01754386,0.00397878
1974,0.0001373094,-0.00011624556,1,0.004385965,0.0
1437,0.00013667977,-0.00010857442,1,0.004385965,0.0
1416,0.00013635047,1.9417957e-05,20,0.0,0.0265252
1943,0.00013576228,2.8167367e-05,10,0.0,0.0132626
172,0.00013552407,-1.4480189e-05,5,0.004385965,0.0053050397
802,0.00013539569,-6.3462314e-05,20,0.01754386,0.021220159
553,0.00013494026,-8.652939e-05,9,0.030701755,0.0026525198
1832,0.00013472364,-0.00010797939,4,0.004385965,0.00397878
1773,0.00013461376,-6.6449145e-05,34,0.02631579,0.037135277
339,0.00013231517,-8.5082e-05,10,0.00877193,0.010610079
296,0.00013205381,-7.728924e-05,14,0.013157895,0.01458886
1790,0.00013191256,-9.884071e-05,4,0.004385965,0.00397878
1126,0.00013184398,-2.7665468e-05,22,0.013157895,0.025198938
888,0.00013157664,5.6449103e-06,20,0.004385965,0.025198938
834,0.0001313853,-6.989419e-05,30,0.0745614,0.01724138
533,0.00013133965,-0.00010798198,1,0.004385965,0.0
1111,0.00013107309,-0.000118038195,5,0.013157895,0.0026525198
1344,0.00013106393,-7.205441e-05,7,0.013157895,0.0053050397
182,0.00012985633,2.5696612e-05,15,0.0,0.0198939
332,0.00012900206,2.2598999e-05,14,0.0,0.018567638
109,0.0001279907,-8.871188e-05,10,0.013157895,0.009283819
1432,0.00012773953,-8.163478e-05,14,0.01754386,0.0132626
275,0.00012722293,-0.000103465434,2,0.004385965,0.0013262599
488,0.0001267295,-0.00010203289,44,0.021929825,0.05172414
1908,0.0001262304,-5.0414223e-05,44,0.039473683,0.0464191
168,0.00012492632,2.2215509e-05,6,0.004385965,0.0066313
1273,0.00012465724,2.5987918e-05,17,0.0,0.02254642
171,0.00012437504,-9.775217e-05,55,0.07017544,0.05172414
1828,0.00012324066,-9.551895e-06,29,0.013157895,0.03448276
570,0.00012288292,-6.3078674e-05,39,0.01754386,0.0464191
1579,0.000121798934,-9.8360564e-05,1,0.004385965,0.0
862,0.00012049533,-7.6754055e-05,3,0.00877193,0.0013262599
690,0.000119706805,-9.600249e-05,1,0.004385965,0.0
617,0.000119543016,4.4367556e-05,12,0.0,0.01591512
224,0.00011900081,-8.782072e-05,4,0.01754386,0.0
1332,0.00011868192,-8.872031e-05,6,0.021929825,0.0013262599
735,0.00011782314,-7.00803e-05,22,0.013157895,0.025198938
139,0.00011758097,-7.201466e-05,8,0.013157895,0.0066313
771,0.00011738695,-7.981224e-05,8,0.00877193,0.00795756
1073,0.00011737933,-8.782673e-05,6,0.01754386,0.0026525198
760,0.00011734834,1.7624727e-05,15,0.0,0.0198939
1504,0.0001170795,-8.65547e-05,4,0.00877193,0.0026525198
153,0.00011702169,2.7171254e-05,14,0.0,0.018567638
1563,0.00011693717,-8.3059764e-05,4,0.013157895,0.0013262599
1952,0.00011589436,-9.701282e-05,16,0.004385965,0.0198939
1449,0.000114906914,-8.801278e-05,2,0.00877193,0.0
1844,0.00011481664,-5.303356e-05,43,0.02631579,0.049071617
1020,0.000114641334,-8.938746e-05,4,0.013157895,0.0013262599
607,0.00011436509,-8.6989196e-05,4,0.013157895,0.0013262599
720,0.0001143563,-9.089786e-05,12,0.00877193,0.0132626
1141,0.00011386474,-3.9758497e-06,28,0.0,0.037135277
950,0.00011375166,-7.137776e-05,25,0.013157895,0.02917772
52,0.00011373118,-0.00010605304,13,0.039473683,0.0053050397
782,0.00011298036,7.534398e-06,12,0.030701755,0.0066313
435,0.00011250189,-4.897528e-05,10,0.01754386,0.00795756
1810,0.000111959176,-9.010512e-05,2,0.004385965,0.0013262599
221,0.000111944086,-9.4639305e-05,3,0.00877193,0.0013262599
785,0.000111437585,1.7962104e-05,17,0.01754386,0.01724138
826,0.00011065536,-6.44254e-05,4,0.013157895,0.0013262599
869,0.000110508845,-8.279691e-06,20,0.00877193,0.02387268
907,0.000109916095,-8.470832e-05,2,0.00877193,0.0
321,0.00010947924,-9.251207e-05,1,0.004385965,0.0
647,0.00010939964,2.5179288e-05,12,0.0,0.01591512
1167,0.00010899249,-8.788079e-05,28,0.039473683,0.025198938
55,0.00010859484,9.356226e-06,14,0.0,0.018567638
318,0.000108505184,-9.233864e-05,5,0.00877193,0.00397878
910,0.0001084356,5.7982284e-06,14,0.0,0.018567638
1109,0.00010784559,-6.6474866e-05,10,0.00877193,0.010610079
90,0.00010779517,-4.1932482e-05,18,0.013157895,0.0198939
1737,0.00010767978,-4.212049e-05,35,0.013157895,0.042440318
1074,0.00010748293,2.3976909e-05,7,0.0,0.009283819
239,0.00010723094,-8.4850806e-05,2,0.004385965,0.0013262599
1147,0.00010673292,-8.452761e-05,17,0.00877193,0.0198939
1531,0.00010657926,-6.553659e-05,20,0.00877193,0.02387268
1736,0.000106543695,-4.9758655e-05,13,0.021929825,0.010610079
860,0.000106512365,-8.6947344e-05,4,0.00877193,0.0026525198
947,0.00010621952,-8.1336715e-05,3,0.004385965,0.0026525198
1521,0.000106169355,-8.122584e-05,3,0.00877193,0.0013262599
1567,0.00010588666,-8.582738e-05,16,0.00877193,0.018567638
1817,0.00010577026,-9.019929e-05,1,0.004385965,0.0
822,0.00010568166,-8.603028e-05,4,0.01754386,0.0
2007,0.000105469735,-8.856523e-05,1,0.004385965,0.0
200,0.00010470247,-8.797874e-05,1,0.004385965,0.0
272,0.00010453844,-2.463534e-05,14,0.004385965,0.01724138
115,0.00010388764,-5.122355e-05,17,0.01754386,0.01724138
1800,0.000103413855,-8.825678e-05,40,0.004385965,0.05172414
276,0.00010321022,-2.066755e-05,15,0.01754386,0.01458886
1462,0.00010312414,-7.9481724e-05,7,0.01754386,0.00397878
1770,0.00010246105,3.0411295e-05,7,0.0,0.009283819
895,0.00010218298,1.8629842e-05,17,0.00877193,0.0198939
1244,0.000102098216,-6.0213963e-05,12,0.01754386,0.010610079
974,0.000101471305,2.0702477e-05,20,0.0,0.0265252
1204,0.00010117351,-5.5448054e-05,22,0.01754386,0.02387268
59,0.00010072798,-7.085834e-05,16,0.004385965,0.0198939
904,0.000100279925,-7.2294875e-05,5,0.021929825,0.0
634,0.000100185265,-8.899653e-05,1,0.004385965,0.0
1496,9.9865436e-05,-8.022505e-05,12,0.00877193,0.0132626
2036,9.95106e-05,-3.2170596e-05,11,0.013157895,0.010610079
1486,9.927546e-05,-7.8545774e-05,5,0.00877193,0.00397878
319,9.873966e-05,-8.16429e-05,3,0.004385965,0.0026525198
347,9.8702e-05,4.841324e-05,6,0.004385965,0.0066313
1842,9.7876764e-05,1.8545932e-05,16,0.0,0.021220159
770,9.786266e-05,-3.6766345e-05,7,0.00877193,0.0066313
1848,9.76266e-05,2.2214219e-05,12,0.0,0.01591512
701,9.746066e-05,-7.1506125e-05,4,0.00877193,0.0026525198
812,9.7432974e-05,1.309969e-05,18,0.00877193,0.021220159
592,9.707165e-05,-5.9687223e-05,17,0.021929825,0.01591512
1479,9.696418e-05,-7.552048e-05,4,0.01754386,0.0
1212,9.677512e-05,-3.2245778e-05,40,0.03508772,0.042440318
99,9.658714e-05,-4.4861154e-05,4,0.00877193,0.0026525198
676,9.616075e-05,-8.3250525e-05,7,0.00877193,0.0066313
237,9.603984e-05,-1.3912464e-05,22,0.004385965,0.027851459
1712,9.574018e-05,-6.5537104e-05,5,0.013157895,0.0026525198
1721,9.542769e-05,-6.2230785e-05,17,0.013157895,0.018567638
412,9.519176e-05,2.3705488e-05,10,0.0,0.0132626
1047,9.513657e-05,-7.0727554e-05,4,0.00877193,0.0026525198
691,9.492193e-05,-5.960097e-05,12,0.013157895,0.01193634
654,9.4360534e-05,-7.734049e-05,4,0.004385965,0.00397878
726,9.308026e-05,1.2854352e-05,33,0.0,0.043766577
1938,9.29512e-05,2.5872638e-05,8,0.00877193,0.00795756
1937,9.293723e-05,-5.0478327e-05,47,0.021929825,0.055702917
351,9.268917e-05,-6.582066e-05,7,0.00877193,0.0066313
205,9.2658214e-05,-7.425903e-05,3,0.004385965,0.0026525198
1393,9.230246e-05,-4.4909844e-05,41,0.00877193,0.05172414
2020,9.155239e-05,-4.2199546e-05,36,0.00877193,0.04509284
1882,9.154418e-05,-4.5727807e-05,3,0.004385965,0.0026525198
1203,9.086587e-05,1.3430302e-05,5,0.004385965,0.0053050397
1900,9.050264e-05,-6.2869534e-05,9,0.013157895,0.00795756
854,8.954475e-05,-5.482507e-05,15,0.004385965,0.018567638
202,8.910229e-05,-7.20368e-05,15,0.01754386,0.01458886
1959,8.8529654e-05,1.0978342e-05,24,0.0,0.03183024
1080,8.829849e-05,-6.431795e-05,4,0.00877193,0.0026525198
721,8.808941e-05,-5.062584e-05,17,0.00877193,0.0198939
1720,8.763125e-05,-6.465555e-05,2,0.00877193,0.0
89,8.719579e-05,-4.074092e-06,13,0.0,0.01724138
91,8.6658016e-05,-5.0076058e-05,7,0.01754386,0.00397878
141,8.593218e-05,-5.9065875e-05,3,0.00877193,0.0013262599
1788,8.590659e-05,2.0742938e-05,7,0.00877193,0.0066313
1859,8.5855245e-05,-6.71004e-05,14,0.00877193,0.01591512
46,8.517592e-05,3.424541e-05,3,0.0,0.00397878
2004,8.516242e-05,-4.7407248e-05,32,0.02631579,0.03448276
708,8.510719e-05,-1.6033711e-05,20,0.004385965,0.025198938
1481,8.440001e-05,-6.999807e-05,15,0.004385965,0.018567638
1684,8.429347e-05,-4.930017e-05,8,0.013157895,0.0066313
717,8.3988736e-05,-7.021664e-05,5,0.00877193,0.00397878
1337,8.3270854e-05,1.9769974e-05,13,0.0,0.01724138
666,8.326629e-05,2.4308378e-05,8,0.004385965,0.009283819
1124,8.325694e-05,2.2240372e-05,3,0.0,0.00397878
1354,8.315336e-05,-6.6055814e-05,3,0.00877193,0.0013262599
545,8.270884e-05,2.0698044e-05,7,0.0,0.009283819
1272,8.2645594e-05,-6.5990804e-05,6,0.02631579,0.0
1340,8.239993e-05,1.859044e-05,10,0.0,0.0132626
1373,8.238108e-05,-6.719336e-05,1,0.004385965,0.0
1036,8.236438e-05,2.0404557e-05,8,0.0,0.010610079
395,8.22576e-05,1.1334019e-05,10,0.013157895,0.009283819
559,8.206683e-05,-6.2170104e-05,19,0.013157895,0.021220159
796,8.165121e-05,-6.967134e-05,2,0.004385965,0.0013262599
1055,8.1258164e-05,-4.895384e-05,11,0.004385965,0.0132626
698,8.111526e-05,-4.5292218e-05,14,0.013157895,0.01458886
2010,8.1107166e-05,1.0369295e-05,10,0.004385965,0.01193634
1611,8.106718e-05,2.1357935e-06,12,0.0,0.01591512
1719,8.0890604e-05,-4.534921e-05,9,0.013157895,0.00795756
611,8.0160295e-05,4.427991e-06,14,0.004385965,0.01724138
630,7.989675e-05,-4.4861994e-05,10,0.004385965,0.01193634
229,7.987296e-05,-5.8901773e-05,2,0.004385965,0.0013262599
1489,7.980106e-05,-2.9434486e-05,12,0.01754386,0.010610079
1149,7.944065e-05,-4.9281552e-05,7,0.013157895,0.0053050397
1506,7.902437e-05,-2.6835487e-05,8,0.01754386,0.0053050397
712,7.897262e-05,-3.8435617e-05,19,0.01754386,0.0198939
1572,7.8448706e-05,-4.961876e-05,21,0.013157895,0.02387268
1333,7.832815e-05,-6.338641e-05,3,0.004385965,0.0026525198
2042,7.773362e-05,-6.0557228e-05,10,0.013157895,0.009283819
1175,7.768515e-05,-6.056651e-05,6,0.004385965,0.0066313
527,7.735562e-05,-6.7576344e-05,4,0.004385965,0.00397878
147,7.660183e-05,-6.730759e-06,26,0.004385965,0.0331565
1198,7.623116e-05,-4.2890122e-05,5,0.013157895,0.0026525198
281,7.62146e-05,-1.0126865e-05,12,0.00877193,0.0132626
1453,7.610126e-05,1.9909687e-05,18,0.004385965,0.02254642
1940,7.569159e-05,-3.3542383e-05,21,0.021929825,0.021220159
1649,7.5665695e-05,4.883143e-07,19,0.00877193,0.02254642
1815,7.547363e-05,-4.932346e-05,18,0.00877193,0.021220159
1782,7.5362754e-05,1.8185388e-05,5,0.0,0.0066313
914,7.522218e-05,-2.5415482e-05,13,0.00877193,0.01458886
1317,7.503728e-05,-5.6973484e-05,8,0.01754386,0.0053050397
1954,7.484893e-05,-4.226883e-05,26,0.01754386,0.02917772
631,7.476711e-05,-6.7225395e-05,2,0.004385965,0.0013262599
1960,7.4420066e-05,-2.9957475e-05,20,0.02631579,0.018567638
1907,7.44071e-05,1.9557021e-05,5,0.0,0.0066313
1895,7.431443e-05,-5.7646204e-05,8,0.00877193,0.00795756
731,7.42812e-05,-2.6727046e-05,8,0.01754386,0.0053050397
500,7.4106734e-05,-6.214582e-05,9,0.004385965,0.010610079
1896,7.371818e-05,3.0395877e-05,4,0.0,0.0053050397
286,7.3642426e-05,-6.203045e-05,1,0.004385965,0.0
445,7.3555675e-05,-4.908678e-05,6,0.013157895,0.00397878
1547,7.345334e-05,-6.519606e-05,10,0.013157895,0.009283819
821,7.340656e-05,2.581665e-05,7,0.0,0.009283819
905,7.3328214e-05,-5.6098233e-05,14,0.00877193,0.01591512
1766,7.306806e-05,-5.1761497e-05,2,0.004385965,0.0013262599
939,7.2746916e-05,-4.7423615e-05,5,0.013157895,0.0026525198
542,7.234009e-05,-5.937119e-05,1,0.004385965,0.0
1856,7.2319875e-05,1.688574e-05,9,0.0,0.01193634
1043,7.228734e-05,1.186137e-05,14,0.00877193,0.01591512
1609,7.2263065e-05,-5.3498105e-05,9,0.013157895,0.00795756
1182,7.192354e-05,-1.1158685e-06,9,0.00877193,0.009283819
1934,7.191962e-05,-5.3043666e-05,15,0.004385965,0.018567638
928,7.1509705e-05,-2.6240663e-05,15,0.013157895,0.01591512
1395,7.149247e-05,-2.9238654e-05,5,0.004385965,0.0053050397
390,7.092269e-05,-3.19856e-05,17,0.00877193,0.0198939
719,7.0754075e-05,-1.9286195e-05,26,0.004385965,0.0331565
1932,7.071573e-05,-2.7422293e-05,11,0.00877193,0.01193634
1939,7.071464e-05,-4.9273e-05,11,0.00877193,0.01193634
2018,7.070355e-05,-3.3654e-05,21,0.00877193,0.025198938
189,7.064729e-05,3.8481106e-05,4,0.0,0.0053050397
69,7.0423695e-05,-4.602634e-05,8,0.00877193,0.00795756
1685,7.041814e-05,2.8702843e-05,1,0.0,0.0013262599
641,7.003921e-05,-5.520966e-05,2,0.00877193,0.0
340,6.990844e-05,-1.6059315e-05,6,0.004385965,0.0066313
1913,6.92788e-05,8.198997e-06,7,0.0,0.009283819
1323,6.919261e-05,-5.342352e-05,5,0.004385965,0.0053050397
1597,6.9181646e-05,1.9461633e-05,22,0.0,0.02917772
534,6.89461e-05,-3.4120546e-06,15,0.004385965,0.018567638
1178,6.8822956e-05,1.4583774e-05,5,0.004385965,0.0053050397
247,6.864113e-05,1.7173532e-05,8,0.0,0.010610079
1914,6.852125e-05,-1.8346818e-05,17,0.004385965,0.021220159
912,6.8248955e-05,2.1512351e-05,10,0.0,0.0132626
1995,6.790836e-05,-4.521232e-05,5,0.00877193,0.00397878
1886,6.789969e-05,3.5625948e-05,2,0.0,0.0026525198
1627,6.789137e-05,7.3949805e-06,5,0.0,0.0066313
1451,6.779677e-05,-5.4304473e-05,19,0.013157895,0.021220159
1205,6.7788525e-05,1.9049501e-05,20,0.0,0.0265252
503,6.738135e-05,2.3099961e-05,12,0.0,0.01591512
1852,6.72644e-05,2.3395487e-05,5,0.0,0.0066313
1741,6.7120876e-05,-6.046655e-05,11,0.00877193,0.01193634
1642,6.707095e-05,1.052484e-06,35,0.021929825,0.0397878
491,6.697304e-05,-2.6377375e-06,36,0.01754386,0.042440318
230,6.687106e-05,1.2685944e-05,14,0.00877193,0.01591512
1390,6.663888e-05,-5.9358008e-05,1,0.004385965,0.0
1312,6.647257e-05,-2.6302094e-05,15,0.013157895,0.01591512
1726,6.618396e-05,1.7106155e-05,14,0.0,0.018567638
769,6.5757784e-05,-4.5417222e-05,3,0.00877193,0.0013262599
1752,6.570347e-05,-5.7010628e-05,8,0.004385965,0.009283819
996,6.524897e-05,1.808887e-05,10,0.004385965,0.01193634
1144,6.5148415e-05,2.0103931e-05,5,0.004385965,0.0053050397
1402,6.504529e-05,-2.6149084e-05,10,0.013157895,0.009283819
305,6.4882974e-05,-3.390126e-05,15,0.004385965,0.018567638
880,6.4670334e-05,3.0448477e-05,10,0.0,0.0132626
565,6.461575e-05,-5.1096595e-05,1,0.004385965,0.0
762,6.370985e-05,-4.183914e-05,3,0.00877193,0.0013262599
906,6.362222e-05,-4.3895434e-05,10,0.004385965,0.01193634
941,6.358717e-05,1.3116894e-05,18,0.013157895,0.0198939
885,6.356542e-05,2.092969e-05,13,0.0,0.01724138
1384,6.279146e-05,2.1439208e-05,9,0.0,0.01193634
1569,6.2604595e-05,-9.679041e-06,8,0.004385965,0.009283819
600,6.214275e-05,-4.5455738e-05,2,0.004385965,0.0013262599
425,6.211359e-05,-2.6749167e-06,17,0.004385965,0.021220159
1553,6.1532475e-05,-3.7804086e-05,2,0.00877193,0.0
1321,6.140241e-05,-4.4085464e-06,10,0.004385965,0.01193634
30,6.1401086e-05,-4.9271468e-05,1,0.004385965,0.0
268,6.118707e-05,-5.000183e-06,4,0.00877193,0.0026525198
1246,6.117123e-05,1.8878432e-05,8,0.0,0.010610079
848,6.098708e-05,-4.3074924e-05,2,0.00877193,0.0
1214,6.0834474e-05,2.0170979e-05,12,0.0,0.01591512
674,6.073827e-05,-1.5460033e-05,10,0.013157895,0.009283819
998,6.0619383e-05,1.7469685e-05,6,0.0,0.00795756
452,6.05953e-05,1.5515338e-05,3,0.0,0.00397878
1422,6.048872e-05,-4.6926457e-06,28,0.021929825,0.030503979
1781,6.0232123e-05,2.512978e-05,4,0.0,0.0053050397
2032,5.939426e-05,2.8074915e-05,4,0.0,0.0053050397
279,5.903496e-05,-5.2805113e-05,1,0.004385965,0.0
711,5.883086e-05,-1.4842188e-05,12,0.00877193,0.0132626
1659,5.8824266e-05,-9.16316e-06,14,0.00877193,0.01591512
2035,5.877517e-05,1.3967301e-05,13,0.0,0.01724138
1769,5.8623755e-05,-5.0565483e-05,11,0.013157895,0.010610079
981,5.8506386e-05,2.1752344e-06,22,0.00877193,0.0265252
1710,5.8502843e-05,1.5971991e-05,13,0.0,0.01724138
1699,5.8148446e-05,-3.019654e-05,3,0.004385965,0.0026525198
1682,5.805354e-05,-5.1289255e-05,1,0.004385965,0.0
1860,5.7908037e-05,2.6735677e-06,20,0.030701755,0.01724138
1314,5.757183e-05,-4.724774e-05,1,0.004385965,0.0
385,5.752961e-05,1.8298799e-05,10,0.0,0.0132626
10,5.7520945e-05,1.2252828e-05,11,0.0,0.01458886
1930,5.7271587e-05,1.7778422e-05,7,0.0,0.009283819
217,5.7217563e-05,2.111042e-05,4,0.0,0.0053050397
1621,5.707748e-05,-4.886044e-05,1,0.004385965,0.0
304,5.7007463e-05,1.1988226e-05,4,0.0,0.0053050397
1846,5.680514e-05,-1.7850725e-05,17,0.004385965,0.021220159
359,5.6768702e-05,-3.8152495e-05,4,0.00877193,0.0026525198
1626,5.6687826e-05,-4.9335158e-05,4,0.004385965,0.00397878
1121,5.6515208e-05,1.1417495e-05,17,0.0,0.02254642
1362,5.62935e-05,1.6680004e-05,13,0.0,0.01724138
1353,5.61479e-05,-2.4507968e-05,12,0.013157895,0.01193634
584,5.609021e-05,1.7518267e-05,4,0.0,0.0053050397
396,5.566034e-05,-9.125492e-07,15,0.004385965,0.018567638
520,5.5535394e-05,-2.8960787e-05,8,0.013157895,0.0066313
743,5.533962e-05,-5.100028e-05,1,0.004385965,0.0
510,5.4876262e-05,7.777964e-06,15,0.004385965,0.018567638
605,5.47249e-05,2.6720092e-05,7,0.0,0.009283819
120,5.4718614e-05,2.1598855e-06,12,0.0,0.01591512
818,5.4717206e-05,1.4574648e-05,7,0.0,0.009283819
629,5.464123e-05,1.9941379e-05,8,0.00877193,0.00795756
116,5.4598284e-05,-3.6550024e-05,5,0.00877193,0.00397878
458,5.4506665e-05,-3.5822704e-05,15,0.013157895,0.01591512
984,5.4409906e-05,1.6375574e-05,13,0.0,0.01724138
468,5.4212604e-05,-3.2604446e-05,9,0.00877193,0.009283819
892,5.3431828e-05,2.4074108e-05,2,0.0,0.0026525198
1053,5.3230713e-05,-3.3518274e-05,3,0.004385965,0.0026525198
1289,5.3181237e-05,-4.478406e-05,1,0.004385965,0.0
931,5.2663043e-05,3.1092175e-05,3,0.0,0.00397878
1718,5.256557e-05,-4.5585894e-05,6,0.00877193,0.0053050397
1542,5.242925e-05,-2.7077851e-05,10,0.00877193,0.010610079
271,5.231686e-05,2.149204e-05,7,0.0,0.009283819
1888,5.225392e-05,4.571088e-06,14,0.004385965,0.01724138
733,5.218089e-05,-2.3722912e-05,11,0.00877193,0.01193634
983,5.2161857e-05,-2.6604668e-05,22,0.013157895,0.025198938
1780,5.198532e-05,-2.9704546e-05,6,0.00877193,0.0053050397
997,5.1732193e-05,-3.7044196e-05,6,0.004385965,0.0066313
846,5.164731e-05,-3.9916133e-05,3,0.004385965,0.0026525198
560,5.12598e-05,-2.2919712e-05,13,0.013157895,0.0132626
1302,5.1169183e-05,-1.1974364e-05,15,0.004385965,0.018567638
842,5.1165058e-05,2.2785596e-05,2,0.0,0.0026525198
962,5.1143717e-05,-4.1630174e-05,2,0.00877193,0.0
980,5.110567e-05,1.1785944e-05,8,0.004385965,0.009283819
833,5.0599305e-05,-2.6644238e-05,25,0.00877193,0.030503979
982,5.05165e-05,1.9952467e-05,3,0.0,0.00397878
964,5.0508577e-05,-2.0915855e-05,14,0.004385965,0.01724138
528,5.0460338e-05,-4.6757814e-05,8,0.01754386,0.0053050397
1976,5.0357725e-05,-4.122353e-05,4,0.00877193,0.0026525198
1595,5.0248673e-05,-3.6889243e-05,2,0.00877193,0.0
790,5.0009876e-05,1.6610617e-05,7,0.0,0.009283819
2019,4.9940685e-05,1.5422103e-05,6,0.0,0.00795756
173,4.987672e-05,-2.8876243e-06,29,0.004385965,0.037135277
1871,4.9829454e-05,-1.0986637e-05,24,0.00877193,0.02917772
1419,4.9697006e-05,-1.6316026e-05,4,0.00877193,0.0026525198
1746,4.962282e-05,-4.6672136e-05,3,0.004385965,0.0026525198
368,4.9585604e-05,-4.1015428e-05,2,0.004385965,0.0013262599
195,4.952557e-05,-4.209475e-05,3,0.004385965,0.0026525198
1293,4.9455215e-05,-4.5074998e-05,1,0.004385965,0.0
1599,4.9215323e-05,-3.97825e-05,4,0.00877193,0.0026525198
9,4.9111957e-05,-4.2116768e-05,1,0.004385965,0.0
1499,4.901515e-05,-4.268718e-05,4,0.00877193,0.0026525198
36,4.8864127e-05,1.8565785e-05,5,0.0,0.0066313
437,4.886041e-05,-1.1661325e-05,11,0.00877193,0.01193634
585,4.8734033e-05,-1.9549889e-05,8,0.013157895,0.0066313
302,4.852449e-05,2.6624737e-05,2,0.0,0.0026525198
1248,4.843213e-05,-4.391334e-05,3,0.004385965,0.0026525198
945,4.8385933e-05,-4.1407424e-05,4,0.00877193,0.0026525198
751,4.835193e-05,1.9464063e-05,4,0.0,0.0053050397
1348,4.8317634e-05,7.213244e-06,21,0.0,0.027851459
40,4.8260095e-05,-4.017558e-05,1,0.004385965,0.0
789,4.820528e-05,-2.5366793e-05,5,0.004385965,0.0053050397
574,4.813203e-05,-4.2403168e-05,1,0.004385965,0.0
3,4.8125068e-05,2.0810554e-05,3,0.0,0.00397878
1576,4.756102e-05,-4.0152987e-05,1,0.004385965,0.0
1648,4.66288e-05,1.5382991e-05,5,0.0,0.0066313
112,4.6539757e-05,-3.432461e-05,2,0.004385965,0.0013262599
57,4.645871e-05,-4.0677813e-05,3,0.004385965,0.0026525198
1433,4.6396184e-05,-9.497433e-06,36,0.004385965,0.0464191
81,4.6122357e-05,2.1519756e-05,8,0.004385965,0.009283819
349,4.5658744e-05,-2.7053571e-05,16,0.004385965,0.0198939
1524,4.5591834e-05,-3.3687975e-05,5,0.004385965,0.0053050397
146,4.555226e-05,2.1144322e-05,7,0.0,0.009283819
331,4.4955388e-05,-3.21268e-05,4,0.00877193,0.0026525198
1835,4.4876626e-05,2.0495889e-05,3,0.0,0.00397878
1818,4.4759785e-05,-2.5254849e-05,6,0.004385965,0.0066313
1643,4.466049e-05,-3.5881076e-05,2,0.004385965,0.0013262599
1558,4.447307e-05,-3.2437816e-05,6,0.00877193,0.0053050397
260,4.442525e-05,-3.3709162e-05,2,0.004385965,0.0013262599
932,4.4394572e-05,1.1854097e-05,8,0.0,0.010610079
700,4.4087617e-05,-3.7038015e-05,1,0.004385965,0.0
1472,4.391089e-05,-3.6257166e-05,1,0.004385965,0.0
1999,4.3879565e-05,7.392006e-06,6,0.00877193,0.0053050397
1601,4.385497e-05,1.8324828e-05,3,0.0,0.00397878
961,4.379314e-05,-3.769901e-05,2,0.00877193,0.0
426,4.3683445e-05,-2.1297516e-05,7,0.00877193,0.0066313
1843,4.3396336e-05,1.2010759e-05,3,0.0,0.00397878
1775,4.3318916e-05,-1.615176e-05,9,0.01754386,0.0066313
1861,4.3143416e-05,-2.3378521e-05,4,0.00877193,0.0026525198
824,4.3007647e-05,-1.9167788e-05,4,0.004385965,0.00397878
1544,4.2904838e-05,-2.2902583e-05,17,0.02631579,0.01458886
27,4.28283e-05,-3.497057e-05,8,0.004385965,0.009283819
948,4.259829e-05,9.79616e-06,4,0.0,0.0053050397
1517,4.218277e-05,-3.06733e-05,13,0.00877193,0.01458886
1465,4.195724e-05,1.9405243e-05,3,0.0,0.00397878
208,4.188546e-05,1.1210584e-05,15,0.0,0.0198939
646,4.158933e-05,-3.0373854e-05,2,0.004385965,0.0013262599
490,4.1516894e-05,2.1877064e-05,4,0.004385965,0.00397878
1445,4.1109695e-05,1.5778623e-05,10,0.0,0.0132626
424,4.110035e-05,-3.2212916e-05,2,0.004385965,0.0013262599
1822,4.0968913e-05,-3.6568992e-05,4,0.00877193,0.0026525198
419,4.0953815e-05,1.9804758e-05,4,0.0,0.0053050397
1137,4.084693e-05,-2.594672e-05,3,0.004385965,0.0026525198
257,4.081586e-05,1.7850987e-05,4,0.0,0.0053050397
1612,4.0791147e-05,1.6471211e-05,4,0.0,0.0053050397
805,4.046781e-05,2.0335332e-05,5,0.0,0.0066313
1187,4.0298037e-05,1.9841991e-05,2,0.0,0.0026525198
1962,4.0287487e-05,-3.3486063e-05,14,0.00877193,0.01591512
1275,3.9967337e-05,1.0539053e-05,6,0.0,0.00795756
1032,3.987043e-05,2.2471402e-05,9,0.0,0.01193634
1679,3.915729e-05,-3.0751577e-05,2,0.004385965,0.0013262599
1106,3.9113795e-05,-2.6014666e-05,4,0.00877193,0.0026525198
333,3.908315e-05,1.4821802e-05,3,0.0,0.00397878
1669,3.897301e-05,6.096847e-06,15,0.01754386,0.01458886
122,3.8787522e-05,1.8700973e-06,6,0.0,0.00795756
1598,3.8639228e-05,8.317311e-06,17,0.004385965,0.021220159
165,3.8571558e-05,-2.4401572e-05,13,0.00877193,0.01458886
88,3.8369664e-05,1.46371485e-05,3,0.0,0.00397878
1989,3.833333e-05,-1.4494935e-05,11,0.00877193,0.01193634
1513,3.8311497e-05,1.843055e-05,6,0.0,0.00795756
1688,3.7930542e-05,-3.3885353e-05,5,0.00877193,0.00397878
1794,3.7877428e-05,-1.0081564e-05,9,0.004385965,0.010610079
1329,3.7787104e-05,2.4518093e-05,4,0.0,0.0053050397
436,3.7676633e-05,7.425855e-06,3,0.004385965,0.0026525198
461,3.7584618e-05,1.256461e-05,3,0.0,0.00397878
999,3.7431302e-05,1.5085404e-05,2,0.0,0.0026525198
1148,3.739702e-05,5.8498413e-06,12,0.0,0.01591512
1048,3.737851e-05,-1.7881659e-05,12,0.004385965,0.01458886
1971,3.725711e-05,1.639976e-05,4,0.0,0.0053050397
298,3.7228565e-05,1.4536651e-05,3,0.00877193,0.0013262599
990,3.7176418e-05,-2.5237732e-05,9,0.00877193,0.009283819
192,3.701774e-05,1.2243539e-05,6,0.0,0.00795756
1530,3.6980804e-05,-2.50647e-05,19,0.004385965,0.02387268
1443,3.6978046e-05,-1.5272379e-05,5,0.004385965,0.0053050397
492,3.6974085e-05,1.6374943e-05,6,0.0,0.00795756
1728,3.655892e-05,-2.595036e-05,3,0.004385965,0.0026525198
328,3.6136873e-05,-1.3932771e-06,42,0.01754386,0.050397877
1229,3.601825e-05,-2.8358067e-05,12,0.004385965,0.01458886
176,3.5913166e-05,-2.611217e-05,3,0.013157895,0.0
1903,3.5875175e-05,-9.654856e-06,6,0.004385965,0.0066313
1953,3.587027e-05,-5.309769e-06,14,0.004385965,0.01724138
1836,3.550148e-05,1.0242286e-05,8,0.004385965,0.009283819
747,3.542728e-05,7.653278e-06,6,0.00877193,0.0053050397
1538,3.53969e-05,-2.6561069e-05,2,0.00877193,0.0
236,3.5257533e-05,1.4835138e-05,5,0.0,0.0066313
1239,3.5147663e-05,3.3113083e-06,7,0.004385965,0.00795756
133,3.434931e-05,-2.1287524e-05,4,0.004385965,0.00397878
303,3.4254743e-05,1.474688e-05,5,0.0,0.0066313
1963,3.4239347e-05,-2.1437201e-05,5,0.00877193,0.00397878
84,3.4221866e-05,7.064377e-06,9,0.0,0.01193634
2003,3.4074605e-05,1.21336e-05,5,0.0,0.0066313
632,3.378074e-05,1.5339694e-05,5,0.0,0.0066313
453,3.357734e-05,-2.9918285e-05,3,0.004385965,0.0026525198
489,3.3442637e-05,-2.1105656e-05,4,0.004385965,0.00397878
471,3.3032968e-05,-3.0246076e-05,6,0.00877193,0.0053050397
1456,3.2780263e-05,-1.3532055e-05,17,0.013157895,0.018567638
766,3.2579523e-05,1.2585428e-05,13,0.0,0.01724138
1050,3.2238724e-05,-2.6869531e-05,2,0.004385965,0.0013262599
1225,3.1883093e-05,-2.1548038e-05,5,0.021929825,0.0
1588,3.1675005e-05,1.1491941e-05,6,0.004385965,0.0066313
658,3.1378182e-05,-2.1338732e-05,11,0.00877193,0.01193634
1833,3.1289106e-05,-1.9905605e-05,3,0.00877193,0.0013262599
1522,3.1217656e-05,-2.18198e-05,4,0.00877193,0.0026525198
1528,3.1133153e-05,-2.283329e-05,7,0.00877193,0.0066313
232,3.0943324e-05,-2.5946658e-05,2,0.004385965,0.0013262599
1008,3.0890063e-05,9.006362e-06,6,0.0,0.00795756
1655,3.071426e-05,-1.0505133e-05,8,0.004385965,0.009283819
1069,3.0536536e-05,-1.8318398e-05,14,0.00877193,0.01591512
1358,3.047509e-05,1.039871e-05,8,0.0,0.010610079
535,3.045001e-05,1.6998014e-05,2,0.0,0.0026525198
732,3.0356827e-05,4.2564793e-06,14,0.0,0.018567638
727,2.9729144e-05,9.775392e-06,12,0.0,0.01591512
1973,2.9631936e-05,1.637588e-05,1,0.0,0.0013262599
422,2.9625204e-05,1.2082783e-05,3,0.0,0.00397878
919,2.9261499e-05,9.797001e-06,12,0.0,0.01591512
522,2.924518e-05,-3.2925711e-06,7,0.004385965,0.00795756
290,2.9014409e-05,9.214605e-06,2,0.0,0.0026525198
251,2.900377e-05,-2.6384147e-05,5,0.00877193,0.00397878
567,2.880505e-05,1.2618969e-05,7,0.0,0.009283819
1779,2.8634462e-05,2.0280795e-06,11,0.004385965,0.0132626
661,2.8614691e-05,1.4912283e-05,2,0.0,0.0026525198
1277,2.8550478e-05,-2.3813684e-05,1,0.004385965,0.0
267,2.844692e-05,-1.7184548e-05,2,0.004385965,0.0013262599
871,2.8385224e-05,-2.0619806e-05,13,0.00877193,0.01458886
2029,2.8370116e-05,3.2102998e-06,10,0.00877193,0.010610079
823,2.8259316e-05,-1.4938744e-05,2,0.004385965,0.0013262599
1747,2.823649e-05,-9.3705785e-06,6,0.004385965,0.0066313
1301,2.820193e-05,1.4534023e-05,11,0.0,0.01458886
1625,2.8036717e-05,1.0155063e-05,4,0.0,0.0053050397
1264,2.7816437e-05,8.214539e-06,8,0.0,0.010610079
1230,2.7702616e-05,1.1608011e-05,1,0.0,0.0013262599
716,2.7546042e-05,-6.038346e-06,10,0.00877193,0.010610079
209,2.7511995e-05,1.241725e-05,5,0.0,0.0066313
240,2.7278196e-05,-2.1503363e-05,12,0.004385965,0.01458886
178,2.7231687e-05,1.4927668e-05,4,0.0,0.0053050397
1743,2.711357e-05,-2.1411672e-05,6,0.00877193,0.0053050397
993,2.6910704e-05,1.6978076e-05,3,0.0,0.00397878
1967,2.6887568e-05,-2.011003e-05,1,0.004385965,0.0
83,2.6538126e-05,-7.3918086e-06,3,0.00877193,0.0013262599
920,2.6393827e-05,9.90982e-06,12,0.0,0.01591512
451,2.6299727e-05,-2.0065765e-05,4,0.004385965,0.00397878
515,2.608001e-05,1.1244172e-05,13,0.0,0.01724138
280,2.5980538e-05,1.4013008e-05,2,0.0,0.0026525198
1640,2.5753126e-05,4.203098e-06,9,0.0,0.01193634
1165,2.5719595e-05,-2.0287782e-05,1,0.004385965,0.0
819,2.5604619e-05,1.3874885e-05,1,0.0,0.0013262599
902,2.5589974e-05,7.2475923e-06,5,0.0,0.0066313
581,2.551751e-05,1.0739137e-05,3,0.0,0.00397878
150,2.5267933e-05,-1.0777474e-06,7,0.004385965,0.00795756
840,2.5181804e-05,-1.9104607e-05,11,0.021929825,0.00795756
900,2.5112244e-05,9.826575e-06,15,0.0,0.0198939
1125,2.50062e-05,1.3775564e-05,3,0.0,0.00397878
1594,2.4818166e-05,1.6212949e-05,1,0.0,0.0013262599
1813,2.4737992e-05,1.8726494e-06,3,0.004385965,0.0026525198
266,2.4736399e-05,1.4242122e-05,2,0.0,0.0026525198
579,2.4450437e-05,8.3722225e-06,5,0.0,0.0066313
164,2.4233703e-05,-2.0190339e-05,1,0.004385965,0.0
1307,2.3986964e-05,1.03227285e-05,7,0.0,0.009283819
1107,2.3897774e-05,-1.1386289e-05,18,0.013157895,0.0198939
1256,2.3690085e-05,-1.6883778e-05,10,0.004385965,0.01193634
512,2.348676e-05,3.844501e-06,14,0.0,0.018567638
1183,2.3415027e-05,-1.6095966e-05,2,0.004385965,0.0013262599
2028,2.3205142e-05,-2.1586595e-05,2,0.004385965,0.0013262599
1343,2.3146576e-05,-6.836542e-06,5,0.004385965,0.0053050397
1662,2.3137352e-05,1.20524255e-05,5,0.0,0.0066313
345,2.3101818e-05,1.2873903e-05,4,0.0,0.0053050397
1284,2.2832073e-05,1.2575196e-05,2,0.0,0.0026525198
957,2.2824639e-05,-5.3354333e-06,15,0.013157895,0.01591512
672,2.2643575e-05,-8.988716e-06,8,0.00877193,0.00795756
127,2.2465827e-05,-1.0527301e-05,10,0.004385965,0.01193634
324,2.2380682e-05,-1.7929344e-05,2,0.004385965,0.0013262599
174,2.2320562e-05,9.865159e-06,1,0.0,0.0013262599
1158,2.2298747e-05,1.4375813e-06,14,0.004385965,0.01724138
1282,2.215924e-05,6.820433e-06,7,0.0,0.009283819
793,2.185364e-05,-1.2939151e-05,6,0.00877193,0.0053050397
1068,2.1759124e-05,9.342256e-06,4,0.0,0.0053050397
1283,2.1754806e-05,-5.4466864e-07,18,0.004385965,0.02254642
2008,2.165145e-05,1.0828934e-05,3,0.0,0.00397878
615,2.1533237e-05,1.2015305e-05,1,0.0,0.0013262599
903,2.136299e-05,6.067332e-06,15,0.0,0.0198939
767,2.1080816e-05,7.042601e-06,1,0.0,0.0013262599
476,2.0882084e-05,-1.7800541e-05,2,0.004385965,0.0013262599
1190,2.0874662e-05,9.833604e-06,7,0.0,0.009283819
597,2.08294e-05,-1.0632405e-05,17,0.00877193,0.0198939
2001,2.0796286e-05,8.078832e-06,13,0.0,0.01724138
504,2.0770534e-05,1.068649e-05,5,0.0,0.0066313
1802,2.0755384e-05,3.6408537e-06,12,0.0,0.01591512
1260,2.0722247e-05,1.0594529e-05,14,0.0,0.018567638
136,2.0502426e-05,1.6545126e-06,8,0.0,0.010610079
449,2.0453388e-05,-1.26827e-05,3,0.00877193,0.0013262599
1497,2.0349695e-05,2.6516816e-06,7,0.0,0.009283819
1887,2.0318692e-05,-1.5976364e-05,3,0.004385965,0.0026525198
1623,2.0311067e-05,7.09874e-07,14,0.0,0.018567638
670,2.0185145e-05,6.552105e-06,7,0.0,0.009283819
640,1.9901037e-05,8.399566e-06,2,0.0,0.0026525198
1850,1.9887657e-05,-1.4108917e-05,3,0.004385965,0.0026525198
252,1.9856003e-05,-1.433075e-05,1,0.004385965,0.0
1901,1.9755546e-05,-1.49868865e-05,2,0.004385965,0.0013262599
986,1.9688781e-05,1.1059341e-05,1,0.0,0.0013262599
246,1.9680652e-05,5.8530277e-06,9,0.0,0.01193634
1478,1.9197316e-05,1.970727e-06,5,0.00877193,0.00397878
1439,1.9091864e-05,1.202715e-06,3,0.004385965,0.0026525198
1054,1.9067733e-05,-1.3680094e-05,3,0.004385965,0.0026525198
1231,1.8837767e-05,-1.2219808e-05,2,0.004385965,0.0013262599
710,1.8626122e-05,1.1912793e-05,2,0.0,0.0026525198
291,1.8474742e-05,-2.5647314e-06,2,0.004385965,0.0013262599
261,1.8145074e-05,1.1722071e-05,2,0.0,0.0026525198
18,1.8047645e-05,8.8596613e-07,6,0.004385965,0.0066313
827,1.7976405e-05,-1.4911225e-05,5,0.004385965,0.0053050397
685,1.7896788e-05,9.239303e-06,2,0.0,0.0026525198
1942,1.7823617e-05,-1.4871872e-05,4,0.004385965,0.00397878
606,1.7679888e-05,-9.150179e-06,8,0.00877193,0.00795756
859,1.766752e-05,3.205761e-07,8,0.00877193,0.00795756
263,1.7597413e-05,5.2469118e-06,4,0.0,0.0053050397
1799,1.7593833e-05,-9.503853e-06,3,0.004385965,0.0026525198
1740,1.7425178e-05,8.4379435e-06,1,0.0,0.0013262599
1495,1.7286164e-05,6.0730563e-06,4,0.0,0.0053050397
1619,1.7192428e-05,-1.4477514e-05,2,0.00877193,0.0
1226,1.7100654e-05,-1.0974243e-05,6,0.004385965,0.0066313
1222,1.7044633e-05,5.4160973e-06,13,0.0,0.01724138
662,1.6941503e-05,5.333236e-06,1,0.0,0.0013262599
1227,1.6557675e-05,-1.1369525e-05,4,0.00877193,0.0026525198
180,1.6537475e-05,7.1004333e-06,3,0.004385965,0.0026525198
2021,1.644247e-05,8.508062e-06,11,0.0,0.01458886
977,1.6261682e-05,9.577033e-06,2,0.0,0.0026525198
1630,1.6257063e-05,7.4814434e-06,4,0.0,0.0053050397
1889,1.6146541e-05,9.040444e-06,3,0.0,0.00397878
814,1.6034413e-05,8.792121e-06,3,0.0,0.00397878
1269,1.5908847e-05,5.5969645e-06,3,0.0,0.00397878
952,1.5904936e-05,-1.447403e-05,7,0.004385965,0.00795756
511,1.55943e-05,4.5418187e-06,8,0.0,0.010610079
1218,1.553694e-05,-6.2342206e-06,8,0.021929825,0.00397878
1837,1.5491793e-05,9.0468575e-06,1,0.0,0.0013262599
678,1.540555e-05,8.344856e-06,1,0.0,0.0013262599
753,1.5348049e-05,7.4420846e-06,5,0.0,0.0066313
26,1.5285666e-05,4.795811e-06,2,0.0,0.0026525198
1744,1.5200511e-05,-7.8084495e-06,6,0.004385965,0.0066313
783,1.5119887e-05,1.0278084e-05,2,0.0,0.0026525198
587,1.511738e-05,-1.3452872e-06,6,0.004385965,0.0066313
32,1.5077351e-05,5.4200273e-06,2,0.0,0.0026525198
1276,1.5060217e-05,-5.07383e-06,5,0.004385965,0.0053050397
953,1.4797248e-05,-9.488011e-06,5,0.004385965,0.0053050397
460,1.4563827e-05,-1.8875892e-06,18,0.004385965,0.02254642
35,1.4465549e-05,-1.1703798e-05,4,0.004385965,0.00397878
334,1.4424311e-05,7.6246715e-06,13,0.0,0.01724138
254,1.4338735e-05,1.8101989e-06,8,0.0,0.010610079
1592,1.4279977e-05,1.14994855e-05,2,0.0,0.0026525198
845,1.4255331e-05,-3.217311e-06,9,0.00877193,0.009283819
1537,1.4254107e-05,8.662007e-06,3,0.0,0.00397878
1455,1.4211382e-05,7.006446e-06,3,0.0,0.00397878
66,1.4161085e-05,8.476873e-06,2,0.0,0.0026525198
1560,1.4149355e-05,-1.27833955e-05,2,0.004385965,0.0013262599
2013,1.413349e-05,-3.6713493e-06,2,0.004385965,0.0013262599
123,1.4096729e-05,5.4690468e-06,4,0.0,0.0053050397
1789,1.4088343e-05,6.7992746e-06,3,0.0,0.00397878
1146,1.3852741e-05,7.280294e-06,5,0.0,0.0066313
1753,1.382344e-05,5.687571e-06,3,0.0,0.00397878
1785,1.3797815e-05,3.4619218e-06,7,0.0,0.009283819
226,1.3759301e-05,6.350012e-06,1,0.0,0.0013262599
1421,1.3711366e-05,7.3626657e-06,4,0.0,0.0053050397
851,1.3684533e-05,-8.134337e-06,19,0.01754386,0.0198939
1695,1.358807e-05,3.1474708e-06,6,0.0,0.00795756
245,1.3475753e-05,9.985971e-06,4,0.0,0.0053050397
1881,1.3346481e-05,9.939255e-06,2,0.0,0.0026525198
406,1.3241726e-05,7.951628e-06,4,0.0,0.0053050397
398,1.3184112e-05,6.6716634e-06,2,0.0,0.0026525198
21,1.3093742e-05,6.9428725e-06,2,0.004385965,0.0013262599
233,1.2832029e-05,3.6061826e-06,3,0.0,0.00397878
1880,1.2797686e-05,2.7582591e-06,8,0.0,0.010610079
2044,1.2779207e-05,-3.2789721e-06,4,0.004385965,0.00397878
307,1.2735671e-05,8.577e-06,2,0.0,0.0026525198
1103,1.25803745e-05,6.0016473e-06,4,0.0,0.0053050397
1240,1.2535636e-05,2.155715e-06,4,0.0,0.0053050397
219,1.2402225e-05,-2.2666945e-06,4,0.00877193,0.0026525198
1730,1.2264749e-05,6.748833e-06,5,0.0,0.0066313
1335,1.2198469e-05,7.1639574e-06,1,0.0,0.0013262599
1500,1.2150923e-05,6.5249214e-06,3,0.0,0.00397878
572,1.2136854e-05,5.3640533e-06,9,0.0,0.01193634
434,1.20806635e-05,5.8004575e-06,3,0.0,0.00397878
95,1.2012873e-05,-9.342183e-06,8,0.004385965,0.009283819
2030,1.1777908e-05,-8.677133e-06,2,0.004385965,0.0013262599
1412,1.17237905e-05,3.1327406e-06,8,0.0,0.010610079
1194,1.1585588e-05,-8.454098e-06,4,0.004385965,0.00397878
1635,1.1372198e-05,5.01475e-06,1,0.0,0.0013262599
1396,1.13234755e-05,6.059832e-06,1,0.0,0.0013262599
959,1.1273016e-05,7.598867e-06,2,0.0,0.0026525198
1382,1.1079163e-05,4.3407604e-06,7,0.0,0.009283819
1298,1.10452e-05,4.9092982e-06,3,0.0,0.00397878
1331,1.0955384e-05,4.447993e-06,1,0.0,0.0013262599
1492,1.0920261e-05,-9.626549e-06,2,0.004385965,0.0013262599
1864,1.0892783e-05,4.92256e-06,2,0.0,0.0026525198
1180,1.0681859e-05,3.950724e-06,7,0.0,0.009283819
1296,1.0674577e-05,5.656658e-06,2,0.0,0.0026525198
1700,1.06301395e-05,7.506736e-06,5,0.0,0.0066313
1666,1.044119e-05,3.8575376e-06,3,0.0,0.00397878
876,1.0396081e-05,5.5437213e-06,1,0.0,0.0013262599
1000,1.0234734e-05,3.413558e-06,1,0.0,0.0013262599
196,1.0098436e-05,4.6397363e-06,9,0.0,0.01193634
1361,1.0094909e-05,1.9871682e-06,6,0.0,0.00795756
1014,1.0093222e-05,7.4288346e-06,1,0.0,0.0013262599
1327,1.0052893e-05,4.2121537e-06,2,0.0,0.0026525198
306,9.9531235e-06,-5.4390284e-06,2,0.004385965,0.0013262599
1232,9.834097e-06,4.2438696e-06,2,0.0,0.0026525198
243,9.821999e-06,5.206985e-06,6,0.0,0.00795756
68,9.737578e-06,4.0494956e-06,7,0.0,0.009283819
403,9.65043e-06,2.702339e-06,2,0.004385965,0.0013262599
62,9.638264e-06,6.215215e-06,3,0.0,0.00397878
550,9.526558e-06,5.570745e-06,4,0.0,0.0053050397
968,9.524427e-06,5.3053373e-06,2,0.0,0.0026525198
1704,9.471848e-06,2.1370906e-06,3,0.0,0.00397878
811,9.439908e-06,2.098051e-06,5,0.0,0.0066313
284,9.4226325e-06,3.5913429e-06,2,0.0,0.0026525198
1108,9.41819e-06,-6.8690497e-06,1,0.004385965,0.0
1379,9.394427e-06,6.15742e-06,2,0.0,0.0026525198
1018,9.392095e-06,4.047192e-06,2,0.0,0.0026525198
1996,9.367798e-06,6.9431294e-06,4,0.0,0.0053050397
1377,9.323272e-06,3.883803e-06,2,0.0,0.0026525198
72,9.275914e-06,6.6831494e-06,1,0.0,0.0013262599
1406,8.874051e-06,4.7840263e-06,1,0.0,0.0013262599
148,8.787635e-06,4.7827807e-06,4,0.0,0.0053050397
1128,8.727939e-06,-5.8329274e-06,8,0.004385965,0.009283819
1675,8.672296e-06,2.6787434e-06,4,0.0,0.0053050397
651,8.573915e-06,5.4020315e-06,2,0.0,0.0026525198
1912,8.502482e-06,4.064258e-06,3,0.0,0.00397878
1342,8.413965e-06,-7.273597e-06,1,0.004385965,0.0
856,8.390194e-06,3.3870153e-06,10,0.0,0.0132626
970,8.3641535e-06,4.02911e-06,2,0.0,0.0026525198
808,8.362917e-06,3.141768e-06,5,0.0,0.0066313
879,8.350643e-06,5.259629e-06,4,0.0,0.0053050397
521,8.318834e-06,3.6712967e-07,3,0.004385965,0.0026525198
1894,8.253781e-06,3.3687809e-06,1,0.0,0.0013262599
586,8.155323e-06,3.985641e-06,2,0.0,0.0026525198
462,8.144827e-06,4.577958e-06,3,0.0,0.00397878
131,8.09684e-06,1.9948238e-06,3,0.0,0.00397878
734,7.97778e-06,2.0003854e-06,2,0.0,0.0026525198
1001,7.939457e-06,4.9734062e-06,3,0.0,0.00397878
1717,7.872761e-06,3.7711595e-06,2,0.0,0.0026525198
991,7.83761e-06,4.8880124e-06,3,0.0,0.00397878
1698,7.736237e-06,4.1903145e-06,1,0.0,0.0013262599
1191,7.726931e-06,3.8620014e-06,5,0.0,0.0066313
1751,7.645045e-06,4.742917e-06,4,0.0,0.0053050397
151,7.6062693e-06,-4.0217e-06,4,0.004385965,0.00397878
1590,7.5630046e-06,4.1559506e-06,1,0.0,0.0013262599
1263,7.502857e-06,-7.0601586e-06,1,0.004385965,0.0
1957,7.468369e-06,4.946556e-06,1,0.0,0.0013262599
2023,7.4546347e-06,4.0499935e-06,5,0.004385965,0.0053050397
502,7.450016e-06,2.5549418e-06,6,0.0,0.00795756
2039,7.439804e-06,-5.9450485e-06,2,0.004385965,0.0013262599
1016,7.4171007e-06,1.6100751e-06,4,0.0,0.0053050397
201,7.3776528e-06,4.33249e-06,2,0.0,0.0026525198
1082,7.3768683e-06,-7.599294e-07,13,0.00877193,0.01458886
285,7.326325e-06,2.6406674e-06,7,0.0,0.009283819
800,7.3239626e-06,1.0415988e-06,12,0.0,0.01591512
24,7.285903e-06,4.001376e-06,2,0.0,0.0026525198
1026,7.2636603e-06,5.1040993e-06,1,0.0,0.0013262599
1933,7.185071e-06,-6.6926455e-06,1,0.004385965,0.0
1812,7.1714794e-06,4.8030965e-06,1,0.0,0.0013262599
1686,7.037335e-06,2.6654443e-06,2,0.0,0.0026525198
1411,6.92854e-06,1.4842803e-06,2,0.0,0.0026525198
386,6.8299923e-06,8.529171e-07,11,0.0,0.01458886
48,6.8123095e-06,3.3364172e-06,2,0.0,0.0026525198
838,6.7859355e-06,2.7235856e-06,4,0.0,0.0053050397
163,6.742946e-06,4.1468516e-06,3,0.0,0.00397878
768,6.7363817e-06,5.1608695e-06,11,0.0,0.01458886
1151,6.723088e-06,3.8546705e-06,1,0.0,0.0013262599
1674,6.711706e-06,3.8154944e-06,2,0.0,0.0026525198
715,6.691874e-06,4.4761073e-06,5,0.0,0.0066313
589,6.6060147e-06,8.442089e-07,3,0.0,0.00397878
478,6.6046878e-06,2.427137e-06,4,0.0,0.0053050397
1262,6.5937097e-06,4.1026874e-06,1,0.0,0.0013262599
330,6.4954643e-06,3.829004e-06,2,0.0,0.0026525198
358,6.3898624e-06,1.8130874e-06,1,0.0,0.0013262599
852,6.2743798e-06,2.027713e-06,4,0.0,0.0053050397
454,6.26787e-06,3.6618057e-06,2,0.0,0.0026525198
1427,6.2277027e-06,-1.7645459e-06,5,0.004385965,0.0053050397
1303,6.1904148e-06,4.0608427e-07,2,0.0,0.0026525198
506,6.1277183e-06,2.727363e-06,2,0.0,0.0026525198
2037,6.078395e-06,3.2228177e-06,14,0.0,0.018567638
210,6.018614e-06,4.4623657e-06,1,0.0,0.0013262599
755,5.9729928e-06,4.656428e-06,2,0.0,0.0026525198
393,5.9635076e-06,3.6664835e-06,1,0.0,0.0013262599
1955,5.8829223e-06,3.6663557e-06,1,0.0,0.0013262599
220,5.8820774e-06,3.3488566e-06,2,0.0,0.0026525198
129,5.8717433e-06,3.455033e-06,1,0.0,0.0013262599
138,5.865904e-06,4.48459e-06,2,0.0,0.0026525198
1375,5.7864186e-06,2.9402906e-06,1,0.0,0.0013262599
1869,5.7058587e-06,3.5237974e-06,3,0.0,0.00397878
619,5.7021443e-06,1.2172792e-07,4,0.0,0.0053050397
626,5.5830237e-06,4.0088867e-06,2,0.0,0.0026525198
1326,5.5597548e-06,3.969775e-06,1,0.0,0.0013262599
780,5.4878433e-06,1.7781351e-06,1,0.0,0.0013262599
317,5.4813204e-06,3.526363e-06,4,0.0,0.0053050397
1442,5.4071047e-06,-5.1708876e-06,4,0.013157895,0.0013262599
1505,5.3911062e-06,2.476649e-06,1,0.0,0.0013262599
1085,5.3772133e-06,2.755313e-06,1,0.0,0.0013262599
416,5.3737426e-06,1.8686619e-06,2,0.0,0.0026525198
429,5.368062e-06,2.0154812e-06,3,0.0,0.00397878
1235,5.3676204e-06,2.7728613e-06,2,0.0,0.0026525198
2041,5.3612803e-06,3.285653e-06,2,0.0,0.0026525198
1897,5.3411995e-06,4.04112e-06,1,0.0,0.0013262599
1661,5.215526e-06,4.0571367e-06,3,0.0,0.00397878
677,5.2010814e-06,3.4189297e-06,3,0.0,0.00397878
1352,5.1721854e-06,3.7849688e-06,1,0.0,0.0013262599
287,5.137617e-06,2.1595167e-06,3,0.0,0.00397878
1388,5.0968083e-06,2.4719175e-06,1,0.0,0.0013262599
1469,5.0420626e-06,2.3158111e-06,3,0.0,0.00397878
1657,4.969381e-06,4.0380087e-06,6,0.0,0.00795756
1078,4.936791e-06,5.4523935e-07,2,0.0,0.0026525198
723,4.8674374e-06,2.6470466e-06,2,0.0,0.0026525198
50,4.8366605e-06,3.3498102e-06,2,0.0,0.0026525198
1613,4.7800913e-06,1.5930054e-06,1,0.0,0.0013262599
1025,4.7769086e-06,3.2047692e-06,1,0.0,0.0013262599
1424,4.762877e-06,3.4280752e-06,6,0.0,0.00795756
655,4.7079643e-06,1.6719191e-06,1,0.0,0.0013262599
1318,4.6874516e-06,2.681585e-06,5,0.0,0.0066313
1130,4.670012e-06,1.3203041e-06,2,0.0,0.0026525198
299,4.612279e-06,4.2688333e-07,4,0.0,0.0053050397
1101,4.5787697e-06,2.211903e-06,4,0.0,0.0053050397
788,4.5209513e-06,1.669939e-06,1,0.0,0.0013262599
1310,4.501256e-06,1.4861373e-06,1,0.0,0.0013262599
1359,4.4963053e-06,-3.7508487e-06,1,0.004385965,0.0
326,4.4374083e-06,2.329002e-06,1,0.0,0.0013262599
891,4.431557e-06,2.5462932e-06,4,0.0,0.0053050397
278,4.351894e-06,3.337488e-06,1,0.0,0.0013262599
1883,4.3334944e-06,2.1279368e-06,1,0.0,0.0013262599
501,4.175344e-06,1.3750476e-06,7,0.0,0.009283819
992,4.064595e-06,3.2511643e-06,2,0.0,0.0026525198
1079,4.055629e-06,2.542912e-06,1,0.0,0.0013262599
1192,4.0342147e-06,3.1110278e-06,1,0.0,0.0013262599
683,4.020569e-06,1.2844914e-06,2,0.0,0.0026525198
443,3.9972397e-06,7.280495e-07,3,0.0,0.00397878
1838,3.9567567e-06,1.4685797e-06,1,0.0,0.0013262599
1436,3.9535853e-06,1.4627159e-06,2,0.0,0.0026525198
1605,3.9086603e-06,6.824631e-07,1,0.0,0.0013262599
1041,3.6714184e-06,1.2847155e-06,2,0.0,0.0026525198
1690,3.6675335e-06,-2.9581868e-06,2,0.004385965,0.0013262599
487,3.575054e-06,2.993894e-06,1,0.0,0.0013262599
1156,3.4466593e-06,1.5779725e-06,2,0.0,0.0026525198
525,3.4178936e-06,1.2348621e-06,1,0.0,0.0013262599
375,3.3662773e-06,2.3924003e-06,2,0.0,0.0026525198
548,3.3102738e-06,1.0831952e-06,5,0.00877193,0.00397878
741,3.3099254e-06,-3.122524e-06,1,0.004385965,0.0
1010,3.2602727e-06,2.3320317e-06,2,0.0,0.0026525198
185,3.2471212e-06,-8.09012e-07,7,0.0,0.009283819
175,3.2444186e-06,2.6933587e-06,5,0.0,0.0066313
1286,3.2405371e-06,1.2642698e-06,3,0.0,0.00397878
356,3.216564e-06,2.1687715e-06,1,0.0,0.0013262599
188,3.1639336e-06,9.015738e-07,3,0.0,0.00397878
671,3.1529125e-06,2.6364671e-06,1,0.0,0.0013262599
596,3.144228e-06,1.4014921e-06,1,0.0,0.0013262599
702,3.1418458e-06,2.1558585e-06,1,0.0,0.0013262599
47,3.1045026e-06,1.968191e-06,3,0.0,0.00397878
1694,3.0949861e-06,5.075275e-07,1,0.0,0.0013262599
1805,3.0617407e-06,2.5612264e-06,2,0.0,0.0026525198
1392,3.0495946e-06,2.690558e-06,6,0.0,0.00795756
212,3.0153838e-06,4.878892e-07,2,0.0,0.0026525198
1653,2.91051e-06,1.7587413e-06,1,0.0,0.0013262599
1807,2.9040577e-06,9.88912e-07,2,0.0,0.0026525198
410,2.8508844e-06,1.2504346e-06,2,0.0,0.0026525198
1692,2.845678e-06,2.2696288e-06,1,0.0,0.0013262599
1997,2.8173986e-06,1.963276e-06,1,0.0,0.0013262599
1099,2.7979322e-06,1.2116512e-06,2,0.0,0.0026525198
813,2.7971996e-06,1.2550071e-06,2,0.0,0.0026525198
1467,2.6947246e-06,1.2639779e-06,3,0.0,0.00397878
1636,2.6827468e-06,2.13607e-06,1,0.0,0.0013262599
58,2.632801e-06,5.084722e-07,3,0.0,0.00397878
1968,2.5859301e-06,6.645293e-07,2,0.0,0.0026525198
106,2.5843192e-06,2.0585255e-06,2,0.0,0.0026525198
1195,2.478317e-06,1.8021776e-06,3,0.0,0.00397878
479,2.4437054e-06,1.1564415e-06,4,0.0,0.0053050397
546,2.352459e-06,1.0522143e-06,1,0.0,0.0013262599
223,2.339374e-06,1.173673e-06,1,0.0,0.0013262599
792,2.3358884e-06,1.2650274e-06,1,0.0,0.0013262599
1447,2.3057173e-06,1.3092404e-06,2,0.0,0.0026525198
54,2.2528352e-06,1.7628164e-06,4,0.0,0.0053050397
901,2.2298361e-06,1.9533702e-06,2,0.0,0.0026525198
868,2.2290792e-06,7.6650974e-07,1,0.0,0.0013262599
1742,2.2149923e-06,1.7128712e-06,2,0.0,0.0026525198
277,2.21493e-06,4.8612054e-07,1,0.0,0.0013262599
4,2.208628e-06,1.2110377e-06,1,0.0,0.0013262599
485,2.20387e-06,1.9655095e-06,2,0.0,0.0026525198
1409,2.1982564e-06,1.6255384e-06,3,0.0,0.00397878
181,2.1661428e-06,1.3779811e-06,1,0.0,0.0013262599
71,2.1574112e-06,1.6639393e-06,8,0.0,0.010610079
1429,2.1410742e-06,1.0488857e-06,3,0.0,0.00397878
765,2.1322094e-06,1.0365621e-06,2,0.0,0.0026525198
464,2.1064513e-06,1.617415e-06,10,0.0,0.0132626
329,2.090298e-06,1.8446551e-06,2,0.0,0.0026525198
850,2.0715925e-06,1.2746951e-06,2,0.0,0.0026525198
874,2.0715092e-06,1.3458426e-06,4,0.0,0.0053050397
73,2.0377156e-06,-1.9973836e-06,1,0.004385965,0.0
872,2.0315447e-06,1.6626026e-06,1,0.0,0.0013262599
1120,2.025995e-06,1.8203154e-06,2,0.004385965,0.0013262599
1368,1.9186377e-06,1.1155006e-06,12,0.0,0.01591512
155,1.8901799e-06,1.2619429e-06,1,0.0,0.0013262599
944,1.8561199e-06,1.5289996e-06,3,0.0,0.00397878
774,1.8384527e-06,1.4577296e-06,2,0.0,0.0026525198
1668,1.837132e-06,9.0141003e-07,1,0.0,0.0013262599
1122,1.7292167e-06,1.0379304e-06,1,0.0,0.0013262599
923,1.725543e-06,-1.8925846e-07,2,0.0,0.0026525198
1378,1.7092061e-06,7.0933254e-07,3,0.0,0.00397878
564,1.707266e-06,5.8819654e-07,2,0.0,0.0026525198
158,1.6845821e-06,4.4684785e-07,6,0.0,0.00795756
1759,1.6501943e-06,1.2453424e-06,3,0.0,0.00397878
1551,1.631615e-06,5.2043475e-07,4,0.0,0.0053050397
482,1.5363759e-06,-1.3288964e-06,5,0.004385965,0.0053050397
315,1.503993e-06,1.2257336e-06,1,0.0,0.0013262599
582,1.4998017e-06,2.4389695e-07,1,0.0,0.0013262599
483,1.4922076e-06,-1.5452514e-07,1,0.0,0.0013262599
1434,1.4573297e-06,3.1387233e-07,1,0.0,0.0013262599
1819,1.4211813e-06,2.087583e-07,1,0.0,0.0013262599
456,1.4095069e-06,2.7065667e-07,1,0.0,0.0013262599
1608,1.4068123e-06,6.718592e-07,1,0.0,0.0013262599
1677,1.3982864e-06,1.256437e-07,1,0.0,0.0013262599
714,1.3933735e-06,-7.997924e-07,7,0.004385965,0.00795756
125,1.3675123e-06,1.8684563e-07,3,0.0,0.00397878
353,1.3076376e-06,4.339711e-07,2,0.0,0.0026525198
6,1.300974e-06,3.8117705e-07,1,0.0,0.0013262599
761,1.2987625e-06,1.0676878e-06,1,0.0,0.0013262599
1676,1.2655775e-06,3.6755517e-07,1,0.0,0.0013262599
609,1.2002274e-06,9.4783326e-07,1,0.0,0.0013262599
1425,1.191729e-06,1.3896813e-07,1,0.0,0.0013262599
1511,1.1817374e-06,8.3628584e-07,1,0.0,0.0013262599
1749,9.974369e-07,4.97699e-07,2,0.004385965,0.0013262599
1241,9.816015e-07,6.704054e-07,4,0.0,0.0053050397
408,9.782204e-07,6.9245664e-07,2,0.0,0.0026525198
1086,9.4262685e-07,7.937941e-07,1,0.0,0.0013262599
1519,9.038191e-07,7.6073724e-07,4,0.0,0.0053050397
1514,8.7460677e-07,6.1302376e-07,2,0.0,0.0026525198
1463,8.5529035e-07,7.233952e-07,1,0.0,0.0013262599
98,8.0470903e-07,3.0994397e-07,1,0.0,0.0013262599
645,7.965692e-07,5.999501e-07,1,0.0,0.0013262599
1529,7.606678e-07,5.1279994e-07,1,0.0,0.0013262599
1667,6.872923e-07,6.4629364e-07,2,0.0,0.0026525198
1975,6.791177e-07,5.7858745e-07,1,0.0,0.0013262599
1534,6.406812e-07,3.474204e-07,2,0.0,0.0026525198
754,6.1475214e-07,4.7778406e-07,1,0.0,0.0013262599
264,6.0129105e-07,4.2850553e-07,1,0.0,0.0013262599
1764,5.9782315e-07,4.8271244e-07,2,0.0,0.0026525198
911,5.815644e-07,5.3425305e-07,3,0.0,0.00397878
943,5.641376e-07,4.2056854e-07,1,0.0,0.0013262599
63,5.105174e-07,1.7023147e-07,3,0.0,0.00397878
1956,5.077822e-07,3.8261206e-07,1,0.0,0.0013262599
1748,4.595194e-07,3.5892714e-07,1,0.0,0.0013262599
394,4.3305914e-07,1.8960093e-07,3,0.0,0.00397878
270,4.2150535e-07,3.5282753e-07,3,0.004385965,0.0026525198
737,4.166283e-07,3.636746e-07,1,0.0,0.0013262599
883,2.8904424e-07,-2.7816012e-07,1,0.004385965,0.0
729,2.4939632e-07,2.2840162e-07,1,0.0,0.0013262599
1509,2.449951e-07,1.814263e-07,1,0.0,0.0013262599
70,2.3216805e-07,1.03223364e-07,4,0.0,0.0053050397
954,1.6566808e-07,1.2327109e-07,1,0.0,0.0013262599
1830,1.6204999e-07,1.2985443e-07,2,0.0,0.0026525198
1795,6.032048e-20,3.8248024e-20,1,0.004385965,0.0
186,6.057752e-21,6.057752e-21,1,0.004385965,0.0
791,4.5219658e-21,4.292525e-21,1,0.004385965,0.0
955,3.0418143e-21,-1.2834879e-21,4,0.004385965,0.00397878
763,2.119523e-21,-1.940111e-21,2,0.004385965,0.0013262599
293,1.5907744e-21,1.5907744e-21,1,0.004385965,0.0
1380,0.0,0.0,982,1.0,1.0
1787,0.0,0.0,12,0.0,0.01591512
1458,0.0,0.0,10,0.0,0.0132626
367,0.0,0.0,6,0.0,0.00795756
537,0.0,0.0,6,0.0,0.00795756
1596,0.0,0.0,5,0.0,0.0066313
1941,0.0,0.0,5,0.0,0.0066313
1916,0.0,0.0,4,0.0,0.0053050397
1935,0.0,0.0,4,0.0,0.0053050397
11,0.0,0.0,3,0.0,0.00397878
157,0.0,0.0,3,0.0,0.00397878
376,0.0,0.0,3,0.0,0.00397878
616,0.0,0.0,3,0.0,0.00397878
1024,0.0,0.0,3,0.0,0.00397878
1394,0.0,0.0,3,0.0,0.00397878
1426,0.0,0.0,3,0.0,0.00397878
1650,0.0,0.0,3,0.0,0.00397878
1784,0.0,0.0,3,0.0,0.00397878
110,0.0,0.0,2,0.0,0.0026525198
391,0.0,0.0,2,0.0,0.0026525198
433,0.0,0.0,2,0.0,0.0026525198
543,0.0,0.0,2,0.0,0.0026525198
746,0.0,0.0,2,0.004385965,0.0013262599
976,0.0,0.0,2,0.0,0.0026525198
1196,0.0,0.0,2,0.0,0.0026525198
1431,0.0,0.0,2,0.0,0.0026525198
1814,0.0,0.0,2,0.0,0.0026525198
19,0.0,0.0,1,0.0,0.0013262599
22,0.0,0.0,1,0.0,0.0013262599
82,0.0,0.0,1,0.0,0.0013262599
121,0.0,0.0,1,0.0,0.0013262599
128,0.0,0.0,1,0.0,0.0013262599
137,0.0,0.0,1,0.0,0.0013262599
213,0.0,0.0,1,0.0,0.0013262599
374,0.0,0.0,1,0.0,0.0013262599
415,0.0,0.0,1,0.0,0.0013262599
459,0.0,0.0,1,0.0,0.0013262599
472,0.0,0.0,1,0.0,0.0013262599
524,0.0,0.0,1,0.004385965,0.0
551,0.0,0.0,1,0.0,0.0013262599
595,0.0,0.0,1,0.0,0.0013262599
610,0.0,0.0,1,0.0,0.0013262599
922,0.0,0.0,1,0.0,0.0013262599
930,0.0,0.0,1,0.0,0.0013262599
934,0.0,0.0,1,0.0,0.0013262599
951,0.0,0.0,1,0.0,0.0013262599
958,0.0,0.0,1,0.0,0.0013262599
967,0.0,0.0,1,0.0,0.0013262599
1007,0.0,0.0,1,0.0,0.0013262599
1052,0.0,0.0,1,0.0,0.0013262599
1127,0.0,0.0,1,0.0,0.0013262599
1161,0.0,0.0,1,0.0,0.0013262599
1281,0.0,0.0,1,0.0,0.0013262599
1306,0.0,0.0,1,0.0,0.0013262599
1369,0.0,0.0,1,0.0,0.0013262599
1464,0.0,0.0,1,0.0,0.0013262599
1493,0.0,0.0,1,0.0,0.0013262599
1512,0.0,0.0,1,0.0,0.0013262599
1568,0.0,0.0,1,0.0,0.0013262599
1633,0.0,0.0,1,0.0,0.0013262599
1654,0.0,0.0,1,0.0,0.0013262599
1696,0.0,0.0,1,0.0,0.0013262599
1711,0.0,0.0,1,0.004385965,0.0
1824,0.0,0.0,1,0.0,0.0013262599
1977,0.0,0.0,1,0.0,0.0013262599
1981,0.0,0.0,1,0.0,0.0013262599
2025,0.0,0.0,1,0.0,0.0013262599
0,0.0,0.0,0,0.0,0.0
7,0.0,0.0,0,0.0,0.0
16,0.0,0.0,0,0.0,0.0
17,0.0,0.0,0,0.0,0.0
28,0.0,0.0,0,0.0,0.0
38,0.0,0.0,0,0.0,0.0
39,0.0,0.0,0,0.0,0.0
44,0.0,0.0,0,0.0,0.0
49,0.0,0.0,0,0.0,0.0
53,0.0,0.0,0,0.0,0.0
56,0.0,0.0,0,0.0,0.0
60,0.0,0.0,0,0.0,0.0
64,0.0,0.0,0,0.0,0.0
85,0.0,0.0,0,0.0,0.0
96,0.0,0.0,0,0.0,0.0
97,0.0,0.0,0,0.0,0.0
100,0.0,0.0,0,0.0,0.0
105,0.0,0.0,0,0.0,0.0
111,0.0,0.0,0,0.0,0.0
113,0.0,0.0,0,0.0,0.0
124,0.0,0.0,0,0.0,0.0
132,0.0,0.0,0,0.0,0.0
134,0.0,0.0,0,0.0,0.0
135,0.0,0.0,0,0.0,0.0
142,0.0,0.0,0,0.0,0.0
152,0.0,0.0,0,0.0,0.0
154,0.0,0.0,0,0.0,0.0
161,0.0,0.0,0,0.0,0.0
166,0.0,0.0,0,0.0,0.0
169,0.0,0.0,0,0.0,0.0
170,0.0,0.0,0,0.0,0.0
183,0.0,0.0,0,0.0,0.0
187,0.0,0.0,0,0.0,0.0
194,0.0,0.0,0,0.0,0.0
198,0.0,0.0,0,0.0,0.0
204,0.0,0.0,0,0.0,0.0
206,0.0,0.0,0,0.0,0.0
215,0.0,0.0,0,0.0,0.0
234,0.0,0.0,0,0.0,0.0
238,0.0,0.0,0,0.0,0.0
244,0.0,0.0,0,0.0,0.0
256,0.0,0.0,0,0.0,0.0
259,0.0,0.0,0,0.0,0.0
262,0.0,0.0,0,0.0,0.0
274,0.0,0.0,0,0.0,0.0
308,0.0,0.0,0,0.0,0.0
313,0.0,0.0,0,0.0,0.0
320,0.0,0.0,0,0.0,0.0
323,0.0,0.0,0,0.0,0.0
336,0.0,0.0,0,0.0,0.0
341,0.0,0.0,0,0.0,0.0
342,0.0,0.0,0,0.0,0.0
348,0.0,0.0,0,0.0,0.0
360,0.0,0.0,0,0.0,0.0
365,0.0,0.0,0,0.0,0.0
372,0.0,0.0,0,0.0,0.0
377,0.0,0.0,0,0.0,0.0
379,0.0,0.0,0,0.0,0.0
388,0.0,0.0,0,0.0,0.0
399,0.0,0.0,0,0.0,0.0
402,0.0,0.0,0,0.0,0.0
411,0.0,0.0,0,0.0,0.0
414,0.0,0.0,0,0.0,0.0
420,0.0,0.0,0,0.0,0.0
421,0.0,0.0,0,0.0,0.0
427,0.0,0.0,0,0.0,0.0
438,0.0,0.0,0,0.0,0.0
439,0.0,0.0,0,0.0,0.0
442,0.0,0.0,0,0.0,0.0
450,0.0,0.0,0,0.0,0.0
463,0.0,0.0,0,0.0,0.0
467,0.0,0.0,0,0.0,0.0
477,0.0,0.0,0,0.0,0.0
481,0.0,0.0,0,0.0,0.0
494,0.0,0.0,0,0.0,0.0
496,0.0,0.0,0,0.0,0.0
505,0.0,0.0,0,0.0,0.0
508,0.0,0.0,0,0.0,0.0
513,0.0,0.0,0,0.0,0.0
514,0.0,0.0,0,0.0,0.0
516,0.0,0.0,0,0.0,0.0
517,0.0,0.0,0,0.0,0.0
518,0.0,0.0,0,0.0,0.0
529,0.0,0.0,0,0.0,0.0
532,0.0,0.0,0,0.0,0.0
536,0.0,0.0,0,0.0,0.0
539,0.0,0.0,0,0.0,0.0
540,0.0,0.0,0,0.0,0.0
541,0.0,0.0,0,0.0,0.0
549,0.0,0.0,0,0.0,0.0
557,0.0,0.0,0,0.0,0.0
566,0.0,0.0,0,0.0,0.0
568,0.0,0.0,0,0.0,0.0
571,0.0,0.0,0,0.0,0.0
576,0.0,0.0,0,0.0,0.0
578,0.0,0.0,0,0.0,0.0
599,0.0,0.0,0,0.0,0.0
601,0.0,0.0,0,0.0,0.0
604,0.0,0.0,0,0.0,0.0
608,0.0,0.0,0,0.0,0.0
612,0.0,0.0,0,0.0,0.0
613,0.0,0.0,0,0.0,0.0
614,0.0,0.0,0,0.0,0.0
622,0.0,0.0,0,0.0,0.0
635,0.0,0.0,0,0.0,0.0
637,0.0,0.0,0,0.0,0.0
639,0.0,0.0,0,0.0,0.0
642,0.0,0.0,0,0.0,0.0
643,0.0,0.0,0,0.0,0.0
657,0.0,0.0,0,0.0,0.0
659,0.0,0.0,0,0.0,0.0
660,0.0,0.0,0,0.0,0.0
668,0.0,0.0,0,0.0,0.0
669,0.0,0.0,0,0.0,0.0
681,0.0,0.0,0,0.0,0.0
688,0.0,0.0,0,0.0,0.0
697,0.0,0.0,0,0.0,0.0
709,0.0,0.0,0,0.0,0.0
722,0.0,0.0,0,0.0,0.0
740,0.0,0.0,0,0.0,0.0
748,0.0,0.0,0,0.0,0.0
752,0.0,0.0,0,0.0,0.0
757,0.0,0.0,0,0.0,0.0
773,0.0,0.0,0,0.0,0.0
776,0.0,0.0,0,0.0,0.0
777,0.0,0.0,0,0.0,0.0
778,0.0,0.0,0,0.0,0.0
779,0.0,0.0,0,0.0,0.0
799,0.0,0.0,0,0.0,0.0
801,0.0,0.0,0,0.0,0.0
803,0.0,0.0,0,0.0,0.0
810,0.0,0.0,0,0.0,0.0
815,0.0,0.0,0,0.0,0.0
829,0.0,0.0,0,0.0,0.0
830,0.0,0.0,0,0.0,0.0
839,0.0,0.0,0,0.0,0.0
853,0.0,0.0,0,0.0,0.0
858,0.0,0.0,0,0.0,0.0
863,0.0,0.0,0,0.0,0.0
864,0.0,0.0,0,0.0,0.0
866,0.0,0.0,0,0.0,0.0
867,0.0,0.0,0,0.0,0.0
870,0.0,0.0,0,0.0,0.0
877,0.0,0.0,0,0.0,0.0
882,0.0,0.0,0,0.0,0.0
886,0.0,0.0,0,0.0,0.0
897,0.0,0.0,0,0.0,0.0
921,0.0,0.0,0,0.0,0.0
924,0.0,0.0,0,0.0,0.0
925,0.0,0.0,0,0.0,0.0
933,0.0,0.0,0,0.0,0.0
937,0.0,0.0,0,0.0,0.0
938,0.0,0.0,0,0.0,0.0
946,0.0,0.0,0,0.0,0.0
965,0.0,0.0,0,0.0,0.0
971,0.0,0.0,0,0.0,0.0
975,0.0,0.0,0,0.0,0.0
979,0.0,0.0,0,0.0,0.0
988,0.0,0.0,0,0.0,0.0
995,0.0,0.0,0,0.0,0.0
1003,0.0,0.0,0,0.0,0.0
1012,0.0,0.0,0,0.0,0.0
1023,0.0,0.0,0,0.0,0.0
1029,0.0,0.0,0,0.0,0.0
1030,0.0,0.0,0,0.0,0.0
1031,0.0,0.0,0,0.0,0.0
1033,0.0,0.0,0,0.0,0.0
1037,0.0,0.0,0,0.0,0.0
1040,0.0,0.0,0,0.0,0.0
1042,0.0,0.0,0,0.0,0.0
1044,0.0,0.0,0,0.0,0.0
1056,0.0,0.0,0,0.0,0.0
1059,0.0,0.0,0,0.0,0.0
1061,0.0,0.0,0,0.0,0.0
1062,0.0,0.0,0,0.0,0.0
1064,0.0,0.0,0,0.0,0.0
1075,0.0,0.0,0,0.0,0.0
1081,0.0,0.0,0,0.0,0.0
1084,0.0,0.0,0,0.0,0.0
1093,0.0,0.0,0,0.0,0.0
1095,0.0,0.0,0,0.0,0.0
1102,0.0,0.0,0,0.0,0.0
1105,0.0,0.0,0,0.0,0.0
1113,0.0,0.0,0,0.0,0.0
1115,0.0,0.0,0,0.0,0.0
1119,0.0,0.0,0,0.0,0.0
1131,0.0,0.0,0,0.0,0.0
1135,0.0,0.0,0,0.0,0.0
1138,0.0,0.0,0,0.0,0.0
1142,0.0,0.0,0,0.0,0.0
1166,0.0,0.0,0,0.0,0.0
1173,0.0,0.0,0,0.0,0.0
1176,0.0,0.0,0,0.0,0.0
1179,0.0,0.0,0,0.0,0.0
1185,0.0,0.0,0,0.0,0.0
1188,0.0,0.0,0,0.0,0.0
1189,0.0,0.0,0,0.0,0.0
1197,0.0,0.0,0,0.0,0.0
1200,0.0,0.0,0,0.0,0.0
1201,0.0,0.0,0,0.0,0.0
1202,0.0,0.0,0,0.0,0.0
1206,0.0,0.0,0,0.0,0.0
1207,0.0,0.0,0,0.0,0.0
1210,0.0,0.0,0,0.0,0.0
1211,0.0,0.0,0,0.0,0.0
1213,0.0,0.0,0,0.0,0.0
1217,0.0,0.0,0,0.0,0.0
1220,0.0,0.0,0,0.0,0.0
1223,0.0,0.0,0,0.0,0.0
1234,0.0,0.0,0,0.0,0.0
1237,0.0,0.0,0,0.0,0.0
1242,0.0,0.0,0,0.0,0.0
1247,0.0,0.0,0,0.0,0.0
1250,0.0,0.0,0,0.0,0.0
1251,0.0,0.0,0,0.0,0.0
1253,0.0,0.0,0,0.0,0.0
1254,0.0,0.0,0,0.0,0.0
1258,0.0,0.0,0,0.0,0.0
1259,0.0,0.0,0,0.0,0.0
1266,0.0,0.0,0,0.0,0.0
1271,0.0,0.0,0,0.0,0.0
1304,0.0,0.0,0,0.0,0.0
1305,0.0,0.0,0,0.0,0.0
1315,0.0,0.0,0,0.0,0.0
1319,0.0,0.0,0,0.0,0.0
1320,0.0,0.0,0,0.0,0.0
1324,0.0,0.0,0,0.0,0.0
1334,0.0,0.0,0,0.0,0.0
1336,0.0,0.0,0,0.0,0.0
1345,0.0,0.0,0,0.0,0.0
1350,0.0,0.0,0,0.0,0.0
1355,0.0,0.0,0,0.0,0.0
1363,0.0,0.0,0,0.0,0.0
1364,0.0,0.0,0,0.0,0.0
1367,0.0,0.0,0,0.0,0.0
1371,0.0,0.0,0,0.0,0.0
1376,0.0,0.0,0,0.0,0.0
1381,0.0,0.0,0,0.0,0.0
1383,0.0,0.0,0,0.0,0.0
1397,0.0,0.0,0,0.0,0.0
1398,0.0,0.0,0,0.0,0.0
1401,0.0,0.0,0,0.0,0.0
1407,0.0,0.0,0,0.0,0.0
1408,0.0,0.0,0,0.0,0.0
1414,0.0,0.0,0,0.0,0.0
1450,0.0,0.0,0,0.0,0.0
1473,0.0,0.0,0,0.0,0.0
1474,0.0,0.0,0,0.0,0.0
1483,0.0,0.0,0,0.0,0.0
1485,0.0,0.0,0,0.0,0.0
1490,0.0,0.0,0,0.0,0.0
1491,0.0,0.0,0,0.0,0.0
1510,0.0,0.0,0,0.0,0.0
1515,0.0,0.0,0,0.0,0.0
1523,0.0,0.0,0,0.0,0.0
1525,0.0,0.0,0,0.0,0.0
1532,0.0,0.0,0,0.0,0.0
1533,0.0,0.0,0,0.0,0.0
1540,0.0,0.0,0,0.0,0.0
1541,0.0,0.0,0,0.0,0.0
1546,0.0,0.0,0,0.0,0.0
1549,0.0,0.0,0,0.0,0.0
1550,0.0,0.0,0,0.0,0.0
1555,0.0,0.0,0,0.0,0.0
1559,0.0,0.0,0,0.0,0.0
1565,0.0,0.0,0,0.0,0.0
1571,0.0,0.0,0,0.0,0.0
1578,0.0,0.0,0,0.0,0.0
1583,0.0,0.0,0,0.0,0.0
1585,0.0,0.0,0,0.0,0.0
1591,0.0,0.0,0,0.0,0.0
1593,0.0,0.0,0,0.0,0.0
1600,0.0,0.0,0,0.0,0.0
1606,0.0,0.0,0,0.0,0.0
1615,0.0,0.0,0,0.0,0.0
1620,0.0,0.0,0,0.0,0.0
1637,0.0,0.0,0,0.0,0.0
1639,0.0,0.0,0,0.0,0.0
1641,0.0,0.0,0,0.0,0.0
1644,0.0,0.0,0,0.0,0.0
1646,0.0,0.0,0,0.0,0.0
1651,0.0,0.0,0,0.0,0.0
1658,0.0,0.0,0,0.0,0.0
1678,0.0,0.0,0,0.0,0.0
1680,0.0,0.0,0,0.0,0.0
1687,0.0,0.0,0,0.0,0.0
1701,0.0,0.0,0,0.0,0.0
1706,0.0,0.0,0,0.0,0.0
1707,0.0,0.0,0,0.0,0.0
1709,0.0,0.0,0,0.0,0.0
1713,0.0,0.0,0,0.0,0.0
1723,0.0,0.0,0,0.0,0.0
1725,0.0,0.0,0,0.0,0.0
1732,0.0,0.0,0,0.0,0.0
1763,0.0,0.0,0,0.0,0.0
1767,0.0,0.0,0,0.0,0.0
1772,0.0,0.0,0,0.0,0.0
1774,0.0,0.0,0,0.0,0.0
1776,0.0,0.0,0,0.0,0.0
1793,0.0,0.0,0,0.0,0.0
1796,0.0,0.0,0,0.0,0.0
1797,0.0,0.0,0,0.0,0.0
1806,0.0,0.0,0,0.0,0.0
1821,0.0,0.0,0,0.0,0.0
1826,0.0,0.0,0,0.0,0.0
1841,0.0,0.0,0,0.0,0.0
1845,0.0,0.0,0,0.0,0.0
1865,0.0,0.0,0,0.0,0.0
1868,0.0,0.0,0,0.0,0.0
1870,0.0,0.0,0,0.0,0.0
1872,0.0,0.0,0,0.0,0.0
1875,0.0,0.0,0,0.0,0.0
1878,0.0,0.0,0,0.0,0.0
1885,0.0,0.0,0,0.0,0.0
1890,0.0,0.0,0,0.0,0.0
1893,0.0,0.0,0,0.0,0.0
1904,0.0,0.0,0,0.0,0.0
1906,0.0,0.0,0,0.0,0.0
1915,0.0,0.0,0,0.0,0.0
1925,0.0,0.0,0,0.0,0.0
1929,0.0,0.0,0,0.0,0.0
1931,0.0,0.0,0,0.0,0.0
1936,0.0,0.0,0,0.0,0.0
1944,0.0,0.0,0,0.0,0.0
1947,0.0,0.0,0,0.0,0.0
1965,0.0,0.0,0,0.0,0.0
1969,0.0,0.0,0,0.0,0.0
1979,0.0,0.0,0,0.0,0.0
1983,0.0,0.0,0,0.0,0.0
1986,0.0,0.0,0,0.0,0.0
1987,0.0,0.0,0,0.0,0.0
1988,0.0,0.0,0,0.0,0.0
2011,0.0,0.0,0,0.0,0.0
2012,0.0,0.0,0,0.0,0.0
2015,0.0,0.0,0,0.0,0.0
2040,0.0,0.0,0,0.0,0.0
