sample_id,smiles,label,canonical_smiles,antagonistic_score,training_member
0,Cc1cc(O)cc(C)c1C[C@H](N)C(=O)N1Cc2ccccc2CC1C(=O)N[C@@H](C(=O)N[C@@H](Cc1ccccc1)C(=O)O)[C@@H](C)C1CCCCC1,1,Cc1cc(O)cc(C)c1C[C@H](N)C(=O)N1Cc2ccccc2CC1C(=O)N[C@@H](C(=O)N[C@@H](Cc1ccccc1)C(=O)O)[C@@H](C)C1CCCCC1,1.0,True
1,Cc1cc(O)cc(C)c1C[C@H](N)C(=O)N1Cc2ccccc2CC1C(=O)N[C@H](C(=O)N[C@@H](Cc1ccccc1)C(=O)O)[C@@H](C)C1CCCCC1,1,Cc1cc(O)cc(C)c1C[C@H](N)C(=O)N1Cc2ccccc2CC1C(=O)N[C@H](C(=O)N[C@@H](Cc1ccccc1)C(=O)O)[C@@H](C)C1CCCCC1,1.0,True
2,Cc1cc(O)cc(C)c1C[C@H](N)C(=O)N1Cc2ccccc2CC1C(=O)N[C@@H](C(=O)N[C@@H](Cc1ccccc1)C(=O)O)[C@H](C)C1CCCCC1,1,Cc1cc(O)cc(C)c1C[C@H](N)C(=O)N1Cc2ccccc2CC1C(=O)N[C@@H](C(=O)N[C@@H](Cc1ccccc1)C(=O)O)[C@H](C)C1CCCCC1,1.0,True
3,Cc1cc(O)cc(C)c1C[C@H](N)C(=O)N1Cc2ccccc2CC1C(=O)N[C@H](C(=O)N[C@@H](Cc1ccccc1)C(=O)O)[C@H](C)C1CCCCC1,1,Cc1cc(O)cc(C)c1C[C@H](N)C(=O)N1Cc2ccccc2CC1C(=O)N[C@H](C(=O)N[C@@H](Cc1ccccc1)C(=O)O)[C@H](C)C1CCCCC1,1.0,True
4,Cc1cc(O)cc(C)c1C[C@H](N)C(=O)N1Cc2ccccc2CC1C(=O)N[C@@H](C(=O)N[C@@H](Cc1ccccc1)C(N)=O)[C@@H](C)C1CCCCC1,1,Cc1cc(O)cc(C)c1C[C@H](N)C(=O)N1Cc2ccccc2CC1C(=O)N[C@@H](C(=O)N[C@@H](Cc1ccccc1)C(N)=O)[C@@H](C)C1CCCCC1,0.995,True
5,Cc1cc(O)cc(C)c1C[C@H](N)C(=O)N1Cc2ccccc2CC1C(=O)N[C@H](C(=O)N[C@@H](Cc1ccccc1)C(N)=O)[C@@H](C)C1CCCCC1,1,Cc1cc(O)cc(C)c1C[C@H](N)C(=O)N1Cc2ccccc2CC1C(=O)N[C@H](C(=O)N[C@@H](Cc1ccccc1)C(N)=O)[C@@H](C)C1CCCCC1,0.995,True
6,Cc1cc(O)cc(C)c1C[C@H](N)C(=O)N1Cc2ccccc2CC1C(=O)N[C@H](C(=O)N[C@@H](Cc1ccccc1)C(N)=O)[C@H](C)C1CCCCC1,1,Cc1cc(O)cc(C)c1C[C@H](N)C(=O)N1Cc2ccccc2CC1C(=O)N[C@H](C(=O)N[C@@H](Cc1ccccc1)C(N)=O)[C@H](C)C1CCCCC1,0.995,True
7,Cc1cc(O)cc(C)c1C[C@H](N)C(=O)N1Cc2ccccc2CC1C(=O)N[C@@H](C(=O)N[C@@H](Cc1ccccc1)C(N)=O)[C@H](C)C1CCCCC1,1,Cc1cc(O)cc(C)c1C[C@H](N)C(=O)N1Cc2ccccc2CC1C(=O)N[C@@H](C(=O)N[C@@H](Cc1ccccc1)C(N)=O)[C@H](C)C1CCCCC1,0.995,True
8,C[C@H]1C2Cc3ccc(C(=O)NCCc4ccc(-c5ccccc5)cc4)cc3[C@@]1(C)CCN2CC1CC1,1,C[C@H]1C2Cc3ccc(C(=O)NCCc4ccc(-c5ccccc5)cc4)cc3[C@@]1(C)CCN2CC1CC1,0.5007892285667238,True
9,C[N+]1(CC2CC2)CC[C@]23c4c5ccc(O)c4O[C@H]2C(=O)CC[C@@]3(O)[C@H]1C5,1,C[N+]1(CC2CC2)CC[C@]23c4c5ccc(O)c4O[C@H]2C(=O)CC[C@@]3(O)[C@H]1C5,0.825,True
10,O=C1/C(=C/c2ccccc2)C[C@@]2(O)[C@H]3Cc4ccc(O)c5c4[C@@]2(CCN3CC2CC2)[C@H]1O5,1,O=C1/C(=C/c2ccccc2)C[C@@]2(O)[C@H]3Cc4ccc(O)c5c4[C@@]2(CCN3CC2CC2)[C@H]1O5,0.815,True
11,COC(=O)/C=C/C(=O)N[C@@H]1CC[C@@]2(O)[C@H]3Cc4ccc(O)c5c4[C@@]2(CCN3CC2CC2)[C@H]1O5,1,COC(=O)/C=C/C(=O)N[C@@H]1CC[C@@]2(O)[C@H]3Cc4ccc(O)c5c4[C@@]2(CCN3CC2CC2)[C@H]1O5,0.7129904955872369,True
12,CCC12CCN(CC3(O)CC3)C(Cc3ccc(O)cc31)C2(C)C,1,CCC12CCN(CC3(O)CC3)C(Cc3ccc(O)cc31)C2(C)C,0.9066666666666666,True
13,CC[C@]12CCN(CC3(O)CC3)[C@H](Cc3ccc(O)cc31)C2(C)C,1,CC[C@]12CCN(CC3(O)CC3)[C@H](Cc3ccc(O)cc31)C2(C)C,0.9066666666666666,True
14,COc1ccc2cc(CCNC(=O)c3ccc4c(c3)C3(C)CCN(CC5CC5)C(C4)C3C)ccc2c1,1,COc1ccc2cc(CCNC(=O)c3ccc4c(c3)C3(C)CCN(CC5CC5)C(C4)C3C)ccc2c1,0.6193541324575808,True
15,O=C(O[C@@]12CCC(=O)[C@@H]3Oc4c(O)ccc5c4[C@@]31CCN(CC1CC1)[C@@H]2C5)c1ccc2ccccc2c1,1,O=C(O[C@@]12CCC(=O)[C@@H]3Oc4c(O)ccc5c4[C@@]31CCN(CC1CC1)[C@@H]2C5)c1ccc2ccccc2c1,0.8683333333333333,True
16,NC(=O)c1ccc2c(c1O)[C@]13CCN(CC4CC4)[C@H](C2)[C@]1(O)CCC(=O)C3,1,NC(=O)c1ccc2c(c1O)[C@]13CCN(CC4CC4)[C@H](C2)[C@]1(O)CCC(=O)C3,0.8028984797402391,True
17,C[C@@H](O)[C@H](NC(=O)[C@H]1NC(=O)[C@H]([C@@H](C)O)NC(=O)[C@H](CCCNC(=N)N)NC(=O)[C@@H](Cc2c[nH]c3ccccc23)NC(=O)[C@H](Cc2ccc(O)cc2)NC(=O)[C@@H](NC(=O)[C@H](N)Cc2ccccc2)CSSC1(C)C)C(N)=O,1,C[C@@H](O)[C@H](NC(=O)[C@H]1NC(=O)[C@H]([C@@H](C)O)NC(=O)[C@H](CCCNC(=N)N)NC(=O)[C@@H](Cc2c[nH]c3ccccc23)NC(=O)[C@H](Cc2ccc(O)cc2)NC(=O)[C@@H](NC(=O)[C@H](N)Cc2ccccc2)CSSC1(C)C)C(N)=O,0.8816666666666667,True
18,C[C@H]1C2Cc3ccc4c(N)ncnc4c3[C@@]1(C)CCN2CC1CC1,1,C[C@H]1C2Cc3ccc4c(N)ncnc4c3[C@@]1(C)CCN2CC1CC1,0.8033333333333333,True
19,O=C(O[C@@]12CCC(=O)[C@@H]3Oc4c(O)ccc5c4[C@@]31CCN(CC1CC1)[C@@H]2C5)c1ccc2ccccc2n1,1,O=C(O[C@@]12CCC(=O)[C@@H]3Oc4c(O)ccc5c4[C@@]31CCN(CC1CC1)[C@@H]2C5)c1ccc2ccccc2n1,0.855,True
20,O=C(O[C@@]12CCC(=O)[C@@H]3Oc4c(O)ccc5c4[C@@]31CCN(CC1CC1)[C@@H]2C5)c1cccnc1,1,O=C(O[C@@]12CCC(=O)[C@@H]3Oc4c(O)ccc5c4[C@@]31CCN(CC1CC1)[C@@H]2C5)c1cccnc1,0.96,True
21,CC(C)(NC(=O)C1=C(O)[C@@H]2Oc3c(O)ccc4c3[C@@]23CCN(CC2CC2)[C@H](C4)[C@]3(O)C1)c1nc(-c2ccccc2)no1,1,CC(C)(NC(=O)C1=C(O)[C@@H]2Oc3c(O)ccc4c3[C@@]23CCN(CC2CC2)[C@H](C4)[C@]3(O)C1)c1nc(-c2ccccc2)no1,0.885,True
22,CO[C@]12CC[C@@]3(C[C@@H]1C(C)(C)O)[C@H]1Cc4ccc(O)c5c4[C@@]3(CCN1CC1CC1)[C@H]2O5,1,CO[C@]12CC[C@@]3(C[C@@H]1C(C)(C)O)[C@H]1Cc4ccc(O)c5c4[C@@]3(CCN1CC1CC1)[C@H]2O5,0.7216666666666667,True
23,Oc1ccc2c3c1O[C@H]1c4[nH]c5c(c4C[C@@]4(O)[C@@H](C2)N(CC2CC2)CC[C@]314)C[C@@]1(O)[C@H]2Cc3ccc(O)c4c3[C@@]1(CCN2CC1CC1)[C@H]5O4,1,Oc1ccc2c3c1O[C@H]1c4[nH]c5c(c4C[C@@]4(O)[C@@H](C2)N(CC2CC2)CC[C@]314)C[C@@]1(O)[C@H]2Cc3ccc(O)c4c3[C@@]1(CCN2CC1CC1)[C@H]5O4,0.8883333333333333,True
24,O=C(O[C@@]12CCC(=O)[C@@H]3Oc4c(O)ccc5c4[C@@]31CCN(CC1CC1)[C@@H]2C5)c1ccncc1,1,O=C(O[C@@]12CCC(=O)[C@@H]3Oc4c(O)ccc5c4[C@@]31CCN(CC1CC1)[C@@H]2C5)c1ccncc1,0.975,True
25,O=C(O[C@@]12CCC(=O)[C@@H]3Oc4c(O)ccc5c4[C@@]31CCN(CC1CC1)[C@@H]2C5)c1ccccc1,1,O=C(O[C@@]12CCC(=O)[C@@H]3Oc4c(O)ccc5c4[C@@]31CCN(CC1CC1)[C@@H]2C5)c1ccccc1,0.9783333333333334,True
26,NC(=O)c1ccc2c(c1O)[C@]13CCN(CC4CCC4)[C@H](C2)[C@]1(O)CC[C@@H](O)C3,1,NC(=O)c1ccc2c(c1O)[C@]13CCN(CC4CCC4)[C@H](C2)[C@]1(O)CC[C@@H](O)C3,0.5977600102425689,True
27,O=C(O[C@@]12CCC(=O)[C@@H]3Oc4c(O)ccc5c4[C@@]31CCN(CC1CC1)[C@@H]2C5)c1cc2ccccc2cn1,1,O=C(O[C@@]12CCC(=O)[C@@H]3Oc4c(O)ccc5c4[C@@]31CCN(CC1CC1)[C@@H]2C5)c1cc2ccccc2cn1,0.9333333333333333,True
28,Oc1ccc2c3c1O[C@H]1CCC[C@@]4(O)[C@@H](C2)N(CC2CC2)CC[C@]314,1,Oc1ccc2c3c1O[C@H]1CCC[C@@]4(O)[C@@H](C2)N(CC2CC2)CC[C@]314,0.8016666666666666,True
29,COCCN(C(=O)COCc1ccccc1)C1c2ccccc2C=CC1N1CCN(c2ccccc2)CC1,1,COCCN(C(=O)COCc1ccccc1)C1c2ccccc2C=CC1N1CCN(c2ccccc2)CC1,0.9183333333333333,True
30,C[C@H]1CN(C[C@H](Cc2ccccc2)C(=O)O)CC[C@@]1(C)c1cccc(O)c1,1,C[C@H]1CN(C[C@H](Cc2ccccc2)C(=O)O)CC[C@@]1(C)c1cccc(O)c1,0.895,True
31,C=CCN1CC[C@]23c4c5ccc(O)c4O[C@H]2C(=O)CC[C@@]3(O)[C@H]1C5,1,C=CCN1CC[C@]23c4c5ccc(O)c4O[C@H]2C(=O)CC[C@@]3(O)[C@H]1C5,0.8983333333333333,True
32,COC(=O)N1CC[C@]23c4c5ccc(O)c4O[C@H]2[C@@H](O)[C@H](O)C(=O)[C@H]3[C@H]1C5,1,COC(=O)N1CC[C@]23c4c5ccc(O)c4O[C@H]2[C@@H](O)[C@H](O)C(=O)[C@H]3[C@H]1C5,0.8,True
33,COc1ccc2c3c1O[C@H]1C(=O)CC[C@@]4(NCCCCc5ccc(Cl)cc5)[C@@H](C2)N(CC2CC2)CC[C@]314,1,COc1ccc2c3c1O[C@H]1C(=O)CC[C@@]4(NCCCCc5ccc(Cl)cc5)[C@@H](C2)N(CC2CC2)CC[C@]314,0.935,True
34,COCCN(C(=O)c1ccc(Cl)c(Cl)c1)C1c2cc(OC)c(OC)cc2CCC1N(C)C,1,COCCN(C(=O)c1ccc(Cl)c(Cl)c1)C1c2cc(OC)c(OC)cc2CCC1N(C)C,0.8196011541072641,True
35,O=C(N[C@@]12CCC(=O)[C@@H]3Oc4c(O)ccc5c4[C@@]31CCN(CC1CC1)[C@@H]2C5)c1ccccc1,1,O=C(N[C@@]12CCC(=O)[C@@H]3Oc4c(O)ccc5c4[C@@]31CCN(CC1CC1)[C@@H]2C5)c1ccccc1,0.8616666666666667,True
36,CC1(C)CN(c2nc3ccccc3n2C2CCN(C3(CO)CCCCCCC3)CC2)CCN1,1,CC1(C)CN(c2nc3ccccc3n2C2CCN(C3(CO)CCCCCCC3)CC2)CCN1,0.6529667345553293,True
37,CC[C@]1(c2cccc(NS(C)(=O)=O)c2)[C@@H]2CN(CCCC3(O)CCCCC3)C[C@@H]21,1,CC[C@]1(c2cccc(NS(C)(=O)=O)c2)[C@@H]2CN(CCCC3(O)CCCCC3)C[C@@H]21,0.79,True
38,O=C1CC[C@@]2(NCCCc3ccc(Cl)cc3)[C@H]3Cc4ccc(O)c5c4[C@@]2(CCN3CC2CC2)[C@H]1O5,1,O=C1CC[C@@]2(NCCCc3ccc(Cl)cc3)[C@H]3Cc4ccc(O)c5c4[C@@]2(CCN3CC2CC2)[C@H]1O5,0.9266666666666666,True
39,CC1CN(CCCc2ccccc2)[C@@H]2C[C@@H](NC(=O)C3(c4ccccc4)CCCC3)C[C@@]1(c1cccc(O)c1)C2,1,CC1CN(CCCc2ccccc2)[C@@H]2C[C@@H](NC(=O)C3(c4ccccc4)CCCC3)C[C@@]1(c1cccc(O)c1)C2,0.9866666666666667,True
40,COc1ccc2c3c1O[C@H]1[C@]4(OC)CC[C@@]5(C[C@@H]4CNC/C=C/c4ccc(Cl)cc4)[C@@H](C2)N(C)CC[C@]315,1,COc1ccc2c3c1O[C@H]1[C@]4(OC)CC[C@@]5(C[C@@H]4CNC/C=C/c4ccc(Cl)cc4)[C@@H](C2)N(C)CC[C@]315,0.7716666666666666,True
41,O=C(/C=C/c1ccc(Cl)cc1)O[C@@]12CCC(=O)[C@@H]3Oc4c(O)ccc5c4[C@@]31CCN(CC1CC1)[C@@H]2C5,1,O=C(/C=C/c1ccc(Cl)cc1)O[C@@]12CCC(=O)[C@@H]3Oc4c(O)ccc5c4[C@@]31CCN(CC1CC1)[C@@H]2C5,0.9783333333333334,True
42,CC(C)C1CCC(N2CCC(N3c4ccccc4CN(CCO)S3(=O)=O)CC2)CC1,1,CC(C)C1CCC(N2CCC(N3c4ccccc4CN(CCO)S3(=O)=O)CC2)CC1,0.7783333333333333,True
43,Cc1ccc(/C=C/C(=O)O[C@@]23CCC(=O)[C@@H]4Oc5c(O)ccc6c5[C@@]42CCN(CC2CC2)[C@@H]3C6)cc1,1,Cc1ccc(/C=C/C(=O)O[C@@]23CCC(=O)[C@@H]4Oc5c(O)ccc6c5[C@@]42CCN(CC2CC2)[C@@H]3C6)cc1,0.9816666666666667,True
44,CC(C)CN1CC[C@@]23c4c5ccc(O)c4OCO[C@]46CC[C@@]2(O[C@H](C(=O)N4Cc2ccccc2)[C@H]63)[C@H]1C5,1,CC(C)CN1CC[C@@]23c4c5ccc(O)c4OCO[C@]46CC[C@@]2(O[C@H](C(=O)N4Cc2ccccc2)[C@H]63)[C@H]1C5,0.7033333333333334,True
45,C=CCN1CC[C@]23c4c5ccc(O)c4O[C@H]2/C(=N\N=C2\CC[C@@]4(O)[C@H]6Cc7ccc(O)c8c7[C@@]4(CCN6CC=C)[C@H]2O8)CC[C@@]3(O)[C@H]1C5,1,C=CCN1CC[C@]23c4c5ccc(O)c4O[C@H]2/C(=N\N=C2\CC[C@@]4(O)[C@H]6Cc7ccc(O)c8c7[C@@]4(CCN6CC=C)[C@H]2O8)CC[C@@]3(O)[C@H]1C5,0.9333333333333333,True
46,C[C@@H](O)[C@H](NC(=O)[C@H]1NC(=O)[C@H]([C@@H](C)O)NC(=O)[C@H](CCCNC(=N)N)NC(=O)[C@@H](Cc2c[nH]c3ccccc23)NC(=O)[C@H](Cc2ccc(O)cc2)NC(=O)[C@@H](NC(=O)[C@H]2Cc3ccccc3CN2)CSSC1(C)C)C(N)=O,1,C[C@@H](O)[C@H](NC(=O)[C@H]1NC(=O)[C@H]([C@@H](C)O)NC(=O)[C@H](CCCNC(=N)N)NC(=O)[C@@H](Cc2c[nH]c3ccccc23)NC(=O)[C@H](Cc2ccc(O)cc2)NC(=O)[C@@H](NC(=O)[C@H]2Cc3ccccc3CN2)CSSC1(C)C)C(N)=O,0.8816666666666667,True
47,C[C@@H](O)[C@H](NC(=O)[C@H](NC(=O)[C@@H](NC(=O)[C@H](CCCNC(=N)N)NC(=O)[C@H](Cc1c[nH]c2ccccc12)NC(=O)[C@@H](Cc1ccc(O)cc1)NC(=O)[C@H](CS)NC(=O)[C@H](N)Cc1ccccc1)[C@@H](C)O)C(C)(C)S)C(=O)O,1,C[C@@H](O)[C@H](NC(=O)[C@H](NC(=O)[C@@H](NC(=O)[C@H](CCCNC(=N)N)NC(=O)[C@H](Cc1c[nH]c2ccccc12)NC(=O)[C@@H](Cc1ccc(O)cc1)NC(=O)[C@H](CS)NC(=O)[C@H](N)Cc1ccccc1)[C@@H](C)O)C(C)(C)S)C(=O)O,0.665,True
48,C[C@H]1C2Cc3cc4nn[nH]c4cc3[C@@]1(C)CCN2CC1CC1,1,C[C@H]1C2Cc3cc4nn[nH]c4cc3[C@@]1(C)CCN2CC1CC1,0.7083333333333334,True
49,O=C(CCc1ccc(Cl)cc1)N[C@@]12CCC(=O)[C@@H]3Oc4c(O)ccc5c4[C@@]31CCN(CC1CC1)[C@@H]2C5,1,O=C(CCc1ccc(Cl)cc1)N[C@@]12CCC(=O)[C@@H]3Oc4c(O)ccc5c4[C@@]31CCN(CC1CC1)[C@@H]2C5,0.9033333333333333,True
50,COc1ccc2c3c1O[C@H]1C(=O)CC[C@@]4(NC(=O)/C=C/c5ccc(Cl)cc5)[C@@H](C2)N(CC2CC2)CC[C@]314,1,COc1ccc2c3c1O[C@H]1C(=O)CC[C@@]4(NC(=O)/C=C/c5ccc(Cl)cc5)[C@@H](C2)N(CC2CC2)CC[C@]314,0.9716666666666667,True
51,CO[C@@]12CC[C@@]3(C[C@@H]1[C@@](C)(O)C(C)(C)C)[C@H]1Cc4ccc(C(N)=O)c5c4[C@@]3(CCN1CC1CC1)[C@H]2O5,1,CO[C@@]12CC[C@@]3(C[C@@H]1[C@@](C)(O)C(C)(C)C)[C@H]1Cc4ccc(C(N)=O)c5c4[C@@]3(CCN1CC1CC1)[C@H]2O5,0.8006822502768995,True
52,Cc1cc(C)cc([C@@H]2CCCN2Cc2ccc(Oc3ccc(C(N)=O)cc3F)cc2)c1,1,Cc1cc(C)cc([C@@H]2CCCN2Cc2ccc(Oc3ccc(C(N)=O)cc3F)cc2)c1,0.8033333333333333,True
53,O=C(C#Cc1ccc(Cl)cc1)N[C@@]12CCC(=O)[C@@H]3Oc4c(O)ccc5c4[C@@]31CCN(CC1CC1)[C@@H]2C5,1,O=C(C#Cc1ccc(Cl)cc1)N[C@@]12CCC(=O)[C@@H]3Oc4c(O)ccc5c4[C@@]31CCN(CC1CC1)[C@@H]2C5,0.9466666666666667,True
54,NC(=O)c1cccc([C@H]2C[C@H]3CC[C@@H](C2)N3CCN(CC2CCCCC2)C(=O)Cc2nnn[nH]2)c1,1,NC(=O)c1cccc([C@H]2C[C@H]3CC[C@@H](C2)N3CCN(CC2CCCCC2)C(=O)Cc2nnn[nH]2)c1,0.9916666666666667,True
55,O=C1CCC2=C([C@@H]3Oc4c(O)ccc5c4[C@@]34CCN(CC3CC3)[C@H](C5)[C@]4(O)C2)N1Cc1cccc(Cl)c1,1,O=C1CCC2=C([C@@H]3Oc4c(O)ccc5c4[C@@]34CCN(CC3CC3)[C@H](C5)[C@]4(O)C2)N1Cc1cccc(Cl)c1,0.9566666666666667,True
56,NC(=O)c1cccc([C@H]2C[C@H]3CC[C@@H](C2)N3CCN(CC2CCCC2)C(=O)CO)c1,1,NC(=O)c1cccc([C@H]2C[C@H]3CC[C@@H](C2)N3CCN(CC2CCCC2)C(=O)CO)c1,0.9983333333333333,True
57,CC(C)C1CCC(N2CCC(N3C(=O)N[C@@H]4CCCC[C@H]43)CC2)CC1,1,CC(C)C1CCC(N2CCC(N3C(=O)N[C@@H]4CCCC[C@H]43)CC2)CC1,0.9883333333333333,True
58,NC(=O)c1cccc([C@H]2C[C@H]3CC[C@@H](C2)N3CCN(CC2CCOCC2)C(=O)CO)c1,1,NC(=O)c1cccc([C@H]2C[C@H]3CC[C@@H](C2)N3CCN(CC2CCOCC2)C(=O)CO)c1,0.9933333333333333,True
59,NC(=O)c1cccc([C@H]2C[C@H]3CC[C@@H](C2)N3CCN(CC2CCCCC2)C(=O)[C@@H](O)CO)c1,1,NC(=O)c1cccc([C@H]2C[C@H]3CC[C@@H](C2)N3CCN(CC2CCCCC2)C(=O)[C@@H](O)CO)c1,0.9933333333333333,True
60,O=C(Nc1ccccc1)C1=C(O)[C@@H]2Oc3c(O)ccc4c3[C@@]23CCN(CC2CC2)[C@H](C4)[C@]3(O)C1,1,O=C(Nc1ccccc1)C1=C(O)[C@@H]2Oc3c(O)ccc4c3[C@@]23CCN(CC2CC2)[C@H](C4)[C@]3(O)C1,0.92,True
61,O=C(C#Cc1ccccc1)N[C@@]12CCC(=O)[C@@H]3Oc4c(O)ccc5c4[C@@]31CCN(CC1CC1)[C@@H]2C5,1,O=C(C#Cc1ccccc1)N[C@@]12CCC(=O)[C@@H]3Oc4c(O)ccc5c4[C@@]31CCN(CC1CC1)[C@@H]2C5,0.93,True
62,NC(=O)c1cccc([C@H]2C[C@H]3CC[C@@H](C2)N3CCN(Cc2ccccc2)C(=O)CO)c1,1,NC(=O)c1cccc([C@H]2C[C@H]3CC[C@@H](C2)N3CCN(Cc2ccccc2)C(=O)CO)c1,0.99,True
63,C=CCN1CC[C@]23c4c5ccc(O)c4O[C@H]2[C@@H](OCCOCCOCCOCCOCCOCCOCCOC)CC[C@@]3(O)[C@H]1C5,1,C=CCN1CC[C@]23c4c5ccc(O)c4O[C@H]2[C@@H](OCCOCCOCCOCCOCCOCCOCCOC)CC[C@@]3(O)[C@H]1C5,0.8214531878230902,True
64,C[C@H]1CN(CCCc2ccccc2)[C@@H]2C[C@@H](NC(=O)C3(c4ccccc4)CCCCC3)C[C@@]1(c1cccc(O)c1)C2,1,C[C@H]1CN(CCCc2ccccc2)[C@@H]2C[C@@H](NC(=O)C3(c4ccccc4)CCCCC3)C[C@@]1(c1cccc(O)c1)C2,0.9783333333333334,True
65,O=C1N[C@@H]2CCCC[C@H]2N1C1CCN(CC2CCCCCCC2)CC1,1,O=C1N[C@@H]2CCCC[C@H]2N1C1CCN(CC2CCCCCCC2)CC1,0.9066666666666666,True
66,O=C1CC[C@@]2(NCC#Cc3ccc(Cl)cc3)[C@H]3Cc4ccc(O)c5c4[C@@]2(CCN3CC2CC2)[C@H]1O5,1,O=C1CC[C@@]2(NCC#Cc3ccc(Cl)cc3)[C@H]3Cc4ccc(O)c5c4[C@@]2(CCN3CC2CC2)[C@H]1O5,0.94,True
67,COCCN(C(=O)c1ccco1)C1c2ccccc2C=CC1N1CCN(c2ccccc2)CC1,1,COCCN(C(=O)c1ccco1)C1c2ccccc2C=CC1N1CCN(c2ccccc2)CC1,0.8833333333333333,True
68,CO[C@]12CC[C@@]3(C[C@@H]1[C@](C)(O)c1cccs1)[C@H]1Cc4ccc(O)c5c4[C@@]3(CCN1CC1CC1)[C@H]2O5,1,CO[C@]12CC[C@@]3(C[C@@H]1[C@](C)(O)c1cccs1)[C@H]1Cc4ccc(O)c5c4[C@@]3(CCN1CC1CC1)[C@H]2O5,0.7966666666666666,True
69,CN1CC[C@]2(C)C[C@@H](Cc3ccc(O)cc32)C1,1,CN1CC[C@]2(C)C[C@@H](Cc3ccc(O)cc32)C1,0.6366666666666667,True
70,O=C(N[C@@]12CCC(=O)[C@@H]3Oc4c(O)ccc5c4[C@@]31CCN(CC1CC1)[C@@H]2C5)c1cccnc1,1,O=C(N[C@@]12CCC(=O)[C@@H]3Oc4c(O)ccc5c4[C@@]31CCN(CC1CC1)[C@@H]2C5)c1cccnc1,0.9416666666666667,True
71,Oc1ccc2c(c1)[C@@]13CCCC[C@@]1(O)[C@@H](C2)N(CC1CC1)CC3,1,Oc1ccc2c(c1)[C@@]13CCCC[C@@]1(O)[C@@H](C2)N(CC1CC1)CC3,0.6733333333333333,True
72,C[C@H]1CN(CCCc2ccccc2)[C@@H]2C[C@@H](NC(=O)C3(c4cccc5ccccc45)CCCC3)C[C@@]1(c1cccc(O)c1)C2,1,C[C@H]1CN(CCCc2ccccc2)[C@@H]2C[C@@H](NC(=O)C3(c4cccc5ccccc45)CCCC3)C[C@@]1(c1cccc(O)c1)C2,0.9383333333333334,True
73,CO[C@]12CC[C@@]3(C[C@@H]1[C@@](C)(O)C(C)(C)C)[C@H]1Cc4c(Cl)cc(O)c5c4[C@@]3(CCN1CC1CC1)[C@H]2O5,1,CO[C@]12CC[C@@]3(C[C@@H]1[C@@](C)(O)C(C)(C)C)[C@H]1Cc4c(Cl)cc(O)c5c4[C@@]3(CCN1CC1CC1)[C@H]2O5,0.665,True
74,C[C@H]1C2Cc3ccc4[nH]nnc4c3[C@@]1(C)CCN2CC1CC1,1,C[C@H]1C2Cc3ccc4[nH]nnc4c3[C@@]1(C)CCN2CC1CC1,0.86,True
75,Oc1ccc2c3c1O[C@H]1c4ncc(-c5ccccc5)cc4C[C@@]4(OCCCc5ccncc5)[C@@H](C2)N(CC2CC2)CC[C@]314,1,Oc1ccc2c3c1O[C@H]1c4ncc(-c5ccccc5)cc4C[C@@]4(OCCCc5ccncc5)[C@@H](C2)N(CC2CC2)CC[C@]314,0.69,True
76,CC(C)[C@@H](CN1CCC(c2ccsc2)CC1)NC(=O)[C@H]1Cc2ccc(O)cc2CN1,1,CC(C)[C@@H](CN1CCC(c2ccsc2)CC1)NC(=O)[C@H]1Cc2ccc(O)cc2CN1,0.905,True
77,CO[C@]12CC[C@@]3(C[C@@H]1[C@@](C)(O)c1ccncc1)[C@H]1Cc4ccc(O)c5c4[C@@]3(CCN1CC1CC1)[C@H]2O5,1,CO[C@]12CC[C@@]3(C[C@@H]1[C@@](C)(O)c1ccncc1)[C@H]1Cc4ccc(O)c5c4[C@@]3(CCN1CC1CC1)[C@H]2O5,0.8216666666666667,True
78,COc1ccc2c3c1O[C@H]1[C@]4(OC)CC[C@@]5(C[C@@H]4CNC(=O)/C=C/c4ccc(C)cc4)[C@@H](C2)N(C)CC[C@]315,1,COc1ccc2c3c1O[C@H]1[C@]4(OC)CC[C@@]5(C[C@@H]4CNC(=O)/C=C/c4ccc(C)cc4)[C@@H](C2)N(C)CC[C@]315,0.8916666666666667,True
79,Cc1ccnc(N(C(=O)c2ccco2)C2CCN(CCc3ccccc3)CC2)c1,1,Cc1ccnc(N(C(=O)c2ccco2)C2CCN(CCc3ccccc3)CC2)c1,0.6366666666666667,True
80,Cc1cc(O)cc(C)c1C[C@H](N)C(=O)N1Cc2ccccc2C[C@H]1CNC(=O)NC12CC3CC(CC(C3)C1)C2,1,Cc1cc(O)cc(C)c1C[C@H](N)C(=O)N1Cc2ccccc2C[C@H]1CNC(=O)NC12CC3CC(CC(C3)C1)C2,0.8316666666666667,True
81,CC(C)C1CCC(N2CCC(N3c4ccccc4CN(CC(=O)OC(C)(C)C)S3(=O)=O)CC2)CC1,1,CC(C)C1CCC(N2CCC(N3c4ccccc4CN(CC(=O)OC(C)(C)C)S3(=O)=O)CC2)CC1,0.8533333333333334,True
82,Cc1cc(O)cc(C)c1C[C@H](N)C(=O)N1Cc2ccccc2C[C@H]1CNCC(C)(C)C,1,Cc1cc(O)cc(C)c1C[C@H](N)C(=O)N1Cc2ccccc2C[C@H]1CNCC(C)(C)C,0.8366666666666667,True
83,NC(=O)c1ccc(Oc2ccc(CCNCc3ccccc3)cc2)nc1,1,NC(=O)c1ccc(Oc2ccc(CCNCc3ccccc3)cc2)nc1,0.9833333333333333,True
84,CCc1cc(F)c2nc(N3CCC(NC4CCOCC4)CC3)c(-c3nc(C)no3)c(C)c2c1,1,CCc1cc(F)c2nc(N3CCC(NC4CCOCC4)CC3)c(-c3nc(C)no3)c(C)c2c1,0.6816666666666666,True
85,O=C(N[C@@]12CCC(=O)[C@@H]3Oc4c(O)ccc5c4[C@@]31CCN(CC1CC1)[C@@H]2C5)c1ccncc1,1,O=C(N[C@@]12CCC(=O)[C@@H]3Oc4c(O)ccc5c4[C@@]31CCN(CC1CC1)[C@@H]2C5)c1ccncc1,0.9333333333333333,True
86,NC(=O)c1ccc(Oc2ccc(CCNCCCc3ccccc3)cc2)nc1,1,NC(=O)c1ccc(Oc2ccc(CCNCCCc3ccccc3)cc2)nc1,0.9733333333333334,True
87,C[C@H]1CN(CCCc2ccccc2)CC[C@@]1(C)c1cccc(O)c1,1,C[C@H]1CN(CCCc2ccccc2)CC[C@@]1(C)c1cccc(O)c1,0.7466666666666667,True
88,COc1ccc2c3c1O[C@H]1C(=O)CC[C@@]4(NC(=O)CCCc5ccc(Cl)cc5)[C@@H](C2)N(CC2CC2)CC[C@]314,1,COc1ccc2c3c1O[C@H]1C(=O)CC[C@@]4(NC(=O)CCCc5ccc(Cl)cc5)[C@@H](C2)N(CC2CC2)CC[C@]314,0.9533333333333334,True
89,CC(C)C1CCC(N2CCC(N3c4ccccc4CN(CCNS(C)(=O)=O)S3(=O)=O)CC2)CC1,1,CC(C)C1CCC(N2CCC(N3c4ccccc4CN(CCNS(C)(=O)=O)S3(=O)=O)CC2)CC1,0.825,True
90,COC(=O)N(CCN1[C@@H]2CC[C@H]1C[C@@H](c1cccc(C(N)=O)c1)C2)CC1CCCCC1,1,COC(=O)N(CCN1[C@@H]2CC[C@H]1C[C@@H](c1cccc(C(N)=O)c1)C2)CC1CCCCC1,0.9916666666666667,True
91,CC(=O)OC[C@@H]1Cc2ccccc2CN1C(=O)[C@@H](N)Cc1c(C)cc(O)cc1C,1,CC(=O)OC[C@@H]1Cc2ccccc2CN1C(=O)[C@@H](N)Cc1c(C)cc(O)cc1C,0.8831337894336755,True
92,Oc1ccc2c3c1O[C@H]1c4ncc(-c5ccc(Cl)cc5)cc4C[C@@]4(OCCOc5ccccc5)[C@@H](C2)N(CC2CC2)CC[C@]314,1,Oc1ccc2c3c1O[C@H]1c4ncc(-c5ccc(Cl)cc5)cc4C[C@@]4(OCCOc5ccccc5)[C@@H](C2)N(CC2CC2)CC[C@]314,0.745,True
93,CCC(CC)CN(CCCCN1[C@@H]2CC[C@H]1C[C@@H](c1cccc(C(N)=O)c1)C2)C(=O)CO,1,CCC(CC)CN(CCCCN1[C@@H]2CC[C@H]1C[C@@H](c1cccc(C(N)=O)c1)C2)C(=O)CO,1.0,True
94,NC(=O)c1ccc(Oc2ccc(CCNCCc3ccccc3)cc2)nc1,1,NC(=O)c1ccc(Oc2ccc(CCNCCc3ccccc3)cc2)nc1,0.9616666666666667,True
95,C[C@H]1CN(CCCc2ccccc2)[C@@H]2C[C@@H](NC(=O)C3(c4ccsc4)CCCC3)C[C@@]1(c1cccc(O)c1)C2,1,C[C@H]1CN(CCCc2ccccc2)[C@@H]2C[C@@H](NC(=O)C3(c4ccsc4)CCCC3)C[C@@]1(c1cccc(O)c1)C2,0.9583333333333334,True
96,NC(=O)c1cccc([C@H]2C[C@H]3CC[C@@H](C2)N3CCN(CC2CCCCC2)C(=O)C(F)(F)F)c1,1,NC(=O)c1cccc([C@H]2C[C@H]3CC[C@@H](C2)N3CCN(CC2CCCCC2)C(=O)C(F)(F)F)c1,0.985,True
97,NC(=O)c1cccc([C@H]2C[C@H]3CC[C@@H](C2)N3CCNCC2CCCCC2)c1,1,NC(=O)c1cccc([C@H]2C[C@H]3CC[C@@H](C2)N3CCNCC2CCCCC2)c1,0.9716666666666667,True
98,O=C1CCC2=C([C@@H]3Oc4c(O)ccc5c4[C@@]34CCN(CC3CC3)[C@H](C5)[C@]4(O)C2)N1Cc1ccccc1,1,O=C1CCC2=C([C@@H]3Oc4c(O)ccc5c4[C@@]34CCN(CC3CC3)[C@H](C5)[C@]4(O)C2)N1Cc1ccccc1,0.9666666666666667,True
99,C=CCN1CC[C@@]2(CCCc3ccccc3)c3cc(O)ccc3O[C@H]2C1,1,C=CCN1CC[C@@]2(CCCc3ccccc3)c3cc(O)ccc3O[C@H]2C1,0.7433333333333333,True
100,NC(=O)c1cccc([C@H]2C[C@H]3CC[C@@H](C2)N3CCN(CC2CCCCC2)C(=O)CO)c1,1,NC(=O)c1cccc([C@H]2C[C@H]3CC[C@@H](C2)N3CCN(CC2CCCCC2)C(=O)CO)c1,1.0,True
101,CCC(C)[C@@H]1NC(=O)[C@H](CCCN=C(N)N)NC(=O)[C@@H](NC(=O)[C@H](Cc2ccccc2)NC(=O)CNC(=O)CNC(=O)[C@H](Cc2ccc(O)cc2)NCc2ccccc2)CC(=O)NC[C@@H](C(=O)N[C@@H](CCCN=C(N)N)C(=O)N2CCC[C@H]2C(=O)N[C@@H](CCCCN)C(N)=O)NC1=O,1,CCC(C)[C@@H]1NC(=O)[C@H](CCCN=C(N)N)NC(=O)[C@@H](NC(=O)[C@H](Cc2ccccc2)NC(=O)CNC(=O)CNC(=O)[C@H](Cc2ccc(O)cc2)NCc2ccccc2)CC(=O)NC[C@@H](C(=O)N[C@@H](CCCN=C(N)N)C(=O)N2CCC[C@H]2C(=O)N[C@@H](CCCCN)C(N)=O)NC1=O,0.705,True
102,C[C@H]1CN(C[C@H](Cc2ccccc2)C(=O)NCC(=O)O)CC[C@@]1(C)c1cccc(O)c1,1,C[C@H]1CN(C[C@H](Cc2ccccc2)C(=O)NCC(=O)O)CC[C@@]1(C)c1cccc(O)c1,0.93,True
103,C=CCN1CC[C@]23CCCC[C@H]2[C@H]1Cc1ccc(O)cc13,1,C=CCN1CC[C@]23CCCC[C@H]2[C@H]1Cc1ccc(O)cc13,0.645,True
104,CC1(C)CN2C(CS/C(N)=N\[C@H]3CC[C@H](CNC(=O)COCC(=O)NCCCCNC(=O)COCC(=O)N[C@@H]4CC[C@@]5(O)[C@H]6Cc7ccc(O)c8c7[C@@]5(CCN6CC5CC5)[C@H]4O8)CC3)=CSC2=N1,1,CC1(C)CN2C(CS/C(N)=N\[C@H]3CC[C@H](CNC(=O)COCC(=O)NCCCCNC(=O)COCC(=O)N[C@@H]4CC[C@@]5(O)[C@H]6Cc7ccc(O)c8c7[C@@]5(CCN6CC5CC5)[C@H]4O8)CC3)=CSC2=N1,0.82,True
105,O=C(/C=C/c1ccc(Cl)cc1)N[C@@]12CCC(=O)[C@@H]3Oc4c(O)ccc5c4[C@@]31CCN(CC1CC1)[C@@H]2C5,1,O=C(/C=C/c1ccc(Cl)cc1)N[C@@]12CCC(=O)[C@@H]3Oc4c(O)ccc5c4[C@@]31CCN(CC1CC1)[C@@H]2C5,0.9866666666666667,True
106,CCN1C(=O)N(C2CCN(C3CCC4CCCCC4C3)CC2)[C@@H]2CCCC[C@H]21,1,CCN1C(=O)N(C2CCN(C3CCC4CCCCC4C3)CC2)[C@@H]2CCCC[C@H]21,0.9183333333333333,True
107,NC(=O)c1cccc([C@H]2C[C@H]3CC[C@@H](C2)N3CCN(CC2CCC(F)(F)CC2)C(=O)CO)c1,1,NC(=O)c1cccc([C@H]2C[C@H]3CC[C@@H](C2)N3CCN(CC2CCC(F)(F)CC2)C(=O)CO)c1,0.9881799303322616,True
108,C[C@H]1CN(C[C@H](Cc2ccccc2)C(=O)NCC(=O)O)CC[C@H]1c1cccc(O)c1,1,C[C@H]1CN(C[C@H](Cc2ccccc2)C(=O)NCC(=O)O)CC[C@H]1c1cccc(O)c1,0.7846130346232179,True
109,CC1(C)CN2C(CS/C(=N/[C@H]3CC[C@H](CNC(=O)COCC(=O)NCCCCNC(=O)COCC(=O)N[C@@H]4CC[C@@]5(O)[C@H]6Cc7ccc(O)c8c7[C@@]5(CCN6CC5CC5)[C@H]4O8)CC3)NC3CCCCC3)=CSC2=N1,1,CC1(C)CN2C(CS/C(=N/[C@H]3CC[C@H](CNC(=O)COCC(=O)NCCCCNC(=O)COCC(=O)N[C@@H]4CC[C@@]5(O)[C@H]6Cc7ccc(O)c8c7[C@@]5(CCN6CC5CC5)[C@H]4O8)CC3)NC3CCCCC3)=CSC2=N1,0.8516666666666667,True
110,O=S1(=O)NCc2ccccc2N1C1CCN(C2CCCCCCC2)CC1,1,O=S1(=O)NCc2ccccc2N1C1CCN(C2CCCCCCC2)CC1,0.7783333333333333,True
111,CCN1C(=O)N(C2CCN(C3CCCCCCC3)CC2)[C@@H]2CCCC[C@H]21,1,CCN1C(=O)N(C2CCN(C3CCCCCCC3)CC2)[C@@H]2CCCC[C@H]21,0.905,True
112,O=C1CCC2=C([C@@H]3Oc4c(O)ccc5c4[C@@]34CCN(CC3CC3)[C@H](C5)[C@]4(O)C2)N1CC1CCCCC1,1,O=C1CCC2=C([C@@H]3Oc4c(O)ccc5c4[C@@]34CCN(CC3CC3)[C@H](C5)[C@]4(O)C2)N1CC1CCCCC1,0.9666666666666667,True
113,Cc1ccccc1C=CCN1C[C@H](C)[C@@]2(c3cccc(O)c3)C[C@H](NC(=O)C(C)(C)c3ccccc3)C[C@@H]1C2,1,Cc1ccccc1C=CCN1C[C@H](C)[C@@]2(c3cccc(O)c3)C[C@H](NC(=O)C(C)(C)c3ccccc3)C[C@@H]1C2,0.9466666666666667,True
114,NC(=O)c1ccc(CN2CCC(n3c(=O)[nH]c4ccccc43)CC2)cc1,1,NC(=O)c1ccc(CN2CCC(n3c(=O)[nH]c4ccccc43)CC2)cc1,0.7166666666666667,True
115,C[C@H](O)CN1CC[C@]23Cc4nc5ccccc5cc4C[C@@]2(O)[C@H]1Cc1ccc(O)cc13,1,C[C@H](O)CN1CC[C@]23Cc4nc5ccccc5cc4C[C@@]2(O)[C@H]1Cc1ccc(O)cc13,0.7666666666666667,True
116,COCCN(C(=O)COc1ccc(Cl)cc1)C1c2cc(OC)c(OC)cc2CCC1N(C)C,1,COCCN(C(=O)COc1ccc(Cl)cc1)C1c2cc(OC)c(OC)cc2CCC1N(C)C,0.8916666666666667,True
117,Cc1cc(O)cc(C)c1C[C@H](N)C(=O)N1Cc2ccccc2C[C@H]1COCc1ccccc1,1,Cc1cc(O)cc(C)c1C[C@H](N)C(=O)N1Cc2ccccc2C[C@H]1COCc1ccccc1,0.87,True
118,CC(C)(C)c1ccc(C(=O)N[C@@H]2CC[C@@]3(O)[C@H]4Cc5ccc(O)c6c5[C@@]3(CCN4CC3CC3)[C@H]2O6)cc1,1,CC(C)(C)c1ccc(C(=O)N[C@@H]2CC[C@@]3(O)[C@H]4Cc5ccc(O)c6c5[C@@]3(CCN4CC3CC3)[C@H]2O6)cc1,0.6816666666666666,True
119,C[C@H]1CN(CCCc2ccccc2)[C@@H]2C[C@@H](NC(=O)C3(c4ccccc4)CCC3)C[C@@]1(c1cccc(O)c1)C2,1,C[C@H]1CN(CCCc2ccccc2)[C@@H]2C[C@@H](NC(=O)C3(c4ccccc4)CCC3)C[C@@]1(c1cccc(O)c1)C2,0.9666666666666667,True
120,COCCN(C(=O)c1sccc1Cl)C1c2ccccc2C=CC1N1CCN(c2ccccc2)CC1,1,COCCN(C(=O)c1sccc1Cl)C1c2ccccc2C=CC1N1CCN(c2ccccc2)CC1,0.8683333333333333,True
121,CO[C@]12CC[C@@]3(C[C@@H]1[C@](C)(O)c1ccccc1)[C@H]1Cc4ccc(O)c5c4[C@@]3(CCN1CC1CC1)[C@H]2O5,1,CO[C@]12CC[C@@]3(C[C@@H]1[C@](C)(O)c1ccccc1)[C@H]1Cc4ccc(O)c5c4[C@@]3(CCN1CC1CC1)[C@H]2O5,0.7016666666666667,True
122,Cc1cc(O)cc(C)c1C[C@@H](C(=O)N1Cc2ccccc2C[C@H]1C(=O)OC1=C2O[C@H]3[C@@H](O)C=C[C@H]4[C@H]5CC(C=C1)C2[C@]43CCN5C)N(C)C,1,Cc1cc(O)cc(C)c1C[C@@H](C(=O)N1Cc2ccccc2C[C@H]1C(=O)OC1=C2O[C@H]3[C@@H](O)C=C[C@H]4[C@H]5CC(C=C1)C2[C@]43CCN5C)N(C)C,0.8933333333333333,True
123,CCC1C(=O)N(C2CCN(C(C)CC(c3ccccc3)c3ccccc3)CC2)c2ccccc21,1,CCC1C(=O)N(C2CCN(C(C)CC(c3ccccc3)c3ccccc3)CC2)c2ccccc21,0.6383333333333333,True
124,O=S1(=O)NCc2ccccc2N1C1CCN(C2Cc3ccccc3C2)CC1,1,O=S1(=O)NCc2ccccc2N1C1CCN(C2Cc3ccccc3C2)CC1,0.8333333333333334,True
125,CN1CC[C@]2(C)c3cc(O)ccc3C[C@H]1C2(C)CCC(=O)CCC1CCCC1,1,CN1CC[C@]2(C)c3cc(O)ccc3C[C@H]1C2(C)CCC(=O)CCC1CCCC1,0.6998015194681861,True
126,COc1ccc2c3c1O[C@H]1C(=O)CC[C@@]4(NC(=O)CCc5ccc(Cl)cc5)[C@@H](C2)N(CC2CC2)CC[C@]314,1,COc1ccc2c3c1O[C@H]1C(=O)CC[C@@]4(NC(=O)CCc5ccc(Cl)cc5)[C@@H](C2)N(CC2CC2)CC[C@]314,0.9033333333333333,True
127,CC(=O)N(CCN1[C@@H]2CC[C@H]1C[C@@H](c1cccc(C(N)=O)c1)C2)CC1CCCCC1,1,CC(=O)N(CCN1[C@@H]2CC[C@H]1C[C@@H](c1cccc(C(N)=O)c1)C2)CC1CCCCC1,0.9933333333333333,True
128,COc1ccc2c3c1O[C@H]1C(=O)CC[C@@]4(NCCCc5ccc(Cl)cc5)[C@@H](C2)N(CC2CC2)CC[C@]314,1,COc1ccc2c3c1O[C@H]1C(=O)CC[C@@]4(NCCCc5ccc(Cl)cc5)[C@@H](C2)N(CC2CC2)CC[C@]314,0.9233333333333333,True
129,c1ccc(CCN2CCC(Nc3ccccc3)CC2)cc1,1,c1ccc(CCN2CCC(Nc3ccccc3)CC2)cc1,0.6433333333333333,True
130,NC(=O)c1ccc2c3c1O[C@H]1C(=O)CC[C@@]4(O)[C@@H](C2)N(CC2CC2)CC[C@]314,1,NC(=O)c1ccc2c3c1O[C@H]1C(=O)CC[C@@]4(O)[C@@H](C2)N(CC2CC2)CC[C@]314,0.9583333333333334,True
131,NC(=O)c1cccc([C@H]2C[C@H]3CC[C@@H](C2)N3CCN(CCCc2ccccc2)C(=O)CO)c1,1,NC(=O)c1cccc([C@H]2C[C@H]3CC[C@@H](C2)N3CCN(CCCc2ccccc2)C(=O)CO)c1,0.9833333333333333,True
132,CC(C)C1CCC(N2CCC(N3c4ccccc4NS3(=O)=O)CC2)CC1,1,CC(C)C1CCC(N2CCC(N3c4ccccc4NS3(=O)=O)CC2)CC1,0.9266666666666666,True
133,O=C1CC[C@@]2(NCCCCc3ccc(Cl)cc3)[C@H]3Cc4ccc(O)c5c4[C@@]2(CCN3CC2CC2)[C@H]1O5,1,O=C1CC[C@@]2(NCCCCc3ccc(Cl)cc3)[C@H]3Cc4ccc(O)c5c4[C@@]2(CCN3CC2CC2)[C@H]1O5,0.935,True
134,COc1ccc2c3c1O[C@H]1C(=O)CC[C@@]4(NCC/C=C/c5ccc(Cl)cc5)[C@@H](C2)N(CC2CC2)CC[C@]314,1,COc1ccc2c3c1O[C@H]1C(=O)CC[C@@]4(NCC/C=C/c5ccc(Cl)cc5)[C@@H](C2)N(CC2CC2)CC[C@]314,0.9483333333333334,True
135,O=C1N[C@@H]2CCCC[C@H]2N1C1CCN(C2CCC3CCCCC3C2)CC1,1,O=C1N[C@@H]2CCCC[C@H]2N1C1CCN(C2CCC3CCCCC3C2)CC1,0.9633333333333334,True
136,COc1ccc2c3c1O[C@H]1C(=O)CC[C@@]4(NC(=O)/C=C/Cc5ccc(Cl)cc5)[C@@H](C2)N(CC2CC2)CC[C@]314,1,COc1ccc2c3c1O[C@H]1C(=O)CC[C@@]4(NC(=O)/C=C/Cc5ccc(Cl)cc5)[C@@H](C2)N(CC2CC2)CC[C@]314,0.9683333333333334,True
137,O=C1CCC2=C([C@@H]3Oc4c(O)ccc5c4[C@@]34CCN(CC3CC3)[C@H](C5)[C@]4(O)C2)N1Cc1cccc(F)c1,1,O=C1CCC2=C([C@@H]3Oc4c(O)ccc5c4[C@@]34CCN(CC3CC3)[C@H](C5)[C@]4(O)C2)N1Cc1cccc(F)c1,0.925,True
138,CC[C@]1(c2cccc(C(N)=O)c2)[C@@H]2CN(CC3(O)Cc4ccccc4C3)C[C@@H]21,1,CC[C@]1(c2cccc(C(N)=O)c2)[C@@H]2CN(CC3(O)Cc4ccccc4C3)C[C@@H]21,0.8108197556008147,True
139,NC(=O)c1ccc(Oc2ccc(CNCCc3ccccc3)cc2)nc1,1,NC(=O)c1ccc(Oc2ccc(CNCCc3ccccc3)cc2)nc1,0.9833333333333333,True
140,Oc1ccc2c(c1)[C@]13CCC[C@H](C1)N(CCc1ccccc1)C[C@H]3O2,1,Oc1ccc2c(c1)[C@]13CCC[C@H](C1)N(CCc1ccccc1)C[C@H]3O2,0.66,True
141,Oc1ccc2c3c1O[C@H]1c4oc5ccccc5c4C[C@@]4(O)[C@@H](C2)N(CC2CC2)CC[C@]314,1,Oc1ccc2c3c1O[C@H]1c4oc5ccccc5c4C[C@@]4(O)[C@@H](C2)N(CC2CC2)CC[C@]314,0.9016666666666666,True
142,C[C@H]1C2Cc3ccc(C(N)=O)c(N)c3[C@@]1(C)CCN2CC1CC1,1,C[C@H]1C2Cc3ccc(C(N)=O)c(N)c3[C@@]1(C)CCN2CC1CC1,0.7445960624575696,True
143,NC(=O)c1ccc2c(c1)[C@@]13CCCC[C@@]1(O)[C@@H](C2)N(CC1CCC1)CC3,1,NC(=O)c1ccc2c(c1)[C@@]13CCCC[C@@]1(O)[C@@H](C2)N(CC1CCC1)CC3,0.7177976609986569,True
144,Oc1ccc2c(c1)[C@]1(CCCc3ccccc3)CCN(CC3CC3)C[C@@H]1O2,1,Oc1ccc2c(c1)[C@]1(CCCc3ccccc3)CCN(CC3CC3)C[C@@H]1O2,0.6983333333333334,True
145,CC(C)NC(=O)N(CCN1[C@@H]2CC[C@H]1C[C@@H](c1cccc(C(N)=O)c1)C2)CC1CCCCC1,1,CC(C)NC(=O)N(CCN1[C@@H]2CC[C@H]1C[C@@H](c1cccc(C(N)=O)c1)C2)CC1CCCCC1,0.9983333333333333,True
146,CCC(CC)CN(CCCCCCN1[C@@H]2CC[C@H]1C[C@@H](c1cccc(C(N)=O)c1)C2)C(=O)CO,1,CCC(CC)CN(CCCCCCN1[C@@H]2CC[C@H]1C[C@@H](c1cccc(C(N)=O)c1)C2)C(=O)CO,1.0,True
147,COc1ccc2c3c1O[C@H]1C(=O)CC[C@@]4(O)[C@@H](C2)N(CC2CC2)CC[C@]314,1,COc1ccc2c3c1O[C@H]1C(=O)CC[C@@]4(O)[C@@H](C2)N(CC2CC2)CC[C@]314,0.905,True
148,C[C@H]1C2Cc3ccc4c(=O)[nH]cnc4c3[C@@]1(C)CCN2CC1CC1,1,C[C@H]1C2Cc3ccc4c(=O)[nH]cnc4c3[C@@]1(C)CCN2CC1CC1,0.8016666666666666,True
149,NC(=O)c1ccc2c(c1O)[C@]13CCN(CC4CC4)[C@H](C2)[C@]1(O)Cc1c([nH]c2ccccc12)C3,1,NC(=O)c1ccc2c(c1O)[C@]13CCN(CC4CC4)[C@H](C2)[C@]1(O)Cc1c([nH]c2ccccc12)C3,0.8070209693350205,True
150,O=C(CCCc1ccc(Cl)cc1)N[C@@]12CCC(=O)[C@@H]3Oc4c(O)ccc5c4[C@@]31CCN(CC1CC1)[C@@H]2C5,1,O=C(CCCc1ccc(Cl)cc1)N[C@@]12CCC(=O)[C@@H]3Oc4c(O)ccc5c4[C@@]31CCN(CC1CC1)[C@@H]2C5,0.93,True
151,CC(C)[C@@H](CN1CCC(c2cccc(O)c2)CC1)NC(=O)[C@H]1Cc2ccc(O)cc2CN1,1,CC(C)[C@@H](CN1CCC(c2cccc(O)c2)CC1)NC(=O)[C@H]1Cc2ccc(O)cc2CN1,0.9766666666666667,True
152,O=C1N[C@@H]2CCCC[C@H]2N1C1CCN(C2CCCCCCC2)CC1,1,O=C1N[C@@H]2CCCC[C@H]2N1C1CCN(C2CCCCCCC2)CC1,0.9733333333333334,True
153,C=CCN1CC[C@]23c4c5ccc(O)c4O[C@H]2/C(=N/NC(=O)c2ccccc2)CC[C@@]3(O)[C@H]1C5,1,C=CCN1CC[C@]23c4c5ccc(O)c4O[C@H]2/C(=N/NC(=O)c2ccccc2)CC[C@@]3(O)[C@H]1C5,0.8983333333333333,True
154,COC(=O)N1CC[C@]23c4c5ccc(O)c4O[C@H]2[C@@H](O)C=C[C@H]3[C@H]1C5,1,COC(=O)N1CC[C@]23c4c5ccc(O)c4O[C@H]2[C@@H](O)C=C[C@H]3[C@H]1C5,0.7433333333333333,True
155,O=C(NC1CCC2(O)C3Cc4ccc(O)c5c4C2(CCN3CC2CC2)C1O5)c1ccncc1F,1,O=C(NC1CCC2(O)C3Cc4ccc(O)c5c4C2(CCN3CC2CC2)C1O5)c1ccncc1F,0.6316666666666667,True
156,NC(=O)c1ccc2c3c1O[C@H]1CCC[C@@]4(O)[C@@H](C2)N(CC2CC2)CC[C@]314,1,NC(=O)c1ccc2c3c1O[C@H]1CCC[C@@]4(O)[C@@H](C2)N(CC2CC2)CC[C@]314,0.9022943028841504,True
157,C[C@H]1CN(CCC(=O)O)CC[C@@]1(C)c1cccc(O)c1,1,C[C@H]1CN(CCC(=O)O)CC[C@@]1(C)c1cccc(O)c1,0.8466666666666667,True
158,CCCC1CCC(N2CCC(N3C(=O)N[C@@H]4CCCC[C@H]43)CC2)CC1,1,CCCC1CCC(N2CCC(N3C(=O)N[C@@H]4CCCC[C@H]43)CC2)CC1,0.935,True
159,CCC(CC)CN(CCN1[C@@H]2CC[C@H]1C[C@@H](c1cccc(C(N)=O)c1)C2)C(=O)CO,1,CCC(CC)CN(CCN1[C@@H]2CC[C@H]1C[C@@H](c1cccc(C(N)=O)c1)C2)C(=O)CO,1.0,True
160,O=C(N[C@@]12CCC(=O)[C@@H]3Oc4c(O)ccc5c4[C@@]31CCN(CC1CC1)[C@@H]2C5)c1ccccn1,1,O=C(N[C@@]12CCC(=O)[C@@H]3Oc4c(O)ccc5c4[C@@]31CCN(CC1CC1)[C@@H]2C5)c1ccccn1,0.8166666666666667,True
161,CCN1C(=O)N(C2CCN(CC3CCCCCCC3)CC2)[C@@H]2CCCC[C@H]21,1,CCN1C(=O)N(C2CCN(CC3CCCCCCC3)CC2)[C@@H]2CCCC[C@H]21,0.795,True
162,CC(C)CCC(C)N1CCC(N2C(=O)N[C@@H]3CCCC[C@H]32)CC1,1,CC(C)CCC(C)N1CCC(N2C(=O)N[C@@H]3CCCC[C@H]32)CC1,0.8216666666666667,True
163,CCCCOc1cccc2c1C13CCN(CC4CC4)[C@H](C2)[C@]1(OC)CCC(=O)C3,1,CCCCOc1cccc2c1C13CCN(CC4CC4)[C@H](C2)[C@]1(OC)CCC(=O)C3,0.6733333333333333,True
164,CC(C)C1CCC(N2CCC(N3c4ccccc4CNS3(=O)=O)CC2)CC1,1,CC(C)C1CCC(N2CCC(N3c4ccccc4CNS3(=O)=O)CC2)CC1,0.8666666666666667,True
165,Fc1cc(-c2cccc(-c3nc[nH]n3)c2)cc(F)c1CNC1Cc2ccccc2C1,1,Fc1cc(-c2cccc(-c3nc[nH]n3)c2)cc(F)c1CNC1Cc2ccccc2C1,0.7666666666666667,True
166,Cc1ccc(/C=C/C(=O)N[C@@]23CCC(=O)[C@@H]4Oc5c(O)ccc6c5[C@@]42CCN(C)[C@@H]3C6)cc1,1,Cc1ccc(/C=C/C(=O)N[C@@]23CCC(=O)[C@@H]4Oc5c(O)ccc6c5[C@@]42CCN(C)[C@@H]3C6)cc1,0.8333333333333334,True
167,NC(=O)c1ccc2c3c1O[C@H]1[C@@H](O)CC[C@@]4(O)[C@@H](C2)N(CC2CCC2)CC[C@]314,1,NC(=O)c1ccc2c3c1O[C@H]1[C@@H](O)CC[C@@]4(O)[C@@H](C2)N(CC2CCC2)CC[C@]314,0.8409186940139737,True
168,CN1CC[C@]23c4c5ccc(OCCN6CCOCC6)c4O[C@H]2[C@@H](O)C=C[C@H]3[C@H]1C5,1,CN1CC[C@]23c4c5ccc(OCCN6CCOCC6)c4O[C@H]2[C@@H](O)C=C[C@H]3[C@H]1C5,0.665,True
169,COc1ccc2c3c1O[C@H]1C(=O)CC[C@@]4(NC/C=C/Cc5ccc(Cl)cc5)[C@@H](C2)N(CC2CC2)CC[C@]314,1,COc1ccc2c3c1O[C@H]1C(=O)CC[C@@]4(NC/C=C/Cc5ccc(Cl)cc5)[C@@H](C2)N(CC2CC2)CC[C@]314,0.94,True
170,O=S1(=O)Nc2ccccc2N1C1CCN(C2CCC3CCCCC3C2)CC1,1,O=S1(=O)Nc2ccccc2N1C1CCN(C2CCC3CCCCC3C2)CC1,0.8066666666666666,True
171,CCC(CC)(C(=O)N[C@@H]1C[C@@H]2C[C@](c3cccc(O)c3)(C1)[C@@H](C)CN2CCCc1ccccc1)c1ccccc1,1,CCC(CC)(C(=O)N[C@@H]1C[C@@H]2C[C@](c3cccc(O)c3)(C1)[C@@H](C)CN2CCCc1ccccc1)c1ccccc1,0.7966666666666666,True
172,CCN1C(=O)N(C2CCN(C3CCC(C(C)C)CC3)CC2)[C@@H]2CCCC[C@H]21,1,CCN1C(=O)N(C2CCN(C3CCC(C(C)C)CC3)CC2)[C@@H]2CCCC[C@H]21,0.9283333333333333,True
173,CCC1C(=O)N(C2CCN(CCCCc3ccc(-c4ccccc4)cc3)CC2)c2ccccc21,1,CCC1C(=O)N(C2CCN(CCCCc3ccc(-c4ccccc4)cc3)CC2)c2ccccc21,0.6422358149204463,True
174,Cc1cc(O)cc(C)c1C[C@H](N)C(=O)N1Cc2ccccc2C[C@H]1CO,1,Cc1cc(O)cc(C)c1C[C@H](N)C(=O)N1Cc2ccccc2C[C@H]1CO,0.8733333333333333,True
175,O=C(N[C@@H]1CC[C@@]2(O)[C@H]3Cc4ccc(O)c5c4[C@@]2(CCN3CC2CC2)[C@H]1O5)c1ccc2ccccc2c1,1,O=C(N[C@@H]1CC[C@@]2(O)[C@H]3Cc4ccc(O)c5c4[C@@]2(CCN3CC2CC2)[C@H]1O5)c1ccc2ccccc2c1,0.6616666666666666,True
176,NC(=O)c1cccc([C@H]2C[C@H]3CC[C@@H](C2)N3CCN(CC2CCC2)C(=O)CO)c1,1,NC(=O)c1cccc([C@H]2C[C@H]3CC[C@@H](C2)N3CCN(CC2CCC2)C(=O)CO)c1,0.9901514469234678,True
177,O=C(CCCCCCCCC(=O)Oc1ccc2c3c1O[C@H]1[C@H](O)CC[C@@]4(O)[C@@H](C2)N(CC2CCC2)CC[C@]314)Oc1ccc2c(c1)[C@@]13CCCCC1[C@@H](C2)N(CC1CCC1)CC3,1,O=C(CCCCCCCCC(=O)Oc1ccc2c3c1O[C@H]1[C@H](O)CC[C@@]4(O)[C@@H](C2)N(CC2CCC2)CC[C@]314)Oc1ccc2c(c1)[C@@]13CCCCC1[C@@H](C2)N(CC1CCC1)CC3,0.6283333333333333,True
178,C=C1CC[C@@]2(O)[C@H]3Cc4ccc(O)c5c4[C@@]2(CCN3CC2CC2)[C@H]1O5,1,C=C1CC[C@@]2(O)[C@H]3Cc4ccc(O)c5c4[C@@]2(CCN3CC2CC2)[C@H]1O5,0.9316666666666666,True
179,O=C1CC[C@@]2(O)[C@H]3Cc4ccc(O)c5c4[C@@]2(CCN3CC2CC2)[C@H]1O5,1,O=C1CC[C@@]2(O)[C@H]3Cc4ccc(O)c5c4[C@@]2(CCN3CC2CC2)[C@H]1O5,0.9716666666666667,True
180,Cc1ccccc1/C=C/CN1C[C@H](C)[C@@]2(c3cccc(O)c3)C[C@H](NC(=O)C3(c4ccccc4)CCCC3)C[C@@H]1C2,1,Cc1ccccc1/C=C/CN1C[C@H](C)[C@@]2(c3cccc(O)c3)C[C@H](NC(=O)C3(c4ccccc4)CCCC3)C[C@@H]1C2,0.9683333333333334,True
181,CS(=O)(=O)N(CCN1[C@@H]2CC[C@H]1C[C@@H](c1cccc(C(N)=O)c1)C2)CC1CCCCC1,1,CS(=O)(=O)N(CCN1[C@@H]2CC[C@H]1C[C@@H](c1cccc(C(N)=O)c1)C2)CC1CCCCC1,0.9916666666666667,True
182,Oc1ccc2c(c1)[C@]13CCN(Cc4ccco4)[C@H](C2)[C@]1(O)Cc1cc2ccccc2nc1C3,1,Oc1ccc2c(c1)[C@]13CCN(Cc4ccco4)[C@H](C2)[C@]1(O)Cc1cc2ccccc2nc1C3,0.7766666666666666,True
183,COCCN(C(=O)Cc1ccc(Cl)cc1)C1c2cc(OC)c(OC)cc2CCC1N(C)C,1,COCCN(C(=O)Cc1ccc(Cl)cc1)C1c2cc(OC)c(OC)cc2CCC1N(C)C,0.9016666666666666,True
184,O=C(c1ccc2c(c1)OCO2)N(c1ccccc1)C1CCN(CCc2ccccc2)CC1,1,O=C(c1ccc2c(c1)OCO2)N(c1ccccc1)C1CCN(CCc2ccccc2)CC1,0.6366666666666667,True
185,Oc1ccc2c3c1O[C@H]1c4ncc(-c5ccc(Cl)cc5)cc4C[C@@]4(OCCCc5ccncc5)[C@@H](C2)N(CC2CC2)CC[C@]314,1,Oc1ccc2c3c1O[C@H]1c4ncc(-c5ccc(Cl)cc5)cc4C[C@@]4(OCCCc5ccncc5)[C@@H](C2)N(CC2CC2)CC[C@]314,0.7833333333333333,True
186,CO[C@]12CC[C@@]3(C[C@@H]1[C@@](C)(O)c1ccccn1)[C@H]1Cc4ccc(O)c5c4[C@@]3(CCN1CC1CC1)[C@H]2O5,1,CO[C@]12CC[C@@]3(C[C@@H]1[C@@](C)(O)c1ccccn1)[C@H]1Cc4ccc(O)c5c4[C@@]3(CCN1CC1CC1)[C@H]2O5,0.8116666666666666,True
187,O=C(CCC(=O)Oc1ccc2c(c1)[C@@]13CCCC[C@H]1[C@@H](C2)N(CC1CC1)CC3)Oc1ccc2c(c1)[C@@]13CCCC[C@H]1[C@@H](C2)N(CC1CC1)CC3,1,O=C(CCC(=O)Oc1ccc2c(c1)[C@@]13CCCC[C@H]1[C@@H](C2)N(CC1CC1)CC3)Oc1ccc2c(c1)[C@@]13CCCC[C@H]1[C@@H](C2)N(CC1CC1)CC3,0.6116666666666667,True
188,OCC1(N2CCC(n3c(-c4ccc(F)c(Cl)c4)nc4ccccc43)CC2)CCCCC1,1,OCC1(N2CCC(n3c(-c4ccc(F)c(Cl)c4)nc4ccccc43)CC2)CCCCC1,0.5586693192667371,True
189,Cc1cc(O)cc(C)c1C[C@H](N)C(=O)N1Cc2ccccc2C[C@H]1C(=O)NCCN(CCNC(=O)[C@@H]1Cc2ccccc2CN1C(=O)[C@@H](N)Cc1c(C)cc(O)cc1C)CCNC(=O)[C@@H]1Cc2ccccc2CN1C(=O)[C@@H](N)Cc1c(C)cc(O)cc1C,1,Cc1cc(O)cc(C)c1C[C@H](N)C(=O)N1Cc2ccccc2C[C@H]1C(=O)NCCN(CCNC(=O)[C@@H]1Cc2ccccc2CN1C(=O)[C@@H](N)Cc1c(C)cc(O)cc1C)CCNC(=O)[C@@H]1Cc2ccccc2CN1C(=O)[C@@H](N)Cc1c(C)cc(O)cc1C,0.7833333333333333,True
190,Cc1cc(O)cc(C)c1C[C@@H](C(=O)N1Cc2ccccc2C[C@H]1C(=O)NCCC(=O)OC1=C2O[C@H]3[C@@H](O)C=C[C@H]4[C@H]5CC(C=C1)C2[C@]43CCN5C)N(C)C,1,Cc1cc(O)cc(C)c1C[C@@H](C(=O)N1Cc2ccccc2C[C@H]1C(=O)NCCC(=O)OC1=C2O[C@H]3[C@@H](O)C=C[C@H]4[C@H]5CC(C=C1)C2[C@]43CCN5C)N(C)C,0.89,True
191,Cc1cc(O)cc(C)c1C[C@H](N)C(=O)N1Cc2ccccc2C[C@H]1CNC(=O)NC(C)(C)C,1,Cc1cc(O)cc(C)c1C[C@H](N)C(=O)N1Cc2ccccc2C[C@H]1CNC(=O)NC(C)(C)C,0.8116666666666666,True
192,Oc1ccc2c3c1O[C@H]1c4[nH]c5ccccc5c4C[C@@]4(O)[C@@H](C2)N(CC2CC2)CC[C@]314,1,Oc1ccc2c3c1O[C@H]1c4[nH]c5ccccc5c4C[C@@]4(O)[C@@H](C2)N(CC2CC2)CC[C@]314,0.84,True
193,CO[C@]12CC[C@@]3(C[C@@H]1[C@](C)(O)c1ccsc1)[C@H]1Cc4ccc(O)c5c4[C@@]3(CCN1CC1CC1)[C@H]2O5,1,CO[C@]12CC[C@@]3(C[C@@H]1[C@](C)(O)c1ccsc1)[C@H]1Cc4ccc(O)c5c4[C@@]3(CCN1CC1CC1)[C@H]2O5,0.77,True
194,CCCCCCN(CCN1[C@@H]2CC[C@H]1C[C@@H](c1cccc(C(N)=O)c1)C2)C(=O)CO,1,CCCCCCN(CCN1[C@@H]2CC[C@H]1C[C@@H](c1cccc(C(N)=O)c1)C2)C(=O)CO,0.995,True
195,O=C1CC[C@@]2(NC/C=C/Cc3ccc(Cl)cc3)[C@H]3Cc4ccc(O)c5c4[C@@]2(CCN3CC2CC2)[C@H]1O5,1,O=C1CC[C@@]2(NC/C=C/Cc3ccc(Cl)cc3)[C@H]3Cc4ccc(O)c5c4[C@@]2(CCN3CC2CC2)[C@H]1O5,0.9516666666666667,True
196,COC(=O)CN1Cc2ccccc2N(C2CCN(C3CCC(C(C)C)CC3)CC2)S1(=O)=O,1,COC(=O)CN1Cc2ccccc2N(C2CCN(C3CCC(C(C)C)CC3)CC2)S1(=O)=O,0.8383333333333334,True
197,O=C(O[C@@]12CCC(=O)[C@@H]3Oc4c(O)ccc5c4[C@@]31CCN(CC1CC1)[C@@H]2C5)c1ccccn1,1,O=C(O[C@@]12CCC(=O)[C@@H]3Oc4c(O)ccc5c4[C@@]31CCN(CC1CC1)[C@@H]2C5)c1ccccn1,0.9166666666666666,True
198,COc1ccc2c3c1O[C@H]1C(=O)CC[C@@]4(NC(=O)C/C=C/c5ccc(Cl)cc5)[C@@H](C2)N(CC2CC2)CC[C@]314,1,COc1ccc2c3c1O[C@H]1C(=O)CC[C@@]4(NC(=O)C/C=C/c5ccc(Cl)cc5)[C@@H](C2)N(CC2CC2)CC[C@]314,0.9533333333333334,True
199,O=C1CCC2=C([C@@H]3Oc4c(O)ccc5c4[C@@]34CCN(CC3CC3)[C@H](C5)[C@]4(O)C2)N1CCc1ccccc1,1,O=C1CCC2=C([C@@H]3Oc4c(O)ccc5c4[C@@]34CCN(CC3CC3)[C@H](C5)[C@]4(O)C2)N1CCc1ccccc1,0.9216666666666666,True
200,CC(C)[C@@H](CN1CCC(c2cccc(F)c2)CC1)NC(=O)[C@H]1Cc2ccc(O)cc2CN1,1,CC(C)[C@@H](CN1CCC(c2cccc(F)c2)CC1)NC(=O)[C@H]1Cc2ccc(O)cc2CN1,0.9533333333333334,True
201,COCCN(C(=O)Cc1ccc(Cl)cc1)C1c2ccccc2C=CC1N1CCN(c2ccccc2)CC1,1,COCCN(C(=O)Cc1ccc(Cl)cc1)C1c2ccccc2C=CC1N1CCN(c2ccccc2)CC1,0.92,True
202,COCCN(C(=O)Cc1cccc(OC)c1)C1c2ccccc2C=CC1N1CCN(c2ccccc2)CC1,1,COCCN(C(=O)Cc1cccc(OC)c1)C1c2ccccc2C=CC1N1CCN(c2ccccc2)CC1,0.915,True
203,O=C(C/C=C/c1ccc(Cl)cc1)N[C@@]12CCC(=O)[C@@H]3Oc4c(O)ccc5c4[C@@]31CCN(CC1CC1)[C@@H]2C5,1,O=C(C/C=C/c1ccc(Cl)cc1)N[C@@]12CCC(=O)[C@@H]3Oc4c(O)ccc5c4[C@@]31CCN(CC1CC1)[C@@H]2C5,0.96,True
204,C[C@@H](O)[C@H](NC(=O)[C@H]1NC(=O)[C@H]([C@@H](C)O)NC(=O)[C@H](CCCN)NC(=O)[C@@H](Cc2c[nH]c3ccccc23)NC(=O)[C@H](Cc2ccc(O)cc2)NC(=O)[C@@H](NC(=O)[C@H](N)Cc2ccccc2)CSSC1(C)C)C(N)=O,1,C[C@@H](O)[C@H](NC(=O)[C@H]1NC(=O)[C@H]([C@@H](C)O)NC(=O)[C@H](CCCN)NC(=O)[C@@H](Cc2c[nH]c3ccccc23)NC(=O)[C@H](Cc2ccc(O)cc2)NC(=O)[C@@H](NC(=O)[C@H](N)Cc2ccccc2)CSSC1(C)C)C(N)=O,0.8866666666666667,True
205,CC[C@]1(c2cccc(NS(C)(=O)=O)c2)[C@@H]2CN(CC3(O)Cc4ccccc4C3)C[C@@H]21,1,CC[C@]1(c2cccc(NS(C)(=O)=O)c2)[C@@H]2CN(CC3(O)Cc4ccccc4C3)C[C@@H]21,0.8333333333333334,True
206,Oc1ccc2c3c1O[C@H]1c4ncc(-c5ccc(Cl)cc5)cc4C[C@@]4(OCc5ccc6ccccc6n5)[C@@H](C2)N(CC2CC2)CC[C@]314,1,Oc1ccc2c3c1O[C@H]1c4ncc(-c5ccc(Cl)cc5)cc4C[C@@]4(OCc5ccc6ccccc6n5)[C@@H](C2)N(CC2CC2)CC[C@]314,0.7516666666666667,True
207,CCN1CC[C@]23Cc4nc5ccccc5cc4C[C@@]2(O)[C@H]1Cc1ccc(O)cc13,1,CCN1CC[C@]23Cc4nc5ccccc5cc4C[C@@]2(O)[C@H]1Cc1ccc(O)cc13,0.7283333333333334,True
208,CCC(CC)CN(CCCN1[C@@H]2CC[C@H]1C[C@@H](c1cccc(C(N)=O)c1)C2)C(=O)CO,1,CCC(CC)CN(CCCN1[C@@H]2CC[C@H]1C[C@@H](c1cccc(C(N)=O)c1)C2)C(=O)CO,1.0,True
209,CO[C@@]12CC[C@@]3(C[C@@H]1CNC(=O)/C=C/c1ccc(C)cc1)[C@H]1Cc4ccc(O)c5c4[C@@]3(CCN1C)[C@H]2O5,1,CO[C@@]12CC[C@@]3(C[C@@H]1CNC(=O)/C=C/c1ccc(C)cc1)[C@H]1Cc4ccc(O)c5c4[C@@]3(CCN1C)[C@H]2O5,0.8366666666666667,True
210,CS(=O)(=O)CC(=O)N(CCN1[C@@H]2CC[C@H]1C[C@@H](c1cccc(C(N)=O)c1)C2)CC1CCCCC1,1,CS(=O)(=O)CC(=O)N(CCN1[C@@H]2CC[C@H]1C[C@@H](c1cccc(C(N)=O)c1)C2)CC1CCCCC1,0.9983333333333333,True
211,Cc1ccc(CCC(=O)N[C@@]23CCC(=O)[C@@H]4Oc5c(O)ccc6c5[C@@]42CCN(C)[C@@H]3C6)cc1,1,Cc1ccc(CCC(=O)N[C@@]23CCC(=O)[C@@H]4Oc5c(O)ccc6c5[C@@]42CCN(C)[C@@H]3C6)cc1,0.8016666666666666,True
212,C=CCN1CC[C@]23c4c5ccc(O)c4O[C@H]2[C@@H](O)C=C[C@H]3[C@H]1C5,1,C=CCN1CC[C@]23c4c5ccc(O)c4O[C@H]2[C@@H](O)C=C[C@H]3[C@H]1C5,0.77,True
213,CC(C)(C)C(=O)N(CCN1[C@@H]2CC[C@H]1C[C@@H](c1cccc(C(N)=O)c1)C2)CC1CCCCC1,1,CC(C)(C)C(=O)N(CCN1[C@@H]2CC[C@H]1C[C@@H](c1cccc(C(N)=O)c1)C2)CC1CCCCC1,0.99,True
214,NC(=O)c1cccc([C@H]2C[C@H]3CC[C@@H](C2)N3CCN(CCc2ccccc2)C(=O)CO)c1,1,NC(=O)c1cccc([C@H]2C[C@H]3CC[C@@H](C2)N3CCN(CCc2ccccc2)C(=O)CO)c1,0.9883333333333333,True
215,O=C(N[C@@]12CCC(=O)[C@@H]3Oc4c(O)ccc5c4[C@@]31CCN(CC1CC1)[C@@H]2C5)c1cc2ccccc2cn1,1,O=C(N[C@@]12CCC(=O)[C@@H]3Oc4c(O)ccc5c4[C@@]31CCN(CC1CC1)[C@@H]2C5)c1cc2ccccc2cn1,0.805,True
216,C[C@H]1CN(C/C=C/c2ccccc2)[C@@H]2C[C@@H](NC(=O)C(C)(C)c3ccccc3)C[C@@]1(c1cccc(O)c1)C2,1,C[C@H]1CN(C/C=C/c2ccccc2)[C@@H]2C[C@@H](NC(=O)C(C)(C)c3ccccc3)C[C@@]1(c1cccc(O)c1)C2,0.9166666666666666,True
217,CCOc1ccc(C(=O)N2CCCC2)cc1CNC(=O)[C@@H](N)Cc1c(C)cc(O)cc1C,1,CCOc1ccc(C(=O)N2CCCC2)cc1CNC(=O)[C@@H](N)Cc1c(C)cc(O)cc1C,0.625,True
218,COC(=O)C1(NC(=O)C2=C(O)[C@@H]3Oc4c(O)ccc5c4[C@@]34CCN(CC3CC3)[C@H](C5)[C@]4(O)C2)CC1,1,COC(=O)C1(NC(=O)C2=C(O)[C@@H]3Oc4c(O)ccc5c4[C@@]34CCN(CC3CC3)[C@H](C5)[C@]4(O)C2)CC1,0.9083333333333333,True
219,CN(C)S(=O)(=O)N(CCN1[C@@H]2CC[C@H]1C[C@@H](c1cccc(C(N)=O)c1)C2)CC1CCCCC1,1,CN(C)S(=O)(=O)N(CCN1[C@@H]2CC[C@H]1C[C@@H](c1cccc(C(N)=O)c1)C2)CC1CCCCC1,0.9833333333333333,True
220,C=CCN1CC[C@]23c4c5ccc(O)c4O[C@H]2C2=C(CCC(=O)N2CCc2ccccc2)C[C@@]3(O)[C@H]1C5,1,C=CCN1CC[C@]23c4c5ccc(O)c4O[C@H]2C2=C(CCC(=O)N2CCc2ccccc2)C[C@@]3(O)[C@H]1C5,0.9083333333333333,True
221,CC(C)[C@@H](CN1CCC(c2ccccc2)CC1)NC(=O)[C@H]1Cc2ccc(O)cc2CN1,1,CC(C)[C@@H](CN1CCC(c2ccccc2)CC1)NC(=O)[C@H]1Cc2ccc(O)cc2CN1,0.9383333333333334,True
222,O=C(/C=C/c1ccccc1)O[C@@]12CCC(=O)[C@@H]3Oc4c(O)ccc5c4[C@@]31CCN(CC1CC1)[C@@H]2C5,1,O=C(/C=C/c1ccccc1)O[C@@]12CCC(=O)[C@@H]3Oc4c(O)ccc5c4[C@@]31CCN(CC1CC1)[C@@H]2C5,0.9716666666666667,True
223,CCC(CC)CN(CCCCCN1[C@@H]2CC[C@H]1C[C@@H](c1cccc(C(N)=O)c1)C2)C(=O)CO,1,CCC(CC)CN(CCCCCN1[C@@H]2CC[C@H]1C[C@@H](c1cccc(C(N)=O)c1)C2)C(=O)CO,1.0,True
224,NC(=O)c1cccc([C@H]2C[C@H]3CC[C@@H](C2)N3CCN(CC2CCCCC2)C(=O)c2ccco2)c1,1,NC(=O)c1cccc([C@H]2C[C@H]3CC[C@@H](C2)N3CCN(CC2CCCCC2)C(=O)c2ccco2)c1,0.985,True
225,Cc1ccc(C(=O)N[C@@H]2CC[C@@]3(O)[C@H]4Cc5ccc(O)c6c5[C@@]3(CCN4CC3CC3)[C@H]2O6)cc1,1,Cc1ccc(C(=O)N[C@@H]2CC[C@@]3(O)[C@H]4Cc5ccc(O)c6c5[C@@]3(CCN4CC3CC3)[C@H]2O6)cc1,0.6666666666666666,True
226,C=CCN1CC[C@@]23c4c5ccc(O)c4OCO[C@]46CC[C@@]2(O[C@H](C(=O)N4Cc2ccccc2)[C@H]63)[C@H]1C5,1,C=CCN1CC[C@@]23c4c5ccc(O)c4OCO[C@]46CC[C@@]2(O[C@H](C(=O)N4Cc2ccccc2)[C@H]63)[C@H]1C5,0.7862932790224032,True
227,O=C1CC[C@@]2(NCC/C=C/c3ccc(Cl)cc3)[C@H]3Cc4ccc(O)c5c4[C@@]2(CCN3CC2CC2)[C@H]1O5,1,O=C1CC[C@@]2(NCC/C=C/c3ccc(Cl)cc3)[C@H]3Cc4ccc(O)c5c4[C@@]2(CCN3CC2CC2)[C@H]1O5,0.9533333333333334,True
228,Cc1cc(O)cc(C)c1C[C@H](N)[C@@H](O)C/C=C/[C@@H](O)[C@@H](Cc1ccccc1)C(=O)NCCc1ccccc1,0,Cc1cc(O)cc(C)c1C[C@H](N)[C@@H](O)C/C=C/[C@@H](O)[C@@H](Cc1ccccc1)C(=O)NCCc1ccccc1,0.0,True
229,Cc1cc(O)cc(C)c1C[C@H](N)[C@@H](O)C/C=C/[C@@H](O)[C@H](Cc1ccccc1)C(=O)NCCc1ccccc1,0,Cc1cc(O)cc(C)c1C[C@H](N)[C@@H](O)C/C=C/[C@@H](O)[C@H](Cc1ccccc1)C(=O)NCCc1ccccc1,0.0,True
230,Cc1cc(O)cc(C)c1C[C@H](N)[C@H](O)C/C=C/[C@H](O)[C@@H](Cc1ccccc1)C(=O)NCCc1ccccc1,0,Cc1cc(O)cc(C)c1C[C@H](N)[C@H](O)C/C=C/[C@H](O)[C@@H](Cc1ccccc1)C(=O)NCCc1ccccc1,0.0,True
231,Cc1cc(O)cc(C)c1C[C@H](N)[C@@H](O)C/C=C/[C@H](O)[C@@H](Cc1ccccc1)C(=O)NCCc1ccccc1,0,Cc1cc(O)cc(C)c1C[C@H](N)[C@@H](O)C/C=C/[C@H](O)[C@@H](Cc1ccccc1)C(=O)NCCc1ccccc1,0.0,True
232,Cc1cc(O)cc(C)c1C[C@H](N)[C@H](O)C/C=C/[C@@H](O)[C@@H](Cc1ccccc1)C(=O)NCCc1ccccc1,0,Cc1cc(O)cc(C)c1C[C@H](N)[C@H](O)C/C=C/[C@@H](O)[C@@H](Cc1ccccc1)C(=O)NCCc1ccccc1,0.0,True
233,Cc1cc(O)cc(C)c1C[C@H](N)[C@H](O)C/C=C/[C@@H](O)[C@@H](Cc1ccccc1)C(=O)N[C@@H](Cc1ccccc1)C(N)=O,0,Cc1cc(O)cc(C)c1C[C@H](N)[C@H](O)C/C=C/[C@@H](O)[C@@H](Cc1ccccc1)C(=O)N[C@@H](Cc1ccccc1)C(N)=O,0.0,True
234,Cc1cc(O)cc(C)c1C[C@H](N)[C@@H](O)C/C=C/[C@@H](O)[C@H](Cc1ccccc1)C(=O)N[C@@H](Cc1ccccc1)C(N)=O,0,Cc1cc(O)cc(C)c1C[C@H](N)[C@@H](O)C/C=C/[C@@H](O)[C@H](Cc1ccccc1)C(=O)N[C@@H](Cc1ccccc1)C(N)=O,0.0,True
235,Cc1cc(O)cc(C)c1C[C@H](N)[C@H](O)C/C=C/[C@H](O)[C@@H](Cc1ccccc1)C(=O)N[C@@H](Cc1ccccc1)C(N)=O,0,Cc1cc(O)cc(C)c1C[C@H](N)[C@H](O)C/C=C/[C@H](O)[C@@H](Cc1ccccc1)C(=O)N[C@@H](Cc1ccccc1)C(N)=O,0.0,True
236,Cc1cc(O)cc(C)c1C[C@H](N)[C@@H](O)C/C=C/[C@H](O)[C@@H](Cc1ccccc1)C(=O)N[C@@H](Cc1ccccc1)C(N)=O,0,Cc1cc(O)cc(C)c1C[C@H](N)[C@@H](O)C/C=C/[C@H](O)[C@@H](Cc1ccccc1)C(=O)N[C@@H](Cc1ccccc1)C(N)=O,0.0,True
237,Cc1cc(O)cc(C)c1C[C@H](N)[C@@H](O)C/C=C/[C@@H](O)[C@@H](Cc1ccccc1)C(=O)N[C@@H](Cc1ccccc1)C(N)=O,0,Cc1cc(O)cc(C)c1C[C@H](N)[C@@H](O)C/C=C/[C@@H](O)[C@@H](Cc1ccccc1)C(=O)N[C@@H](Cc1ccccc1)C(N)=O,0.0,True
238,CCC[C@@](C)(O)[C@@H]1CC23C=C[C@]1(OC)[C@H]1Oc4c(O)ccc5c4C12CCN(C)C3C5,0,CCC[C@@](C)(O)[C@@H]1CC23C=C[C@]1(OC)[C@H]1Oc4c(O)ccc5c4C12CCN(C)C3C5,0.0,True
239,CCC[C@](C)(O)[C@@H]1CC23C=C[C@]1(OC)[C@H]1Oc4c(O)ccc5c4C12CCN(C)C3C5,0,CCC[C@](C)(O)[C@@H]1CC23C=C[C@]1(OC)[C@H]1Oc4c(O)ccc5c4C12CCN(C)C3C5,0.0,True
240,CCC[C@@](C)(O)[C@H]1C[C@@]23C=C[C@]1(OC)[C@@H]1Oc4c(O)ccc5c4[C@@]12CCN(C)[C@@H]3C5,0,CCC[C@@](C)(O)[C@H]1C[C@@]23C=C[C@]1(OC)[C@@H]1Oc4c(O)ccc5c4[C@@]12CCN(C)[C@@H]3C5,0.0,True
241,C[C@H]1[C@H]2Cc3ccc(C(=O)NCCc4ccc(-c5ccccc5)cc4)cc3[C@]1(C)CCN2CC1CC1,0,C[C@H]1[C@H]2Cc3ccc(C(=O)NCCc4ccc(-c5ccccc5)cc4)cc3[C@]1(C)CCN2CC1CC1,0.5007892285667238,True
242,CCC(=O)C(CC(C)N(C)C)(c1ccccc1)c1ccccc1,0,CCC(=O)C(CC(C)N(C)C)(c1ccccc1)c1ccccc1,0.005,True
243,CCC(=O)C(C[C@@H](C)N(C)C)(c1ccccc1)c1ccccc1,0,CCC(=O)C(C[C@@H](C)N(C)C)(c1ccccc1)c1ccccc1,0.005,True
245,O=C(N[C@H]1CC[C@@]2(O)[C@H]3Cc4ccc(O)c5c4[C@@]2(CCN3CC2CC2)[C@H]1O5)c1ccncc1,0,O=C(N[C@H]1CC[C@@]2(O)[C@H]3Cc4ccc(O)c5c4[C@@]2(CCN3CC2CC2)[C@H]1O5)c1ccncc1,0.005,True
246,O=C(N[C@@H]1CC[C@@]2(O)[C@H]3Cc4ccc(O)c5c4[C@@]2(CCN3CC2CC2)[C@H]1O5)c1ccncc1,0,O=C(N[C@@H]1CC[C@@]2(O)[C@H]3Cc4ccc(O)c5c4[C@@]2(CCN3CC2CC2)[C@H]1O5)c1ccncc1,0.005,True
247,O=C1Cc2ccccc2N1C1CCN(C2CCC3CCCc4cccc2c43)CC1,0,O=C1Cc2ccccc2N1C1CCN(C2CCC3CCCc4cccc2c43)CC1,0.0033333333333333335,True
248,O=C1Cc2ccccc2N1C1CCN([C@H]2CC[C@@H]3CCCc4cccc2c43)CC1,0,O=C1Cc2ccccc2N1C1CCN([C@H]2CC[C@@H]3CCCc4cccc2c43)CC1,0.0033333333333333335,True
249,O=C1Cc2ccccc2N1C1CCN([C@@H]2CC[C@@H]3CCCc4cccc2c43)CC1,0,O=C1Cc2ccccc2N1C1CCN([C@@H]2CC[C@@H]3CCCc4cccc2c43)CC1,0.0033333333333333335,True
250,O=C(N[C@H]1CC[C@@]2(O)[C@H]3Cc4ccc(O)c5c4[C@@]2(CCN3CC2CC2)[C@H]1O5)c1cnc2ccccc2c1,0,O=C(N[C@H]1CC[C@@]2(O)[C@H]3Cc4ccc(O)c5c4[C@@]2(CCN3CC2CC2)[C@H]1O5)c1cnc2ccccc2c1,0.025,True
251,O=C(N[C@@H]1CC[C@@]2(O)[C@H]3Cc4ccc(O)c5c4[C@@]2(CCN3CC2CC2)[C@H]1O5)c1cnc2ccccc2c1,0,O=C(N[C@@H]1CC[C@@]2(O)[C@H]3Cc4ccc(O)c5c4[C@@]2(CCN3CC2CC2)[C@H]1O5)c1cnc2ccccc2c1,0.025,True
252,COCCNC1c2ccccc2CCC1c1ccsc1,0,COCCNC1c2ccccc2CCC1c1ccsc1,0.028333333333333332,True
253,COCCN[C@@H]1c2ccccc2CC[C@H]1c1ccsc1,0,COCCN[C@@H]1c2ccccc2CC[C@H]1c1ccsc1,0.028333333333333332,True
254,CCCC[C@@H](NC(=O)[C@@H](N)Cc1ccc(O)cc1)C(=O)NCC(=O)N[C@H](Cc1c[nH]c2ccccc12)C(=O)N(C)[C@@H](CCCC)C(=O)N[C@@H](CC(=O)O)C(=O)N[C@@H](Cc1ccccc1)C(N)=O,0,CCCC[C@@H](NC(=O)[C@@H](N)Cc1ccc(O)cc1)C(=O)NCC(=O)N[C@H](Cc1c[nH]c2ccccc12)C(=O)N(C)[C@@H](CCCC)C(=O)N[C@@H](CC(=O)O)C(=O)N[C@@H](Cc1ccccc1)C(N)=O,0.0,True
255,CCCC[C@@H](NC(=O)[C@@H](N)Cc1ccc(O)cc1)C(=O)NCC(=O)N[C@@H](Cc1c[nH]c2ccccc12)C(=O)N(C)[C@@H](CCCC)C(=O)N[C@@H](CC(=O)O)C(=O)N[C@@H](Cc1ccccc1)C(N)=O,0,CCCC[C@@H](NC(=O)[C@@H](N)Cc1ccc(O)cc1)C(=O)NCC(=O)N[C@@H](Cc1c[nH]c2ccccc12)C(=O)N(C)[C@@H](CCCC)C(=O)N[C@@H](CC(=O)O)C(=O)N[C@@H](Cc1ccccc1)C(N)=O,0.0,True
256,COc1ccc2c(c1)[C@]13CCCC[C@@H]1[C@H](C2)N(C)CC3,0,COc1ccc2c(c1)[C@]13CCCC[C@@H]1[C@H](C2)N(C)CC3,0.0,True
257,COc1ccc2c(c1)[C@@]13CCCC[C@H]1[C@@H](C2)N(C)CC3,0,COc1ccc2c(c1)[C@@]13CCCC[C@H]1[C@@H](C2)N(C)CC3,0.0,True
258,CC1[C@@H]2Cc3ccc(O)cc3[C@]1(C)CCN2CC1CC1,0,CC1[C@@H]2Cc3ccc(O)cc3[C@]1(C)CCN2CC1CC1,0.008333333333333333,True
259,C[C@H]1[C@H]2Cc3ccc(O)cc3[C@]1(C)CCN2CC1CC1,0,C[C@H]1[C@H]2Cc3ccc(O)cc3[C@]1(C)CCN2CC1CC1,0.008333333333333333,True
260,CCCC[C@H](NC(=O)[C@@H](Cc1c[nH]c2ccccc12)NC(=O)CNC(=O)[C@@H](Cc1ccccc1)NC(=O)[C@@H](N)Cc1ccc(O)cc1)C(=O)N[C@@H](CC(=O)O)C(=O)N[C@@H](Cc1ccccc1)C(N)=O,0,CCCC[C@H](NC(=O)[C@@H](Cc1c[nH]c2ccccc12)NC(=O)CNC(=O)[C@@H](Cc1ccccc1)NC(=O)[C@@H](N)Cc1ccc(O)cc1)C(=O)N[C@@H](CC(=O)O)C(=O)N[C@@H](Cc1ccccc1)C(N)=O,0.0,True
261,CCCC[C@H](NC(=O)[C@H](Cc1c[nH]c2ccccc12)NC(=O)CNC(=O)[C@@H](Cc1ccccc1)NC(=O)[C@@H](N)Cc1ccc(O)cc1)C(=O)N[C@@H](CC(=O)O)C(=O)N[C@@H](Cc1ccccc1)C(N)=O,0,CCCC[C@H](NC(=O)[C@H](Cc1c[nH]c2ccccc12)NC(=O)CNC(=O)[C@@H](Cc1ccccc1)NC(=O)[C@@H](N)Cc1ccc(O)cc1)C(=O)N[C@@H](CC(=O)O)C(=O)N[C@@H](Cc1ccccc1)C(N)=O,0.0,True
262,O=C(N[C@H]1CC[C@@]2(O)[C@H]3Cc4ccc(O)c5c4[C@@]2(CCN3CC2CC2)[C@H]1O5)c1c[nH]c2ncccc12,0,O=C(N[C@H]1CC[C@@]2(O)[C@H]3Cc4ccc(O)c5c4[C@@]2(CCN3CC2CC2)[C@H]1O5)c1c[nH]c2ncccc12,0.013333333333333334,True
263,O=C(N[C@@H]1CC[C@@]2(O)[C@H]3Cc4ccc(O)c5c4[C@@]2(CCN3CC2CC2)[C@H]1O5)c1c[nH]c2ncccc12,0,O=C(N[C@@H]1CC[C@@]2(O)[C@H]3Cc4ccc(O)c5c4[C@@]2(CCN3CC2CC2)[C@H]1O5)c1c[nH]c2ncccc12,0.013333333333333334,True
264,O=C(N[C@@H]1CC[C@@]2(O)[C@H]3Cc4ccc(O)c5c4[C@@]2(CCN3CC2CC2)[C@H]1O5)c1c[nH]c2cccnc12,0,O=C(N[C@@H]1CC[C@@]2(O)[C@H]3Cc4ccc(O)c5c4[C@@]2(CCN3CC2CC2)[C@H]1O5)c1c[nH]c2cccnc12,0.006666666666666667,True
265,O=C(N[C@H]1CC[C@@]2(O)[C@H]3Cc4ccc(O)c5c4[C@@]2(CCN3CC2CC2)[C@H]1O5)c1c[nH]c2cccnc12,0,O=C(N[C@H]1CC[C@@]2(O)[C@H]3Cc4ccc(O)c5c4[C@@]2(CCN3CC2CC2)[C@H]1O5)c1c[nH]c2cccnc12,0.006666666666666667,True
266,CCC(=O)N(c1ccccc1)C1CCN(CCc2ccccc2)CC1,0,CCC(=O)N(c1ccccc1)C1CCN(CCc2ccccc2)CC1,0.0,True
267,CCCC[C@H](NC(=O)[C@@H](Cc1c[nH]c2ccccc12)NC(=O)CNC(=O)[C@@H](CCCC)NC(=O)[C@@H](N)Cc1ccc(O)cc1)C(=O)N[C@@H](CC(=O)O)C(=O)N[C@@H](Cc1ccccc1)C(N)=O,0,CCCC[C@H](NC(=O)[C@@H](Cc1c[nH]c2ccccc12)NC(=O)CNC(=O)[C@@H](CCCC)NC(=O)[C@@H](N)Cc1ccc(O)cc1)C(=O)N[C@@H](CC(=O)O)C(=O)N[C@@H](Cc1ccccc1)C(N)=O,0.0,True
268,CCCC[C@H](NC(=O)[C@H](Cc1c[nH]c2ccccc12)NC(=O)CNC(=O)[C@@H](CCCC)NC(=O)[C@@H](N)Cc1ccc(O)cc1)C(=O)N[C@@H](CC(=O)O)C(=O)N[C@@H](Cc1ccccc1)C(N)=O,0,CCCC[C@H](NC(=O)[C@H](Cc1c[nH]c2ccccc12)NC(=O)CNC(=O)[C@@H](CCCC)NC(=O)[C@@H](N)Cc1ccc(O)cc1)C(=O)N[C@@H](CC(=O)O)C(=O)N[C@@H](Cc1ccccc1)C(N)=O,0.0,True
269,C[C@@H]1[C@@H]2Cc3ccc(C(N)=O)cc3[C@@]1(C)CCN2C[C@H]1CCCO1,0,C[C@@H]1[C@@H]2Cc3ccc(C(N)=O)cc3[C@@]1(C)CCN2C[C@H]1CCCO1,0.01,True
270,C[C@@H]1[C@@H]2Cc3ccc(C(N)=O)cc3[C@@]1(C)CCN2C[C@@H]1CCCO1,0,C[C@@H]1[C@@H]2Cc3ccc(C(N)=O)cc3[C@@]1(C)CCN2C[C@@H]1CCCO1,0.01,True
271,CC1C2Cc3ccc(C(N)=O)cc3C1(C)CCN2CC1CC1,0,CC1C2Cc3ccc(C(N)=O)cc3C1(C)CCN2CC1CC1,0.016009811937857724,True
272,C[C@H]1C2Cc3ccc(C(N)=O)cc3[C@@]1(C)CCN2CC1CC1,0,C[C@H]1C2Cc3ccc(C(N)=O)cc3[C@@]1(C)CCN2CC1CC1,0.016009811937857724,True
273,CC(c1ccc(Br)cc1)N1CCC(n2c(=O)[nH]c3ccccc32)CC1,0,CC(c1ccc(Br)cc1)N1CCC(n2c(=O)[nH]c3ccccc32)CC1,0.0016666666666666668,True
274,C[C@@H](NC(=O)[C@@H](N)Cc1ccc(O)cc1)C(=O)NCC(=O)N[C@@H](Cc1ccccc1)C(=O)NCCC(=O)N(c1ccccc1)C1CCN(CCc2ccccc2)CC1,0,C[C@@H](NC(=O)[C@@H](N)Cc1ccc(O)cc1)C(=O)NCC(=O)N[C@@H](Cc1ccccc1)C(=O)NCCC(=O)N(c1ccccc1)C1CCN(CCc2ccccc2)CC1,0.0,True
275,CCC1C(=O)N(C2CCN([C@H]3CC[C@@H]4CCCc5cccc3c54)CC2)c2ccccc21,0,CCC1C(=O)N(C2CCN([C@H]3CC[C@@H]4CCCc5cccc3c54)CC2)c2ccccc21,0.011666666666666667,True
276,CCC1C(=O)N(C2CCN([C@@H]3CC[C@@H]4CCCc5cccc3c54)CC2)c2ccccc21,0,CCC1C(=O)N(C2CCN([C@@H]3CC[C@@H]4CCCc5cccc3c54)CC2)c2ccccc21,0.011666666666666667,True
277,CN(C)CC1CCCCC1(O)c1cccc(O)c1,0,CN(C)CC1CCCCC1(O)c1cccc(O)c1,0.008333333333333333,True
278,CN(C)C[C@H]1CCCC[C@]1(O)c1cccc(O)c1,0,CN(C)C[C@H]1CCCC[C@]1(O)c1cccc(O)c1,0.008333333333333333,True
279,COCC(=O)N(c1ccccc1)C1CCN(CCc2ccccc2)CC1,0,COCC(=O)N(c1ccccc1)C1CCN(CCc2ccccc2)CC1,0.011666666666666667,True
280,O=C(CCCCCCCCC(=O)Oc1ccc2c(c1)[C@]13CCCCC1[C@H](C2)N(CC1CCC1)CC3)Oc1ccc2c(c1)[C@@]13CCCCC1[C@@H](C2)N(CC1CCC1)CC3,0,O=C(CCCCCCCCC(=O)Oc1ccc2c(c1)[C@]13CCCCC1[C@H](C2)N(CC1CCC1)CC3)Oc1ccc2c(c1)[C@@]13CCCCC1[C@@H](C2)N(CC1CCC1)CC3,0.0,True
281,O=C(CCCCCCCCC(=O)Oc1ccc2c(c1)[C@@]13CCCC[C@H]1[C@@H](C2)N(CC1CCC1)CC3)Oc1ccc2c(c1)[C@@]13CCCC[C@H]1[C@@H](C2)N(CC1CCC1)CC3,0,O=C(CCCCCCCCC(=O)Oc1ccc2c(c1)[C@@]13CCCC[C@H]1[C@@H](C2)N(CC1CCC1)CC3)Oc1ccc2c(c1)[C@@]13CCCC[C@H]1[C@@H](C2)N(CC1CCC1)CC3,0.0,True
282,CCCC[C@H](NC(=O)[C@H](Cc1c[nH]c2ccccc12)NC(=O)CNC(=O)[C@@H](C)NC(=O)[C@@H](N)Cc1ccc(O)cc1)C(=O)N[C@@H](CC(=O)O)C(=O)N[C@@H](Cc1ccccc1)C(N)=O,0,CCCC[C@H](NC(=O)[C@H](Cc1c[nH]c2ccccc12)NC(=O)CNC(=O)[C@@H](C)NC(=O)[C@@H](N)Cc1ccc(O)cc1)C(=O)N[C@@H](CC(=O)O)C(=O)N[C@@H](Cc1ccccc1)C(N)=O,0.0,True
283,CCCC[C@H](NC(=O)[C@@H](Cc1c[nH]c2ccccc12)NC(=O)CNC(=O)[C@@H](C)NC(=O)[C@@H](N)Cc1ccc(O)cc1)C(=O)N[C@@H](CC(=O)O)C(=O)N[C@@H](Cc1ccccc1)C(N)=O,0,CCCC[C@H](NC(=O)[C@@H](Cc1c[nH]c2ccccc12)NC(=O)CNC(=O)[C@@H](C)NC(=O)[C@@H](N)Cc1ccc(O)cc1)C(=O)N[C@@H](CC(=O)O)C(=O)N[C@@H](Cc1ccccc1)C(N)=O,0.0,True
284,COc1cccc(C2(O)CCCCC2CN(C)C)c1,0,COc1cccc(C2(O)CCCCC2CN(C)C)c1,0.008333333333333333,True
285,COc1cccc([C@@]2(O)CCCC[C@@H]2CN(C)C)c1,0,COc1cccc([C@@]2(O)CCCC[C@@H]2CN(C)C)c1,0.008333333333333333,True
286,CCCC[C@@H](C(=O)N[C@@H](CC(=O)O)C(=O)N[C@@H](Cc1ccccc1)C(N)=O)N(C)C(=O)[C@H](Cc1c[nH]c2ccccc12)NC(=O)CNC(=O)[C@@H](Cc1ccccc1)NC(=O)[C@@H](N)Cc1ccc(O)cc1,0,CCCC[C@@H](C(=O)N[C@@H](CC(=O)O)C(=O)N[C@@H](Cc1ccccc1)C(N)=O)N(C)C(=O)[C@H](Cc1c[nH]c2ccccc12)NC(=O)CNC(=O)[C@@H](Cc1ccccc1)NC(=O)[C@@H](N)Cc1ccc(O)cc1,0.0,True
287,CCCC[C@@H](C(=O)N[C@@H](CC(=O)O)C(=O)N[C@@H](Cc1ccccc1)C(N)=O)N(C)C(=O)[C@@H](Cc1c[nH]c2ccccc12)NC(=O)CNC(=O)[C@@H](Cc1ccccc1)NC(=O)[C@@H](N)Cc1ccc(O)cc1,0,CCCC[C@@H](C(=O)N[C@@H](CC(=O)O)C(=O)N[C@@H](Cc1ccccc1)C(N)=O)N(C)C(=O)[C@@H](Cc1c[nH]c2ccccc12)NC(=O)CNC(=O)[C@@H](Cc1ccccc1)NC(=O)[C@@H](N)Cc1ccc(O)cc1,0.0,True
288,O=C(N[C@H]1CC[C@@]2(O)[C@H]3Cc4ccc(O)c5c4[C@@]2(CCN3CC2CC2)[C@H]1O5)c1cccnc1,0,O=C(N[C@H]1CC[C@@]2(O)[C@H]3Cc4ccc(O)c5c4[C@@]2(CCN3CC2CC2)[C@H]1O5)c1cccnc1,0.015,True
289,O=C(N[C@@H]1CC[C@@]2(O)[C@H]3Cc4ccc(O)c5c4[C@@]2(CCN3CC2CC2)[C@H]1O5)c1cccnc1,0,O=C(N[C@@H]1CC[C@@]2(O)[C@H]3Cc4ccc(O)c5c4[C@@]2(CCN3CC2CC2)[C@H]1O5)c1cccnc1,0.015,True
290,CC[C@]12CCN(C[C@H](O)c3ccccc3)C[C@H]1Oc1ccc(O)cc12,0,CC[C@]12CCN(C[C@H](O)c3ccccc3)C[C@H]1Oc1ccc(O)cc12,0.016666666666666666,True
291,CC[C@]12CCN(C[C@@H](O)c3ccccc3)C[C@H]1Oc1ccc(O)cc12,0,CC[C@]12CCN(C[C@@H](O)c3ccccc3)C[C@H]1Oc1ccc(O)cc12,0.016666666666666666,True
292,N[C@@H](Cc1ccc(O)cc1)C(=O)N[C@@H]1C/C=C/C[C@H](C(=O)O)NC(=O)[C@H](Cc2ccccc2)NC(=O)CNC1=O,0,N[C@@H](Cc1ccc(O)cc1)C(=O)N[C@@H]1C/C=C/C[C@H](C(=O)O)NC(=O)[C@H](Cc2ccccc2)NC(=O)CNC1=O,0.005,True
293,N[C@@H](Cc1ccc(O)cc1)C(=O)N[C@@H]1C/C=C\C[C@H](C(=O)O)NC(=O)[C@H](Cc2ccccc2)NC(=O)CNC1=O,0,N[C@@H](Cc1ccc(O)cc1)C(=O)N[C@@H]1C/C=C\C[C@H](C(=O)O)NC(=O)[C@H](Cc2ccccc2)NC(=O)CNC1=O,0.005,True
294,CCO[C@@H](C)[C@@H]1CC23C=C[C@]1(OC)[C@H]1Oc4c(O)ccc5c4C12CCN(C)C3C5,0,CCO[C@@H](C)[C@@H]1CC23C=C[C@]1(OC)[C@H]1Oc4c(O)ccc5c4C12CCN(C)C3C5,0.0033333333333333335,True
295,CCO[C@H](C)[C@@H]1C[C@@]23C=C[C@]1(OC)[C@H]1Oc4c(O)ccc5c4C12CCN(C)[C@@H]3C5,0,CCO[C@H](C)[C@@H]1C[C@@]23C=C[C@]1(OC)[C@H]1Oc4c(O)ccc5c4C12CCN(C)[C@@H]3C5,0.0033333333333333335,True
296,O=C(N[C@@H]1CC[C@@]2(O)[C@H]3Cc4ccc(O)c5c4[C@@]2(CCN3CC2CC2)[C@H]1O5)c1n[nH]c2ccccc12,0,O=C(N[C@@H]1CC[C@@]2(O)[C@H]3Cc4ccc(O)c5c4[C@@]2(CCN3CC2CC2)[C@H]1O5)c1n[nH]c2ccccc12,0.016666666666666666,True
297,O=C(N[C@H]1CC[C@@]2(O)[C@H]3Cc4ccc(O)c5c4[C@@]2(CCN3CC2CC2)[C@H]1O5)c1n[nH]c2ccccc12,0,O=C(N[C@H]1CC[C@@]2(O)[C@H]3Cc4ccc(O)c5c4[C@@]2(CCN3CC2CC2)[C@H]1O5)c1n[nH]c2ccccc12,0.016666666666666666,True
298,O=C(N[C@H]1CC[C@@]2(O)[C@H]3Cc4ccc(O)c5c4[C@@]2(CCN3CC2CC2)[C@H]1O5)c1ccc2ccccc2n1,0,O=C(N[C@H]1CC[C@@]2(O)[C@H]3Cc4ccc(O)c5c4[C@@]2(CCN3CC2CC2)[C@H]1O5)c1ccc2ccccc2n1,0.03166666666666667,True
299,O=C(N[C@@H]1CC[C@@]2(O)[C@H]3Cc4ccc(O)c5c4[C@@]2(CCN3CC2CC2)[C@H]1O5)c1ccc2ccccc2n1,0,O=C(N[C@@H]1CC[C@@]2(O)[C@H]3Cc4ccc(O)c5c4[C@@]2(CCN3CC2CC2)[C@H]1O5)c1ccc2ccccc2n1,0.03166666666666667,True
300,CCCC[C@H](NC(=O)[C@H](CC(=O)O)NC(=O)[C@H](Cc1ccccc1)NN[C@@H](Cc1ccccc1)C(=O)NCC(=O)N[C@H](C)C(=O)N[C@@H](Cc1ccc(O)cc1)C(=O)O)C(=O)N[C@H](Cc1cn(C(=O)OC(C)(C)C)c2ccccc12)C(=O)O,0,CCCC[C@H](NC(=O)[C@H](CC(=O)O)NC(=O)[C@H](Cc1ccccc1)NN[C@@H](Cc1ccccc1)C(=O)NCC(=O)N[C@H](C)C(=O)N[C@@H](Cc1ccc(O)cc1)C(=O)O)C(=O)N[C@H](Cc1cn(C(=O)OC(C)(C)C)c2ccccc12)C(=O)O,0.0016666666666666668,True
301,CCCC[C@H](NC(=O)[C@H](CC(=O)O)NC(=O)[C@H](Cc1ccccc1)NN[C@@H](Cc1ccccc1)C(=O)NCC(=O)N[C@H](C)C(=O)N[C@@H](Cc1ccc(O)cc1)C(=O)O)C(=O)N[C@@H](Cc1cn(C(=O)OC(C)(C)C)c2ccccc12)C(=O)O,0,CCCC[C@H](NC(=O)[C@H](CC(=O)O)NC(=O)[C@H](Cc1ccccc1)NN[C@@H](Cc1ccccc1)C(=O)NCC(=O)N[C@H](C)C(=O)N[C@@H](Cc1ccc(O)cc1)C(=O)O)C(=O)N[C@@H](Cc1cn(C(=O)OC(C)(C)C)c2ccccc12)C(=O)O,0.0016666666666666668,True
302,CO[C@]12CC[C@@]3(C[C@@H]1[C@H](O)c1ccccc1)[C@H]1Cc4ccc(O)c5c4[C@@]3(CCN1CC1CC1)[C@H]2O5,0,CO[C@]12CC[C@@]3(C[C@@H]1[C@H](O)c1ccccc1)[C@H]1Cc4ccc(O)c5c4[C@@]3(CCN1CC1CC1)[C@H]2O5,0.051666666666666666,True
303,CO[C@]12CC[C@@]3(C[C@@H]1[C@@H](O)c1ccccc1)[C@H]1Cc4ccc(O)c5c4[C@@]3(CCN1CC1CC1)[C@H]2O5,0,CO[C@]12CC[C@@]3(C[C@@H]1[C@@H](O)c1ccccc1)[C@H]1Cc4ccc(O)c5c4[C@@]3(CCN1CC1CC1)[C@H]2O5,0.051666666666666666,True
304,CO[C@]12C=C[C@@]3(C[C@H]1[C@H](C)OCc1ccccc1)[C@H]1Cc4ccc(O)c5c4C3(CCN1C)[C@@H]2O5,0,CO[C@]12C=C[C@@]3(C[C@H]1[C@H](C)OCc1ccccc1)[C@H]1Cc4ccc(O)c5c4C3(CCN1C)[C@@H]2O5,0.0016666666666666668,True
305,CO[C@]12C=C[C@@]3(C[C@H]1[C@@H](C)OCc1ccccc1)[C@H]1Cc4ccc(O)c5c4C3(CCN1C)[C@@H]2O5,0,CO[C@]12C=C[C@@]3(C[C@H]1[C@@H](C)OCc1ccccc1)[C@H]1Cc4ccc(O)c5c4C3(CCN1C)[C@@H]2O5,0.0016666666666666668,True
306,O=C(N[C@@H]1CC[C@@]2(O)[C@H]3Cc4ccc(O)c5c4[C@@]2(CCN3CC2CC2)[C@H]1O5)c1ccccn1,0,O=C(N[C@@H]1CC[C@@]2(O)[C@H]3Cc4ccc(O)c5c4[C@@]2(CCN3CC2CC2)[C@H]1O5)c1ccccn1,0.0033333333333333335,True
307,O=C(N[C@H]1CC[C@@]2(O)[C@H]3Cc4ccc(O)c5c4[C@@]2(CCN3CC2CC2)[C@H]1O5)c1ccccn1,0,O=C(N[C@H]1CC[C@@]2(O)[C@H]3Cc4ccc(O)c5c4[C@@]2(CCN3CC2CC2)[C@H]1O5)c1ccccn1,0.0033333333333333335,True
308,CO[C@@H](C)[C@@H]1CC23C=C[C@]1(OC)[C@H]1Oc4c(O)ccc5c4C12CCN(C)C3C5,0,CO[C@@H](C)[C@@H]1CC23C=C[C@]1(OC)[C@H]1Oc4c(O)ccc5c4C12CCN(C)C3C5,0.0016666666666666668,True
309,CO[C@H](C)[C@@H]1CC23C=C[C@]1(OC)[C@H]1Oc4c(O)ccc5c4C12CCN(C)C3C5,0,CO[C@H](C)[C@@H]1CC23C=C[C@]1(OC)[C@H]1Oc4c(O)ccc5c4C12CCN(C)C3C5,0.0016666666666666668,True
310,O=C(N[C@@H]1CC[C@@]2(O)[C@H]3Cc4ccc(O)c5c4[C@@]2(CCN3CC2CC2)[C@H]1O5)c1c[nH]c2cnccc12,0,O=C(N[C@@H]1CC[C@@]2(O)[C@H]3Cc4ccc(O)c5c4[C@@]2(CCN3CC2CC2)[C@H]1O5)c1c[nH]c2cnccc12,0.0033333333333333335,True
311,O=C(N[C@H]1CC[C@@]2(O)[C@H]3Cc4ccc(O)c5c4[C@@]2(CCN3CC2CC2)[C@H]1O5)c1c[nH]c2cnccc12,0,O=C(N[C@H]1CC[C@@]2(O)[C@H]3Cc4ccc(O)c5c4[C@@]2(CCN3CC2CC2)[C@H]1O5)c1c[nH]c2cnccc12,0.0033333333333333335,True
312,O=C(N[C@@H]1CC[C@@]2(O)[C@H]3Cc4ccc(O)c5c4[C@@]2(CCN3CC2CC2)[C@H]1O5)c1c[nH]c2ccncc12,0,O=C(N[C@@H]1CC[C@@]2(O)[C@H]3Cc4ccc(O)c5c4[C@@]2(CCN3CC2CC2)[C@H]1O5)c1c[nH]c2ccncc12,0.0033333333333333335,True
313,O=C(N[C@H]1CC[C@@]2(O)[C@H]3Cc4ccc(O)c5c4[C@@]2(CCN3CC2CC2)[C@H]1O5)c1c[nH]c2ccncc12,0,O=C(N[C@H]1CC[C@@]2(O)[C@H]3Cc4ccc(O)c5c4[C@@]2(CCN3CC2CC2)[C@H]1O5)c1c[nH]c2ccncc12,0.0033333333333333335,True
314,O=C(N[C@@H]1CC[C@@]2(O)[C@H]3Cc4ccc(O)c5c4[C@@]2(CCN3CC2CC2)[C@H]1O5)c1cc2ccccc2cn1,0,O=C(N[C@@H]1CC[C@@]2(O)[C@H]3Cc4ccc(O)c5c4[C@@]2(CCN3CC2CC2)[C@H]1O5)c1cc2ccccc2cn1,0.02666666666666667,True
315,O=C(N[C@H]1CC[C@@]2(O)[C@H]3Cc4ccc(O)c5c4[C@@]2(CCN3CC2CC2)[C@H]1O5)c1cc2ccccc2cn1,0,O=C(N[C@H]1CC[C@@]2(O)[C@H]3Cc4ccc(O)c5c4[C@@]2(CCN3CC2CC2)[C@H]1O5)c1cc2ccccc2cn1,0.02666666666666667,True
316,N[C@@H](Cc1ccc(O)cc1)C(=O)N[C@@H]1C/C=C\C[C@@H](NC(=O)[C@@H](N)Cc2ccc(O)cc2)C(=O)NCC(=O)N[C@@H](Cc2ccccc2)C(=O)NNC(=O)[C@H](Cc2ccccc2)NC(=O)CNC1=O,0,N[C@@H](Cc1ccc(O)cc1)C(=O)N[C@@H]1C/C=C\C[C@@H](NC(=O)[C@@H](N)Cc2ccc(O)cc2)C(=O)NCC(=O)N[C@@H](Cc2ccccc2)C(=O)NNC(=O)[C@H](Cc2ccccc2)NC(=O)CNC1=O,0.0,True
317,N[C@@H](Cc1ccc(O)cc1)C(=O)N[C@@H]1C/C=C/C[C@@H](NC(=O)[C@@H](N)Cc2ccc(O)cc2)C(=O)NCC(=O)N[C@@H](Cc2ccccc2)C(=O)NNC(=O)[C@H](Cc2ccccc2)NC(=O)CNC1=O,0,N[C@@H](Cc1ccc(O)cc1)C(=O)N[C@@H]1C/C=C/C[C@@H](NC(=O)[C@@H](N)Cc2ccc(O)cc2)C(=O)NCC(=O)N[C@@H](Cc2ccccc2)C(=O)NNC(=O)[C@H](Cc2ccccc2)NC(=O)CNC1=O,0.0,True
318,CCC(OC(C)=O)C(CC(C)N(C)C)(c1ccccc1)c1ccccc1,0,CCC(OC(C)=O)C(CC(C)N(C)C)(c1ccccc1)c1ccccc1,0.005,True
319,CC[C@H](OC(C)=O)C(C[C@H](C)N(C)C)(c1ccccc1)c1ccccc1,0,CC[C@H](OC(C)=O)C(C[C@H](C)N(C)C)(c1ccccc1)c1ccccc1,0.005,True
320,C/C=C/C(=O)N(c1ccccc1)C1CCN(CCc2ccccc2)CC1,0,C/C=C/C(=O)N(c1ccccc1)C1CCN(CCc2ccccc2)CC1,0.015,True
321,C[C@H]1C2C(=O)c3ccc(O)cc3[C@@]1(C)CCN2CC1CC1,0,C[C@H]1C2C(=O)c3ccc(O)cc3[C@@]1(C)CCN2CC1CC1,0.01,True
322,C[C@H]1[C@H]2C(=O)c3ccc(O)cc3[C@]1(C)CCN2CC1CC1,0,C[C@H]1[C@H]2C(=O)c3ccc(O)cc3[C@]1(C)CCN2CC1CC1,0.01,True
323,O=c1[nH]c2cc(Cl)c(Cl)cc2n1[C@H]1CCCN(Cc2ccc(Br)cc2)C1,0,O=c1[nH]c2cc(Cl)c(Cl)cc2n1[C@H]1CCCN(Cc2ccc(Br)cc2)C1,0.0033333333333333335,True
324,O=c1[nH]c2cc(Cl)c(Cl)cc2n1[C@@H]1CCCN(Cc2ccc(Br)cc2)C1,0,O=c1[nH]c2cc(Cl)c(Cl)cc2n1[C@@H]1CCCN(Cc2ccc(Br)cc2)C1,0.0033333333333333335,True
325,CC(C)C[C@H](NC(=O)[C@@H]1CCCN1C(=O)[C@H](Cc1ccccc1)NC(=O)[C@H](Cc1ccccc1)NC(=O)CNC(=O)[C@@H](C)NC(=O)[C@@H](N)Cc1ccc(O)cc1)C(=O)N[C@@H](Cc1c[nH]c2ccccc12)C(=O)OCc1cc(C(F)(F)F)cc(C(F)(F)F)c1,0,CC(C)C[C@H](NC(=O)[C@@H]1CCCN1C(=O)[C@H](Cc1ccccc1)NC(=O)[C@H](Cc1ccccc1)NC(=O)CNC(=O)[C@@H](C)NC(=O)[C@@H](N)Cc1ccc(O)cc1)C(=O)N[C@@H](Cc1c[nH]c2ccccc12)C(=O)OCc1cc(C(F)(F)F)cc(C(F)(F)F)c1,0.0,True
326,CC(C)C[C@H](NC(=O)[C@@H]1CCCN1C(=O)[C@@H](Cc1ccccc1)NC(=O)[C@H](Cc1ccccc1)NC(=O)CNC(=O)[C@@H](C)NC(=O)[C@@H](N)Cc1ccc(O)cc1)C(=O)N[C@@H](Cc1c[nH]c2ccccc12)C(=O)OCc1cc(C(F)(F)F)cc(C(F)(F)F)c1,0,CC(C)C[C@H](NC(=O)[C@@H]1CCCN1C(=O)[C@@H](Cc1ccccc1)NC(=O)[C@H](Cc1ccccc1)NC(=O)CNC(=O)[C@@H](C)NC(=O)[C@@H](N)Cc1ccc(O)cc1)C(=O)N[C@@H](Cc1c[nH]c2ccccc12)C(=O)OCc1cc(C(F)(F)F)cc(C(F)(F)F)c1,0.0,True
327,NC(=O)c1ccc2c(c1O)[C@]13CCN(CC4CCC4)[C@H](C2)[C@]1(O)CC[C@H](O)C3,0,NC(=O)c1ccc2c(c1O)[C@]13CCN(CC4CCC4)[C@H](C2)[C@]1(O)CC[C@H](O)C3,0.5977600102425689,True
328,CN1CCC[C@H](c2nc3ccccc3n2C2CCN(C3(C)CCCCCCC3)CC2)C1,0,CN1CCC[C@H](c2nc3ccccc3n2C2CCN(C3(C)CCCCCCC3)CC2)C1,0.01,True
329,CN1CCC[C@@H](c2nc3ccccc3n2C2CCN(C3(C)CCCCCCC3)CC2)C1,0,CN1CCC[C@@H](c2nc3ccccc3n2C2CCN(C3(C)CCCCCCC3)CC2)C1,0.01,True
330,C[C@@H]1CN(CCCc2ccccc2)[C@H]2C[C@H](N)C[C@]1(c1cccc(O)c1)C2,0,C[C@@H]1CN(CCCc2ccccc2)[C@H]2C[C@H](N)C[C@]1(c1cccc(O)c1)C2,0.011666666666666667,True
331,C[C@H]1CN(CCCc2ccccc2)[C@@H]2C[C@@H](N)C[C@@]1(c1cccc(O)c1)C2,0,C[C@H]1CN(CCCc2ccccc2)[C@@H]2C[C@@H](N)C[C@@]1(c1cccc(O)c1)C2,0.011666666666666667,True
332,C[C@@H]1[C@@H]2Cc3ccc(O)cc3[C@@]1(C)CCN2C[C@H]1CCCO1,0,C[C@@H]1[C@@H]2Cc3ccc(O)cc3[C@@]1(C)CCN2C[C@H]1CCCO1,0.0016666666666666668,True
333,C[C@H]1[C@H]2Cc3ccc(O)cc3[C@@]1(C)CCN2C[C@@H]1CCCO1,0,C[C@H]1[C@H]2Cc3ccc(O)cc3[C@@]1(C)CCN2C[C@@H]1CCCO1,0.0016666666666666668,True
334,CC(C)=CCN1CC[C@@]2(C)c3cc(O)ccc3C[C@@H]1[C@@H]2C,0,CC(C)=CCN1CC[C@@]2(C)c3cc(O)ccc3C[C@@H]1[C@@H]2C,0.06333333333333334,True
335,O=C(c1ccccc1)N(c1ccccc1)C1CCN(CCc2ccccc2)CC1,0,O=C(c1ccccc1)N(c1ccccc1)C1CCN(CCc2ccccc2)CC1,0.03166666666666667,True
336,CCCC[C@@H](C(=O)N[C@@H](CC(=O)O)C(=O)N[C@@H](Cc1ccccc1)C(N)=O)N(C)C(=O)[C@@H](Cc1c[nH]c2ccccc12)NC(=O)CNC(=O)[C@@H](C)NC(=O)[C@@H](N)Cc1ccc(O)cc1,0,CCCC[C@@H](C(=O)N[C@@H](CC(=O)O)C(=O)N[C@@H](Cc1ccccc1)C(N)=O)N(C)C(=O)[C@@H](Cc1c[nH]c2ccccc12)NC(=O)CNC(=O)[C@@H](C)NC(=O)[C@@H](N)Cc1ccc(O)cc1,0.0,True
337,CCCC[C@@H](C(=O)N[C@@H](CC(=O)O)C(=O)N[C@@H](Cc1ccccc1)C(N)=O)N(C)C(=O)[C@H](Cc1c[nH]c2ccccc12)NC(=O)CNC(=O)[C@@H](C)NC(=O)[C@@H](N)Cc1ccc(O)cc1,0,CCCC[C@@H](C(=O)N[C@@H](CC(=O)O)C(=O)N[C@@H](Cc1ccccc1)C(N)=O)N(C)C(=O)[C@H](Cc1c[nH]c2ccccc12)NC(=O)CNC(=O)[C@@H](C)NC(=O)[C@@H](N)Cc1ccc(O)cc1,0.0,True
338,CC(=O)N(c1ccccc1)C1CCN(CCc2ccccc2)CC1,0,CC(=O)N(c1ccccc1)C1CCN(CCc2ccccc2)CC1,0.0033333333333333335,True
339,O=c1[nH]c2cc(Cl)c(Cl)cc2n1[C@@H]1CCN(Cc2ccc(Br)cc2)C1,0,O=c1[nH]c2cc(Cl)c(Cl)cc2n1[C@@H]1CCN(Cc2ccc(Br)cc2)C1,0.0016666666666666668,True
340,O=c1[nH]c2cc(Cl)c(Cl)cc2n1[C@H]1CCN(Cc2ccc(Br)cc2)C1,0,O=c1[nH]c2cc(Cl)c(Cl)cc2n1[C@H]1CCN(Cc2ccc(Br)cc2)C1,0.0016666666666666668,True
341,CN(C)C1(c2ccccc2)CCC2(CC1)OCCc1c2[nH]c2ccc(F)cc12,0,CN(C)C1(c2ccccc2)CCC2(CC1)OCCc1c2[nH]c2ccc(F)cc12,0.0016666666666666668,True
342,CN(C)[C@]1(c2ccccc2)CC[C@]2(CC1)OCCc1c3cc(F)ccc3[nH]c12,0,CN(C)[C@]1(c2ccccc2)CC[C@]2(CC1)OCCc1c3cc(F)ccc3[nH]c12,0.0016666666666666668,True
343,CC1(N2CCC(n3c([C@@H]4CCCNC4)nc4ccccc43)CC2)CCCCCCC1,0,CC1(N2CCC(n3c([C@@H]4CCCNC4)nc4ccccc43)CC2)CCCCCCC1,0.008333333333333333,True
344,CC1(N2CCC(n3c([C@H]4CCCNC4)nc4ccccc43)CC2)CCCCCCC1,0,CC1(N2CCC(n3c([C@H]4CCCNC4)nc4ccccc43)CC2)CCCCCCC1,0.008333333333333333,True
345,CN1CC[C@]23c4c5ccc(O)c4O[C@H]2c2ncc(-c4ccc(Cl)cc4)cc2C[C@@]3(OCCCc2ccccc2)[C@H]1C5,0,CN1CC[C@]23c4c5ccc(O)c4O[C@H]2c2ncc(-c4ccc(Cl)cc4)cc2C[C@@]3(OCCCc2ccccc2)[C@H]1C5,0.02666666666666667,True
346,Oc1ccc2c(c1)[C@]1(CCc3ccccc3)CCN(CCc3ccccc3)C[C@@H]1O2,0,Oc1ccc2c(c1)[C@]1(CCc3ccccc3)CCN(CCc3ccccc3)C[C@@H]1O2,0.006666666666666667,True
347,CCN(CC)C(=O)c1ccc(C2=CC3(CCNCC3)Oc3cccc(O)c32)cc1,0,CCN(CC)C(=O)c1ccc(C2=CC3(CCNCC3)Oc3cccc(O)c32)cc1,0.03333333333333333,True
348,CNC(=O)COCC(=O)NCCCCNC(=O)COCC(=O)N[C@@H]1CC[C@@]2(O)[C@H]3Cc4ccc(O)c5c4[C@@]2(CCN3CC2CC2)[C@H]1O5,0,CNC(=O)COCC(=O)NCCCCNC(=O)COCC(=O)N[C@@H]1CC[C@@]2(O)[C@H]3Cc4ccc(O)c5c4[C@@]2(CCN3CC2CC2)[C@H]1O5,0.145,True
349,CN1CCC(C(=O)N[C@@H]2CC[C@@]3(O)[C@H]4Cc5ccc(O)c6c5[C@@]3(CCN4CC3CC3)[C@H]2O6)CC1,0,CN1CCC(C(=O)N[C@@H]2CC[C@@]3(O)[C@H]4Cc5ccc(O)c6c5[C@@]3(CCN4CC3CC3)[C@H]2O6)CC1,0.08799049558723693,True
350,CCC(=O)N(Cc1ccccc1)C1(C(=O)Nc2ccc(OC)cc2)CCN(CCc2ccccc2)CC1,0,CCC(=O)N(Cc1ccccc1)C1(C(=O)Nc2ccc(OC)cc2)CCN(CCc2ccccc2)CC1,0.0033333333333333335,True
351,CO[C@]12C=CC3(CC14CCC(C)(C)[C@H]4O)C1Cc4ccc(O)c5c4C3(CCN1C)[C@@H]2O5,0,CO[C@]12C=CC3(CC14CCC(C)(C)[C@H]4O)C1Cc4ccc(O)c5c4C3(CCN1C)[C@@H]2O5,0.0016666666666666668,True
352,N#CC(CCN1CCC(C(N)=O)(N2CCCCC2)CC1)(c1ccccc1)c1ccccc1,0,N#CC(CCN1CCC(C(N)=O)(N2CCCCC2)CC1)(c1ccccc1)c1ccccc1,0.025,True
353,CC1C2C(=O)c3ccc(C(N)=O)cc3C1(C)CCN2CC1CC1,0,CC1C2C(=O)c3ccc(C(N)=O)cc3C1(C)CCN2CC1CC1,0.07333333333333333,True
354,O=c1[nH]c2cc(Cl)c(Cl)cc2n1C1CCCN(Cc2ccc(Br)cc2)CC1,0,O=c1[nH]c2cc(Cl)c(Cl)cc2n1C1CCCN(Cc2ccc(Br)cc2)CC1,0.001025219298245614,True
355,Cc1ccc(-c2cnc3c(c2)C[C@@]2(OCCCc4ccccc4)[C@H]4Cc5ccc(O)c6c5[C@@]2(CCN4CC2CC2)[C@H]3O6)cc1,0,Cc1ccc(-c2cnc3c(c2)C[C@@]2(OCCCc4ccccc4)[C@H]4Cc5ccc(O)c6c5[C@@]2(CCN4CC2CC2)[C@H]3O6)cc1,0.009609640190088255,True
356,O=C(c1ccco1)N(c1cnccn1)C1CCN(CCc2ccccc2)CC1,0,O=C(c1ccco1)N(c1cnccn1)C1CCN(CCc2ccccc2)CC1,0.12333333333333334,True
357,CC[C@@](O)(c1ccccc1)[C@H]1C[C@@]23C=C[C@]1(OC)[C@@H]1Oc4c(O)ccc5c4[C@@]12CCN(CC1CC1)[C@@H]3C5,0,CC[C@@](O)(c1ccccc1)[C@H]1C[C@@]23C=C[C@]1(OC)[C@@H]1Oc4c(O)ccc5c4[C@@]12CCN(CC1CC1)[C@@H]3C5,0.03666666666666667,True
358,c1cc2c(cc1CNc1ccc3c(c1)[C@@]14CCCC[C@H]1[C@@H](C3)N(CC1CCC1)CC4)OCO2,0,c1cc2c(cc1CNc1ccc3c(c1)[C@@]14CCCC[C@H]1[C@@H](C3)N(CC1CCC1)CC4)OCO2,0.006666666666666667,True
359,Oc1ccc2c3c1O[C@H]1c4ncc(-n5cccc5)cc4C[C@@]4(OCCCc5ccccc5)[C@@H](C2)N(CC2CC2)CC[C@]314,0,Oc1ccc2c3c1O[C@H]1c4ncc(-n5cccc5)cc4C[C@@]4(OCCCc5ccccc5)[C@@H](C2)N(CC2CC2)CC[C@]314,0.025,True
360,Cc1cc(O)cc(C)c1C[C@H](N)C(=O)N1Cc2ccccc2C[C@H]1C(=O)N[C@@H](CC(=O)O)c1nc2ccccc2[nH]1,0,Cc1cc(O)cc(C)c1C[C@H](N)C(=O)N1Cc2ccccc2C[C@H]1C(=O)N[C@@H](CC(=O)O)c1nc2ccccc2[nH]1,0.21166666666666667,True
361,O=C(CCCCCCCCCCC(=O)Oc1ccc2c(c1)[C@@]13CCCC[C@H]1[C@@H](C2)N(CC1CCC1)CC3)Oc1ccc2c(c1)[C@@]13CCCC[C@H]1[C@@H](C2)N(CC1CCC1)CC3,0,O=C(CCCCCCCCCCC(=O)Oc1ccc2c(c1)[C@@]13CCCC[C@H]1[C@@H](C2)N(CC1CCC1)CC3)Oc1ccc2c(c1)[C@@]13CCCC[C@H]1[C@@H](C2)N(CC1CCC1)CC3,0.0,True
362,Cc1cc(O)cc(C)c1C[C@H](N)C(=O)N1Cc2ccccc2C[C@H]1C(=O)NCC(=O)NCc1ccccc1,0,Cc1cc(O)cc(C)c1C[C@H](N)C(=O)N1Cc2ccccc2C[C@H]1C(=O)NCC(=O)NCc1ccccc1,0.17,True
363,CO[C@]12C=CC3(CC14CCC(C)(C)[C@H]4O)C1Cc4ccc(O)c5c4C3(CCN1CC1CC1)[C@@H]2O5,0,CO[C@]12C=CC3(CC14CCC(C)(C)[C@H]4O)C1Cc4ccc(O)c5c4C3(CCN1CC1CC1)[C@@H]2O5,0.05333333333333334,True
364,Oc1ccc2c3c1O[C@H]1c4ncc(-c5cn[nH]c5)cc4C[C@@]4(OCCCc5ccccc5)[C@@H](C2)N(CC2CC2)CC[C@]314,0,Oc1ccc2c3c1O[C@H]1c4ncc(-c5cn[nH]c5)cc4C[C@@]4(OCCCc5ccccc5)[C@@H](C2)N(CC2CC2)CC[C@]314,0.015,True
365,Oc1ccc2c3c1O[C@H]1c4ncc(-c5ccc(Cl)cc5)cc4C[C@@]4(OCCCc5ccccc5)[C@@H](C2)N(CC2CC2)CC[C@]314,0,Oc1ccc2c3c1O[C@H]1c4ncc(-c5ccc(Cl)cc5)cc4C[C@@]4(OCCCc5ccccc5)[C@@H](C2)N(CC2CC2)CC[C@]314,0.13333333333333333,True
366,CCOc1ccc(C(C)N2CCC(n3c(=O)[nH]c4ccccc43)CC2)cc1,0,CCOc1ccc(C(C)N2CCC(n3c(=O)[nH]c4ccccc43)CC2)cc1,0.008333333333333333,True
367,COc1cc(-c2cnc3c(c2)C[C@@]2(OCCCc4ccccc4)[C@H]4Cc5ccc(O)c6c5[C@@]2(CCN4CC2CC2)[C@H]3O6)ccn1,0,COc1cc(-c2cnc3c(c2)C[C@@]2(OCCCc4ccccc4)[C@H]4Cc5ccc(O)c6c5[C@@]2(CCN4CC2CC2)[C@H]3O6)ccn1,0.006666666666666667,True
368,Cc1cc(O)cc(C)c1C[C@H](N)C(=O)N[C@H](CCCNC(=N)N)C(=O)N[C@H]1Cc2ccccc2CN(CCC(=O)N[C@@H](CCCNC(=N)N)C(=O)N[C@@H](CCCNC(=N)N)C(=O)N2CCC[C@H]2C(=O)N2Cc3ccc(O)cc3C[C@H]2C(=O)N[C@H](C(=O)N[C@@H](CC(C)C)C(=O)O)C(C)(C)C)C1=O,0,Cc1cc(O)cc(C)c1C[C@H](N)C(=O)N[C@H](CCCNC(=N)N)C(=O)N[C@H]1Cc2ccccc2CN(CCC(=O)N[C@@H](CCCNC(=N)N)C(=O)N[C@@H](CCCNC(=N)N)C(=O)N2CCC[C@H]2C(=O)N2Cc3ccc(O)cc3C[C@H]2C(=O)N[C@H](C(=O)N[C@@H](CC(C)C)C(=O)O)C(C)(C)C)C1=O,0.02,True
369,CCC(=O)N(c1ccccc1)C1(C(=O)NCc2ccccc2)CCN(CCc2ccccc2)CC1,0,CCC(=O)N(c1ccccc1)C1(C(=O)NCc2ccccc2)CCN(CCc2ccccc2)CC1,0.0033333333333333335,True
370,CCC(=O)N(Cc1ccncc1)C1(C(=O)NCCc2cccc(F)c2)CCN(CCc2ccccc2)CC1,0,CCC(=O)N(Cc1ccncc1)C1(C(=O)NCCc2cccc(F)c2)CCN(CCc2ccccc2)CC1,0.0,True
371,COC(=O)[C@@H]1C[C@H](OC(=O)c2ccc(OC)cc2)C(=O)[C@H]2[C@@]1(C)CC[C@H]1C(=O)O[C@H](c3ccoc3)C[C@]21C,0,COC(=O)[C@@H]1C[C@H](OC(=O)c2ccc(OC)cc2)C(=O)[C@H]2[C@@]1(C)CC[C@H]1C(=O)O[C@H](c3ccoc3)C[C@]21C,0.0033333333333333335,True
372,CC[C@@]12CCN(CC3CC3)C(C(=O)c3ccc(O)cc31)[C@@H]2C,0,CC[C@@]12CCN(CC3CC3)C(C(=O)c3ccc(O)cc31)[C@@H]2C,0.013333333333333334,True
373,COc1ccc(CNc2ccc3c(c2)[C@@]24CCCC[C@H]2[C@@H](C3)N(CC2CCC2)CC4)cc1,0,COc1ccc(CNc2ccc3c(c2)[C@@]24CCCC[C@H]2[C@@H](C3)N(CC2CCC2)CC4)cc1,0.0,True
374,Oc1ccc2c(c1)[C@]1(CCCCc3ccccc3)CCN(CCc3ccc(F)cc3)C[C@@H]1O2,0,Oc1ccc2c(c1)[C@]1(CCCCc3ccccc3)CCN(CCc3ccc(F)cc3)C[C@@H]1O2,0.0033333333333333335,True
375,O=C(NCc1ccccc1)C1=N[C@@]23CC[C@]1(O)C1Oc4c(O)ccc5c4C12CCN(CC1CC1)C3C5,0,O=C(NCc1ccccc1)C1=N[C@@]23CC[C@]1(O)C1Oc4c(O)ccc5c4C12CCN(CC1CC1)C3C5,0.05333333333333334,True
376,Oc1cccc([C@]23CCC[C@H]([C@H]2O)N(CCc2ccccc2)CC3)c1,0,Oc1cccc([C@]23CCC[C@H]([C@H]2O)N(CCc2ccccc2)CC3)c1,0.03333333333333333,True
377,Oc1ccc2c(c1)[C@]13CCN(CC4CCC4)[C@H](C2)[C@@H]1Cc1c([nH]c2ccccc12)C3,0,Oc1ccc2c(c1)[C@]13CCN(CC4CCC4)[C@H](C2)[C@@H]1Cc1c([nH]c2ccccc12)C3,0.0,True
378,CN(C)c1ccc(-c2cnc3c(c2)C[C@@]2(OCCCc4ccccc4)[C@H]4Cc5ccc(O)c6c5[C@@]2(CCN4CC2CC2)[C@H]3O6)cc1,0,CN(C)c1ccc(-c2cnc3c(c2)C[C@@]2(OCCCc4ccccc4)[C@H]4Cc5ccc(O)c6c5[C@@]2(CCN4CC2CC2)[C@H]3O6)cc1,0.0016666666666666668,True
379,N#Cc1ccc(CN2CCC(n3c(=O)[nH]c4ccccc43)CC2)cc1,0,N#Cc1ccc(CN2CCC(n3c(=O)[nH]c4ccccc43)CC2)cc1,0.005,True
380,O=C(CCCCCCCCC(=O)Oc1ccc2c(c1)[C@@]13CCCCC1[C@@H](C2)N(CC1CC1)CC3)Oc1ccc2c(c1)[C@@]13CCCCC1[C@@H](C2)N(CC1CCC1)CC3,0,O=C(CCCCCCCCC(=O)Oc1ccc2c(c1)[C@@]13CCCCC1[C@@H](C2)N(CC1CC1)CC3)Oc1ccc2c(c1)[C@@]13CCCCC1[C@@H](C2)N(CC1CCC1)CC3,0.011666666666666667,True
381,CN1c2ccccc2C(NCCCCCCC(=O)O)c2ccc(Cl)cc2S1(=O)=O,0,CN1c2ccccc2C(NCCCCCCC(=O)O)c2ccc(Cl)cc2S1(=O)=O,0.09,True
382,CCOC(=O)C1(c2ccccc2)CCN(C)CC1,0,CCOC(=O)C1(c2ccccc2)CCN(C)CC1,0.0016666666666666668,True
383,O=C(NCCc1ccccc1)C1=N[C@@]23CC[C@]1(O)C1Oc4c(O)ccc5c4C12CCN(CC1CC1)C3C5,0,O=C(NCCc1ccccc1)C1=N[C@@]23CC[C@]1(O)C1Oc4c(O)ccc5c4C12CCN(CC1CC1)C3C5,0.05,True
384,C=CCN1CC[C@]23c4c5ccc(OC(=O)CCCCCCCCC(=O)Oc6ccc7c(c6)[C@@]68CCCC[C@@]6(O)[C@@H](C7)N(CC6CCC6)CC8)c4O[C@H]2C(=O)CC[C@@]3(O)[C@H]1C5,0,C=CCN1CC[C@]23c4c5ccc(OC(=O)CCCCCCCCC(=O)Oc6ccc7c(c6)[C@@]68CCCC[C@@]6(O)[C@@H](C7)N(CC6CCC6)CC8)c4O[C@H]2C(=O)CC[C@@]3(O)[C@H]1C5,0.10462661235573659,True
385,CO[C@@]12CCCC[C@@]13CCN(CC1CCC1)[C@@H]2Cc1ccc(OC(=O)CCCCCCCCC(=O)Oc2ccc4c(c2)[C@@]25CCCC[C@@]2(OC)[C@@H](C4)N(CC2CCC2)CC5)cc13,0,CO[C@@]12CCCC[C@@]13CCN(CC1CCC1)[C@@H]2Cc1ccc(OC(=O)CCCCCCCCC(=O)Oc2ccc4c(c2)[C@@]25CCCC[C@@]2(OC)[C@@H](C4)N(CC2CCC2)CC5)cc13,0.02809246309246309,True
386,Cc1cccc(-c2cnc3c(c2)C[C@@]2(OCCCc4ccccc4)[C@H]4Cc5ccc(O)c6c5[C@@]2(CCN4CC2CC2)[C@H]3O6)c1,0,Cc1cccc(-c2cnc3c(c2)C[C@@]2(OCCCc4ccccc4)[C@H]4Cc5ccc(O)c6c5[C@@]2(CCN4CC2CC2)[C@H]3O6)c1,0.005,True
387,CC(C)C[C@H](NC(=O)[C@H](Cc1ccccc1)NC(=O)CNC(=O)[C@@H](CO)NC(=O)[C@@H](N)Cc1ccc(O)cc1)C(=O)N[C@H](C(=O)O)[C@@H](C)O,0,CC(C)C[C@H](NC(=O)[C@H](Cc1ccccc1)NC(=O)CNC(=O)[C@@H](CO)NC(=O)[C@@H](N)Cc1ccc(O)cc1)C(=O)N[C@H](C(=O)O)[C@@H](C)O,0.015,True
388,OCC1(N2CCC(n3c(-c4ccc(Cl)cc4)nc4ccccc43)CC2)CCCCCCC1,0,OCC1(N2CCC(n3c(-c4ccc(Cl)cc4)nc4ccccc43)CC2)CCCCCCC1,0.13711533505900037,True
389,CCOc1ccc(CNCc2ccccc2)cc1CNC(=O)[C@@H](N)Cc1c(C)cc(O)cc1C,0,CCOc1ccc(CNCc2ccccc2)cc1CNC(=O)[C@@H](N)Cc1c(C)cc(O)cc1C,0.025,True
390,CN1CC[C@]23c4c5ccc(O)c4O[C@H]2c2ncc(-c4ccc(Cl)cc4)cc2C[C@@]3(OC(=O)Cc2ccccc2)[C@H]1C5,0,CN1CC[C@]23c4c5ccc(O)c4O[C@H]2c2ncc(-c4ccc(Cl)cc4)cc2C[C@@]3(OC(=O)Cc2ccccc2)[C@H]1C5,0.018333333333333333,True
391,Oc1ccc(CNc2ccc3c(c2)[C@@]24CCCC[C@H]2[C@@H](C3)N(CC2CCC2)CC4)cc1,0,Oc1ccc(CNc2ccc3c(c2)[C@@]24CCCC[C@H]2[C@@H](C3)N(CC2CCC2)CC4)cc1,0.0,True
392,CC(C)C[C@H](NC(=O)[C@H](Cc1ccccc1)NC(=O)CNC(=O)[C@@H](C)NC(=O)[C@@H](N)Cc1ccc(O)cc1)C(=O)NCC(=O)N(c1ccccc1)C1CCN(CCc2ccccc2)CC1,0,CC(C)C[C@H](NC(=O)[C@H](Cc1ccccc1)NC(=O)CNC(=O)[C@@H](C)NC(=O)[C@@H](N)Cc1ccc(O)cc1)C(=O)NCC(=O)N(c1ccccc1)C1CCN(CCc2ccccc2)CC1,0.0,True
393,CN1CC[C@]23c4c5ccc(O)c4O[C@H]2c2ncc(-c4ccc(Cl)cc4)cc2C[C@@]3(OC(=O)CCc2ccccc2)[C@H]1C5,0,CN1CC[C@]23c4c5ccc(O)c4O[C@H]2c2ncc(-c4ccc(Cl)cc4)cc2C[C@@]3(OC(=O)CCc2ccccc2)[C@H]1C5,0.016666666666666666,True
394,O=[N+]([O-])c1cccc(CNc2ccc3c(c2)[C@@]24CCCC[C@H]2[C@@H](C3)N(CC2CCC2)CC4)c1,0,O=[N+]([O-])c1cccc(CNc2ccc3c(c2)[C@@]24CCCC[C@H]2[C@@H](C3)N(CC2CCC2)CC4)c1,0.006054308672762538,True
395,CCOc1ccc(CN2CCCCC2)cc1CNC(=O)[C@@H](N)Cc1c(C)cc(O)cc1C,0,CCOc1ccc(CN2CCCCC2)cc1CNC(=O)[C@@H](N)Cc1c(C)cc(O)cc1C,0.023333333333333334,True
396,CNc1nc2cc3c(cc2s1)C[C@@H]1[C@@H]2CCCC[C@]32CCN1CCCF,0,CNc1nc2cc3c(cc2s1)C[C@@H]1[C@@H]2CCCC[C@]32CCN1CCCF,0.0033333333333333335,True
397,O=C(N[C@@H]1CC[C@@]2(O)[C@H]3Cc4ccc(O)c5c4[C@@]2(CCN3CC2CC2)[C@H]1O5)c1ccnc(Br)c1,0,O=C(N[C@@H]1CC[C@@]2(O)[C@H]3Cc4ccc(O)c5c4[C@@]2(CCN3CC2CC2)[C@H]1O5)c1ccnc(Br)c1,0.013333333333333334,True
398,Oc1ccc2c(c1)[C@]13CCN(CC4CC4)C[C@@]1(C2)Cc1cc2ccccc2nc1C3,0,Oc1ccc2c(c1)[C@]13CCN(CC4CC4)C[C@@]1(C2)Cc1cc2ccccc2nc1C3,0.06,True
399,Cc1ccc2c(c1)[nH]c(=O)n2C1CCN(Cc2ccccc2Cl)CC1,0,Cc1ccc2c(c1)[nH]c(=O)n2C1CCN(Cc2ccccc2Cl)CC1,0.0033333333333333335,True
400,C[C@H]1C2Cc3ccc(C(=O)NCCc4ccc(Br)cc4)cc3[C@@]1(C)CCN2CC1CC1,0,C[C@H]1C2Cc3ccc(C(=O)NCCc4ccc(Br)cc4)cc3[C@@]1(C)CCN2CC1CC1,0.047291757325427404,True
401,CCOc1ccc(Cc2ccccc2)cc1CNC(=O)[C@@H](N)Cc1c(C)cc(O)cc1C,0,CCOc1ccc(Cc2ccccc2)cc1CNC(=O)[C@@H](N)Cc1c(C)cc(O)cc1C,0.008333333333333333,True
402,O=C(c1cccs1)N(c1ccccc1)C1CCN(CCc2ccccc2)CC1,0,O=C(c1cccs1)N(c1ccccc1)C1CCN(CCc2ccccc2)CC1,0.01,True
403,CCCCCCN1CCC(C(=O)N(C)CC)(c2ccccc2)CC1,0,CCCCCCN1CCC(C(=O)N(C)CC)(c2ccccc2)CC1,0.03,True
404,CCC(=O)N(c1ccccc1)C1(C(=O)NC2CCCCCC2)CCN(CCc2ccccc2)CC1,0,CCC(=O)N(c1ccccc1)C1(C(=O)NC2CCCCCC2)CCN(CCc2ccccc2)CC1,0.05,True
405,Oc1ccc2c3c1O[C@H]1c4ncc(-c5ccc(F)cc5)cc4C[C@@]4(OCCCc5ccccc5)[C@@H](C2)N(CC2CC2)CC[C@]314,0,Oc1ccc2c3c1O[C@H]1c4ncc(-c5ccc(F)cc5)cc4C[C@@]4(OCCCc5ccccc5)[C@@H](C2)N(CC2CC2)CC[C@]314,0.0016666666666666668,True
406,Cc1cc(O)cc(C)c1C[C@H](N)C(=O)N[C@H](CCCNC(=N)N)C(=O)N[C@H]1Cc2ccccc2CN(CCC(=O)N[C@@H](CCCCN)C(=O)N[C@@H](CCCCN)C(=O)N2CCC[C@H]2C(=O)N2Cc3ccc(O)cc3C[C@H]2C(=O)N[C@H](C(=O)N[C@@H](CC(C)C)C(=O)O)C(C)(C)C)C1=O,0,Cc1cc(O)cc(C)c1C[C@H](N)C(=O)N[C@H](CCCNC(=N)N)C(=O)N[C@H]1Cc2ccccc2CN(CCC(=O)N[C@@H](CCCCN)C(=O)N[C@@H](CCCCN)C(=O)N2CCC[C@H]2C(=O)N2Cc3ccc(O)cc3C[C@H]2C(=O)N[C@H](C(=O)N[C@@H](CC(C)C)C(=O)O)C(C)(C)C)C1=O,0.02,True
407,CC(C)C[C@H](NC(=O)[C@@H]1CCCN1C(=O)[C@H](Cc1ccccc1)NC(=O)CNC(=O)[C@@H](C)NC(=O)[C@@H](N)Cc1ccc(O)cc1)C(=O)N[C@@H](Cc1c[nH]c2ccccc12)C(=O)OCc1ccccc1,0,CC(C)C[C@H](NC(=O)[C@@H]1CCCN1C(=O)[C@H](Cc1ccccc1)NC(=O)CNC(=O)[C@@H](C)NC(=O)[C@@H](N)Cc1ccc(O)cc1)C(=O)N[C@@H](Cc1c[nH]c2ccccc12)C(=O)OCc1ccccc1,0.0,True
408,CCCC[C@H](NC(=O)[C@H](Cc1ccccc1)NC(=O)CNC(=O)[C@@H](C)NC(=O)[C@@H](N)Cc1ccc(O)cc1)C(=O)N1CCC[C@H]1C(=O)N[C@@H](CC(C)C)C(=O)N[C@@H](Cc1c[nH]c2ccccc12)C(=O)OCc1cc(C(F)(F)F)cc(C(F)(F)F)c1,0,CCCC[C@H](NC(=O)[C@H](Cc1ccccc1)NC(=O)CNC(=O)[C@@H](C)NC(=O)[C@@H](N)Cc1ccc(O)cc1)C(=O)N1CCC[C@H]1C(=O)N[C@@H](CC(C)C)C(=O)N[C@@H](Cc1c[nH]c2ccccc12)C(=O)OCc1cc(C(F)(F)F)cc(C(F)(F)F)c1,0.0016666666666666668,True
409,Oc1cccc(CNc2ccc3c(c2)[C@@]24CCCC[C@H]2[C@@H](C3)N(CC2CC2)CC4)c1,0,Oc1cccc(CNc2ccc3c(c2)[C@@]24CCCC[C@H]2[C@@H](C3)N(CC2CC2)CC4)c1,0.005,True
410,O=C(C1CC1)N(c1ccccc1)C1CCN(CCc2ccccc2)CC1,0,O=C(C1CC1)N(c1ccccc1)C1CCN(CCc2ccccc2)CC1,0.0,True
411,N[C@@H](Cc1ccc(O)cc1)C(=O)N[C@@H]1CSSC[C@@H](NC(=O)[C@@H](N)Cc2ccc(O)cc2)C(=O)NCC(=O)N[C@@H](Cc2ccc(F)cc2)C(=O)N2CCN(CC2)C(=O)[C@H](Cc2ccc(F)cc2)NC(=O)CNC1=O,0,N[C@@H](Cc1ccc(O)cc1)C(=O)N[C@@H]1CSSC[C@@H](NC(=O)[C@@H](N)Cc2ccc(O)cc2)C(=O)NCC(=O)N[C@@H](Cc2ccc(F)cc2)C(=O)N2CCN(CC2)C(=O)[C@H](Cc2ccc(F)cc2)NC(=O)CNC1=O,0.03166666666666667,True
412,Cc1nc2cc3c(cc2[nH]1)[C@@]1(C)CCN(CC2CC2)C(C3)[C@@H]1C,0,Cc1nc2cc3c(cc2[nH]1)[C@@]1(C)CCN(CC2CC2)C(C3)[C@@H]1C,0.07,True
413,CN1CCN(c2nc3ccccc3n2C2CCN(C3(CO)CCCCCCC3)CC2)CC1,0,CN1CCN(c2nc3ccccc3n2C2CCN(C3(CO)CCCCCCC3)CC2)CC1,0.07606695750676208,True
414,CN1CC[C@]23c4c5ccc(O)c4O[C@H]2[C@]2(CC[C@@]3(O)[C@H]1C5)O[C@H]1N3[C@H](OC1(C)C)C(C)(C)O[C@@H]32,0,CN1CC[C@]23c4c5ccc(O)c4O[C@H]2[C@]2(CC[C@@]3(O)[C@H]1C5)O[C@H]1N3[C@H](OC1(C)C)C(C)(C)O[C@@H]32,0.011666666666666667,True
415,CC1(N2CCC(n3c(-c4ccc(F)c(Cl)c4)nc4ccccc43)CC2)CCCCCCC1,0,CC1(N2CCC(n3c(-c4ccc(F)c(Cl)c4)nc4ccccc43)CC2)CCCCCCC1,0.0728826696769206,True
416,CO[C@@]12Cc3cc(-c4ccc(Cl)cc4)cnc3[C@@H]3Oc4c(O)ccc5c4[C@@]31CCN(C)[C@@H]2C5,0,CO[C@@]12Cc3cc(-c4ccc(Cl)cc4)cnc3[C@@H]3Oc4c(O)ccc5c4[C@@]31CCN(C)[C@@H]2C5,0.028333333333333332,True
417,CN(C)c1nc2cc3c(cc2s1)C[C@@H]1[C@@H]2CCCC[C@]32CCN1CC1CC1,0,CN(C)c1nc2cc3c(cc2s1)C[C@@H]1[C@@H]2CCCC[C@]32CCN1CC1CC1,0.015,True
418,COc1cccc(-c2cnc3c(c2)C[C@@]2(OCCCc4ccccc4)[C@H]4Cc5ccc(O)c6c5[C@@]2(CCN4CC2CC2)[C@H]3O6)c1,0,COc1cccc(-c2cnc3c(c2)C[C@@]2(OCCCc4ccccc4)[C@H]4Cc5ccc(O)c6c5[C@@]2(CCN4CC2CC2)[C@H]3O6)c1,0.013333333333333334,True
419,O=C(N[C@@H]1CC[C@@]2(O)[C@H]3Cc4ccc(O)c5c4[C@@]2(CCN3CC2CC2)[C@H]1O5)c1ccncc1Br,0,O=C(N[C@@H]1CC[C@@]2(O)[C@H]3Cc4ccc(O)c5c4[C@@]2(CCN3CC2CC2)[C@H]1O5)c1ccncc1Br,0.04666666666666667,True
420,CCCC1CCC(N2CCC(N3c4ccccc4CNS3(=O)=O)CC2)CC1,0,CCCC1CCC(N2CCC(N3c4ccccc4CNS3(=O)=O)CC2)CC1,0.25833333333333336,True
421,N[C@@H](Cc1ccc(O)cc1)C(=O)N[C@@H]1CSCc2ccccc2CSC[C@@H](NC(=O)[C@@H](N)Cc2ccc(O)cc2)C(=O)NCC(=O)N[C@@H](Cc2ccc(F)cc2)C(=O)N2CCN(CC2)C(=O)[C@H](Cc2ccc(F)cc2)NC(=O)CNC1=O,0,N[C@@H](Cc1ccc(O)cc1)C(=O)N[C@@H]1CSCc2ccccc2CSC[C@@H](NC(=O)[C@@H](N)Cc2ccc(O)cc2)C(=O)NCC(=O)N[C@@H](Cc2ccc(F)cc2)C(=O)N2CCN(CC2)C(=O)[C@H](Cc2ccc(F)cc2)NC(=O)CNC1=O,0.016666666666666666,True
422,O=C(N[C@@]12CCC(=O)[C@@H]3Oc4c(O)ccc5c4[C@@]31CCN(CC1CC1)[C@@H]2C5)c1cnc2ccccc2c1,0,O=C(N[C@@]12CCC(=O)[C@@H]3Oc4c(O)ccc5c4[C@@]31CCN(CC1CC1)[C@@H]2C5)c1cnc2ccccc2c1,0.17666666666666667,True
423,CC1C2Cc3ccc(C(N)=O)cc3C1(C)CCN2C,0,CC1C2Cc3ccc(C(N)=O)cc3C1(C)CCN2C,0.03333333333333333,True
424,NC(=O)Nc1ccc2c(c1)[C@@]13CCCC[C@H]1[C@@H](C2)N(CC1CCC1)CC3,0,NC(=O)Nc1ccc2c(c1)[C@@]13CCCC[C@H]1[C@@H](C2)N(CC1CCC1)CC3,0.005763804917372027,True
425,Oc1ccc2c3c1O[C@H]1c4ncc(-c5ccccc5)cc4C[C@@]4(OCCCC5CCCCC5)[C@@H](C2)N(CC2CC2)CC[C@]314,0,Oc1ccc2c3c1O[C@H]1c4ncc(-c5ccccc5)cc4C[C@@]4(OCCCC5CCCCC5)[C@@H](C2)N(CC2CC2)CC[C@]314,0.056666666666666664,True
426,C[C@@H](NC(=O)[C@@H](N)Cc1ccc(O)cc1)C(=O)NCC(=O)N(C)[C@@H](Cc1ccccc1)C(=O)NCCO,0,C[C@@H](NC(=O)[C@@H](N)Cc1ccc(O)cc1)C(=O)NCC(=O)N(C)[C@@H](Cc1ccccc1)C(=O)NCCO,0.0033333333333333335,True
427,Cc1cc(Cl)ccc1CN1CCC(n2c(=O)[nH]c3ccccc32)CC1,0,Cc1cc(Cl)ccc1CN1CCC(n2c(=O)[nH]c3ccccc32)CC1,0.005,True
428,COC1=CC=C2[C@H]3Cc4ccc(OC)c5c4[C@@]2(CCN3C)[C@H]1O5,0,COC1=CC=C2[C@H]3Cc4ccc(OC)c5c4[C@@]2(CCN3C)[C@H]1O5,0.03833333333333333,True
429,CCC(=O)N(c1ccccc1)C1CCN(C(C)Cc2cccs2)CC1,0,CCC(=O)N(c1ccccc1)C1CCN(C(C)Cc2cccs2)CC1,0.035,True
430,CN(C(=O)[C@@H]1CCCN1C(=O)[C@@H](N)Cc1ccc(O)cc1)[C@@H](Cc1ccccc1)C(=O)N1CCC[C@@H]1C(N)=O,0,CN(C(=O)[C@@H]1CCCN1C(=O)[C@@H](N)Cc1ccc(O)cc1)[C@@H](Cc1ccccc1)C(=O)N1CCC[C@@H]1C(N)=O,0.04833333333333333,True
431,O=C1CCC2(OCCCc3ccccc3)C3Cc4cccc5c4C2(CCN3CC2CC2)C1O5,0,O=C1CCC2(OCCCc3ccccc3)C3Cc4cccc5c4C2(CCN3CC2CC2)C1O5,0.19833333333333333,True
432,Oc1ccc2c3c1O[C@H]1c4ncc(-c5ccccc5)cc4C[C@@]4(OCCCCc5ccccc5)[C@@H](C2)N(CC2CC2)CC[C@]314,0,Oc1ccc2c3c1O[C@H]1c4ncc(-c5ccccc5)cc4C[C@@]4(OCCCCc5ccccc5)[C@@H](C2)N(CC2CC2)CC[C@]314,0.02666666666666667,True
433,Oc1ccc2c3c1O[C@H]1c4ncc(-c5ccncn5)cc4C[C@@]4(OCCCc5ccccc5)[C@@H](C2)N(CC2CC2)CC[C@]314,0,Oc1ccc2c3c1O[C@H]1c4ncc(-c5ccncn5)cc4C[C@@]4(OCCCc5ccccc5)[C@@H](C2)N(CC2CC2)CC[C@]314,0.025,True
434,CN1CC[C@]23Cc4c(c5ccccc5n4C)C[C@]2(Cc2ccc(O)cc23)C1,0,CN1CC[C@]23Cc4c(c5ccccc5n4C)C[C@]2(Cc2ccc(O)cc23)C1,0.056666666666666664,True
435,CC(C)C[C@H](NC(=O)[C@@H]1CCCN1C(=O)[C@H](Cc1ccccc1)NC(=O)CNC(=O)[C@@H](C)NC(=O)[C@@H](N)Cc1ccc(O)cc1)C(=O)N[C@@H](Cc1c[nH]c2ccccc12)C(=O)N(C)Cc1ccccc1,0,CC(C)C[C@H](NC(=O)[C@@H]1CCCN1C(=O)[C@H](Cc1ccccc1)NC(=O)CNC(=O)[C@@H](C)NC(=O)[C@@H](N)Cc1ccc(O)cc1)C(=O)N[C@@H](Cc1c[nH]c2ccccc12)C(=O)N(C)Cc1ccccc1,0.0,True
436,O=C(/C=C/C(=O)Oc1ccc2c(c1)[C@@]13CCCC[C@H]1[C@@H](C2)N(CC1CCC1)CC3)Oc1ccc2c(c1)[C@@]13CCCC[C@H]1[C@@H](C2)N(CC1CCC1)CC3,0,O=C(/C=C/C(=O)Oc1ccc2c(c1)[C@@]13CCCC[C@H]1[C@@H](C2)N(CC1CCC1)CC3)Oc1ccc2c(c1)[C@@]13CCCC[C@H]1[C@@H](C2)N(CC1CCC1)CC3,0.008333333333333333,True
437,CC[C@@H](NC(=O)[C@@H](N)Cc1ccc(O)cc1)C(=O)NCC(=O)N[C@@H](Cc1ccccc1)C(=O)N[C@@H](CC(C)C)C(=O)NCC(=O)N(c1ccccc1)C1CCN(CCc2ccccc2)CC1,0,CC[C@@H](NC(=O)[C@@H](N)Cc1ccc(O)cc1)C(=O)NCC(=O)N[C@@H](Cc1ccccc1)C(=O)N[C@@H](CC(C)C)C(=O)NCC(=O)N(c1ccccc1)C1CCN(CCc2ccccc2)CC1,0.0016666666666666668,True
438,Oc1ccccc1CNc1ccc2c(c1)[C@@]13CCCC[C@H]1[C@@H](C2)N(CC1CC1)CC3,0,Oc1ccccc1CNc1ccc2c(c1)[C@@]13CCCC[C@H]1[C@@H](C2)N(CC1CC1)CC3,0.0,True
439,CO[C@]12CC[C@@]3(C[C@@H]1[C@](C)(O)c1ccc(Cl)s1)[C@H]1Cc4ccc(O)c5c4[C@@]3(CCN1CC1CC1)[C@H]2O5,0,CO[C@]12CC[C@@]3(C[C@@H]1[C@](C)(O)c1ccc(Cl)s1)[C@H]1Cc4ccc(O)c5c4[C@@]3(CCN1CC1CC1)[C@H]2O5,0.1,True
440,CCCC1(c2cccc(O)c2)CCN(C)CC1C,0,CCCC1(c2cccc(O)c2)CCN(C)CC1C,0.08333333333333333,True
441,O=C1N[C@@H]2CCCC[C@H]2N1C1CCN(CCC(c2ccccc2)c2ccccc2)CC1,0,O=C1N[C@@H]2CCCC[C@H]2N1C1CCN(CCC(c2ccccc2)c2ccccc2)CC1,0.19978867852361828,True
442,Cc1cc(O)cc(C)c1C[C@H](N)C(=O)N[C@H](CCCCN)C(=O)N[C@@H](Cc1ccccc1)C(=O)N[C@@H](Cc1ccccc1)C(=O)N[C@@H](CCCCN)C(=O)N[C@@H](CCCCN)C(=O)N1CCC[C@H]1C(=O)N[C@@H](Cc1ccccc1)C(=O)N[C@H](C(=O)N[C@@H](CC(C)C)C(=O)O)C(C)(C)C,0,Cc1cc(O)cc(C)c1C[C@H](N)C(=O)N[C@H](CCCCN)C(=O)N[C@@H](Cc1ccccc1)C(=O)N[C@@H](Cc1ccccc1)C(=O)N[C@@H](CCCCN)C(=O)N[C@@H](CCCCN)C(=O)N1CCC[C@H]1C(=O)N[C@@H](Cc1ccccc1)C(=O)N[C@H](C(=O)N[C@@H](CC(C)C)C(=O)O)C(C)(C)C,0.02961642905634759,True
443,CN(C)C1(CNC(=O)c2ccc(Cl)c(Cl)c2)CCCCC1,0,CN(C)C1(CNC(=O)c2ccc(Cl)c(Cl)c2)CCCCC1,0.06461812627291243,True
444,C[C@H]1C2Cc3cc4cc[nH]c(=O)c4cc3[C@@]1(C)CCN2CC1CC1,0,C[C@H]1C2Cc3cc4cc[nH]c(=O)c4cc3[C@@]1(C)CCN2CC1CC1,0.085,True
445,COC(=O)[C@@H]1C[C@H](OC(=O)c2ccccc2)C(=O)[C@H]2[C@@]1(C)CC[C@H]1C(=O)O[C@H](c3ccoc3)C[C@]21C,0,COC(=O)[C@@H]1C[C@H](OC(=O)c2ccccc2)C(=O)[C@H]2[C@@]1(C)CC[C@H]1C(=O)O[C@H](c3ccoc3)C[C@]21C,0.0,True
446,COC(=O)[C@@H]1C[C@H](OC(=O)c2ccsc2)C(=O)[C@H]2[C@@]1(C)CC[C@H]1C(=O)O[C@H](c3ccoc3)C[C@]21C,0,COC(=O)[C@@H]1C[C@H](OC(=O)c2ccsc2)C(=O)[C@H]2[C@@]1(C)CC[C@H]1C(=O)O[C@H](c3ccoc3)C[C@]21C,0.01,True
447,O=C(CNC(=O)c1ccncc1)N[C@@H]1CC[C@@]2(O)[C@H]3Cc4ccc(O)c5c4[C@@]2(CCN3CC2CC2)[C@H]1O5,0,O=C(CNC(=O)c1ccncc1)N[C@@H]1CC[C@@]2(O)[C@H]3Cc4ccc(O)c5c4[C@@]2(CCN3CC2CC2)[C@H]1O5,0.023333333333333334,True
448,CC(CCCCCCC(C)C(=O)Oc1ccc2c(c1)[C@@]13CCCC[C@H]1[C@@H](C2)N(CC1CCC1)CC3)C(=O)Oc1ccc2c(c1)[C@@]13CCCC[C@H]1[C@@H](C2)N(CC1CCC1)CC3,0,CC(CCCCCCC(C)C(=O)Oc1ccc2c(c1)[C@@]13CCCC[C@H]1[C@@H](C2)N(CC1CCC1)CC3)C(=O)Oc1ccc2c(c1)[C@@]13CCCC[C@H]1[C@@H](C2)N(CC1CCC1)CC3,0.006666666666666667,True
449,CCC(=O)C(CCN(C)C)(c1ccccc1)c1ccccc1,0,CCC(=O)C(CCN(C)C)(c1ccccc1)c1ccccc1,0.028333333333333332,True
450,O=c1[nH]c2cc(Cl)c(Cl)cc2n1C1CCN(Cc2ccc(Br)cc2)CC1,0,O=c1[nH]c2cc(Cl)c(Cl)cc2n1C1CCN(Cc2ccc(Br)cc2)CC1,0.0,True
451,CCC(=O)N(c1ccccc1)[C@@]1(C(=O)OC)CCN(CCc2ccccc2)C[C@H]1C,0,CCC(=O)N(c1ccccc1)[C@@]1(C(=O)OC)CCN(CCc2ccccc2)C[C@H]1C,0.035,True
452,CCCCCCC(=O)N[C@@]12Cc3c([nH]c4ccccc34)[C@@H]3Oc4c(O)ccc5c4[C@@]31CCN(C)C2C5,0,CCCCCCC(=O)N[C@@]12Cc3c([nH]c4ccccc34)[C@@H]3Oc4c(O)ccc5c4[C@@]31CCN(C)C2C5,0.01,True
453,CO[C@]12CC[C@@]3(C[C@@H]1[C@](C)(O)c1cccc(C)c1)[C@H]1Cc4ccc(O)c5c4[C@@]3(CCN1CC1CC1)[C@H]2O5,0,CO[C@]12CC[C@@]3(C[C@@H]1[C@](C)(O)c1cccc(C)c1)[C@H]1Cc4ccc(O)c5c4[C@@]3(CCN1CC1CC1)[C@H]2O5,0.08,True
454,CCn1c(=O)n([C@@H]2CCN3[C@H](CCC[C@H]3c3ccccc3)C2)c2ccccc21,0,CCn1c(=O)n([C@@H]2CCN3[C@H](CCC[C@H]3c3ccccc3)C2)c2ccccc21,0.07166666666666667,True
455,CO[C@]12C=C[C@@]3(C[C@@H]1[C@@](C)(O)CCc1ccccc1)[C@H]1Cc4ccc(O)c5c4[C@@]3(CCN1C)[C@H]2O5,0,CO[C@]12C=C[C@@]3(C[C@@H]1[C@@](C)(O)CCc1ccccc1)[C@H]1Cc4ccc(O)c5c4[C@@]3(CCN1C)[C@H]2O5,0.021666666666666667,True
456,CC(C)Oc1ccc(C(C)N2CCC(n3c(=O)[nH]c4ccccc43)CC2)cc1,0,CC(C)Oc1ccc(C(C)N2CCC(n3c(=O)[nH]c4ccccc43)CC2)cc1,0.0033333333333333335,True
457,CNc1nc2c(s1)C[C@H]1[C@H]3Cc4ccc(O)cc4[C@@]1(CCN3CC1CC1)C2,0,CNc1nc2c(s1)C[C@H]1[C@H]3Cc4ccc(O)cc4[C@@]1(CCN3CC1CC1)C2,0.0033333333333333335,True
458,CCC1C(=O)N(C2CCN(Cc3cccc4[nH]ccc34)CC2)c2ccccc21,0,CCC1C(=O)N(C2CCN(Cc3cccc4[nH]ccc34)CC2)c2ccccc21,0.06666666666666667,True
459,CC(c1ccc2c(c1)OCO2)N1CCC(n2c(=O)[nH]c3ccccc32)CC1,0,CC(c1ccc2c(c1)OCO2)N1CCC(n2c(=O)[nH]c3ccccc32)CC1,0.005,True
460,CCC(=O)N(Cc1cccs1)C1(C(=O)NCCc2cccc(F)c2)CCN(CCc2ccccc2)CC1,0,CCC(=O)N(Cc1cccs1)C1(C(=O)NCCc2cccc(F)c2)CCN(CCc2ccccc2)CC1,0.0016666666666666668,True
461,Oc1ccc2c(c1)[C@@]13CCCC[C@H]1[C@@H](C2)N(CC1CCC1)CC3,0,Oc1ccc2c(c1)[C@@]13CCCC[C@H]1[C@@H](C2)N(CC1CCC1)CC3,0.016666666666666666,True
462,CSCC[C@H](NC(=O)[C@H](Cc1ccccc1)NC(=O)CNC(=O)CNC(=O)[C@@H](N)Cc1ccc(O)cc1)C(=O)O,0,CSCC[C@H](NC(=O)[C@H](Cc1ccccc1)NC(=O)CNC(=O)CNC(=O)[C@@H](N)Cc1ccc(O)cc1)C(=O)O,0.0016666666666666668,True
463,CCC(=O)N(Cc1ccccc1)C1(C(=O)NCCc2cccc(F)c2)CCN(CCc2ccccc2)CC1,0,CCC(=O)N(Cc1ccccc1)C1(C(=O)NCCc2cccc(F)c2)CCN(CCc2ccccc2)CC1,0.0,True
464,Oc1ccc2c(c1)[C@]13CCN(CC4CC4)[C@H](C2)[C@]1(O)CCc1cc2ccccc2nc1C3,0,Oc1ccc2c(c1)[C@]13CCN(CC4CC4)[C@H](C2)[C@]1(O)CCc1cc2ccccc2nc1C3,0.12833333333333333,True
465,Cc1cc(O)cc(C)c1C[C@H](N)[C@@H](O)C/C=C/[C@H](O)[C@@H](Cc1ccccc1)C(=O)OCCc1ccccc1,0,Cc1cc(O)cc(C)c1C[C@H](N)[C@@H](O)C/C=C/[C@H](O)[C@@H](Cc1ccccc1)C(=O)OCCc1ccccc1,0.008333333333333333,True
466,O=C(CCc1ccccn1)N[C@@]12CCC(=O)[C@@H]3Oc4c(O)ccc5c4[C@@]31CCN(CC1CC1)[C@@H]2C5,0,O=C(CCc1ccccn1)N[C@@]12CCC(=O)[C@@H]3Oc4c(O)ccc5c4[C@@]31CCN(CC1CC1)[C@@H]2C5,0.20833333333333334,True
467,Oc1ccc2c3c1O[C@H]1c4ncc(-c5ccncc5)cc4C[C@@]4(OCCCc5ccccc5)[C@@H](C2)N(CC2CC2)CC[C@]314,0,Oc1ccc2c3c1O[C@H]1c4ncc(-c5ccncc5)cc4C[C@@]4(OCCCc5ccccc5)[C@@H](C2)N(CC2CC2)CC[C@]314,0.12666666666666668,True
468,O=c1[nH]c2ccc(Cl)cc2n1C1CCN(Cc2ccc(Br)cc2F)CC1,0,O=c1[nH]c2ccc(Cl)cc2n1C1CCN(Cc2ccc(Br)cc2F)CC1,0.0033333333333333335,True
469,O=C1[C@H]2O[C@@]34CC[C@@]5(OCOc6c(O)ccc7c6[C@@]3(CCN(CC3CC3)[C@@H]4C7)[C@H]25)N1CCc1ccccc1,0,O=C1[C@H]2O[C@@]34CC[C@@]5(OCOc6c(O)ccc7c6[C@@]3(CCN(CC3CC3)[C@@H]4C7)[C@H]25)N1CCc1ccccc1,0.03333333333333333,True
470,CCCC[C@H](NC(=O)[C@H](CC(=O)O)NC(=O)[C@H](Cc1ccccc1)NN[C@@H](Cc1ccccc1)C(=O)NCC(=O)N[C@H](C)C(=O)N[C@@H](Cc1ccc(O)cc1)C(=O)O)C(=O)N[C@H](Cc1cn(C(=O)OC23CC4CC(CC(C4)C2)C3)c2ccccc12)C(=O)O,0,CCCC[C@H](NC(=O)[C@H](CC(=O)O)NC(=O)[C@H](Cc1ccccc1)NN[C@@H](Cc1ccccc1)C(=O)NCC(=O)N[C@H](C)C(=O)N[C@@H](Cc1ccc(O)cc1)C(=O)O)C(=O)N[C@H](Cc1cn(C(=O)OC23CC4CC(CC(C4)C2)C3)c2ccccc12)C(=O)O,0.015,True
471,NC(=O)c1ccc2c(c1O)[C@@]13CCCC[C@@]1(O)[C@@H](C2)N(CC1CC1)CC3,0,NC(=O)c1ccc2c(c1O)[C@@]13CCCC[C@@]1(O)[C@@H](C2)N(CC1CC1)CC3,0.3006573544188951,True
472,Oc1ccc2c3c1O[C@H]1c4ncc(-c5cccnc5)cc4C[C@@]4(OCCCc5ccccc5)[C@@H](C2)N(CC2CC2)CC[C@]314,0,Oc1ccc2c3c1O[C@H]1c4ncc(-c5cccnc5)cc4C[C@@]4(OCCCc5ccccc5)[C@@H](C2)N(CC2CC2)CC[C@]314,0.035,True
473,O=C(CCCCCCC(=O)Oc1ccc2c(c1)[C@@]13CCCC[C@H]1[C@@H](C2)N(CC1CCC1)CC3)Oc1ccc2c(c1)[C@@]13CCCC[C@H]1[C@@H](C2)N(CC1CCC1)CC3,0,O=C(CCCCCCC(=O)Oc1ccc2c(c1)[C@@]13CCCC[C@H]1[C@@H](C2)N(CC1CCC1)CC3)Oc1ccc2c(c1)[C@@]13CCCC[C@H]1[C@@H](C2)N(CC1CCC1)CC3,0.0,True
474,CCC(=O)N(Cc1cccnc1)C1(C(=O)NCCc2cccc(F)c2)CCN(CCc2ccccc2)CC1,0,CCC(=O)N(Cc1cccnc1)C1(C(=O)NCCc2cccc(F)c2)CCN(CCc2ccccc2)CC1,0.0,True
475,CCC(=O)N(c1ccccc1)C1(C(=O)OC)CCN(CCC(=O)OC)CC1,0,CCC(=O)N(c1ccccc1)C1(C(=O)OC)CCN(CCC(=O)OC)CC1,0.006666666666666667,True
476,O=C1C[C@]23CCN(CC4CC4)[C@H](Cc4ccc(O)cc42)[C@]3(O)CC/C1=C/c1ccccc1,0,O=C1C[C@]23CCN(CC4CC4)[C@H](Cc4ccc(O)cc42)[C@]3(O)CC/C1=C/c1ccccc1,0.09666666666666666,True
477,CC1(C)C(C(=O)N(c2ccccc2)C2CCN(CCc3ccccc3)CC2)C1(C)C,0,CC1(C)C(C(=O)N(c2ccccc2)C2CCN(CCc3ccccc3)CC2)C1(C)C,0.005,True
478,CC(C)C[C@H](NC(=O)[C@@H]1CCCN1C(=O)[C@H](Cc1ccccc1)NC(=O)CNC(=O)[C@@H](C)NC(=O)[C@@H](N)Cc1ccc(O)cc1)C(=O)N[C@@H](Cc1c[nH]c2ccccc12)C(=O)NCc1cc(C(F)(F)F)cc(C(F)(F)F)c1,0,CC(C)C[C@H](NC(=O)[C@@H]1CCCN1C(=O)[C@H](Cc1ccccc1)NC(=O)CNC(=O)[C@@H](C)NC(=O)[C@@H](N)Cc1ccc(O)cc1)C(=O)N[C@@H](Cc1c[nH]c2ccccc12)C(=O)NCc1cc(C(F)(F)F)cc(C(F)(F)F)c1,0.0,True
479,C[C@@H](Cc1ccsc1)NC(=O)NC[C@H](Cc1ccc(O)cc1)N(C)C,0,C[C@@H](Cc1ccsc1)NC(=O)NC[C@H](Cc1ccc(O)cc1)N(C)C,0.03666666666666667,True
480,O=C(/C=C/C=C/C(=O)Oc1ccc2c(c1)[C@@]13CCCCC1[C@@H](C2)N(CC1CCC1)CC3)Oc1ccc2c(c1)[C@@]13CCCCC1[C@@H](C2)N(CC1CCC1)CC3,0,O=C(/C=C/C=C/C(=O)Oc1ccc2c(c1)[C@@]13CCCCC1[C@@H](C2)N(CC1CCC1)CC3)Oc1ccc2c(c1)[C@@]13CCCCC1[C@@H](C2)N(CC1CCC1)CC3,0.023333333333333334,True
481,CN(C)[C@@H]1CCCC[C@H]1N(C)C(=O)c1ccc(Cl)c(Cl)c1,0,CN(C)[C@@H]1CCCC[C@H]1N(C)C(=O)c1ccc(Cl)c(Cl)c1,0.08666666666666667,True
482,COc1ccsc1CNCC[C@@]1(c2ccccn2)CCOC2(CCCC2)C1,0,COc1ccsc1CNCC[C@@]1(c2ccccn2)CCOC2(CCCC2)C1,0.09333333333333334,True
483,CC(C)C[C@H](NC(=O)[C@H](Cc1ccccc1)NC(=O)CNC(=O)[C@@H](C)NC(=O)[C@@H](N)Cc1ccc(O)cc1)C(=O)N[C@@H](CCCNC(=N)N)C(=O)N[C@@H](CCC(=O)NCCCCCC(=O)N(c1ccccc1)C1CCN(CCc2ccccc2)CC1)C(=O)N[C@@H](Cc1c(F)c(F)c(F)c(F)c1F)C(N)=O,0,CC(C)C[C@H](NC(=O)[C@H](Cc1ccccc1)NC(=O)CNC(=O)[C@@H](C)NC(=O)[C@@H](N)Cc1ccc(O)cc1)C(=O)N[C@@H](CCCNC(=N)N)C(=O)N[C@@H](CCC(=O)NCCCCCC(=O)N(c1ccccc1)C1CCN(CCc2ccccc2)CC1)C(=O)N[C@@H](Cc1c(F)c(F)c(F)c(F)c1F)C(N)=O,0.0016666666666666668,True
484,C[C@H]1C2Cc3ccc(C(=O)NCCCc4ccc5ccccc5c4)cc3[C@@]1(C)CCN2CC1CC1,0,C[C@H]1C2Cc3ccc(C(=O)NCCCc4ccc5ccccc5c4)cc3[C@@]1(C)CCN2CC1CC1,0.11176089842699952,True
485,C[C@H]1C2Cc3ccc(C(=O)NCCc4ccc(-c5cccnc5)cc4)cc3[C@@]1(C)CCN2CC1CC1,0,C[C@H]1C2Cc3ccc(C(=O)NCCc4ccc(-c5cccnc5)cc4)cc3[C@@]1(C)CCN2CC1CC1,0.0755036956734266,True
486,CN(C)Cc1ccccc1-c1cnc2c(c1)C[C@@]1(OCCCc3ccccc3)[C@H]3Cc4ccc(O)c5c4[C@@]1(CCN3CC1CC1)[C@H]2O5,0,CN(C)Cc1ccccc1-c1cnc2c(c1)C[C@@]1(OCCCc3ccccc3)[C@H]3Cc4ccc(O)c5c4[C@@]1(CCN3CC1CC1)[C@H]2O5,0.005,True
487,C/C=C1\C[C@@]23Cc4c([nH]c5ccccc45)[C@@H]1[C@@]21CCN(C)C3Cc2ccc(OC)c(O)c21,0,C/C=C1\C[C@@]23Cc4c([nH]c5ccccc45)[C@@H]1[C@@]21CCN(C)C3Cc2ccc(OC)c(O)c21,0.006666666666666667,True
488,Cc1ncc2c(n1)C1Oc3c(O)ccc4c3C13CCN(C)C(C4)C3(O)C2,0,Cc1ncc2c(n1)C1Oc3c(O)ccc4c3C13CCN(C)C(C4)C3(O)C2,0.01,True
489,Oc1nc2ccccc2n1[C@@H]1CCN2[C@H](CCC[C@H]2c2ccccc2)C1,0,Oc1nc2ccccc2n1[C@@H]1CCN2[C@H](CCC[C@H]2c2ccccc2)C1,0.04666666666666667,True
490,Nc1nc2cc3c(cc2s1)C[C@@H]1[C@@H]2CCCC[C@]32CCN1CC1CCC1,0,Nc1nc2cc3c(cc2s1)C[C@@H]1[C@@H]2CCCC[C@]32CCN1CC1CCC1,0.0,True
491,CN(C)[C@]1(c2ccccc2)CC[C@@H](NC(=O)NCCCc2ccccc2)CC1,0,CN(C)[C@]1(c2ccccc2)CC[C@@H](NC(=O)NCCCc2ccccc2)CC1,0.07833333333333334,True
492,CC(C)CC(NC(=O)C(Cc1ccccc1)NC(=O)CNC(=O)CNC(=O)C(N)Cc1ccc(O)cc1)C(=O)O,0,CC(C)CC(NC(=O)C(Cc1ccccc1)NC(=O)CNC(=O)CNC(=O)C(N)Cc1ccc(O)cc1)C(=O)O,0.0016666666666666668,True
493,Oc1ccc2c3c1O[C@H]1[C@@H](O)C=C[C@H]4[C@@H](C2)NCC[C@@]341,0,Oc1ccc2c3c1O[C@H]1[C@@H](O)C=C[C@H]4[C@@H](C2)NCC[C@@]341,0.08166666666666667,True
494,C[C@H]1c2c(c3c(n2Cc2ccccc2)[C@@H]2Oc4c(O)ccc5c4[C@@]24CCN(C)[C@H](C5)[C@]4(O)C3)CC2(O)[C@H]3Cc4ccc(O)c(O)c4[C@@]12CCN3C,0,C[C@H]1c2c(c3c(n2Cc2ccccc2)[C@@H]2Oc4c(O)ccc5c4[C@@]24CCN(C)[C@H](C5)[C@]4(O)C3)CC2(O)[C@H]3Cc4ccc(O)c(O)c4[C@@]12CCN3C,0.03333333333333333,True
495,CN(C)[C@H](Cc1ccccc1)c1ccccc1,0,CN(C)[C@H](Cc1ccccc1)c1ccccc1,0.01,True
496,Nc1nc2cc3c(cc2s1)C[C@@H]1[C@@H]2CCCC[C@]32CCN1CC1CC1,0,Nc1nc2cc3c(cc2s1)C[C@@H]1[C@@H]2CCCC[C@]32CCN1CC1CC1,0.0016666666666666668,True
497,CCN[C@H]1C[C@H]2C[C@@](c3cccc(O)c3)(C1)[C@H](C)CN2CCCc1ccccc1,0,CCN[C@H]1C[C@H]2C[C@@](c3cccc(O)c3)(C1)[C@H](C)CN2CCCc1ccccc1,0.04833333333333333,True
498,CCOc1ccc(CN2Cc3ccccc3C2)cc1CNC(=O)[C@@H](N)Cc1c(C)cc(O)cc1C,0,CCOc1ccc(CN2Cc3ccccc3C2)cc1CNC(=O)[C@@H](N)Cc1c(C)cc(O)cc1C,0.021666666666666667,True
499,CC(c1ccc(Cl)cc1F)N1CCC(n2c(=O)[nH]c3ccccc32)CC1,0,CC(c1ccc(Cl)cc1F)N1CCC(n2c(=O)[nH]c3ccccc32)CC1,0.0016666666666666668,True
500,C=CCC1CN(C)CCC1(OC(=O)CC)c1ccccc1,0,C=CCC1CN(C)CCC1(OC(=O)CC)c1ccccc1,0.04833333333333333,True
501,CN1CC[C@]23c4c5ccc(O)c4O[C@H]2CCC[C@H]3[C@H]1C5,0,CN1CC[C@]23c4c5ccc(O)c4O[C@H]2CCC[C@H]3[C@H]1C5,0.016666666666666666,True
502,Cc1cc(-c2cnc3c(c2)C[C@@]2(OCCCc4ccccc4)[C@H]4Cc5ccc(O)c6c5[C@@]2(CCN4CC2CC2)[C@H]3O6)ccn1,0,Cc1cc(-c2cnc3c(c2)C[C@@]2(OCCCc4ccccc4)[C@H]4Cc5ccc(O)c6c5[C@@]2(CCN4CC2CC2)[C@H]3O6)ccn1,0.005,True
503,CCOC(=O)C1(CCc2ccccc2)CCN(Cc2ccc(NC(C)=O)cc2)CC1,0,CCOC(=O)C1(CCc2ccccc2)CCN(Cc2ccc(NC(C)=O)cc2)CC1,0.021666666666666667,True
504,O=c1[nH]c2cccc(Cl)c2n1C1CCN(Cc2ccccc2Cl)CC1,0,O=c1[nH]c2cccc(Cl)c2n1C1CCN(Cc2ccccc2Cl)CC1,0.016666666666666666,True
505,Oc1cccc(CCN(CCc2ccccc2)CC2CCC2)c1,0,Oc1cccc(CCN(CCc2ccccc2)CC2CCC2)c1,0.021666666666666667,True
506,CN1CC[C@]23c4c5ccc(O)c4O[C@H]2c2[nH]c4ccccc4c2C[C@@]3(NC(=O)Cc2ccccc2)C1C5,0,CN1CC[C@]23c4c5ccc(O)c4O[C@H]2c2[nH]c4ccccc4c2C[C@@]3(NC(=O)Cc2ccccc2)C1C5,0.008333333333333333,True
507,CCC(COC(=O)c1cc(OC)c(OC)c(OC)c1)(c1ccccc1)N(C)C,0,CCC(COC(=O)c1cc(OC)c(OC)c(OC)c1)(c1ccccc1)N(C)C,0.04666666666666667,True
508,O=C(CCCCCCCCC(=O)Oc1ccc2c3c1O[C@H]1C(=O)CC[C@@]4(O)[C@@H](C2)N(CC2CC2)CC[C@]314)Oc1ccc2c(c1)[C@@]13CCCCC1[C@@H](C2)N(CC1CCC1)CC3,0,O=C(CCCCCCCCC(=O)Oc1ccc2c3c1O[C@H]1C(=O)CC[C@@]4(O)[C@@H](C2)N(CC2CC2)CC[C@]314)Oc1ccc2c(c1)[C@@]13CCCCC1[C@@H](C2)N(CC1CCC1)CC3,0.09666666666666666,True
509,COC(=O)[C@@H]1C[C@H](OC(=O)c2ccc([N+](=O)[O-])cc2)C(=O)[C@H]2[C@@]1(C)CC[C@H]1C(=O)O[C@H](c3ccoc3)C[C@]21C,0,COC(=O)[C@@H]1C[C@H](OC(=O)c2ccc([N+](=O)[O-])cc2)C(=O)[C@H]2[C@@]1(C)CC[C@H]1C(=O)O[C@H](c3ccoc3)C[C@]21C,0.005,True
510,N#CC(CCN1CCC(C(=O)O)(c2ccccc2)CC1)(c1ccccc1)c1ccccc1,0,N#CC(CCN1CCC(C(=O)O)(c2ccccc2)CC1)(c1ccccc1)c1ccccc1,0.02,True
511,Oc1cccc(CCN(CCc2ccccc2)CC2CC2)c1,0,Oc1cccc(CCN(CCc2ccccc2)CC2CC2)c1,0.016666666666666666,True
512,Oc1cccc(CNc2ccc3c(c2)[C@@]24CCCC[C@H]2[C@@H](C3)N(CC2CCC2)CC4)c1,0,Oc1cccc(CNc2ccc3c(c2)[C@@]24CCCC[C@H]2[C@@H](C3)N(CC2CCC2)CC4)c1,0.0016666666666666668,True
513,CCC(=O)N(c1ccccc1)C1CCN(CC(O)c2ccccc2)CC1,0,CCC(=O)N(c1ccccc1)C1CCN(CC(O)c2ccccc2)CC1,0.0033333333333333335,True
514,CO[C@@]12CCC[C@@H]3Oc4c(O)ccc5c4[C@@]31CCN(C)[C@@H]2C5,0,CO[C@@]12CCC[C@@H]3Oc4c(O)ccc5c4[C@@]31CCN(C)[C@@H]2C5,0.015,True
515,O=c1[nH]c2cc(Cl)c(Cl)cc2n1C1CCN(Cc2ccc(Br)cc2F)CC1,0,O=c1[nH]c2cc(Cl)c(Cl)cc2n1C1CCN(Cc2ccc(Br)cc2F)CC1,0.0016666666666666668,True
516,Nc1nc2cc3c(cc2s1)C[C@@H]1[C@@H]2CCCC[C@]32CCN1CCCF,0,Nc1nc2cc3c(cc2s1)C[C@@H]1[C@@H]2CCCC[C@]32CCN1CCCF,0.0016666666666666668,True
517,CN1CC[C@]23c4c5ccc(O)c4O[C@H]2CCC[C@@]3(OCc2ccccc2)[C@H]1C5,0,CN1CC[C@]23c4c5ccc(O)c4O[C@H]2CCC[C@@]3(OCc2ccccc2)[C@H]1C5,0.021666666666666667,True
518,CC(C)=CC[C@@]12Cc3c([nH]c4ccccc34)[C@]3(C)Oc4c(O)ccc5c4[C@]13CCN(C)C2C5,0,CC(C)=CC[C@@]12Cc3c([nH]c4ccccc34)[C@]3(C)Oc4c(O)ccc5c4[C@]13CCN(C)C2C5,0.018333333333333333,True
519,CNc1nc2c(s1)C[C@H]1[C@H]3Cc4ccc(OC)cc4[C@@]1(CCN3CC1CC1)C2,0,CNc1nc2c(s1)C[C@H]1[C@H]3Cc4ccc(OC)cc4[C@@]1(CCN3CC1CC1)C2,0.008333333333333333,True
520,C=CCN1C[C@H](C)N([C@H](c2ccc(C(=O)N(CC)CC)cc2)c2cccc(O)c2)C[C@H]1C,0,C=CCN1C[C@H](C)N([C@H](c2ccc(C(=O)N(CC)CC)cc2)c2cccc(O)c2)C[C@H]1C,0.14166666666666666,True
521,NC(=O)[C@H](Cc1ccccc1)NC(=O)[C@H](Cc1c[nH]c2ccccc12)NC(=O)[C@@H]1CCCN1C(=O)[C@@H](N)Cc1ccc(O)cc1,0,NC(=O)[C@H](Cc1ccccc1)NC(=O)[C@H](Cc1c[nH]c2ccccc12)NC(=O)[C@@H]1CCCN1C(=O)[C@@H](N)Cc1ccc(O)cc1,0.025,True
522,CCC1(c2cccc(O)c2)CCCCN(C)C1,0,CCC1(c2cccc(O)c2)CCCCN(C)C1,0.045,True
523,O=C(O[C@@]12CCC(=O)[C@@H]3Oc4c(O)ccc5c4[C@@]31CCN(CC1CC1)[C@@H]2C5)c1cnc2ccccc2c1,0,O=C(O[C@@]12CCC(=O)[C@@H]3Oc4c(O)ccc5c4[C@@]31CCN(CC1CC1)[C@@H]2C5)c1cnc2ccccc2c1,0.32166666666666666,True
524,CCCC[C@@H](C(=O)N[C@H](Cc1cn(C(=O)OC(C)(C)C)c2ccccc12)C(=O)O)N(C)C(=O)[C@H](CC(=O)O)NC(=O)[C@H](Cc1ccccc1)NN[C@@H](Cc1ccccc1)C(=O)NCC(=O)N[C@H](C)C(=O)N[C@@H](Cc1ccc(O)cc1)C(=O)O,0,CCCC[C@@H](C(=O)N[C@H](Cc1cn(C(=O)OC(C)(C)C)c2ccccc12)C(=O)O)N(C)C(=O)[C@H](CC(=O)O)NC(=O)[C@H](Cc1ccccc1)NN[C@@H](Cc1ccccc1)C(=O)NCC(=O)N[C@H](C)C(=O)N[C@@H](Cc1ccc(O)cc1)C(=O)O,0.0016666666666666668,True
525,COc1cccc(CNc2ccc3c(c2)[C@@]24CCCC[C@H]2[C@@H](C3)N(CC2CC2)CC4)c1,0,COc1cccc(CNc2ccc3c(c2)[C@@]24CCCC[C@H]2[C@@H](C3)N(CC2CC2)CC4)c1,0.0,True
526,O=C(Nc1ccccc1)Oc1ccc2c(c1)C13CCCCC1C(C2)N(CC1CC1)CC3,0,O=C(Nc1ccccc1)Oc1ccc2c(c1)C13CCCCC1C(C2)N(CC1CC1)CC3,0.018333333333333333,True
527,O=C(NCc1ccccc1)Oc1ccc2c(c1)C13CCCCC1C(C2)N(CC1CC1)CC3,0,O=C(NCc1ccccc1)Oc1ccc2c(c1)C13CCCCC1C(C2)N(CC1CC1)CC3,0.023333333333333334,True
528,Cc1cc(O)cc(C)c1C[C@H](N)[C@@H](O)C/C=C/[C@H](O)[C@@H](Cc1ccccc1)C(=O)O[C@@H](Cc1ccccc1)C(N)=O,0,Cc1cc(O)cc(C)c1C[C@H](N)[C@@H](O)C/C=C/[C@H](O)[C@@H](Cc1ccccc1)C(=O)O[C@@H](Cc1ccccc1)C(N)=O,0.018333333333333333,True
529,CO[C@@]12CCCC[C@@]13CCN(CC1CCC1)[C@@H]2Cc1ccc(OC(=O)CCCCCCCCC(=O)OCc2ccccc2)cc13,0,CO[C@@]12CCCC[C@@]13CCN(CC1CCC1)[C@@H]2Cc1ccc(OC(=O)CCCCCCCCC(=O)OCc2ccccc2)cc13,0.02,True
530,CCOCCN1CC[C@]23Cc4nc5ccccc5cc4C[C@@]2(O)[C@H]1Cc1ccc(O)cc13,0,CCOCCN1CC[C@]23Cc4nc5ccccc5cc4C[C@@]2(O)[C@H]1Cc1ccc(O)cc13,0.09166666666666666,True
531,O=C(CCCCCCCCC(=O)Oc1ccc2c(c1)[C@@]13CCCCC1[C@@H](C2)N(CC1CCC1)CC3)Nc1ccc2c(c1)[C@@]13CCCCC1[C@@H](C2)N(CC1CCC1)CC3,0,O=C(CCCCCCCCC(=O)Oc1ccc2c(c1)[C@@]13CCCCC1[C@@H](C2)N(CC1CCC1)CC3)Nc1ccc2c(c1)[C@@]13CCCCC1[C@@H](C2)N(CC1CCC1)CC3,0.0033333333333333335,True
532,CC(=O)N(c1ccccc1)C1CCN(C(C)Cc2ccccc2)CC1,0,CC(=O)N(c1ccccc1)C1CCN(C(C)Cc2ccccc2)CC1,0.02666666666666667,True
533,O=C(N[C@@H]1CC[C@@]2(O)[C@H]3Cc4ccc(O)c5c4[C@@]2(CCN3CC2CC2)[C@H]1O5)c1ccnnc1,0,O=C(N[C@@H]1CC[C@@]2(O)[C@H]3Cc4ccc(O)c5c4[C@@]2(CCN3CC2CC2)[C@H]1O5)c1ccnnc1,0.02666666666666667,True
534,CN(C(=O)Cc1ccc(Cl)c(Cl)c1)[C@H](CN1CCCC1)c1ccccc1,0,CN(C(=O)Cc1ccc(Cl)c(Cl)c1)[C@H](CN1CCCC1)c1ccccc1,0.02,True
535,CCC(=O)N(c1ccccc1)C1CCN(CC(O)c2ccccc2)CC1C,0,CCC(=O)N(c1ccccc1)C1CCN(CC(O)c2ccccc2)CC1C,0.006666666666666667,True
536,CCCC(=O)N(c1ccc(F)cc1)C1CCN(CCc2ccccc2)CC1,0,CCCC(=O)N(c1ccc(F)cc1)C1CCN(CCc2ccccc2)CC1,0.0016666666666666668,True
537,Cc1cc(F)ccc1-c1cnc2c(c1)C[C@@]1(OCCCc3ccccc3)[C@H]3Cc4ccc(O)c5c4[C@@]1(CCN3CC1CC1)[C@H]2O5,0,Cc1cc(F)ccc1-c1cnc2c(c1)C[C@@]1(OCCCc3ccccc3)[C@H]3Cc4ccc(O)c5c4[C@@]1(CCN3CC1CC1)[C@H]2O5,0.0,True
538,COc1ccc(C(C)N2CCC(n3c(=O)[nH]c4ccccc43)CC2)cc1,0,COc1ccc(C(C)N2CCC(n3c(=O)[nH]c4ccccc43)CC2)cc1,0.0,True
539,CO[C@]12CC[C@@]3(C[C@@H]1[C@](C)(O)c1ccc(C)s1)[C@H]1Cc4ccc(O)c5c4[C@@]3(CCN1CC1CC1)[C@H]2O5,0,CO[C@]12CC[C@@]3(C[C@@H]1[C@](C)(O)c1ccc(C)s1)[C@H]1Cc4ccc(O)c5c4[C@@]3(CCN1CC1CC1)[C@H]2O5,0.11666666666666667,True
540,CCC(=O)N(Cc1cccc(Cl)c1)C1(C(=O)NCCc2cccc(F)c2)CCN(CCc2ccccc2)CC1,0,CCC(=O)N(Cc1cccc(Cl)c1)C1(C(=O)NCCc2cccc(F)c2)CCN(CCc2ccccc2)CC1,0.005,True
541,Oc1ccc2c(c1)[C@]13CCN(CCF)[C@H](C2)[C@]1(O)Cc1cc2ccccc2nc1C3,0,Oc1ccc2c(c1)[C@]13CCN(CCF)[C@H](C2)[C@]1(O)Cc1cc2ccccc2nc1C3,0.115,True
542,O=C(CNC(=O)c1ccccn1)N[C@@]12CCC(=O)[C@@H]3Oc4c(O)ccc5c4[C@@]31CCN(CC1CC1)[C@@H]2C5,0,O=C(CNC(=O)c1ccccn1)N[C@@]12CCC(=O)[C@@H]3Oc4c(O)ccc5c4[C@@]31CCN(CC1CC1)[C@@H]2C5,0.295,True
543,Cc1cc(O)cc(C)c1C[C@H](N)C(=O)N[C@H](CCCNC(=N)N)C(=O)N[C@H]1Cc2ccccc2CN(CCC(=O)N[C@@H](CCCNC(=N)N)C(=O)N[C@@H](CCCNC(=N)N)C(=O)N2CCC[C@H]2C(=O)N[C@@H](Cc2ccc(O)cc2)C(=O)N[C@H](C(=O)N[C@@H](CC(C)C)C(=O)O)C(C)(C)C)C1=O,0,Cc1cc(O)cc(C)c1C[C@H](N)C(=O)N[C@H](CCCNC(=N)N)C(=O)N[C@H]1Cc2ccccc2CN(CCC(=O)N[C@@H](CCCNC(=N)N)C(=O)N[C@@H](CCCNC(=N)N)C(=O)N2CCC[C@H]2C(=O)N[C@@H](Cc2ccc(O)cc2)C(=O)N[C@H](C(=O)N[C@@H](CC(C)C)C(=O)O)C(C)(C)C)C1=O,0.0,True
544,N#Cc1cc(C(=O)N[C@@H]2CC[C@@]3(O)[C@H]4Cc5ccc(O)c6c5[C@@]3(CCN4CC3CC3)[C@H]2O6)ccn1,0,N#Cc1cc(C(=O)N[C@@H]2CC[C@@]3(O)[C@H]4Cc5ccc(O)c6c5[C@@]3(CCN4CC3CC3)[C@H]2O6)ccn1,0.015,True
545,CCOC(=O)C1(c2ccccc2)CCN(CCC(C#N)(c2ccccc2)c2ccccc2)CC1,0,CCOC(=O)C1(c2ccccc2)CCN(CCC(C#N)(c2ccccc2)c2ccccc2)CC1,0.008333333333333333,True
546,COc1ccc2c(c1O)[C@]13CCN(C)C(C2)[C@]12CCC(=O)[C@H]3/C(=C/c1ccccc1)C2,0,COc1ccc2c(c1O)[C@]13CCN(C)C(C2)[C@]12CCC(=O)[C@H]3/C(=C/c1ccccc1)C2,0.03166666666666667,True
547,CN1CC[C@]23c4c5ccc(O)c4O[C@H]2c2[nH]c4ccccc4c2C[C@@]3(NC(=O)CCc2ccccc2)C1C5,0,CN1CC[C@]23c4c5ccc(O)c4O[C@H]2c2[nH]c4ccccc4c2C[C@@]3(NC(=O)CCc2ccccc2)C1C5,0.02,True
548,CN1CC[C@]23c4c5ccc(O)c4O[C@H]2C(=O)CC[C@@]3(O)[C@H]1C5,0,CN1CC[C@]23c4c5ccc(O)c4O[C@H]2C(=O)CC[C@@]3(O)[C@H]1C5,0.09666666666666666,True
549,CC(c1ccc2c(c1)OCCO2)N1CCC(n2c(=O)[nH]c3ccccc32)CC1,0,CC(c1ccc2c(c1)OCCO2)N1CCC(n2c(=O)[nH]c3ccccc32)CC1,0.004734945645535605,True
550,CO[C@]12CC[C@@]3(C[C@@H]1[C@](C)(O)c1cccc(Cl)c1)[C@H]1Cc4ccc(O)c5c4[C@@]3(CCN1CC1CC1)[C@H]2O5,0,CO[C@]12CC[C@@]3(C[C@@H]1[C@](C)(O)c1cccc(Cl)c1)[C@H]1Cc4ccc(O)c5c4[C@@]3(CCN1CC1CC1)[C@H]2O5,0.09,True
551,CCOc1ccc(C(=O)N2Cc3ccccc3C2)cc1CNC(=O)[C@@H](N)Cc1c(C)cc(O)cc1C,0,CCOc1ccc(C(=O)N2Cc3ccccc3C2)cc1CNC(=O)[C@@H](N)Cc1c(C)cc(O)cc1C,0.13,True
552,Cc1cccc(C)c1-c1cnc2c(c1)C[C@@]1(OCCCc3ccccc3)[C@H]3Cc4ccc(O)c5c4[C@@]1(CCN3CC1CC1)[C@H]2O5,0,Cc1cccc(C)c1-c1cnc2c(c1)C[C@@]1(OCCCc3ccccc3)[C@H]3Cc4ccc(O)c5c4[C@@]1(CCN3CC1CC1)[C@H]2O5,0.0,True
553,Cc1cc(C(=O)N[C@@H]2CC[C@@]3(O)[C@H]4Cc5ccc(O)c6c5[C@@]3(CCN4CC3CC3)[C@H]2O6)ccn1,0,Cc1cc(C(=O)N[C@@H]2CC[C@@]3(O)[C@H]4Cc5ccc(O)c6c5[C@@]3(CCN4CC3CC3)[C@H]2O6)ccn1,0.04666666666666667,True
554,O=C(CCC(=O)Oc1ccc2c(c1)[C@@]13CCCC[C@H]1[C@@H](C2)N(CC1CCC1)CC3)Oc1ccc2c(c1)[C@@]13CCCC[C@H]1[C@@H](C2)N(CC1CCC1)CC3,0,O=C(CCC(=O)Oc1ccc2c(c1)[C@@]13CCCC[C@H]1[C@@H](C2)N(CC1CCC1)CC3)Oc1ccc2c(c1)[C@@]13CCCC[C@H]1[C@@H](C2)N(CC1CCC1)CC3,0.13,True
555,CO[C@]12CC[C@@]3(C[C@@H]1[C@](C)(O)c1ccc(Cl)cc1)[C@H]1Cc4ccc(O)c5c4[C@@]3(CCN1CC1CC1)[C@H]2O5,0,CO[C@]12CC[C@@]3(C[C@@H]1[C@](C)(O)c1ccc(Cl)cc1)[C@H]1Cc4ccc(O)c5c4[C@@]3(CCN1CC1CC1)[C@H]2O5,0.145,True
556,CN(C)C(=O)C(CCN1CCC(O)(c2ccc(Cl)cc2)CC1)(c1ccccc1)c1ccccc1,0,CN(C)C(=O)C(CCN1CCC(O)(c2ccc(Cl)cc2)CC1)(c1ccccc1)c1ccccc1,0.02,True
557,CN(C)[C@]1(c2ccccc2)CC[C@@H](NCCc2c[nH]c3ccccc23)CC1,0,CN(C)[C@]1(c2ccccc2)CC[C@@H](NCCc2c[nH]c3ccccc23)CC1,0.04,True
558,O=C(C1CCCO1)N(c1ccccc1)C1CCN(CCc2ccccc2)CC1,0,O=C(C1CCCO1)N(c1ccccc1)C1CCN(CCc2ccccc2)CC1,0.02,True
559,COc1ccc2c(c1O)[C@]13CCN(C)C(C2)[C@]12CCC(=O)[C@H]3/C(=C(\C)c1ccccc1)C2,0,COc1ccc2c(c1O)[C@]13CCN(C)C(C2)[C@]12CCC(=O)[C@H]3/C(=C(\C)c1ccccc1)C2,0.025,True
560,CN1CC[C@]23c4c5ccc(O)c4O[C@H]2c2[nH]c4ccccc4c2C[C@@]3(CCCc2ccccc2)C1C5,0,CN1CC[C@]23c4c5ccc(O)c4O[C@H]2c2[nH]c4ccccc4c2C[C@@]3(CCCc2ccccc2)C1C5,0.02,True
561,CCOC(=O)C1(c2ccccc2)CCN(CCc2ccc(N)cc2)CC1,0,CCOC(=O)C1(c2ccccc2)CCN(CCc2ccc(N)cc2)CC1,0.015,True
562,Oc1ccc2c3c1O[C@H]1c4ncc(-c5cncnc5)cc4C[C@@]4(OCCCc5ccccc5)[C@@H](C2)N(CC2CC2)CC[C@]314,0,Oc1ccc2c3c1O[C@H]1c4ncc(-c5cncnc5)cc4C[C@@]4(OCCCc5ccccc5)[C@@H](C2)N(CC2CC2)CC[C@]314,0.008333333333333333,True
563,O=S1(=O)NCc2ccccc2N1C1CCN(Cc2ccc3ccccc3c2)CC1,0,O=S1(=O)NCc2ccccc2N1C1CCN(Cc2ccc3ccccc3c2)CC1,0.11473494564553562,True
564,C[C@H]1C2Cc3ccc(C(=O)NCCc4ccc(-c5ccccn5)cc4)cc3[C@@]1(C)CCN2CC1CC1,0,C[C@H]1C2Cc3ccc(C(=O)NCCc4ccc(-c5ccccn5)cc4)cc3[C@@]1(C)CCN2CC1CC1,0.04555751571909806,True
565,CN1CC[C@]23Cc4nc5ccccc5cc4C[C@@]2(O)[C@H]1Cc1ccc(O)cc13,0,CN1CC[C@]23Cc4nc5ccccc5cc4C[C@@]2(O)[C@H]1Cc1ccc(O)cc13,0.08833333333333333,True
566,O=C(CCCCCCCCC(=O)Oc1ccc2c(c1)[C@@]13CCCCC1[C@@H](C2)N(C[C@@H]1CCCO1)CC3)Oc1ccc2c(c1)[C@@]13CCCCC1[C@@H](C2)N(C[C@@H]1CCCO1)CC3,0,O=C(CCCCCCCCC(=O)Oc1ccc2c(c1)[C@@]13CCCCC1[C@@H](C2)N(C[C@@H]1CCCO1)CC3)Oc1ccc2c(c1)[C@@]13CCCCC1[C@@H](C2)N(C[C@@H]1CCCO1)CC3,0.03333333333333333,True
567,CCC1C(=O)N(C2CCN(C/C=C/c3ccccc3)CC2)c2ccccc21,0,CCC1C(=O)N(C2CCN(C/C=C/c3ccccc3)CC2)c2ccccc21,0.115,True
568,CN1CC[C@]23c4c5ccc(O)c4O[C@H]2[C@@H](O)CC[C@H]3[C@H]1C5,0,CN1CC[C@]23c4c5ccc(O)c4O[C@H]2[C@@H](O)CC[C@H]3[C@H]1C5,0.03333333333333333,True
569,O=C(N[C@@]12CCC(=O)[C@@H]3Oc4c(O)ccc5c4[C@@]31CCN(CC1CC1)[C@@H]2C5)c1ccc2ccccc2c1,0,O=C(N[C@@]12CCC(=O)[C@@H]3Oc4c(O)ccc5c4[C@@]31CCN(CC1CC1)[C@@H]2C5)c1ccc2ccccc2c1,0.245,True
570,CCC(=O)N(c1ccccc1)C1(C(=O)OC)CCN(CCc2ccccc2)CC1,0,CCC(=O)N(c1ccccc1)C1(C(=O)OC)CCN(CCc2ccccc2)CC1,0.0,True
571,COc1ccc2c(c1O)[C@]13CCN(C)C(C2)[C@@]12C/C(=C\c1ccccc1)[C@@H]3c1[nH]c3ccccc3c1C2,0,COc1ccc2c(c1O)[C@]13CCN(C)C(C2)[C@@]12C/C(=C\c1ccccc1)[C@@H]3c1[nH]c3ccccc3c1C2,0.006666666666666667,True
572,CO[C@@]12CC[C@@]3(C[C@@H]1[C@](C)(O)C(C)(C)C)[C@H]1Cc4ccc(O)c5c4[C@@]3(CCN1CC1CC1)[C@H]2O5,0,CO[C@@]12CC[C@@]3(C[C@@H]1[C@](C)(O)C(C)(C)C)[C@H]1Cc4ccc(O)c5c4[C@@]3(CCN1CC1CC1)[C@H]2O5,0.19166666666666668,True
573,CCC(=O)N(c1ccccc1)C1(COC)CCN(CCc2cccs2)CC1,0,CCC(=O)N(c1ccccc1)C1(COC)CCN(CCc2cccs2)CC1,0.0016666666666666668,True
574,O=C(c1ccoc1)N(c1ccccc1)C1CCN(CCc2ccccc2)CC1,0,O=C(c1ccoc1)N(c1ccccc1)C1CCN(CCc2ccccc2)CC1,0.03166666666666667,True
575,c1c2c(cc3sc(NCCCCCCCCCCNc4nc5cc6c(cc5s4)C[C@@H]4[C@@H]5CCCC[C@]65CCN4CC4CC4)nc13)C[C@@H]1[C@@H]3CCCC[C@]23CCN1CC1CC1,0,c1c2c(cc3sc(NCCCCCCCCCCNc4nc5cc6c(cc5s4)C[C@@H]4[C@@H]5CCCC[C@]65CCN4CC4CC4)nc13)C[C@@H]1[C@@H]3CCCC[C@]23CCN1CC1CC1,0.005,True
576,COc1ccc2c3c1O[C@H]1[C@@H](O)CC[C@H]4[C@@H](C2)N(C)CC[C@@]341,0,COc1ccc2c3c1O[C@H]1[C@@H](O)CC[C@H]4[C@@H](C2)N(C)CC[C@@]341,0.023333333333333334,True
577,Oc1ccc2c(c1)[C@]1(CCc3ccccc3)CCN(CCc3ccccc3F)C[C@@H]1O2,0,Oc1ccc2c(c1)[C@]1(CCc3ccccc3)CCN(CCc3ccccc3F)C[C@@H]1O2,0.0016666666666666668,True
578,CNC(=O)Oc1ccc2c(c1)C13CCCCC1C(C2)N(CC1CC1)CC3,0,CNC(=O)Oc1ccc2c(c1)C13CCCCC1C(C2)N(CC1CC1)CC3,0.023333333333333334,True
579,CC(C=C(c1cccs1)c1cccs1)N(C)C,0,CC(C=C(c1cccs1)c1cccs1)N(C)C,0.018333333333333333,True
580,CO[C@]12CC[C@@]3(C[C@@H]1[C@](C)(O)c1ccccc1C)[C@H]1Cc4ccc(O)c5c4[C@@]3(CCN1CC1CC1)[C@H]2O5,0,CO[C@]12CC[C@@]3(C[C@@H]1[C@](C)(O)c1ccccc1C)[C@H]1Cc4ccc(O)c5c4[C@@]3(CCN1CC1CC1)[C@H]2O5,0.16333333333333333,True
581,O=c1[nH]c2c(Cl)c(Cl)cc(Cl)c2n1C1CCN(Cc2ccc(Br)cc2F)CC1,0,O=c1[nH]c2c(Cl)c(Cl)cc(Cl)c2n1C1CCN(Cc2ccc(Br)cc2F)CC1,0.02067970703822794,True
582,O=c1[nH]c2ccccc2n1C1CCN(Cc2ccc(Cl)c(Cl)c2)CC1,0,O=c1[nH]c2ccccc2n1C1CCN(Cc2ccc(Cl)c(Cl)c2)CC1,0.008333333333333333,True
583,CCOC(=O)C1(c2ccccc2)CCC=CC1N(C)C,0,CCOC(=O)C1(c2ccccc2)CCC=CC1N(C)C,0.03333333333333333,True
584,O=C(C1CCC1)N(c1ccccc1)C1CCN(CCc2ccccc2)CC1,0,O=C(C1CCC1)N(c1ccccc1)C1CCN(CCc2ccccc2)CC1,0.0,True
585,CCCN[C@H]1C[C@H]2C[C@@](c3cccc(O)c3)(C1)[C@H](C)CN2CCCc1ccccc1,0,CCCN[C@H]1C[C@H]2C[C@@](c3cccc(O)c3)(C1)[C@H](C)CN2CCCc1ccccc1,0.04666666666666667,True
586,O=C(CCc1ccncc1)N[C@@H]1CC[C@@]2(O)[C@H]3Cc4ccc(O)c5c4[C@@]2(CCN3CC2CC2)[C@H]1O5,0,O=C(CCc1ccncc1)N[C@@H]1CC[C@@]2(O)[C@H]3Cc4ccc(O)c5c4[C@@]2(CCN3CC2CC2)[C@H]1O5,0.028333333333333332,True
587,CC[C@](O)([C@H]1C[C@@]23C=C[C@]1(OC)[C@@H]1Oc4c(O)ccc5c4[C@@]12CCN(CC1CC1)[C@@H]3C5)C(C)(C)C,0,CC[C@](O)([C@H]1C[C@@]23C=C[C@]1(OC)[C@@H]1Oc4c(O)ccc5c4[C@@]12CCN(CC1CC1)[C@@H]3C5)C(C)(C)C,0.05,True
588,O=c1[nH]c2c(Cl)cccc2n1C1CCN(Cc2ccccc2Cl)CC1,0,O=c1[nH]c2c(Cl)cccc2n1C1CCN(Cc2ccccc2Cl)CC1,0.011666666666666667,True
589,Oc1ccc2c3c1O[C@H]1c4ncc(-c5ccccc5)cc4C[C@@]4(OCCCc5ccccn5)[C@@H](C2)N(CC2CC2)CC[C@]314,0,Oc1ccc2c3c1O[C@H]1c4ncc(-c5ccccc5)cc4C[C@@]4(OCCCc5ccccn5)[C@@H](C2)N(CC2CC2)CC[C@]314,0.08833333333333333,True
590,CCC1C(=O)N(C2CCN(CCCc3ccccc3)CC2)c2ccccc21,0,CCC1C(=O)N(C2CCN(CCCc3ccccc3)CC2)c2ccccc21,0.14333333333333334,True
591,Cc1cc(O)cc(C)c1C[C@H](N)C(=O)N[C@H](CCCNC(=N)N)C(=O)N[C@H]1Cc2ccccc2CN(CCC(=O)N[C@@H](CCCCN)C(=O)N[C@@H](CCCCN)C(=O)N2CCC[C@H]2C(=O)N[C@@H](Cc2ccc(O)cc2)C(=O)N[C@H](C(=O)N[C@@H](CC(C)C)C(=O)O)C(C)(C)C)C1=O,0,Cc1cc(O)cc(C)c1C[C@H](N)C(=O)N[C@H](CCCNC(=N)N)C(=O)N[C@H]1Cc2ccccc2CN(CCC(=O)N[C@@H](CCCCN)C(=O)N[C@@H](CCCCN)C(=O)N2CCC[C@H]2C(=O)N[C@@H](Cc2ccc(O)cc2)C(=O)N[C@H](C(=O)N[C@@H](CC(C)C)C(=O)O)C(C)(C)C)C1=O,0.0,True
592,Cc1cc(O)cc(C)c1C[C@H](NC(=O)[C@@H]1CCCN1C(=O)[C@H](CCCNC(=N)N)NC(=O)C[C@H](CCCNC(=N)N)NC(=O)CCN1Cc2ccccc2C[C@H](NC(=O)[C@@H](CCCNC(=N)N)NC(=O)[C@@H](N)Cc2c(C)cc(O)cc2C)C1=O)C(=O)N[C@H](C(=O)N[C@@H](CC(C)C)C(=O)O)C(C)(C)C,0,Cc1cc(O)cc(C)c1C[C@H](NC(=O)[C@@H]1CCCN1C(=O)[C@H](CCCNC(=N)N)NC(=O)C[C@H](CCCNC(=N)N)NC(=O)CCN1Cc2ccccc2C[C@H](NC(=O)[C@@H](CCCNC(=N)N)NC(=O)[C@@H](N)Cc2c(C)cc(O)cc2C)C1=O)C(=O)N[C@H](C(=O)N[C@@H](CC(C)C)C(=O)O)C(C)(C)C,0.0,True
593,CC[C@@]12CCN(CC3CC3)C(C(=O)c3ccc(Nc4ccccc4)cc31)[C@@H]2C,0,CC[C@@]12CCN(CC3CC3)C(C(=O)c3ccc(Nc4ccccc4)cc31)[C@@H]2C,0.02,True
594,C[C@@H](NC(=O)[C@@H](N)Cc1ccc(O)cc1)C(=O)NCC(=O)N[C@@H](Cc1ccccc1)C(=O)NNC(=O)CCC(=O)N(c1ccccc1)C1CCN(CCc2ccccc2)CC1,0,C[C@@H](NC(=O)[C@@H](N)Cc1ccc(O)cc1)C(=O)NCC(=O)N[C@@H](Cc1ccccc1)C(=O)NNC(=O)CCC(=O)N(c1ccccc1)C1CCN(CCc2ccccc2)CC1,0.0016666666666666668,True
595,CCC(=O)N(c1ccccc1)C1CCN(Cc2ccccc2)CC1,0,CCC(=O)N(c1ccccc1)C1CCN(Cc2ccccc2)CC1,0.0033333333333333335,True
596,CC(C)[C@H](NC(=O)[C@H](CC(=O)O)NC(=O)[C@H](Cc1ccccc1)NC(=O)[C@@H](C)NC(=O)[C@@H](N)Cc1ccc(O)cc1)C(=O)N[C@H](C(=O)NCC(N)=O)C(C)C,0,CC(C)[C@H](NC(=O)[C@H](CC(=O)O)NC(=O)[C@H](Cc1ccccc1)NC(=O)[C@@H](C)NC(=O)[C@@H](N)Cc1ccc(O)cc1)C(=O)N[C@H](C(=O)NCC(N)=O)C(C)C,0.008333333333333333,True
597,O=C(O)CCCCCCCCC(=O)Oc1ccc2c(c1)[C@@]13CCCCC1[C@@H](C2)N(CC1CCC1)CC3,0,O=C(O)CCCCCCCCC(=O)Oc1ccc2c(c1)[C@@]13CCCCC1[C@@H](C2)N(CC1CCC1)CC3,0.0016666666666666668,True
598,CC1(N2CCC(n3c(-c4cccc(S(C)(=O)=O)c4)nc4ccccc43)CC2)CCCCCCC1,0,CC1(N2CCC(n3c(-c4cccc(S(C)(=O)=O)c4)nc4ccccc43)CC2)CCCCCCC1,0.03604754007739082,True
599,CO[C@]12C=CC3(CC14CCC[C@H]4O)C1Cc4ccc(O)c5c4C3(CCN1CC1CC1)[C@@H]2O5,0,CO[C@]12C=CC3(CC14CCC[C@H]4O)C1Cc4ccc(O)c5c4C3(CCN1CC1CC1)[C@@H]2O5,0.07,True
600,COCCN(C(=O)c1ccc(Cl)c(Cl)c1)C1c2ccccc2C=CC1N1CCN(c2ccccc2)CC1,0,COCCN(C(=O)c1ccc(Cl)c(Cl)c1)C1c2ccccc2C=CC1N1CCN(c2ccccc2)CC1,0.3383333333333333,True
601,CC(C)C[C@H](NC(=O)[C@@H]1CCCN1C(=O)CNC(=O)[C@H](Cc1ccccc1)NC(=O)CNC(=O)[C@@H](C)NC(=O)[C@@H](N)Cc1ccc(O)cc1)C(=O)N[C@@H](Cc1c[nH]c2ccccc12)C(=O)OCc1cc(C(F)(F)F)cc(C(F)(F)F)c1,0,CC(C)C[C@H](NC(=O)[C@@H]1CCCN1C(=O)CNC(=O)[C@H](Cc1ccccc1)NC(=O)CNC(=O)[C@@H](C)NC(=O)[C@@H](N)Cc1ccc(O)cc1)C(=O)N[C@@H](Cc1c[nH]c2ccccc12)C(=O)OCc1cc(C(F)(F)F)cc(C(F)(F)F)c1,0.0,True
602,CC(C)C(=O)N(c1ccc(F)cc1)C1CCN(CCc2ccccc2)CC1,0,CC(C)C(=O)N(c1ccc(F)cc1)C1CCN(CCc2ccccc2)CC1,0.0033333333333333335,True
603,Cc1cc(O)cc(C)c1C[C@H](N)C(=O)N1Cc2ccccc2C[C@H]1C(=O)NCCC(=O)Oc1ccc2c(c1)[C@@]13CCCC[C@H]1[C@@H](C2)N(CC1CCC1)CC3,0,Cc1cc(O)cc(C)c1C[C@H](N)C(=O)N1Cc2ccccc2C[C@H]1C(=O)NCCC(=O)Oc1ccc2c(c1)[C@@]13CCCC[C@H]1[C@@H](C2)N(CC1CCC1)CC3,0.13833333333333334,True
604,CCC(=O)N(c1ccccc1)C1CCN(C(=O)[C@H](Cc2ccccc2)NC(=O)[C@H](Cc2ccccc2)NC(=O)CNC(=O)[C@@H](C)NC(=O)[C@@H](N)Cc2c(C)cc(O)cc2C)CC1,0,CCC(=O)N(c1ccccc1)C1CCN(C(=O)[C@H](Cc2ccccc2)NC(=O)[C@H](Cc2ccccc2)NC(=O)CNC(=O)[C@@H](C)NC(=O)[C@@H](N)Cc2c(C)cc(O)cc2C)CC1,0.0033333333333333335,True
605,CN1CC[C@@]23c4c5ccc(O)c4OCO[C@]46CC[C@@]2(O[C@H](C(=O)N4Cc2ccccc2)[C@H]63)[C@H]1C5,0,CN1CC[C@@]23c4c5ccc(O)c4OCO[C@]46CC[C@@]2(O[C@H](C(=O)N4Cc2ccccc2)[C@H]63)[C@H]1C5,0.0996266123557366,True
606,CC1C2Cc3ccc(C(N)=O)cc3C1(C)CCN2CCc1ccccc1,0,CC1C2Cc3ccc(C(N)=O)cc3C1(C)CCN2CCc1ccccc1,0.03958927359131025,True
607,C[C@@H](NC(=O)[C@@H](N)Cc1ccc(O)cc1)C(=O)NCC(=O)N[C@@H](Cc1ccccc1)C(N)=O,0,C[C@@H](NC(=O)[C@@H](N)Cc1ccc(O)cc1)C(=O)NCC(=O)N[C@@H](Cc1ccccc1)C(N)=O,0.006666666666666667,True
608,CCN1C(=O)N(C2CCN(Cc3ccccc3)CC2)[C@@H]2CCCC[C@H]21,0,CCN1C(=O)N(C2CCN(Cc3ccccc3)CC2)[C@@H]2CCCC[C@H]21,0.12833333333333333,True
609,Oc1ccc2c(c1)[C@]1(CCCc3ccccc3)CCN(CCc3ccccc3F)C[C@@H]1O2,0,Oc1ccc2c(c1)[C@]1(CCCc3ccccc3)CCN(CCc3ccccc3F)C[C@@H]1O2,0.005,True
610,Cc1cc(O)cc(C)c1C[C@H](N)C(=O)N1Cc2ccccc2C[C@H]1CNC(=O)c1ccccc1,0,Cc1cc(O)cc(C)c1C[C@H](N)C(=O)N1Cc2ccccc2C[C@H]1CNC(=O)c1ccccc1,0.22333333333333333,True
611,CC[C@H](C)[C@H](NC(=O)[C@H](C)NC(=O)[C@H](CC(N)=O)NC(=O)[C@H](CCCCN)NC(=O)[C@H](Cc1ccccc1)NC(=O)[C@H](CC(C)C)NC(=O)[C@@H](NC(=O)[C@@H](NC(=O)[C@H](CC(C)C)NC(=O)[C@@H]1CCCN1C(=O)[C@@H](NC(=O)[C@H](CCC(N)=O)NC(=O)[C@H](CO)NC(=O)[C@H](CCCCN)NC(=O)[C@H](CCC(=O)O)NC(=O)[C@H](CO)NC(=O)[C@@H](NC(=O)[C@H](CCSC)NC(=O)[C@H](Cc1ccccc1)NC(=O)CNC(=O)CNC(=O)[C@@H](N)Cc1ccc(O)cc1)[C@@H](C)O)[C@@H](C)O)C(C)C)[C@@H](C)O)C(=O)N[C@H](C(=O)N[C@@H](CCCCN)C(=O)N[C@@H](CC(N)=O)C(=O)N[C@@H](C)C(=O)N[C@@H](Cc1ccc(O)cc1)C(=O)N[C@@H](CCCCN)C(=O)N[C@@H](CCCCN)C(=O)NCC(=O)N[C@@H](CCC(=O)O)C(=O)O)[C@@H](C)CC,0,CC[C@H](C)[C@H](NC(=O)[C@H](C)NC(=O)[C@H](CC(N)=O)NC(=O)[C@H](CCCCN)NC(=O)[C@H](Cc1ccccc1)NC(=O)[C@H](CC(C)C)NC(=O)[C@@H](NC(=O)[C@@H](NC(=O)[C@H](CC(C)C)NC(=O)[C@@H]1CCCN1C(=O)[C@@H](NC(=O)[C@H](CCC(N)=O)NC(=O)[C@H](CO)NC(=O)[C@H](CCCCN)NC(=O)[C@H](CCC(=O)O)NC(=O)[C@H](CO)NC(=O)[C@@H](NC(=O)[C@H](CCSC)NC(=O)[C@H](Cc1ccccc1)NC(=O)CNC(=O)CNC(=O)[C@@H](N)Cc1ccc(O)cc1)[C@@H](C)O)[C@@H](C)O)C(C)C)[C@@H](C)O)C(=O)N[C@H](C(=O)N[C@@H](CCCCN)C(=O)N[C@@H](CC(N)=O)C(=O)N[C@@H](C)C(=O)N[C@@H](Cc1ccc(O)cc1)C(=O)N[C@@H](CCCCN)C(=O)N[C@@H](CCCCN)C(=O)NCC(=O)N[C@@H](CCC(=O)O)C(=O)O)[C@@H](C)CC,0.008333333333333333,True
612,CC(=O)Nc1ccc(CN2CCC(n3c(=O)[nH]c4ccccc43)CC2)cc1,0,CC(=O)Nc1ccc(CN2CCC(n3c(=O)[nH]c4ccccc43)CC2)cc1,0.021666666666666667,True
613,C[C@@H]1CN(CCCc2ccccc2)[C@H]2C[C@H](NCC3CC3)C[C@]1(c1cccc(O)c1)C2,0,C[C@@H]1CN(CCCc2ccccc2)[C@H]2C[C@H](NCC3CC3)C[C@]1(c1cccc(O)c1)C2,0.051666666666666666,True
614,Oc1ccc2c3c1O[C@H]1c4ncc(-c5ccccc5)cc4C[C@@]4(OCCCc5ccccc5)[C@@H](C2)N(CC2CC2)CC[C@]314,0,Oc1ccc2c3c1O[C@H]1c4ncc(-c5ccccc5)cc4C[C@@]4(OCCCc5ccccc5)[C@@H](C2)N(CC2CC2)CC[C@]314,0.02,True
615,CC[C@@H](c1cccc(O)c1)[C@@H](C)CN(C)C,0,CC[C@@H](c1cccc(O)c1)[C@@H](C)CN(C)C,0.015,True
616,CNC(=O)Oc1ccc2c(c1)C13CCCCC1C(C2)N(CC1CCC1)CC3,0,CNC(=O)Oc1ccc2c(c1)C13CCCCC1C(C2)N(CC1CCC1)CC3,0.0,True
617,COc1ccc2c3c1O[C@H]1C(=O)CC[C@@]4(NC(=O)Cc5ccc(Cl)cc5)[C@@H](C2)N(CC2CC2)CC[C@]314,0,COc1ccc2c3c1O[C@H]1C(=O)CC[C@@]4(NC(=O)Cc5ccc(Cl)cc5)[C@@H](C2)N(CC2CC2)CC[C@]314,0.22,True
618,CNC(=O)Oc1ccc2c(c1)C13CCCCC1C(C2)N(C)CC3,0,CNC(=O)Oc1ccc2c(c1)C13CCCCC1C(C2)N(C)CC3,0.01,True
619,CC(c1ccc(OC(F)(F)F)cc1)N1CCC(n2c(=O)[nH]c3ccccc32)CC1,0,CC(c1ccc(OC(F)(F)F)cc1)N1CCC(n2c(=O)[nH]c3ccccc32)CC1,0.0,True
620,NC(=O)Nc1ccc2c(c1)[C@@]13CCCC[C@H]1[C@@H](C2)N(CC1CC1)CC3,0,NC(=O)Nc1ccc2c(c1)[C@@]13CCCC[C@H]1[C@@H](C2)N(CC1CC1)CC3,0.016666666666666666,True
621,C[C@H]1[C@H]2Cc3ccc(Nc4ccccc4)cc3[C@@]1(C)CCN2CC1CC1,0,C[C@H]1[C@H]2Cc3ccc(Nc4ccccc4)cc3[C@@]1(C)CCN2CC1CC1,0.03625594025797692,True
622,COC(=O)[C@@H]1C[C@H](OC(=O)c2cc3ccccc3o2)C(=O)[C@H]2[C@@]1(C)CC[C@H]1C(=O)O[C@H](c3ccoc3)C[C@]21C,0,COC(=O)[C@@H]1C[C@H](OC(=O)c2cc3ccccc3o2)C(=O)[C@H]2[C@@]1(C)CC[C@H]1C(=O)O[C@H](c3ccoc3)C[C@]21C,0.018333333333333333,True
623,C=C1[C@H]2CCC[C@@]1(c1cccc(O)c1)CCN2CCc1ccccc1,0,C=C1[C@H]2CCC[C@@]1(c1cccc(O)c1)CCN2CCc1ccccc1,0.06,True
624,CN1CC[C@]23c4c5ccc(O)c4O[C@H]2c2[nH]c4ccccc4c2C[C@@]3(NCCc2ccccc2)C1C5,0,CN1CC[C@]23c4c5ccc(O)c4O[C@H]2c2[nH]c4ccccc4c2C[C@@]3(NCCc2ccccc2)C1C5,0.005859770114942529,True
625,O=c1[nH]c2ccccc2n1C1CCN(Cc2cccc(OC(F)(F)F)c2)CC1,0,O=c1[nH]c2ccccc2n1C1CCN(Cc2cccc(OC(F)(F)F)c2)CC1,0.006666666666666667,True
626,CCNc1nc2cc3c(cc2s1)C[C@@H]1[C@@H]2CCCC[C@]32CCN1CCCF,0,CCNc1nc2cc3c(cc2s1)C[C@@H]1[C@@H]2CCCC[C@]32CCN1CCCF,0.0,True
627,CCC(=O)N(c1ccccc1F)C1(c2ccccc2)CCN(CCn2nnn(CC)c2=O)CC1,0,CCC(=O)N(c1ccccc1F)C1(c2ccccc2)CCN(CCn2nnn(CC)c2=O)CC1,0.005,True
628,Cc1cc(O)cc(C)c1C[C@H](N)C(=O)N[C@H](CCCNC(=N)N)C(=O)N[C@H]1Cc2ccccc2CN(CCC(=O)N[C@@H](CCCNC(=N)N)C(=O)N[C@@H](CCCNC(=N)N)C(=O)N2CCC[C@H]2C(=O)N[C@@H](Cc2cccc(O)c2)C(=O)N[C@H](C(=O)N[C@@H](CC(C)C)C(=O)O)C(C)(C)C)C1=O,0,Cc1cc(O)cc(C)c1C[C@H](N)C(=O)N[C@H](CCCNC(=N)N)C(=O)N[C@H]1Cc2ccccc2CN(CCC(=O)N[C@@H](CCCNC(=N)N)C(=O)N[C@@H](CCCNC(=N)N)C(=O)N2CCC[C@H]2C(=O)N[C@@H](Cc2cccc(O)c2)C(=O)N[C@H](C(=O)N[C@@H](CC(C)C)C(=O)O)C(C)(C)C)C1=O,0.01,True
629,COCC(=O)N(c1ccccc1F)C1CCN(CCc2ccccc2)CC1,0,COCC(=O)N(c1ccccc1F)C1CCN(CCc2ccccc2)CC1,0.013333333333333334,True
630,Cc1cc(O)cc(C)c1CC(N)C(=O)NC(C(=O)NC(C(=O)NC(Cc1ccccc1)C(N)=O)C(C)C)C(C)C,0,Cc1cc(O)cc(C)c1CC(N)C(=O)NC(C(=O)NC(C(=O)NC(Cc1ccccc1)C(N)=O)C(C)C)C(C)C,0.03145318782309018,True
631,CC(CCCCCCC(C)C(=O)Oc1ccc2c(c1)[C@@]13CCCC[C@H]1[C@@H](C2)N(CC1CCC1)CC3)C(=O)O,0,CC(CCCCCCC(C)C(=O)Oc1ccc2c(c1)[C@@]13CCCC[C@H]1[C@@H](C2)N(CC1CCC1)CC3)C(=O)O,0.0033333333333333335,True
632,c1ccc(CC(c2ccccc2)N2CCN(C3CCCCC3)CC2)cc1,0,c1ccc(CC(c2ccccc2)N2CCN(C3CCCCC3)CC2)cc1,0.03166666666666667,True
633,CN1CC[C@]23c4c5ccc(O)c4O[C@H]2c2ncc(-c4ccc(Cl)cc4)cc2C[C@@]3(OC/C=C/c2ccccc2)[C@H]1C5,0,CN1CC[C@]23c4c5ccc(O)c4O[C@H]2c2ncc(-c4ccc(Cl)cc4)cc2C[C@@]3(OC/C=C/c2ccccc2)[C@H]1C5,0.06333333333333334,True
634,CO[C@@]12CCC(=O)[C@@H]3Oc4c(O)ccc5c4[C@@]31CCN(C)[C@@H]2C5,0,CO[C@@]12CCC(=O)[C@@H]3Oc4c(O)ccc5c4[C@@]31CCN(C)[C@@H]2C5,0.10666666666666667,True
635,C[C@H]1[C@@H]2Cc3ccc(O)cc3[C@]1(C)CCN2C,0,C[C@H]1[C@@H]2Cc3ccc(O)cc3[C@]1(C)CCN2C,0.021666666666666667,True
636,COc1ccc(-c2ccc(CCNC(=O)c3ccc4c(c3)C3(C)CCN(CC5CC5)C(C4)C3C)cc2)cc1C,0,COc1ccc(-c2ccc(CCNC(=O)c3ccc4c(c3)C3(C)CCN(CC5CC5)C(C4)C3C)cc2)cc1C,0.03234071427837052,True
637,Cc1cc(O)cc(C)c1C[C@H](N)C(=O)N[C@H](C)C(=O)NCC(=O)N[C@@H](Cc1ccc(Cl)cc1)C(=O)N[C@H](CC(C)C)C(=O)N[C@@H](CCC(=O)NCCC(=O)N(c1ccccc1)C1CCN(CCc2ccccc2)CC1)C(=O)N[C@@H](CC(C)C)C(N)=O,0,Cc1cc(O)cc(C)c1C[C@H](N)C(=O)N[C@H](C)C(=O)NCC(=O)N[C@@H](Cc1ccc(Cl)cc1)C(=O)N[C@H](CC(C)C)C(=O)N[C@@H](CCC(=O)NCCC(=O)N(c1ccccc1)C1CCN(CCc2ccccc2)CC1)C(=O)N[C@@H](CC(C)C)C(N)=O,0.0016666666666666668,True
638,O=c1[nH]c2ccccc2n1C1CCN(Cc2ccccc2Cl)CC1,0,O=c1[nH]c2ccccc2n1C1CCN(Cc2ccccc2Cl)CC1,0.0,True
639,C[C@@]1(c2ccccc2O)O[C@@H]2N3[C@H](CO[C@H]31)O[C@]2(C)c1ccccc1O,0,C[C@@]1(c2ccccc2O)O[C@@H]2N3[C@H](CO[C@H]31)O[C@]2(C)c1ccccc1O,0.04,True
640,CCCCCC(=O)CCC1(C)[C@@H]2Cc3ccc(O)cc3[C@@]1(C)CCN2C,0,CCCCCC(=O)CCC1(C)[C@@H]2Cc3ccc(O)cc3[C@@]1(C)CCN2C,0.18666666666666668,True
641,Cc1cc(=O)oc2ccc(N3C(=O)C4=C(SC[C@@H](NC(=O)[C@@H](N)Cc5ccc(O)cc5)C(=O)NCC(=O)N[C@@H](Cc5ccccc5)C(=O)NNC(=O)[C@H](Cc5ccccc5)NC(=O)CNC(=O)[C@H](NC(=O)[C@@H](N)Cc5ccc(O)cc5)CS4)C3=O)cc12,0,Cc1cc(=O)oc2ccc(N3C(=O)C4=C(SC[C@@H](NC(=O)[C@@H](N)Cc5ccc(O)cc5)C(=O)NCC(=O)N[C@@H](Cc5ccccc5)C(=O)NNC(=O)[C@H](Cc5ccccc5)NC(=O)CNC(=O)[C@H](NC(=O)[C@@H](N)Cc5ccc(O)cc5)CS4)C3=O)cc12,0.008333333333333333,True
642,O=S1(=O)NCc2ccccc2N1C1CCN(C2CCC3CCCCC3C2)CC1,0,O=S1(=O)NCc2ccccc2N1C1CCN(C2CCC3CCCCC3C2)CC1,0.30333333333333334,True
643,COC(=O)[C@@H]1C[C@H](NC(=O)c2ccccc2)C(=O)[C@H]2[C@@]1(C)CC[C@H]1C(=O)O[C@H](c3ccoc3)C[C@]21C,0,COC(=O)[C@@H]1C[C@H](NC(=O)c2ccccc2)C(=O)[C@H]2[C@@]1(C)CC[C@H]1C(=O)O[C@H](c3ccoc3)C[C@]21C,0.021666666666666667,True
644,CCN[C@@]12Cc3c([nH]c4ccccc34)[C@@H]3Oc4c(O)ccc5c4[C@@]31CCN(C)C2C5,0,CCN[C@@]12Cc3c([nH]c4ccccc34)[C@@H]3Oc4c(O)ccc5c4[C@@]31CCN(C)C2C5,0.01,True
645,Oc1ccc2c(c1)[C@]1(CCCCc3ccccc3)CCN(CCc3ccccc3)C[C@@H]1O2,0,Oc1ccc2c(c1)[C@]1(CCCCc3ccccc3)CCN(CCc3ccccc3)C[C@@H]1O2,0.011666666666666667,True
646,CO[C@@]12CCCC[C@@]13CCN(CC1CCC1)[C@@H]2Cc1ccc(O)cc13,0,CO[C@@]12CCCC[C@@]13CCN(CC1CCC1)[C@@H]2Cc1ccc(O)cc13,0.056666666666666664,True
647,O=c1[nH]c2cc(Cl)c(Cl)cc2n1C1CCN(Cc2ccc(Cl)cc2F)CC1,0,O=c1[nH]c2cc(Cl)c(Cl)cc2n1C1CCN(Cc2ccc(Cl)cc2F)CC1,0.006666666666666667,True
648,CN1CC[C@]23c4c5ccc(OC(=O)c6cccnc6)c4O[C@H]2[C@@H](OC(=O)c2cccnc2)C=C[C@H]3[C@H]1C5,0,CN1CC[C@]23c4c5ccc(OC(=O)c6cccnc6)c4O[C@H]2[C@@H](OC(=O)c2cccnc2)C=C[C@H]3[C@H]1C5,0.058333333333333334,True
649,CCOC(=O)C1(c2ccccc2)CCN(CCCNc2ccccc2)CC1,0,CCOC(=O)C1(c2ccccc2)CCN(CCCNc2ccccc2)CC1,0.03,True
650,CCC(=O)N(c1ccccc1)C1CCN(CCc2cccs2)CC1,0,CCC(=O)N(c1ccccc1)C1CCN(CCc2cccs2)CC1,0.0,True
651,CC[C@@H]1CN2CC[C@]3(Nc4cccc(-c5ccccc5)c4C3=O)[C@@H]2C[C@@H]1/C(=C\OC)C(=O)OC,0,CC[C@@H]1CN2CC[C@]3(Nc4cccc(-c5ccccc5)c4C3=O)[C@@H]2C[C@@H]1/C(=C\OC)C(=O)OC,0.13166666666666665,True
652,CC[C@]12CCN(C)C[C@H]1Oc1ccc(O)cc12,0,CC[C@]12CCN(C)C[C@H]1Oc1ccc(O)cc12,0.043333333333333335,True
653,Oc1ccc2c3c1O[C@H]1c4c(c5c(n4Cc4ccccc4)[C@@H]4Oc6c(O)ccc7c6[C@@]46CCN(CC4CC4)[C@H](C7)[C@]6(O)C5)C[C@@]4(O)[C@@H](C2)N(CC2CC2)CC[C@]314,0,Oc1ccc2c3c1O[C@H]1c4c(c5c(n4Cc4ccccc4)[C@@H]4Oc6c(O)ccc7c6[C@@]46CCN(CC4CC4)[C@H](C7)[C@]6(O)C5)C[C@@]4(O)[C@@H](C2)N(CC2CC2)CC[C@]314,0.2916666666666667,True
654,CC(=O)Oc1ccc2c3c1O[C@H]1[C@@H](OC(C)=O)C=C[C@H]4[C@@H](C2)N(C)CC[C@@]341,0,CC(=O)Oc1ccc2c3c1O[C@H]1[C@@H](OC(C)=O)C=C[C@H]4[C@@H](C2)N(C)CC[C@@]341,0.058333333333333334,True
655,O=C1C[C@]23CCN(CC4CC4)[C@H](Cc4ccc(O)cc42)[C@]3(O)C/C1=C/c1ccccc1,0,O=C1C[C@]23CCN(CC4CC4)[C@H](Cc4ccc(O)cc42)[C@]3(O)C/C1=C/c1ccccc1,0.11128139850644941,True
656,CO[C@]12CC[C@@]3(C[C@@H]1[C@](C)(O)c1ccc(C)cc1)[C@H]1Cc4ccc(O)c5c4[C@@]3(CCN1CC1CC1)[C@H]2O5,0,CO[C@]12CC[C@@]3(C[C@@H]1[C@](C)(O)c1ccc(C)cc1)[C@H]1Cc4ccc(O)c5c4[C@@]3(CCN1CC1CC1)[C@H]2O5,0.13,True
657,N#Cc1ccc2c(c1)[nH]c(=O)n2C1CCN(Cc2ccccc2Cl)CC1,0,N#Cc1ccc2c(c1)[nH]c(=O)n2C1CCN(Cc2ccccc2Cl)CC1,0.0016666666666666668,True
658,CC(c1ccccc1Cl)N1CCC(n2c(O)nc3ccccc32)CC1,0,CC(c1ccccc1Cl)N1CCC(n2c(O)nc3ccccc32)CC1,0.025,True
659,O=C1[C@H]2O[C@@]34CC[C@@]5(OCOc6c(O)ccc7c6[C@@]3(CCN(CC3CC3)[C@@H]4C7)[C@H]25)N1Cc1ccccc1,0,O=C1[C@H]2O[C@@]34CC[C@@]5(OCOc6c(O)ccc7c6[C@@]3(CCN(CC3CC3)[C@@H]4C7)[C@H]25)N1Cc1ccccc1,0.12629327902240325,True
660,O=C1CC[C@@]2(NCCc3ccc(Cl)cc3)[C@H]3Cc4ccc(O)c5c4[C@@]2(CCN3CC2CC2)[C@H]1O5,0,O=C1CC[C@@]2(NCCc3ccc(Cl)cc3)[C@H]3Cc4ccc(O)c5c4[C@@]2(CCN3CC2CC2)[C@H]1O5,0.27,True
661,O=C(CCCCCCCCC(=O)Oc1ccc2c(c1)[C@@]13CCCC[C@@]1(O)[C@@H](C2)N(CC1CCC1)CC3)Oc1ccc2c(c1)[C@@]13CCCC[C@H]1[C@@H](C2)N(CC1CCC1)CC3,0,O=C(CCCCCCCCC(=O)Oc1ccc2c(c1)[C@@]13CCCC[C@@]1(O)[C@@H](C2)N(CC1CCC1)CC3)Oc1ccc2c(c1)[C@@]13CCCC[C@H]1[C@@H](C2)N(CC1CCC1)CC3,0.08769338626681228,True
662,COc1ccc2c(c1O)[C@]13CCN(C)C(C2)[C@@]12C/C(=C(/C)c1ccccc1)[C@@H]3c1[nH]c3ccccc3c1C2,0,COc1ccc2c(c1O)[C@]13CCN(C)C(C2)[C@@]12C/C(=C(/C)c1ccccc1)[C@@H]3c1[nH]c3ccccc3c1C2,0.011666666666666667,True
663,Fc1ccccc1C(Cc1ccccc1)N1CCN(C2CCCCC2)CC1,0,Fc1ccccc1C(Cc1ccccc1)N1CCN(C2CCCCC2)CC1,0.04,True
664,COc1ccc(CN2CCC(n3c(=O)[nH]c4ccccc43)CC2)cc1,0,COc1ccc(CN2CCC(n3c(=O)[nH]c4ccccc43)CC2)cc1,0.005,True
665,CCC(=O)C(c1ccccc1)(c1ccccc1)C(C)CN(C)C,0,CCC(=O)C(c1ccccc1)(c1ccccc1)C(C)CN(C)C,0.011666666666666667,True
666,CC1(N2CCC(n3c(-c4ccc5cc[nH]c5c4)nc4ccccc43)CC2)CCCCCCC1,0,CC1(N2CCC(n3c(-c4ccc5cc[nH]c5c4)nc4ccccc43)CC2)CCCCCCC1,0.013605245440595166,True
667,CC1(N2CCC(n3c(-c4cccc(C(F)(F)F)c4)nc4ccccc43)CC2)CCCCCCC1,0,CC1(N2CCC(n3c(-c4cccc(C(F)(F)F)c4)nc4ccccc43)CC2)CCCCCCC1,0.009619823489477257,True
668,CN1CC[C@]23c4c5ccc(NCc6cccc(O)c6)c4O[C@H]2[C@@H](O)C=C[C@H]3[C@H]1C5,0,CN1CC[C@]23c4c5ccc(NCc6cccc(O)c6)c4O[C@H]2[C@@H](O)C=C[C@H]3[C@H]1C5,0.041666666666666664,True
669,COc1ccc2c(c1)[nH]c(=O)n2C1CCN(Cc2ccccc2Cl)CC1,0,COc1ccc2c(c1)[nH]c(=O)n2C1CCN(Cc2ccccc2Cl)CC1,0.0,True
670,Oc1cccc(-c2cnc3c(c2)C[C@@]2(OCCCc4ccccc4)[C@H]4Cc5ccc(O)c6c5[C@@]2(CCN4CC2CC2)[C@H]3O6)c1,0,Oc1cccc(-c2cnc3c(c2)C[C@@]2(OCCCc4ccccc4)[C@H]4Cc5ccc(O)c6c5[C@@]2(CCN4CC2CC2)[C@H]3O6)c1,0.013333333333333334,True
671,CC(C)C[C@@H](NC(=O)[C@H](Cc1ccccc1)NC(=O)CNC(=O)[C@@H](C)NC(=O)[C@@H](N)Cc1ccc(O)cc1)C(=O)N[C@@H](CCCNC(=N)N)C(=O)N[C@@H](CCCCNC(=O)NCCC(=O)N(c1ccccc1)C1CCN(CCc2ccccc2)CC1)C(=O)O,0,CC(C)C[C@@H](NC(=O)[C@H](Cc1ccccc1)NC(=O)CNC(=O)[C@@H](C)NC(=O)[C@@H](N)Cc1ccc(O)cc1)C(=O)N[C@@H](CCCNC(=N)N)C(=O)N[C@@H](CCCCNC(=O)NCCC(=O)N(c1ccccc1)C1CCN(CCc2ccccc2)CC1)C(=O)O,0.0,True
672,CC[C@H](C)[C@H](NC(=O)[C@H](CCCN=C(N)N)NC(=O)[C@H](CCCN=C(N)N)NC(=O)[C@H](CC(C)C)NC(=O)[C@H](Cc1ccccc1)NC(=O)CNC(=O)CNC(=O)[C@@H](N)Cc1ccc(O)cc1)C(=O)N[C@@H](CCCN=C(N)N)C(=O)N1CCC[C@H]1C(=O)N[C@@H](CCCCN)C(=O)O,0,CC[C@H](C)[C@H](NC(=O)[C@H](CCCN=C(N)N)NC(=O)[C@H](CCCN=C(N)N)NC(=O)[C@H](CC(C)C)NC(=O)[C@H](Cc1ccccc1)NC(=O)CNC(=O)CNC(=O)[C@@H](N)Cc1ccc(O)cc1)C(=O)N[C@@H](CCCN=C(N)N)C(=O)N1CCC[C@H]1C(=O)N[C@@H](CCCCN)C(=O)O,0.006666666666666667,True
673,CCC(=O)N(Cc1ccco1)C1(C(=O)NCCc2cccc(F)c2)CCN(CCc2ccccc2)CC1,0,CCC(=O)N(Cc1ccco1)C1(C(=O)NCCc2cccc(F)c2)CCN(CCc2ccccc2)CC1,0.013333333333333334,True
674,Cc1cc(O)cc(C)c1C[C@H](N)C(=O)N1Cc2ccccc2C[C@H]1CNC(=O)Nc1ccccc1,0,Cc1cc(O)cc(C)c1C[C@H](N)C(=O)N1Cc2ccccc2C[C@H]1CNC(=O)Nc1ccccc1,0.25166666666666665,True
675,CN1CC[C@]23c4c5ccc(O)c4O[C@H]2C(=O)CC[C@H]3[C@H]1C5,0,CN1CC[C@]23c4c5ccc(O)c4O[C@H]2C(=O)CC[C@H]3[C@H]1C5,0.02,True
676,COC(=O)[C@@H]1C[C@H](OC(=O)c2cccc(OC)c2)C(=O)[C@H]2[C@@]1(C)CC[C@H]1C(=O)O[C@H](c3ccoc3)C[C@]21C,0,COC(=O)[C@@H]1C[C@H](OC(=O)c2cccc(OC)c2)C(=O)[C@H]2[C@@]1(C)CC[C@H]1C(=O)O[C@H](c3ccoc3)C[C@]21C,0.011666666666666667,True
677,Oc1ccc2c(c1)[C@]1(CCCCCc3ccccc3)CCN(CCc3ccccc3)C[C@@H]1O2,0,Oc1ccc2c(c1)[C@]1(CCCCCc3ccccc3)CCN(CCc3ccccc3)C[C@@H]1O2,0.006666666666666667,True
678,Oc1ccc2c3c1O[C@H]1[C@@H](O)CC[C@@]4(O)[C@@H](C2)N(CC2CCC2)CC[C@]314,0,Oc1ccc2c3c1O[C@H]1[C@@H](O)CC[C@@]4(O)[C@@H](C2)N(CC2CCC2)CC[C@]314,0.2115084814216478,True
679,C[C@H]1C2C(=O)c3ccc(N)cc3[C@@]1(C)CCN2CC1CC1,0,C[C@H]1C2C(=O)c3ccc(N)cc3[C@@]1(C)CCN2CC1CC1,0.011666666666666667,True
680,Cc1cc(O)cc(C)c1C[C@H](N)C(=O)N[C@H](C)C(=O)NCC(=O)N[C@@H](Cc1ccc(Cl)cc1)C(=O)N[C@@H](CC(C)C)C(=O)N[C@@H](CCCNC(=N)N)C(=O)N[C@H](CCCNC(=N)N)C(=O)N[C@@H](CCC(N)=O)C(=O)N[C@@H](Cc1ccccc1)C(=O)N[C@@H](CCCCNC(=O)NCCC(=O)N(c1ccccc1)C1CCN(CCc2ccccc2)CC1)C(=O)O,0,Cc1cc(O)cc(C)c1C[C@H](N)C(=O)N[C@H](C)C(=O)NCC(=O)N[C@@H](Cc1ccc(Cl)cc1)C(=O)N[C@@H](CC(C)C)C(=O)N[C@@H](CCCNC(=N)N)C(=O)N[C@H](CCCNC(=N)N)C(=O)N[C@@H](CCC(N)=O)C(=O)N[C@@H](Cc1ccccc1)C(=O)N[C@@H](CCCCNC(=O)NCCC(=O)N(c1ccccc1)C1CCN(CCc2ccccc2)CC1)C(=O)O,0.0016666666666666668,True
681,COc1ccc2c(c1)[C@]13CCN(CC4CC4)[C@H](C2)[C@@H]1Cc1sc(N)nc1C3,0,COc1ccc2c(c1)[C@]13CCN(CC4CC4)[C@H](C2)[C@@H]1Cc1sc(N)nc1C3,0.006666666666666667,True
682,Oc1ccc2c3c1O[C@H]1c4ncc(-c5ccccc5)cc4C[C@@]4(OCCCc5ccc(F)cc5)[C@@H](C2)N(CC2CC2)CC[C@]314,0,Oc1ccc2c3c1O[C@H]1c4ncc(-c5ccccc5)cc4C[C@@]4(OCCCc5ccc(F)cc5)[C@@H](C2)N(CC2CC2)CC[C@]314,0.043333333333333335,True
683,CN(C(=O)/C=C/c1ccoc1)[C@@H]1CC[C@@]2(O)[C@H]3Cc4ccc(O)c5c4[C@@]2(CCN3CC2CC2)[C@H]1O5,0,CN(C(=O)/C=C/c1ccoc1)[C@@H]1CC[C@@]2(O)[C@H]3Cc4ccc(O)c5c4[C@@]2(CCN3CC2CC2)[C@H]1O5,0.16111035007699376,True
684,C[C@H]1C2Cc3ccc(C(=O)NCCc4cccc(Br)c4)cc3[C@@]1(C)CCN2CC1CC1,0,C[C@H]1C2Cc3ccc(C(=O)NCCc4cccc(Br)c4)cc3[C@@]1(C)CCN2CC1CC1,0.03129158180583842,True
685,Oc1ccc2c3c1O[C@H]1c4ncc(-c5ccccc5C5CC5)cc4C[C@@]4(OCCCc5ccccc5)[C@@H](C2)N(CC2CC2)CC[C@]314,0,Oc1ccc2c3c1O[C@H]1c4ncc(-c5ccccc5C5CC5)cc4C[C@@]4(OCCCc5ccccc5)[C@@H](C2)N(CC2CC2)CC[C@]314,0.013333333333333334,True
686,CCC(=O)C1(c2cccc(O)c2)CCN(C)CC1,0,CCC(=O)C1(c2cccc(O)c2)CCN(C)CC1,0.06333333333333334,True
687,Oc1ccc2c3c1O[C@H]1c4ncc(-c5ccccn5)cc4C[C@@]4(OCCCc5ccccc5)[C@@H](C2)N(CC2CC2)CC[C@]314,0,Oc1ccc2c3c1O[C@H]1c4ncc(-c5ccccn5)cc4C[C@@]4(OCCCc5ccccc5)[C@@H](C2)N(CC2CC2)CC[C@]314,0.008333333333333333,True
688,Oc1ccc2c3c1O[C@H]1c4ncc(-c5ccccc5)cc4C[C@@]4(OCCCC5CCOCC5)[C@@H](C2)N(CC2CC2)CC[C@]314,0,Oc1ccc2c3c1O[C@H]1c4ncc(-c5ccccc5)cc4C[C@@]4(OCCCC5CCOCC5)[C@@H](C2)N(CC2CC2)CC[C@]314,0.04833333333333333,True
689,CC(C)[C@H](NC(=O)[C@H](CCC(=O)O)NC(=O)[C@H](Cc1ccccc1)NC(=O)[C@@H](C)NC(=O)[C@@H](N)Cc1ccc(O)cc1)C(=O)N[C@H](C(=O)NCC(N)=O)C(C)C,0,CC(C)[C@H](NC(=O)[C@H](CCC(=O)O)NC(=O)[C@H](Cc1ccccc1)NC(=O)[C@@H](C)NC(=O)[C@@H](N)Cc1ccc(O)cc1)C(=O)N[C@H](C(=O)NCC(N)=O)C(C)C,0.006666666666666667,True
690,C[C@H]1C2Cc3ccc(O)cc3[C@@]1(C)CCN2CCc1ccccc1,0,C[C@H]1C2Cc3ccc(O)cc3[C@@]1(C)CCN2CCc1ccccc1,0.02666666666666667,True
691,COc1ccc(-c2ccc(CCNC(=O)c3ccc4c(c3)[C@@]3(C)CCN(CC5CC5)C(C4)[C@@H]3C)cc2)cc1,0,COc1ccc(-c2ccc(CCNC(=O)c3ccc4c(c3)[C@@]3(C)CCN(CC5CC5)C(C4)[C@@H]3C)cc2)cc1,0.051116611292625944,True
692,O=c1[nH]c2ccccc2n1C1CCN(Cc2ccc(Br)cc2F)CC1,0,O=c1[nH]c2ccccc2n1C1CCN(Cc2ccc(Br)cc2F)CC1,0.0,True
693,CCOc1ccc(Cc2nc3cc([N+](=O)[O-])ccc3n2CCN(CC)CC)cc1,0,CCOc1ccc(Cc2nc3cc([N+](=O)[O-])ccc3n2CCN(CC)CC)cc1,0.07602521929824561,True
694,C=CCN1CC[C@]23c4c5ccc(OC(=O)CCCCCCCCC(=O)Oc6ccc7c(c6)[C@@]68CCCCC6[C@@H](C7)N(CC6CCC6)CC8)c4O[C@H]2C(=O)CC[C@@]3(O)[C@H]1C5,0,C=CCN1CC[C@]23c4c5ccc(OC(=O)CCCCCCCCC(=O)Oc6ccc7c(c6)[C@@]68CCCCC6[C@@H](C7)N(CC6CCC6)CC8)c4O[C@H]2C(=O)CC[C@@]3(O)[C@H]1C5,0.06833333333333333,True
695,O=C1/C(=C/c2ccccc2)C[C@@]2(O)[C@H]3Cc4ccc(O)c5c4[C@@]2(CCN3CCc2ccccc2)[C@H]1O5,0,O=C1/C(=C/c2ccccc2)C[C@@]2(O)[C@H]3Cc4ccc(O)c5c4[C@@]2(CCN3CCc2ccccc2)[C@H]1O5,0.18833333333333332,True
696,NC(=O)[C@H](Cc1ccccc1)NC(=O)CN1Cc2ccccc2C[C@]2(CCCN2C(=O)[C@@H](N)Cc2ccc(O)cc2)C1=O,0,NC(=O)[C@H](Cc1ccccc1)NC(=O)CN1Cc2ccccc2C[C@]2(CCCN2C(=O)[C@@H](N)Cc2ccc(O)cc2)C1=O,0.07166666666666667,True
697,CCCCN1Cc2ccccc2N(C2CCN(C3CCC(C(C)C)CC3)CC2)S1(=O)=O,0,CCCCN1Cc2ccccc2N(C2CCN(C3CCC(C(C)C)CC3)CC2)S1(=O)=O,0.24666666666666667,True
698,COc1ccc(-c2cnc3c(c2)C[C@@]2(OCCCc4ccccc4)[C@H]4Cc5ccc(O)c6c5[C@@]2(CCN4CC2CC2)[C@H]3O6)cc1,0,COc1ccc(-c2cnc3c(c2)C[C@@]2(OCCCc4ccccc4)[C@H]4Cc5ccc(O)c6c5[C@@]2(CCN4CC2CC2)[C@H]3O6)cc1,0.01,True
699,CC[C@H](C)[C@H](NC(=O)[C@H](CCCN=C(N)N)NC(=O)[C@H](CCCN=C(N)N)NC(=O)[C@H](CC(C)C)NC(=O)[C@H](Cc1ccccc1)NC(=O)CNC(=O)CNC(=O)[C@@H](N)Cc1ccc(O)cc1)C(=O)O,0,CC[C@H](C)[C@H](NC(=O)[C@H](CCCN=C(N)N)NC(=O)[C@H](CCCN=C(N)N)NC(=O)[C@H](CC(C)C)NC(=O)[C@H](Cc1ccccc1)NC(=O)CNC(=O)CNC(=O)[C@@H](N)Cc1ccc(O)cc1)C(=O)O,0.011666666666666667,True
700,C[C@H](CN1CCOCC1)C(C(=O)N1CCCC1)(c1ccccc1)c1ccccc1,0,C[C@H](CN1CCOCC1)C(C(=O)N1CCCC1)(c1ccccc1)c1ccccc1,0.05,True
701,CC(C)CCC(C)N1CCC(N2c3ccccc3CNS2(=O)=O)CC1,0,CC(C)CCC(C)N1CCC(N2c3ccccc3CNS2(=O)=O)CC1,0.14833333333333334,True
702,Oc1ccc2c(c1)[C@]1(CCc3ccccc3)CCN(CCc3ccc(C(F)(F)F)cc3)C[C@@H]1O2,0,Oc1ccc2c(c1)[C@]1(CCc3ccccc3)CCN(CCc3ccc(C(F)(F)F)cc3)C[C@@H]1O2,0.006666666666666667,True
703,COc1cccc(CN2CCC(n3c(=O)[nH]c4ccccc43)CC2)c1,0,COc1cccc(CN2CCC(n3c(=O)[nH]c4ccccc43)CC2)c1,0.006666666666666667,True
704,CC1(N2CCC(n3c(-c4cccc(CN)c4)nc4ccccc43)CC2)CCCCCCC1,0,CC1(N2CCC(n3c(-c4cccc(CN)c4)nc4ccccc43)CC2)CCCCCCC1,0.015077719319066662,True
705,C[C@H]1C2Cc3cc4nc[nH]c4cc3[C@@]1(C)CCN2CC1CC1,0,C[C@H]1C2Cc3cc4nc[nH]c4cc3[C@@]1(C)CCN2CC1CC1,0.12,True
706,CCC(=O)O[C@](Cc1ccccc1)(c1ccccc1)[C@H](C)CN(C)C,0,CCC(=O)O[C@](Cc1ccccc1)(c1ccccc1)[C@H](C)CN(C)C,0.02666666666666667,True
707,CCCC(=O)N(c1ccccc1)C1CCN(CCc2ccccc2)CC1,0,CCCC(=O)N(c1ccccc1)C1CCN(CCc2ccccc2)CC1,0.0,True
708,CCOc1ccc(CN2CCc3ccccc3C2)cc1CNC(=O)[C@@H](N)Cc1c(C)cc(O)cc1C,0,CCOc1ccc(CN2CCc3ccccc3C2)cc1CNC(=O)[C@@H](N)Cc1c(C)cc(O)cc1C,0.028333333333333332,True
709,CN(C)c1cccc2c(S(=O)(=O)NCCN3C(=O)C4=C(SC[C@@H](NC(=O)[C@@H](N)Cc5ccc(O)cc5)C(=O)NCC(=O)N[C@@H](Cc5ccccc5)C(=O)NNC(=O)[C@H](Cc5ccccc5)NC(=O)CNC(=O)[C@H](NC(=O)[C@@H](N)Cc5ccc(O)cc5)CS4)C3=O)cccc12,0,CN(C)c1cccc2c(S(=O)(=O)NCCN3C(=O)C4=C(SC[C@@H](NC(=O)[C@@H](N)Cc5ccc(O)cc5)C(=O)NCC(=O)N[C@@H](Cc5ccccc5)C(=O)NNC(=O)[C@H](Cc5ccccc5)NC(=O)CNC(=O)[C@H](NC(=O)[C@@H](N)Cc5ccc(O)cc5)CS4)C3=O)cccc12,0.05,True
710,O=C(N[C@@H]1CC[C@@]2(O)[C@H]3Cc4ccc(O)c5c4[C@@]2(CCN3CC2CC2)[C@H]1O5)c1ccc(Br)cc1,0,O=C(N[C@@H]1CC[C@@]2(O)[C@H]3Cc4ccc(O)c5c4[C@@]2(CCN3CC2CC2)[C@H]1O5)c1ccc(Br)cc1,0.075,True
711,Oc1ccc2c(c1)[C@]13CCN(CC4CC4)[C@H](C2)[C@@H]1Cc1c([nH]c2ccccc12)C3,0,Oc1ccc2c(c1)[C@]13CCN(CC4CC4)[C@H](C2)[C@@H]1Cc1c([nH]c2ccccc12)C3,0.005,True
712,O=c1[nH]c2c(Cl)cccc2n1C1CCN(Cc2ccc(Br)cc2F)CC1,0,O=c1[nH]c2c(Cl)cccc2n1C1CCN(Cc2ccc(Br)cc2F)CC1,0.006666666666666667,True
713,CCC(=O)N(CCc1ccccc1)C1(C(=O)NCCc2cccc(F)c2)CCN(CCc2ccccc2)CC1,0,CCC(=O)N(CCc1ccccc1)C1(C(=O)NCCc2cccc(F)c2)CCN(CCc2ccccc2)CC1,0.01,True
714,C[C@H]1C2Cc3ccc(C(=O)NCCc4ccccc4-c4ccccc4)cc3[C@@]1(C)CCN2CC1CC1,0,C[C@H]1C2Cc3ccc(C(=O)NCCc4ccccc4-c4ccccc4)cc3[C@@]1(C)CCN2CC1CC1,0.04916591598177108,True
715,CN[C@]1(c2ccccc2)CC[C@]2(CC1)OCCc1c3cc(F)ccc3[nH]c12,0,CN[C@]1(c2ccccc2)CC[C@]2(CC1)OCCc1c3cc(F)ccc3[nH]c12,0.015,True
716,CN1CCC23c4c5ccc(O)c4OC2c2nc(O)ncc2CC3(O)C1C5,0,CN1CCC23c4c5ccc(O)c4OC2c2nc(O)ncc2CC3(O)C1C5,0.0033333333333333335,True
717,NC(=O)[C@H]1CSCSC[C@H](NC(=O)[C@@H](N)Cc2ccc(O)cc2)C(=O)N[C@@H](Cc2ccccc2)C(=O)N[C@@H](Cc2ccc3ccccc3c2)C(=O)N1,0,NC(=O)[C@H]1CSCSC[C@H](NC(=O)[C@@H](N)Cc2ccc(O)cc2)C(=O)N[C@@H](Cc2ccccc2)C(=O)N[C@@H](Cc2ccc3ccccc3c2)C(=O)N1,0.051666666666666666,True
718,CO[C@]12CC[C@@]3(C[C@@H]1[C@](C)(O)c1cc(C)cc(C)c1)[C@H]1Cc4ccc(O)c5c4[C@@]3(CCN1CC1CC1)[C@H]2O5,0,CO[C@]12CC[C@@]3(C[C@@H]1[C@](C)(O)c1cc(C)cc(C)c1)[C@H]1Cc4ccc(O)c5c4[C@@]3(CCN1CC1CC1)[C@H]2O5,0.09833333333333333,True
719,Cc1nocc1-c1cnc2c(c1)C[C@@]1(OCCCc3ccccc3)[C@H]3Cc4ccc(O)c5c4[C@@]1(CCN3CC1CC1)[C@H]2O5,0,Cc1nocc1-c1cnc2c(c1)C[C@@]1(OCCCc3ccccc3)[C@H]3Cc4ccc(O)c5c4[C@@]1(CCN3CC1CC1)[C@H]2O5,0.013333333333333334,True
720,CN1CC[C@]23c4c5ccc(C(N)=O)c4O[C@H]2C(=O)CC[C@H]3[C@H]1C5,0,CN1CC[C@]23c4c5ccc(C(N)=O)c4O[C@H]2C(=O)CC[C@H]3[C@H]1C5,0.06449016918152721,True
721,CC(C)C[C@H](NC(=O)[C@@H]1CCCN1C(=O)[C@H](CC(C)C)NC(=O)[C@H](Cc1ccccc1)NC(=O)CNC(=O)[C@@H](C)NC(=O)[C@@H](N)Cc1ccc(O)cc1)C(=O)N[C@@H](Cc1c[nH]c2ccccc12)C(=O)OCc1cc(C(F)(F)F)cc(C(F)(F)F)c1,0,CC(C)C[C@H](NC(=O)[C@@H]1CCCN1C(=O)[C@H](CC(C)C)NC(=O)[C@H](Cc1ccccc1)NC(=O)CNC(=O)[C@@H](C)NC(=O)[C@@H](N)Cc1ccc(O)cc1)C(=O)N[C@@H](Cc1c[nH]c2ccccc12)C(=O)OCc1cc(C(F)(F)F)cc(C(F)(F)F)c1,0.0,True
722,CCOC(=O)C1(c2ccccc2)CCCN(C)CC1,0,CCOC(=O)C1(c2ccccc2)CCCN(C)CC1,0.018333333333333333,True
723,O=C(C1CCCC1)N(c1ccccc1)C1CCN(CCc2ccccc2)CC1,0,O=C(C1CCCC1)N(c1ccccc1)C1CCN(CCc2ccccc2)CC1,0.0016666666666666668,True
724,COc1ccc2c(c1)[C@]13CCN(CC4CC4)[C@H](C2)[C@@H]1Cc1c([nH]c2ccccc12)C3,0,COc1ccc2c(c1)[C@]13CCN(CC4CC4)[C@H](C2)[C@@H]1Cc1c([nH]c2ccccc12)C3,0.011666666666666667,True
725,CCCC[C@@H](C(=O)N[C@@H](CC(=O)O)C(=O)N[C@@H](Cc1ccccc1)C(N)=O)N(C)C(=O)[C@H](Cc1c[nH]c2ccccc12)NC(=O)CNC(=O)[C@@H](Cc1ccccc1)NC(=O)[C@H](Cc1ccc(O)cc1)NC(=O)[C@@H](N)CC(=O)O,0,CCCC[C@@H](C(=O)N[C@@H](CC(=O)O)C(=O)N[C@@H](Cc1ccccc1)C(N)=O)N(C)C(=O)[C@H](Cc1c[nH]c2ccccc12)NC(=O)CNC(=O)[C@@H](Cc1ccccc1)NC(=O)[C@H](Cc1ccc(O)cc1)NC(=O)[C@@H](N)CC(=O)O,0.0,True
726,CCNC(=O)c1ccc(/C(=C2\C[C@H]3CC[C@@H](C2)N3CCc2ccccc2)c2ccccc2)cc1,0,CCNC(=O)c1ccc(/C(=C2\C[C@H]3CC[C@@H](C2)N3CCc2ccccc2)c2ccccc2)cc1,0.11166666666666666,True
727,Oc1ccc2c3c1O[C@H]1c4ncc(-c5ccc(F)cc5F)cc4C[C@@]4(OCCCc5ccccc5)[C@@H](C2)N(CC2CC2)CC[C@]314,0,Oc1ccc2c3c1O[C@H]1c4ncc(-c5ccc(F)cc5F)cc4C[C@@]4(OCCCc5ccccc5)[C@@H](C2)N(CC2CC2)CC[C@]314,0.005,True
728,c1cc2c(cc1CNc1ccc3c(c1)[C@@]14CCCC[C@H]1[C@@H](C3)N(CC1CC1)CC4)OCO2,0,c1cc2c(cc1CNc1ccc3c(c1)[C@@]14CCCC[C@H]1[C@@H](C3)N(CC1CC1)CC4)OCO2,0.005,True
729,O=c1[nH]c2c(Cl)cc(Cl)cc2n1C1CCN(Cc2ccc(Br)cc2F)CC1,0,O=c1[nH]c2c(Cl)cc(Cl)cc2n1C1CCN(Cc2ccc(Br)cc2F)CC1,0.013333333333333334,True
730,OCC1(N2CCC(n3c(N4CC5CNCC5C4)nc4ccccc43)CC2)CCCCCCC1,0,OCC1(N2CCC(n3c(N4CC5CNCC5C4)nc4ccccc43)CC2)CCCCCCC1,0.07258316361167685,True
731,Nc1nc2c(s1)C[C@H]1[C@H]3Cc4ccc(O)cc4[C@@]1(CCN3CC1CC1)C2,0,Nc1nc2c(s1)C[C@H]1[C@H]3Cc4ccc(O)cc4[C@@]1(CCN3CC1CC1)C2,0.0033333333333333335,True
732,O=C(CCCCCCCC(=O)Oc1ccc2c(c1)[C@@]13CCCC[C@H]1[C@@H](C2)N(CC1CCC1)CC3)Oc1ccc2c(c1)[C@@]13CCCC[C@H]1[C@@H](C2)N(CC1CCC1)CC3,0,O=C(CCCCCCCC(=O)Oc1ccc2c(c1)[C@@]13CCCC[C@H]1[C@@H](C2)N(CC1CCC1)CC3)Oc1ccc2c(c1)[C@@]13CCCC[C@H]1[C@@H](C2)N(CC1CCC1)CC3,0.0,True
733,COC(=O)[C@@H]1C[C@H](OC(=O)c2cccs2)C(=O)[C@H]2[C@@]1(C)CC[C@H]1C(=O)O[C@H](c3ccoc3)C[C@]21C,0,COC(=O)[C@@H]1C[C@H](OC(=O)c2cccs2)C(=O)[C@H]2[C@@]1(C)CC[C@H]1C(=O)O[C@H](c3ccoc3)C[C@]21C,0.0016666666666666668,True
734,CC(C)C[C@@H](NC(=O)[C@H](Cc1ccccc1)NC(=O)CNC(=O)[C@H](C)NC(=O)[C@@H](N)Cc1ccc(O)cc1)C(=O)N[C@@H](CCCNC(=N)N)C(=O)N[C@@H](Cc1c[nH]c2ccccc12)C(=O)N[C@@H](CCCCNC(=O)NCCC(=O)N(c1ccccc1)C1CCN(CCc2ccccc2)CC1)C(=O)O,0,CC(C)C[C@@H](NC(=O)[C@H](Cc1ccccc1)NC(=O)CNC(=O)[C@H](C)NC(=O)[C@@H](N)Cc1ccc(O)cc1)C(=O)N[C@@H](CCCNC(=N)N)C(=O)N[C@@H](Cc1c[nH]c2ccccc12)C(=O)N[C@@H](CCCCNC(=O)NCCC(=O)N(c1ccccc1)C1CCN(CCc2ccccc2)CC1)C(=O)O,0.0033333333333333335,True
735,CCC(=O)N(c1ccccc1)C1(COC)CCN(CCc2ccccc2)CC1,0,CCC(=O)N(c1ccccc1)C1(COC)CCN(CCc2ccccc2)CC1,0.0,True
736,CC(c1ccccc1)N1CCC(n2c(=O)[nH]c3ccccc32)CC1,0,CC(c1ccccc1)N1CCC(n2c(=O)[nH]c3ccccc32)CC1,0.0,True
737,COC(=O)CCCCCCCCC(=O)Oc1ccc2c(c1)[C@@]13CCCC[C@H]1[C@@H](C2)N(CC1CCC1)CC3,0,COC(=O)CCCCCCCCC(=O)Oc1ccc2c(c1)[C@@]13CCCC[C@H]1[C@@H](C2)N(CC1CCC1)CC3,0.0,True
738,CC(C)C[C@H](NC(=O)[C@H](Cc1ccccc1)NC(=O)CNC(=O)CNC(=O)[C@@H](N)Cc1ccc(O)cc1)C(=O)N[C@@H](CCCN=C(N)N)C(=O)N[C@@H](CCCN=C(N)N)C(=O)N[C@@H](CCC(N)=O)C(=O)N[C@@H](Cc1ccccc1)C(=O)N[C@@H](CCCCN)C(=O)N[C@H](C(=O)N[C@H](C(=O)N[C@H](C(=O)O)[C@@H](C)O)C(C)C)C(C)C,0,CC(C)C[C@H](NC(=O)[C@H](Cc1ccccc1)NC(=O)CNC(=O)CNC(=O)[C@@H](N)Cc1ccc(O)cc1)C(=O)N[C@@H](CCCN=C(N)N)C(=O)N[C@@H](CCCN=C(N)N)C(=O)N[C@@H](CCC(N)=O)C(=O)N[C@@H](Cc1ccccc1)C(=O)N[C@@H](CCCCN)C(=O)N[C@H](C(=O)N[C@H](C(=O)N[C@H](C(=O)O)[C@@H](C)O)C(C)C)C(C)C,0.016666666666666666,True
739,CC1CN(c2nc3ccccc3n2C2CCN(C3(CO)CCCCCCC3)CC2)CCN1,0,CC1CN(c2nc3ccccc3n2C2CCN(C3(CO)CCCCCCC3)CC2)CCN1,0.10109241575523459,True
740,OCCN1CC[C@]23Cc4nc5ccccc5cc4C[C@@]2(O)[C@H]1Cc1ccc(O)cc13,0,OCCN1CC[C@]23Cc4nc5ccccc5cc4C[C@@]2(O)[C@H]1Cc1ccc(O)cc13,0.14166666666666666,True
741,Cc1cc(O)cc(C)c1C[C@H](N)[C@@H](O)C/C=C/[C@H](O)[C@@H](Cc1ccccc1)C(=O)O[C@H](CO)Cc1ccccc1,0,Cc1cc(O)cc(C)c1C[C@H](N)[C@@H](O)C/C=C/[C@H](O)[C@@H](Cc1ccccc1)C(=O)O[C@H](CO)Cc1ccccc1,0.015,True
742,C[C@H]1[C@H]2CCC[C@]1(c1cccc(O)c1)CCN2CCc1ccccc1,0,C[C@H]1[C@H]2CCC[C@]1(c1cccc(O)c1)CCN2CCc1ccccc1,0.02666666666666667,True
743,CC(C)[C@H](NC(=O)[C@H](CCC(=O)NCC(=O)N(c1ccccc1)C1CCN(CCc2ccccc2)CC1)NC(=O)[C@H](Cc1ccccc1)NC(=O)[C@@H](C)NC(=O)[C@@H](N)Cc1ccc(O)cc1)C(=O)N[C@H](C(=O)NCC(N)=O)C(C)C,0,CC(C)[C@H](NC(=O)[C@H](CCC(=O)NCC(=O)N(c1ccccc1)C1CCN(CCc2ccccc2)CC1)NC(=O)[C@H](Cc1ccccc1)NC(=O)[C@@H](C)NC(=O)[C@@H](N)Cc1ccc(O)cc1)C(=O)N[C@H](C(=O)NCC(N)=O)C(C)C,0.006666666666666667,True
744,Oc1ccc2c(c1)[C@@]13CCCC[C@H]1[C@@H](C2)N(CC1CC1)CC3,0,Oc1ccc2c(c1)[C@@]13CCCC[C@H]1[C@@H](C2)N(CC1CC1)CC3,0.02,True
745,CCC(=O)N(c1ccccc1)C1CCN(C(C)Cc2ccccc2)CC1,0,CCC(=O)N(c1ccccc1)C1CCN(C(C)Cc2ccccc2)CC1,0.013333333333333334,True
746,COC(=O)[C@@H]1C[C@H](OC(C)=O)C(=O)[C@H]2[C@@]1(C)CC[C@H]1C(=O)O[C@H](c3ccoc3)C[C@]21C,0,COC(=O)[C@@H]1C[C@H](OC(C)=O)C(=O)[C@H]2[C@@]1(C)CC[C@H]1C(=O)O[C@H](c3ccoc3)C[C@]21C,0.0033333333333333335,True
747,C[C@H]1C2Cc3ccc(C(=O)NCCc4ccc(-c5ccccc5)nc4)cc3[C@@]1(C)CCN2CC1CC1,0,C[C@H]1C2Cc3ccc(C(=O)NCCc4ccc(-c5ccccc5)nc4)cc3[C@@]1(C)CCN2CC1CC1,0.0519103510488601,True
748,CN1CC[C@]23c4c5ccc(O)c4O[C@@]2(C)C(=O)CC[C@H]3[C@H]1C5,0,CN1CC[C@]23c4c5ccc(O)c4O[C@@]2(C)C(=O)CC[C@H]3[C@H]1C5,0.03,True
749,Cc1cc(O)cc(C)c1C[C@H](NC(=O)[C@@H]1CCCN1C(=O)[C@H](CCCCN)NC(=O)C[C@H](CCCCN)NC(=O)CCN1Cc2ccccc2C[C@H](NC(=O)[C@@H](CCCNC(=N)N)NC(=O)[C@@H](N)Cc2c(C)cc(O)cc2C)C1=O)C(=O)N[C@H](C(=O)N[C@@H](CC(C)C)C(=O)O)C(C)(C)C,0,Cc1cc(O)cc(C)c1C[C@H](NC(=O)[C@@H]1CCCN1C(=O)[C@H](CCCCN)NC(=O)C[C@H](CCCCN)NC(=O)CCN1Cc2ccccc2C[C@H](NC(=O)[C@@H](CCCNC(=N)N)NC(=O)[C@@H](N)Cc2c(C)cc(O)cc2C)C1=O)C(=O)N[C@H](C(=O)N[C@@H](CC(C)C)C(=O)O)C(C)(C)C,0.0,True
750,C=CC(=O)N(c1ccn(-c2ccccc2)n1)C1CCN(CCc2ccccc2)CC1,0,C=CC(=O)N(c1ccn(-c2ccccc2)n1)C1CCN(CCc2ccccc2)CC1,0.06166666666666667,True
751,CCC(=O)OC1(c2ccccc2)CC(C)N(C)CC1C,0,CCC(=O)OC1(c2ccccc2)CC(C)N(C)CC1C,0.055,True
752,CN1CC[C@]23CC(=O)CC[C@H]2[C@H]1Cc1ccc(C(N)=O)c(O)c13,0,CN1CC[C@]23CC(=O)CC[C@H]2[C@H]1Cc1ccc(C(N)=O)c(O)c13,0.08435634072856751,True
753,O=C(NCc1ccccc1)Oc1ccc2c(c1)C13CCCCC1C(C2)N(CC1CCC1)CC3,0,O=C(NCc1ccccc1)Oc1ccc2c(c1)C13CCCCC1C(C2)N(CC1CCC1)CC3,0.0,True
754,CN1CC[C@]23CCCC[C@H]2[C@H]1Cc1ccc(NCc2cccc(O)c2)cc13,0,CN1CC[C@]23CCCC[C@H]2[C@H]1Cc1ccc(NCc2cccc(O)c2)cc13,0.011666666666666667,True
755,Fc1ccc(C(Cc2ccccc2)N2CCN(C3CCCCC3)CC2)cc1,0,Fc1ccc(C(Cc2ccccc2)N2CCN(C3CCCCC3)CC2)cc1,0.01605204872646733,True
756,C[C@@H](NC(=O)[C@@H](N)Cc1ccc(O)cc1)C(=O)NCC(=O)N[C@@H](Cc1ccc(Cl)cc1)C(=O)N[C@@H](CCC(=O)NCCCCCC(=O)N(c1ccccc1)C1CCN(CCc2ccccc2)CC1)C(=O)N[C@@H](Cc1c(F)c(F)c(F)c(F)c1F)C(N)=O,0,C[C@@H](NC(=O)[C@@H](N)Cc1ccc(O)cc1)C(=O)NCC(=O)N[C@@H](Cc1ccc(Cl)cc1)C(=O)N[C@@H](CCC(=O)NCCCCCC(=O)N(c1ccccc1)C1CCN(CCc2ccccc2)CC1)C(=O)N[C@@H](Cc1c(F)c(F)c(F)c(F)c1F)C(N)=O,0.0033333333333333335,True
757,CC[C@]12CCN(CCc3ccccc3)C[C@H]1Oc1ccc(O)cc12,0,CC[C@]12CCN(CCc3ccccc3)C[C@H]1Oc1ccc(O)cc12,0.015,True
758,CC(C)Oc1ccc(-c2ccc(CCNC(=O)c3ccc4c(c3)C3(C)CCN(CC5CC5)C(C4)C3C)cc2)cc1,0,CC(C)Oc1ccc(-c2ccc(CCNC(=O)c3ccc4c(c3)C3(C)CCN(CC5CC5)C(C4)C3C)cc2)cc1,0.05482854737422025,True
759,COC(=O)[C@@H]1C[C@H](OC(=O)c2ccc(Br)cc2)C(=O)[C@H]2[C@@]1(C)CC[C@H]1C(=O)O[C@H](c3ccoc3)C[C@]21C,0,COC(=O)[C@@H]1C[C@H](OC(=O)c2ccc(Br)cc2)C(=O)[C@H]2[C@@]1(C)CC[C@H]1C(=O)O[C@H](c3ccoc3)C[C@]21C,0.0033333333333333335,True
760,COc1ccc2c3c1O[C@H]1C(=O)CC[C@@]4(NCCc5ccc(Cl)cc5)[C@@H](C2)N(CC2CC2)CC[C@]314,0,COc1ccc2c3c1O[C@H]1C(=O)CC[C@@]4(NCCc5ccc(Cl)cc5)[C@@H](C2)N(CC2CC2)CC[C@]314,0.26666666666666666,True
761,Cc1cc(O)cc(C)c1C[C@H](N)C(=O)N[C@H](CCCNC(=N)N)C(=O)N[C@H]1Cc2ccccc2CN(CCC(=O)N[C@@H](CCCCN)C(=O)N[C@@H](CCCCN)C(=O)N2CCC[C@H]2C(=O)N[C@@H](Cc2cccc(O)c2)C(=O)N[C@H](C(=O)N[C@@H](CC(C)C)C(=O)O)C(C)(C)C)C1=O,0,Cc1cc(O)cc(C)c1C[C@H](N)C(=O)N[C@H](CCCNC(=N)N)C(=O)N[C@H]1Cc2ccccc2CN(CCC(=O)N[C@@H](CCCCN)C(=O)N[C@@H](CCCCN)C(=O)N2CCC[C@H]2C(=O)N[C@@H](Cc2cccc(O)c2)C(=O)N[C@H](C(=O)N[C@@H](CC(C)C)C(=O)O)C(C)(C)C)C1=O,0.01,True
762,NC(=O)[C@H](Cc1ccccc1)NC(=O)[C@H](Cc1ccccc1)NC(=O)[C@H]1CCCN1C(=O)[C@@H](N)Cc1ccccc1,0,NC(=O)[C@H](Cc1ccccc1)NC(=O)[C@H](Cc1ccccc1)NC(=O)[C@H]1CCCN1C(=O)[C@@H](N)Cc1ccccc1,0.016666666666666666,True
763,CCC(=O)N(c1ccc(F)cc1)C1CCN(CCc2ccccc2)CC1,0,CCC(=O)N(c1ccc(F)cc1)C1CCN(CCc2ccccc2)CC1,0.0,True
764,CO[C@@]12CCC3(C[C@H]1[C@@](C)(O)C(C)(C)C)[C@H]1Cc4ccc(O)c5c4C3(CCN1C)[C@H]2O5,0,CO[C@@]12CCC3(C[C@H]1[C@@](C)(O)C(C)(C)C)[C@H]1Cc4ccc(O)c5c4C3(CCN1C)[C@H]2O5,0.04666666666666667,True
765,COc1ccc2c3c1O[C@H]1C(=O)CC[C@H]4[C@@H](C2)N(C)CC[C@]314,0,COc1ccc2c3c1O[C@H]1C(=O)CC[C@H]4[C@@H](C2)N(C)CC[C@]314,0.018333333333333333,True
766,O=C(N[C@@H]1CC[C@@]2(O)[C@H]3Cc4ccc(O)c5c4[C@@]2(CCN3CC2CC2)[C@H]1O5)c1ccnc(Cl)c1,0,O=C(N[C@@H]1CC[C@@]2(O)[C@H]3Cc4ccc(O)c5c4[C@@]2(CCN3CC2CC2)[C@H]1O5)c1ccnc(Cl)c1,0.02,True
767,Nc1nc2c(s1)C[C@H]1[C@H]3Cc4ccc(O)cc4[C@@]1(CCN3CC1CCC1)C2,0,Nc1nc2c(s1)C[C@H]1[C@H]3Cc4ccc(O)cc4[C@@]1(CCN3CC1CCC1)C2,0.00310570987654321,True
768,Cc1cc(=O)oc2cc(NC(=O)CCN3C(=O)C4=C(SC[C@@H](NC(=O)[C@@H](N)Cc5ccc(O)cc5)C(=O)NCC(=O)N[C@@H](Cc5ccccc5)C(=O)NNC(=O)[C@H](Cc5ccccc5)NC(=O)CNC(=O)[C@H](NC(=O)[C@@H](N)Cc5ccc(O)cc5)CS4)C3=O)ccc12,0,Cc1cc(=O)oc2cc(NC(=O)CCN3C(=O)C4=C(SC[C@@H](NC(=O)[C@@H](N)Cc5ccc(O)cc5)C(=O)NCC(=O)N[C@@H](Cc5ccccc5)C(=O)NNC(=O)[C@H](Cc5ccccc5)NC(=O)CNC(=O)[C@H](NC(=O)[C@@H](N)Cc5ccc(O)cc5)CS4)C3=O)ccc12,0.023333333333333334,True
769,Cn1cc(-c2cnc3c(c2)C[C@@]2(OCCCc4ccccc4)[C@H]4Cc5ccc(O)c6c5[C@@]2(CCN4CC2CC2)[C@H]3O6)cn1,0,Cn1cc(-c2cnc3c(c2)C[C@@]2(OCCCc4ccccc4)[C@H]4Cc5ccc(O)c6c5[C@@]2(CCN4CC2CC2)[C@H]3O6)cn1,0.01,True
770,O=C1CC[C@@]2(OCCCc3ccccc3)[C@H]3Cc4cccc(O)c4C2(CCN3CC2CC2)C1,0,O=C1CC[C@@]2(OCCCc3ccccc3)[C@H]3Cc4cccc(O)c4C2(CCN3CC2CC2)C1,0.07935192780968006,True
771,CN(C)[C@]1(c2ccccc2)CC[C@]2(CC1)OCCc1c3cc(O)ccc3[nH]c12,0,CN(C)[C@]1(c2ccccc2)CC[C@]2(CC1)OCCc1c3cc(O)ccc3[nH]c12,0.006666666666666667,True
772,CN1CC[C@]23c4c5ccc(O)c4O[C@H]2c2ncc(-c4ccc(Cl)cc4)cc2C[C@@]3(OC(=O)c2ccccc2)[C@H]1C5,0,CN1CC[C@]23c4c5ccc(O)c4O[C@H]2c2ncc(-c4ccc(Cl)cc4)cc2C[C@@]3(OC(=O)c2ccccc2)[C@H]1C5,0.03166666666666667,True
773,CCC(=O)N(c1ccccc1)C1(C(=O)NCCc2cccc(F)c2)CCN(CCc2ccccc2)CC1,0,CCC(=O)N(c1ccccc1)C1(C(=O)NCCc2cccc(F)c2)CCN(CCc2ccccc2)CC1,0.0,True
774,CN1CC[C@]23c4c5ccc(O)c4O[C@H]2[C@@H](O)C=C[C@H]3[C@H]1C5,0,CN1CC[C@]23c4c5ccc(O)c4O[C@H]2[C@@H](O)C=C[C@H]3[C@H]1C5,0.08,True
775,CC(C)C[C@H](NC(=O)[C@H](Cc1ccccc1)NC(=O)CNC(=O)CNC(=O)[C@@H](N)Cc1ccc(O)cc1)C(=O)NCC(=O)N(c1ccccc1)C1CCN(CCc2ccccc2)CC1,0,CC(C)C[C@H](NC(=O)[C@H](Cc1ccccc1)NC(=O)CNC(=O)CNC(=O)[C@@H](N)Cc1ccc(O)cc1)C(=O)NCC(=O)N(c1ccccc1)C1CCN(CCc2ccccc2)CC1,0.0,True
776,CCC(=O)N(c1ccccc1)C1CCN(CC(O)c2cccs2)CC1,0,CCC(=O)N(c1ccccc1)C1CCN(CC(O)c2cccs2)CC1,0.007958248472505092,True
777,CCOc1ccc(CN2CCOCC2)cc1CNC(=O)[C@@H](N)Cc1c(C)cc(O)cc1C,0,CCOc1ccc(CN2CCOCC2)cc1CNC(=O)[C@@H](N)Cc1c(C)cc(O)cc1C,0.0,True
778,CCC[C@@](C)(O)[C@H]1C[C@@]23CC[C@]1(OC)[C@@H]1Oc4c(O)ccc5c4[C@@]12CCN(C)[C@@H]3C5,0,CCC[C@@](C)(O)[C@H]1C[C@@]23CC[C@]1(OC)[C@@H]1Oc4c(O)ccc5c4[C@@]12CCN(C)[C@@H]3C5,0.06166666666666667,True
779,COc1ccc2c3c1O[C@H]1C(=O)CC[C@@]4(O)[C@@H](C2)N(C)CC[C@]314,0,COc1ccc2c3c1O[C@H]1C(=O)CC[C@@]4(O)[C@@H](C2)N(C)CC[C@]314,0.1,True
780,COc1ccc2c3c1O[C@H]1[C@@H](O)C=C[C@H]4[C@@H](C2)N(C)CC[C@@]341,0,COc1ccc2c3c1O[C@H]1[C@@H](O)C=C[C@H]4[C@@H](C2)N(C)CC[C@@]341,0.04666666666666667,True
781,CN1CC[C@]23CCCC[C@H]2[C@H]1Cc1ccc(O)cc13,0,CN1CC[C@]23CCCC[C@H]2[C@H]1Cc1ccc(O)cc13,0.035,True
782,COCC(=O)N(c1ccccc1)C1(C(=O)OC)CCN(CCc2cccs2)CC1,0,COCC(=O)N(c1ccccc1)C1(C(=O)OC)CCN(CCc2cccs2)CC1,0.005,True
783,CN1CC[C@]23Cc4nc(N)sc4C[C@H]2[C@H]1Cc1ccc(O)cc13,0,CN1CC[C@]23Cc4nc(N)sc4C[C@H]2[C@H]1Cc1ccc(O)cc13,0.025,True
784,Cc1cc(O)cc(C)c1C[C@H](NC(=O)[C@@H]1CCCN1C(=O)[C@H](CCCNC(=N)N)NC(=O)[C@H](CCCNC(=N)N)NC(=O)CCN1Cc2ccccc2C[C@H](NC(=O)[C@@H](CCCNC(=N)N)NC(=O)[C@@H](N)Cc2c(C)cc(O)cc2C)C1=O)C(=O)N[C@H](C(=O)N[C@@H](CC(C)C)C(=O)O)C(C)(C)C,0,Cc1cc(O)cc(C)c1C[C@H](NC(=O)[C@@H]1CCCN1C(=O)[C@H](CCCNC(=N)N)NC(=O)[C@H](CCCNC(=N)N)NC(=O)CCN1Cc2ccccc2C[C@H](NC(=O)[C@@H](CCCNC(=N)N)NC(=O)[C@@H](N)Cc2c(C)cc(O)cc2C)C1=O)C(=O)N[C@H](C(=O)N[C@@H](CC(C)C)C(=O)O)C(C)(C)C,0.0,True
785,CNc1nc2cc3c(cc2s1)C[C@@H]1[C@@H]2CCCC[C@]32CCN1CC1CC1,0,CNc1nc2cc3c(cc2s1)C[C@@H]1[C@@H]2CCCC[C@]32CCN1CC1CC1,0.0016666666666666668,True
786,CC[C@H](C)[C@H](NC(=O)[C@H](CCCN=C(N)N)NC(=O)[C@H](CCCN=C(N)N)NC(=O)[C@H](CC(C)C)NC(=O)[C@H](Cc1ccccc1)NC(=O)CNC(=O)CNC(=O)[C@@H](N)Cc1ccc(O)cc1)C(=O)N[C@@H](CCCN=C(N)N)C(=O)N1CCC[C@H]1C(=O)N[C@@H](CCCCN)C(=O)N[C@@H](CC(C)C)C(=O)N[C@@H](CCCCN)C(=O)O,0,CC[C@H](C)[C@H](NC(=O)[C@H](CCCN=C(N)N)NC(=O)[C@H](CCCN=C(N)N)NC(=O)[C@H](CC(C)C)NC(=O)[C@H](Cc1ccccc1)NC(=O)CNC(=O)CNC(=O)[C@@H](N)Cc1ccc(O)cc1)C(=O)N[C@@H](CCCN=C(N)N)C(=O)N1CCC[C@H]1C(=O)N[C@@H](CCCCN)C(=O)N[C@@H](CC(C)C)C(=O)N[C@@H](CCCCN)C(=O)O,0.006666666666666667,True
787,O=C(c1ccco1)N(c1ccccc1)C1CCN(CCc2ccccc2)CC1,0,O=C(c1ccco1)N(c1ccccc1)C1CCN(CCc2ccccc2)CC1,0.058333333333333334,True
788,COc1ccc2c(c1O)[C@]13CCN(C)C(C2)[C@@]12CC(=C(C)C)[C@@H]3c1[nH]c3ccccc3c1C2,0,COc1ccc2c(c1O)[C@]13CCN(C)C(C2)[C@@]12CC(=C(C)C)[C@@H]3c1[nH]c3ccccc3c1C2,0.011666666666666667,True
789,C[C@H]1C2Cc3ccc(C(=O)NCCc4ccc(-c5ccc(Cl)cc5)cc4)cc3[C@@]1(C)CCN2CC1CC1,0,C[C@H]1C2Cc3ccc(C(=O)NCCc4ccc(-c5ccc(Cl)cc5)cc4)cc3[C@@]1(C)CCN2CC1CC1,0.06783775469464265,True
790,CO[C@]12CC[C@@]3(C[C@@H]1[C@](C)(O)c1ccc(C(C)C)cc1)[C@H]1Cc4ccc(O)c5c4[C@@]3(CCN1CC1CC1)[C@H]2O5,0,CO[C@]12CC[C@@]3(C[C@@H]1[C@](C)(O)c1ccc(C(C)C)cc1)[C@H]1Cc4ccc(O)c5c4[C@@]3(CCN1CC1CC1)[C@H]2O5,0.13166666666666665,True
791,O=C(N[C@@]12CCC(=O)[C@@H]3Oc4c(O)ccc5c4[C@@]31CCN(CC1CC1)[C@@H]2C5)c1ccc2ccccc2n1,0,O=C(N[C@@]12CCC(=O)[C@@H]3Oc4c(O)ccc5c4[C@@]31CCN(CC1CC1)[C@@H]2C5)c1ccc2ccccc2n1,0.275,True
792,CCC(=O)N(c1ccccc1)C1CCN(C(=O)CCC(=O)NNC(=O)[C@H](Cc2ccccc2)NC(=O)CNC(=O)[C@@H](C)NC(=O)[C@@H](N)Cc2ccc(O)cc2)CC1,0,CCC(=O)N(c1ccccc1)C1CCN(C(=O)CCC(=O)NNC(=O)[C@H](Cc2ccccc2)NC(=O)CNC(=O)[C@@H](C)NC(=O)[C@@H](N)Cc2ccc(O)cc2)CC1,0.011666666666666667,True
793,O=c1[nH]c2cc(Cl)c(Cl)cc2n1C1CCN(Cc2ccc(Cl)cc2)CC1,0,O=c1[nH]c2cc(Cl)c(Cl)cc2n1C1CCN(Cc2ccc(Cl)cc2)CC1,0.006666666666666667,True
794,CCNC(=O)Oc1ccc2c(c1)C13CCCCC1C(C2)N(CC1CCC1)CC3,0,CCNC(=O)Oc1ccc2c(c1)C13CCCCC1C(C2)N(CC1CCC1)CC3,0.0,True
795,OCC1(N2CCC(n3c(-c4ccc(F)c(Cl)c4)nc4ccccc43)CC2)CCCCCCC1,0,OCC1(N2CCC(n3c(-c4ccc(F)c(Cl)c4)nc4ccccc43)CC2)CCCCCCC1,0.5586693192667371,True
796,COC(=O)[C@@H]1C[C@H](OC(=O)Nc2ccccc2)C(=O)[C@H]2[C@@]1(C)CC[C@H]1C(=O)O[C@H](c3ccoc3)C[C@]21C,0,COC(=O)[C@@H]1C[C@H](OC(=O)Nc2ccccc2)C(=O)[C@H]2[C@@]1(C)CC[C@H]1C(=O)O[C@H](c3ccoc3)C[C@]21C,0.01,True
797,CCOc1ccc(CN2CCCC2)cc1CNC(=O)[C@@H](N)Cc1c(C)cc(O)cc1C,0,CCOc1ccc(CN2CCCC2)cc1CNC(=O)[C@@H](N)Cc1c(C)cc(O)cc1C,0.006666666666666667,True
798,CCCCC(=O)N(c1ccccc1)C1CCN(CCc2ccccc2)CC1,0,CCCCC(=O)N(c1ccccc1)C1CCN(CCc2ccccc2)CC1,0.0033333333333333335,True
799,C[C@@H](NC(=O)[C@@H](N)Cc1ccc(O)cc1)C(=O)NCC(=O)N[C@@H](Cc1ccccc1)C(=O)NNC(=O)CCC(=O)NC1CCN(CCc2ccccc2)CC1,0,C[C@@H](NC(=O)[C@@H](N)Cc1ccc(O)cc1)C(=O)NCC(=O)N[C@@H](Cc1ccccc1)C(=O)NNC(=O)CCC(=O)NC1CCN(CCc2ccccc2)CC1,0.011666666666666667,True
800,CC1CN(c2nc3ccccc3n2C2CCN(C3(C)CCCCCCC3)CC2)CC(C)N1,0,CC1CN(c2nc3ccccc3n2C2CCN(C3(C)CCCCCCC3)CC2)CC(C)N1,0.028333333333333332,True
801,Oc1ccc2c3c1O[C@H]1c4ncc(-c5ccc(Br)cc5)cc4C[C@@]4(OCCCc5ccccc5)[C@@H](C2)N(CC2CC2)CC[C@]314,0,Oc1ccc2c3c1O[C@H]1c4ncc(-c5ccc(Br)cc5)cc4C[C@@]4(OCCCc5ccccc5)[C@@H](C2)N(CC2CC2)CC[C@]314,0.006666666666666667,True
802,NC(=O)[C@H](Cc1ccccc1)NC(=O)[C@H](Cc1ccccc1)NC(=O)[C@@H]1CCCN1C(=O)[C@@H](N)Cc1ccc(O)cc1,0,NC(=O)[C@H](Cc1ccccc1)NC(=O)[C@H](Cc1ccccc1)NC(=O)[C@@H]1CCCN1C(=O)[C@@H](N)Cc1ccc(O)cc1,0.0033333333333333335,True
803,CCOCCCN1CC[C@]23Cc4nc5ccccc5cc4C[C@@]2(O)[C@H]1Cc1ccc(O)cc13,0,CCOCCCN1CC[C@]23Cc4nc5ccccc5cc4C[C@@]2(O)[C@H]1Cc1ccc(O)cc13,0.08666666666666667,True
804,CCNc1nc2cc3c(cc2s1)C[C@@H]1[C@@H]2CCCC[C@]32CCN1CC1CC1,0,CCNc1nc2cc3c(cc2s1)C[C@@H]1[C@@H]2CCCC[C@]32CCN1CC1CC1,0.0,True
805,CC(=O)OC1(c2ccccc2)CCN(CCc2ccccc2)CC1,0,CC(=O)OC1(c2ccccc2)CCN(CCc2ccccc2)CC1,0.025,True
806,CC1C2Cc3ccc(C(=O)NCCc4ccc(-c5ccccc5O)cc4)cc3C1(C)CCN2CC1CC1,0,CC1C2Cc3ccc(C(=O)NCCc4ccc(-c5ccccc5O)cc4)cc3C1(C)CCN2CC1CC1,0.05654706973239828,True
807,O=S1(=O)NCc2ccccc2N1C1CCN(CCC(c2ccccc2)c2ccccc2)CC1,0,O=S1(=O)NCc2ccccc2N1C1CCN(CCC(c2ccccc2)c2ccccc2)CC1,0.11333333333333333,True
808,CN1CC[C@]23c4c5ccc(O)c4O[C@H]2C(=O)/C(=C/c2ccccc2)C[C@@]3(O)[C@H]1C5,0,CN1CC[C@]23c4c5ccc(O)c4O[C@H]2C(=O)/C(=C/c2ccccc2)C[C@@]3(O)[C@H]1C5,0.041666666666666664,True
809,O=c1[nH]c2cc(F)ccc2n1C1CCN(Cc2ccccc2Cl)CC1,0,O=c1[nH]c2cc(F)ccc2n1C1CCN(Cc2ccccc2Cl)CC1,0.0,True
810,N[C@@H](Cc1ccc(O)cc1)C(=O)N[C@@H]1CSCc2ccccc2CSC[C@@H](NC(=O)[C@@H](N)Cc2ccc(O)cc2)C(=O)NCC(=O)N[C@@H](Cc2ccc(F)cc2)C(=O)NNC(=O)[C@H](Cc2ccc(F)cc2)NC(=O)CNC1=O,0,N[C@@H](Cc1ccc(O)cc1)C(=O)N[C@@H]1CSCc2ccccc2CSC[C@@H](NC(=O)[C@@H](N)Cc2ccc(O)cc2)C(=O)NCC(=O)N[C@@H](Cc2ccc(F)cc2)C(=O)NNC(=O)[C@H](Cc2ccc(F)cc2)NC(=O)CNC1=O,0.0016666666666666668,True
811,CC(C)C1CCC(N2CCC(N3c4ccccc4CN(CC#N)S3(=O)=O)CC2)CC1,0,CC(C)C1CCC(N2CCC(N3c4ccccc4CN(CC#N)S3(=O)=O)CC2)CC1,0.24666666666666667,True
812,CC(C)(C)C(=O)N(c1ccccc1)C1CCN(CCc2ccccc2)CC1,0,CC(C)(C)C(=O)N(c1ccccc1)C1CCN(CCc2ccccc2)CC1,0.0,True
813,CC(c1ccc(F)cc1)N1CCC(n2c(=O)[nH]c3ccccc32)CC1,0,CC(c1ccc(F)cc1)N1CCC(n2c(=O)[nH]c3ccccc32)CC1,0.0,True
814,CO[C@]12CC[C@@]3(C[C@@H]1[C@](C)(O)c1ccc(F)cc1)[C@H]1Cc4ccc(O)c5c4[C@@]3(CCN1CC1CC1)[C@H]2O5,0,CO[C@]12CC[C@@]3(C[C@@H]1[C@](C)(O)c1ccc(F)cc1)[C@H]1Cc4ccc(O)c5c4[C@@]3(CCN1CC1CC1)[C@H]2O5,0.115,True
815,CCCC[C@@H](C(=O)N[C@@H](CC(=O)O)C(=O)N[C@@H](Cc1ccccc1)C(N)=O)N(C)C(=O)[C@H](Cc1c[nH]c2ccccc12)NC(=O)CNC(=O)CNC(=O)[C@@H](N)Cc1ccc(O)cc1,0,CCCC[C@@H](C(=O)N[C@@H](CC(=O)O)C(=O)N[C@@H](Cc1ccccc1)C(N)=O)N(C)C(=O)[C@H](Cc1c[nH]c2ccccc12)NC(=O)CNC(=O)CNC(=O)[C@@H](N)Cc1ccc(O)cc1,0.0,True
816,CCCCN[C@@]12Cc3c([nH]c4ccccc34)[C@@H]3Oc4c(O)ccc5c4[C@@]31CCN(C)C2C5,0,CCCCN[C@@]12Cc3c([nH]c4ccccc34)[C@@H]3Oc4c(O)ccc5c4[C@@]31CCN(C)C2C5,0.01,True
817,CO[C@@]12CCC(=O)[C@]3(C)Oc4c(O)ccc5c4[C@@]31CCN(C)[C@@H]2C5,0,CO[C@@]12CCC(=O)[C@]3(C)Oc4c(O)ccc5c4[C@@]31CCN(C)[C@@H]2C5,0.041666666666666664,True
818,CCC1C(=O)N(C2CCN(C3CCc4ccccc4C3)CC2)c2ccccc21,0,CCC1C(=O)N(C2CCN(C3CCc4ccccc4C3)CC2)c2ccccc21,0.15666666666666668,True
819,CCC1C(=O)N(C2CCN(CCC(c3ccccc3)c3ccccc3)CC2)c2ccccc21,0,CCC1C(=O)N(C2CCN(CCC(c3ccccc3)c3ccccc3)CC2)c2ccccc21,0.105,True
820,C[C@@H](NC(=O)[C@@H](N)Cc1ccc(O)cc1)C(=O)NCC(=O)N[C@@H](Cc1ccccc1)C(=O)NCC(=O)NCC(=O)N(c1ccccc1)C1CCN(CCc2ccccc2)CC1,0,C[C@@H](NC(=O)[C@@H](N)Cc1ccc(O)cc1)C(=O)NCC(=O)N[C@@H](Cc1ccccc1)C(=O)NCC(=O)NCC(=O)N(c1ccccc1)C1CCN(CCc2ccccc2)CC1,0.0,True
821,CS(=O)(=O)c1ccc2c(c1)[nH]c(=O)n2C1CCN(Cc2ccccc2Cl)CC1,0,CS(=O)(=O)c1ccc2c(c1)[nH]c(=O)n2C1CCN(Cc2ccccc2Cl)CC1,0.008333333333333333,True
822,CC(C)C[C@@H](NC(=O)[C@H](Cc1ccccc1)NC(=O)CNC(=O)[C@@H](C)NC(=O)[C@@H](N)Cc1ccc(O)cc1)C(=O)O,0,CC(C)C[C@@H](NC(=O)[C@H](Cc1ccccc1)NC(=O)CNC(=O)[C@@H](C)NC(=O)[C@@H](N)Cc1ccc(O)cc1)C(=O)O,0.0,True
823,CCCC[C@H](NC(=O)[C@H](CC(=O)O)NC(=O)[C@H](Cc1ccccc1)NN[C@@H](Cc1ccccc1)C(=O)NCC(=O)N[C@H](C)C(=O)N[C@@H](Cc1ccc(O)cc1)C(=O)O)C(=O)N[C@@H](Cc1cn(C(C)=O)c2ccccc12)C(=O)O,0,CCCC[C@H](NC(=O)[C@H](CC(=O)O)NC(=O)[C@H](Cc1ccccc1)NN[C@@H](Cc1ccccc1)C(=O)NCC(=O)N[C@H](C)C(=O)N[C@@H](Cc1ccc(O)cc1)C(=O)O)C(=O)N[C@@H](Cc1cn(C(C)=O)c2ccccc12)C(=O)O,0.0,True
824,CC(C)C[C@H](NC(=O)[C@@H]1CCCN1C(=O)[C@H](Cc1ccccc1)NC(=O)CNC(=O)[C@@H](C)NC(=O)[C@@H](N)Cc1ccc(O)cc1)C(=O)N[C@@H](Cc1c[nH]c2ccccc12)C(=O)NCc1ccccc1,0,CC(C)C[C@H](NC(=O)[C@@H]1CCCN1C(=O)[C@H](Cc1ccccc1)NC(=O)CNC(=O)[C@@H](C)NC(=O)[C@@H](N)Cc1ccc(O)cc1)C(=O)N[C@@H](Cc1c[nH]c2ccccc12)C(=O)NCc1ccccc1,0.0016666666666666668,True
825,Nc1nc2cc3c(cc2s1)C[C@@H]1[C@@H]2CCCC[C@]32CCN1C[C@@H]1CCCO1,0,Nc1nc2cc3c(cc2s1)C[C@@H]1[C@@H]2CCCC[C@]32CCN1C[C@@H]1CCCO1,0.0033333333333333335,True
826,CCOc1ccc2c3c1O[C@H]1[C@@H](O)C=C[C@H]4[C@@H](C2)N(C)CC[C@@]341,0,CCOc1ccc2c3c1O[C@H]1[C@@H](O)C=C[C@H]4[C@@H](C2)N(C)CC[C@@]341,0.09833333333333333,True
827,CC(C)C1CCC(N2CCC(N3c4ccccc4CN(CC(N)=O)S3(=O)=O)CC2)CC1,0,CC(C)C1CCC(N2CCC(N3c4ccccc4CN(CC(N)=O)S3(=O)=O)CC2)CC1,0.295,True
828,COc1ccccc1CNc1ccc2c3c1O[C@H]1[C@@H](O)C=C[C@H]4[C@@H](C2)N(C)CC[C@@]341,0,COc1ccccc1CNc1ccc2c3c1O[C@H]1[C@@H](O)C=C[C@H]4[C@@H](C2)N(C)CC[C@@]341,0.03666666666666667,True
829,Oc1ccc2c(c1)[C@]1(CCCCc3ccccc3)CCN(CCc3ccccc3F)C[C@@H]1O2,0,Oc1ccc2c(c1)[C@]1(CCCCc3ccccc3)CCN(CCc3ccccc3F)C[C@@H]1O2,0.0,True
830,CC(C)C[C@H](NC(=O)[C@@H]1CCCN1C(=O)[C@H](Cc1ccccc1)NC(=O)CNC(=O)[C@@H](C)NC(=O)[C@@H](N)Cc1ccc(O)cc1)C(=O)N[C@@H](Cc1c[nH]c2ccccc12)C(=O)N(C)Cc1cc(C(F)(F)F)cc(C(F)(F)F)c1,0,CC(C)C[C@H](NC(=O)[C@@H]1CCCN1C(=O)[C@H](Cc1ccccc1)NC(=O)CNC(=O)[C@@H](C)NC(=O)[C@@H](N)Cc1ccc(O)cc1)C(=O)N[C@@H](Cc1c[nH]c2ccccc12)C(=O)N(C)Cc1cc(C(F)(F)F)cc(C(F)(F)F)c1,0.0,True
831,CN(C(=O)Cc1ccc(Cl)c(Cl)c1)[C@@H]1CCCC[C@H]1N1CCCC1,0,CN(C(=O)Cc1ccc(Cl)c(Cl)c1)[C@@H]1CCCC[C@H]1N1CCCC1,0.06627970128988458,True
832,CCCC[C@H](NC(=O)[C@H](CC(=O)O)NC(=O)[C@H](Cc1ccccc1)NN[C@@H](Cc1ccccc1)C(=O)NCC(=O)N[C@H](C)C(=O)N[C@@H](Cc1ccc(O)cc1)C(=O)O)C(=O)N[C@H](Cc1c[nH]c2ccccc12)C(=O)O,0,CCCC[C@H](NC(=O)[C@H](CC(=O)O)NC(=O)[C@H](Cc1ccccc1)NN[C@@H](Cc1ccccc1)C(=O)NCC(=O)N[C@H](C)C(=O)N[C@@H](Cc1ccc(O)cc1)C(=O)O)C(=O)N[C@H](Cc1c[nH]c2ccccc12)C(=O)O,0.0,True
833,CCCC[C@@H](C(=O)N1CCC[C@H]1C(=O)N[C@@H](CC(C)C)C(=O)N[C@@H](Cc1c[nH]c2ccccc12)C(=O)OCc1cc(C(F)(F)F)cc(C(F)(F)F)c1)N(C)C(=O)[C@H](Cc1ccccc1)NC(=O)CNC(=O)[C@@H](C)NC(=O)[C@@H](N)Cc1ccc(O)cc1,0,CCCC[C@@H](C(=O)N1CCC[C@H]1C(=O)N[C@@H](CC(C)C)C(=O)N[C@@H](Cc1c[nH]c2ccccc12)C(=O)OCc1cc(C(F)(F)F)cc(C(F)(F)F)c1)N(C)C(=O)[C@H](Cc1ccccc1)NC(=O)CNC(=O)[C@@H](C)NC(=O)[C@@H](N)Cc1ccc(O)cc1,0.006666666666666667,True
834,CC(C)C[C@H](NC(=O)[C@H](Cc1ccccc1)NC(=O)CNC(=O)[C@@H](C)NC(=O)[C@@H](N)Cc1ccc(O)cc1)C(=O)N[C@@H](CCCNC(=N)N)C(=O)N[C@@H](CCCNC(=N)N)C(=O)N[C@H](Cc1ccccc1)C(=O)N[C@@H](CCCNC(=N)N)C(=O)N[C@@H](Cc1c[nH]c2ccccc12)C(=O)N[C@@H](CCCCNC(=O)NCCC(=O)N(c1ccccc1)C1CCN(CCc2ccccc2)CC1)C(=O)N[C@H](C(N)=O)C(C)C,0,CC(C)C[C@H](NC(=O)[C@H](Cc1ccccc1)NC(=O)CNC(=O)[C@@H](C)NC(=O)[C@@H](N)Cc1ccc(O)cc1)C(=O)N[C@@H](CCCNC(=N)N)C(=O)N[C@@H](CCCNC(=N)N)C(=O)N[C@H](Cc1ccccc1)C(=O)N[C@@H](CCCNC(=N)N)C(=O)N[C@@H](Cc1c[nH]c2ccccc12)C(=O)N[C@@H](CCCCNC(=O)NCCC(=O)N(c1ccccc1)C1CCN(CCc2ccccc2)CC1)C(=O)N[C@H](C(N)=O)C(C)C,0.01,True
835,CCC(=O)N(c1ccccc1)C1(COC)CCN(CCn2nnn(CC)c2=O)CC1,0,CCC(=O)N(c1ccccc1)C1(COC)CCN(CCn2nnn(CC)c2=O)CC1,0.0033333333333333335,True
836,Cc1nnc(-c2cnc3c(c2)C[C@@]2(OCCCc4ccccc4)[C@H]4Cc5ccc(O)c6c5[C@@]2(CCN4CC2CC2)[C@H]3O6)o1,0,Cc1nnc(-c2cnc3c(c2)C[C@@]2(OCCCc4ccccc4)[C@H]4Cc5ccc(O)c6c5[C@@]2(CCN4CC2CC2)[C@H]3O6)o1,0.011666666666666667,True
837,CO[C@]12CC[C@@]3(C[C@@H]1[C@](C)(O)c1cccc(F)c1)[C@H]1Cc4ccc(O)c5c4[C@@]3(CCN1CC1CC1)[C@H]2O5,0,CO[C@]12CC[C@@]3(C[C@@H]1[C@](C)(O)c1cccc(F)c1)[C@H]1Cc4ccc(O)c5c4[C@@]3(CCN1CC1CC1)[C@H]2O5,0.10333333333333333,True
838,O=c1[nH]c2cc(OC(F)(F)F)ccc2n1C1CCN(Cc2ccccc2Cl)CC1,0,O=c1[nH]c2cc(OC(F)(F)F)ccc2n1C1CCN(Cc2ccccc2Cl)CC1,0.0016666666666666668,True
839,O=c1[nH]c2ccccc2n1C1CCN(Cc2ccc(Cl)cc2)CC1,0,O=c1[nH]c2ccccc2n1C1CCN(Cc2ccc(Cl)cc2)CC1,0.0,True
840,CN1CC[C@]23c4c5ccc(O)c4O[C@H]2[C@@]24CC[C@@]3(C[C@H]2C(C)(C)C(C)(C)O4)C1C5,0,CN1CC[C@]23c4c5ccc(O)c4O[C@H]2[C@@]24CC[C@@]3(C[C@H]2C(C)(C)C(C)(C)O4)C1C5,0.02666666666666667,True
841,CN[C@H]1C[C@H]2C[C@@](c3cccc(O)c3)(C1)[C@H](C)CN2CCCc1ccccc1,0,CN[C@H]1C[C@H]2C[C@@](c3cccc(O)c3)(C1)[C@H](C)CN2CCCc1ccccc1,0.085,True
842,O=C(c1ccccc1)N(c1ccccc1)C1(C(=O)NCCc2cccc(F)c2)CCN(CCc2ccccc2)CC1,0,O=C(c1ccccc1)N(c1ccccc1)C1(C(=O)NCCc2cccc(F)c2)CCN(CCc2ccccc2)CC1,0.02,True
843,CC(=O)Oc1ccccc1C(=O)OC1=CC[C@H]2[C@H]3Cc4ccc(OC(=O)c5ccccc5OC(C)=O)c5c4[C@@]2(CCN3C)[C@H]1O5,0,CC(=O)Oc1ccccc1C(=O)OC1=CC[C@H]2[C@H]3Cc4ccc(OC(=O)c5ccccc5OC(C)=O)c5c4[C@@]2(CCN3C)[C@H]1O5,0.03666666666666667,True
844,CN(C)c1cccc(-c2cnc3c(c2)C[C@@]2(OCCCc4ccccc4)[C@H]4Cc5ccc(O)c6c5[C@@]2(CCN4CC2CC2)[C@H]3O6)c1,0,CN(C)c1cccc(-c2cnc3c(c2)C[C@@]2(OCCCc4ccccc4)[C@H]4Cc5ccc(O)c6c5[C@@]2(CCN4CC2CC2)[C@H]3O6)c1,0.006666666666666667,True
845,O=C(C1CCCCC1)N(c1ccccc1)C1CCN(CCc2ccccc2)CC1,0,O=C(C1CCCCC1)N(c1ccccc1)C1CCN(CCc2ccccc2)CC1,0.008333333333333333,True
846,Fc1cccc(C(Cc2ccccc2)N2CCN(C3CCCCC3)CC2)c1,0,Fc1cccc(C(Cc2ccccc2)N2CCN(C3CCCCC3)CC2)c1,0.013333333333333334,True
847,C=CCN1CC[C@]23c4c5ccc(OC(=O)CCCCCCCCC(=O)Oc6ccc7c(c6)[C@@]68CCCC[C@@]6(OC)[C@@H](C7)N(CC6CCC6)CC8)c4O[C@H]2C(=O)CC[C@@]3(O)[C@H]1C5,0,C=CCN1CC[C@]23c4c5ccc(OC(=O)CCCCCCCCC(=O)Oc6ccc7c(c6)[C@@]68CCCC[C@@]6(OC)[C@@H](C7)N(CC6CCC6)CC8)c4O[C@H]2C(=O)CC[C@@]3(O)[C@H]1C5,0.09833333333333333,True
848,CN1CC[C@]23c4c5ccc(O)c4O[C@H]2c2ncc(-c4ccc(Cl)cc4)cc2C[C@@]3(OCc2ccccc2)[C@H]1C5,0,CN1CC[C@]23c4c5ccc(O)c4O[C@H]2c2ncc(-c4ccc(Cl)cc4)cc2C[C@@]3(OCc2ccccc2)[C@H]1C5,0.02,True
849,O=C1[C@H]2O[C@@]34CC[C@@]5(OCOc6c(O)ccc7c6[C@@]3(CCN(CCc3ccccc3)[C@@H]4C7)[C@H]25)N1Cc1ccccc1,0,O=C1[C@H]2O[C@@]34CC[C@@]5(OCOc6c(O)ccc7c6[C@@]3(CCN(CCc3ccccc3)[C@@H]4C7)[C@H]25)N1Cc1ccccc1,0.1,True
850,CCC(=O)N(Cc1cccs1)C1(C(=O)Nc2ccc(OC)cc2)CCN(CCc2ccccc2)CC1,0,CCC(=O)N(Cc1cccs1)C1(C(=O)Nc2ccc(OC)cc2)CCN(CCc2ccccc2)CC1,0.0033333333333333335,True
851,C[C@@H]1CN(CCCc2ccccc2)[C@H]2C[C@H](N(C)C)C[C@]1(c1cccc(O)c1)C2,0,C[C@@H]1CN(CCCc2ccccc2)[C@H]2C[C@H](N(C)C)C[C@]1(c1cccc(O)c1)C2,0.056666666666666664,True
852,CO[C@@]12CCC[C@]3(C)Oc4c(O)ccc5c4[C@@]31CCN(C)[C@@H]2C5,0,CO[C@@]12CCC[C@]3(C)Oc4c(O)ccc5c4[C@@]31CCN(C)[C@@H]2C5,0.015,True
853,CN1CC[C@]23c4c5ccc(O)c4O[C@H]2CCC[C@@]3(O)[C@H]1C5,0,CN1CC[C@]23c4c5ccc(O)c4O[C@H]2CCC[C@@]3(O)[C@H]1C5,0.03833333333333333,True
854,CCn1nnn(CCN2CCC(N(C(=O)COC)c3ccccc3F)C(C)C2)c1=O,0,CCn1nnn(CCN2CCC(N(C(=O)COC)c3ccccc3F)C(C)C2)c1=O,0.05333333333333334,True
855,C=CCN1CC[C@]23c4c5ccc(OC(=O)CCCCCCCCC(=O)Oc6ccc7c(c6)[C@@]68CCCC[C@H]6C(C7)N(CC6CCC6)CC8)c4O[C@H]2CCC[C@H]3[C@H]1C5,0,C=CCN1CC[C@]23c4c5ccc(OC(=O)CCCCCCCCC(=O)Oc6ccc7c(c6)[C@@]68CCCC[C@H]6C(C7)N(CC6CCC6)CC8)c4O[C@H]2CCC[C@H]3[C@H]1C5,0.12833333333333333,True
856,CCC(c1ccc(Cl)cc1)N1CCC(n2c(=O)[nH]c3ccccc32)CC1,0,CCC(c1ccc(Cl)cc1)N1CCC(n2c(=O)[nH]c3ccccc32)CC1,0.0,True
857,O=c1[nH]c2cc(Br)ccc2n1C1CCN(Cc2ccccc2Cl)CC1,0,O=c1[nH]c2cc(Br)ccc2n1C1CCN(Cc2ccccc2Cl)CC1,0.0,True
858,CC(C)[C@H](NC(=O)[C@@H](NC(=O)C(C)(C)NC(=O)[C@H](Cc1ccccc1)NC(=O)[C@@H](C)NC(=O)[C@@H](N)Cc1ccc(O)cc1)C(C)C)C(=O)N[C@@H](CCC(=O)NCC(=O)N(c1ccccc1)C1CCN(CCc2ccccc2)CC1)C(N)=O,0,CC(C)[C@H](NC(=O)[C@@H](NC(=O)C(C)(C)NC(=O)[C@H](Cc1ccccc1)NC(=O)[C@@H](C)NC(=O)[C@@H](N)Cc1ccc(O)cc1)C(C)C)C(=O)N[C@@H](CCC(=O)NCC(=O)N(c1ccccc1)C1CCN(CCc2ccccc2)CC1)C(N)=O,0.0033333333333333335,True
859,O=C1[C@H]2O[C@@]34CC[C@@]5(OCOc6c(O)ccc7c6[C@@]3(CCN(CC3CC3)[C@@H]4C7)[C@H]25)N1c1ccccc1,0,O=C1[C@H]2O[C@@]34CC[C@@]5(OCOc6c(O)ccc7c6[C@@]3(CCN(CC3CC3)[C@@H]4C7)[C@H]25)N1c1ccccc1,0.10129327902240326,True
860,CCC(=O)N(c1ccccc1)C1CCN(C(=O)[C@H](Cc2ccccc2)NC(=O)[C@H](Cc2ccccc2)NC(=O)CNC(=O)[C@@H](C)NC(=O)[C@@H](N)Cc2ccc(O)cc2)CC1,0,CCC(=O)N(c1ccccc1)C1CCN(C(=O)[C@H](Cc2ccccc2)NC(=O)[C@H](Cc2ccccc2)NC(=O)CNC(=O)[C@@H](C)NC(=O)[C@@H](N)Cc2ccc(O)cc2)CC1,0.0,True
861,Oc1ccc2c(c1)[C@]13CCN(CC4CC4)C[C@@]1(C2)Cc1c([nH]c2ccccc12)C3,0,Oc1ccc2c(c1)[C@]13CCN(CC4CC4)C[C@@]1(C2)Cc1c([nH]c2ccccc12)C3,0.04666666666666667,True
862,CCN(CC)C(=O)c1ccc(C2=CC3(CCNCC3)Oc3ccccc32)c(O)c1,0,CCN(CC)C(=O)c1ccc(C2=CC3(CCNCC3)Oc3ccccc32)c(O)c1,0.03166666666666667,True
863,CN1CC[C@]23c4c5ccc(O)c4O[C@@]2(C)c2[nH]c4ccccc4c2C[C@@]3(C/C=C/c2ccccc2)C1C5,0,CN1CC[C@]23c4c5ccc(O)c4O[C@@]2(C)c2[nH]c4ccccc4c2C[C@@]3(C/C=C/c2ccccc2)C1C5,0.041666666666666664,True
864,O=C(Cc1ccccn1)NC12CCC(=O)C3Oc4c(O)ccc5c4C31CCN(CC1CC1)C2C5,0,O=C(Cc1ccccn1)NC12CCC(=O)C3Oc4c(O)ccc5c4C31CCN(CC1CC1)C2C5,0.16666666666666666,True
865,C=C(C)C(=O)N(c1ccccc1)C1CCN(CCc2ccccc2)CC1,0,C=C(C)C(=O)N(c1ccccc1)C1CCN(CCc2ccccc2)CC1,0.006666666666666667,True
866,CCN(C)[C@H]1C[C@H]2C[C@@](c3cccc(O)c3)(C1)[C@H](C)CN2CCCc1ccccc1,0,CCN(C)[C@H]1C[C@H]2C[C@@](c3cccc(O)c3)(C1)[C@H](C)CN2CCCc1ccccc1,0.058333333333333334,True
867,Oc1ccc2c(c1)[C@]1(CCCc3ccccc3)CCN(CCc3ccccc3)C[C@@H]1O2,0,Oc1ccc2c(c1)[C@]1(CCCc3ccccc3)CCN(CCc3ccccc3)C[C@@H]1O2,0.03,True
868,CCN1C(=O)N(C2CCN(C(C)CCC(C)C)CC2)[C@@H]2CCCC[C@H]21,0,CCN1C(=O)N(C2CCN(C(C)CCC(C)C)CC2)[C@@H]2CCCC[C@H]21,0.285,True
869,Cc1ccccc1C(c1ccccc1C)N1C2CCC1CC(O)(c1ccccc1)C2,0,Cc1ccccc1C(c1ccccc1C)N1C2CCC1CC(O)(c1ccccc1)C2,0.07333333333333333,True
870,CC(C)C[C@H](NC(=O)[C@@H]1CCCN1C(=O)[C@H](Cc1ccccc1)NC(=O)CNC(=O)[C@@H](C)NC(=O)[C@@H](N)Cc1ccc(O)cc1)C(=O)N[C@@H](Cc1c[nH]c2ccccc12)C(=O)OCc1cc(C(F)(F)F)cc(C(F)(F)F)c1,0,CC(C)C[C@H](NC(=O)[C@@H]1CCCN1C(=O)[C@H](Cc1ccccc1)NC(=O)CNC(=O)[C@@H](C)NC(=O)[C@@H](N)Cc1ccc(O)cc1)C(=O)N[C@@H](Cc1c[nH]c2ccccc12)C(=O)OCc1cc(C(F)(F)F)cc(C(F)(F)F)c1,0.0,True
871,COc1ccc2c(c1)[C@]13CCN(CC4CC4)[C@H](C2)[C@@H]1Cc1sc(NC(C)=O)nc1C3,0,COc1ccc2c(c1)[C@]13CCN(CC4CC4)[C@H](C2)[C@@H]1Cc1sc(NC(C)=O)nc1C3,0.008333333333333333,True
872,CN1CC[C@]23c4c5ccc(O)c4O[C@H]2c2[nH]c4c(c2C[C@@]3(O)[C@H]1C5)C[C@@]1(O)[C@H]2Cc3ccc(O)c5c3[C@@]1(CCN2C)[C@H]4O5,0,CN1CC[C@]23c4c5ccc(O)c4O[C@H]2c2[nH]c4c(c2C[C@@]3(O)[C@H]1C5)C[C@@]1(O)[C@H]2Cc3ccc(O)c5c3[C@@]1(CCN2C)[C@H]4O5,0.045,True
873,CCC(=O)N(c1ccccc1F)C1CCN(CCc2ccccc2)CC1,0,CCC(=O)N(c1ccccc1F)C1CCN(CCc2ccccc2)CC1,0.0016666666666666668,True
874,CCCC[C@@H](C(=O)N[C@@H](CC(=O)O)C(=O)N[C@@H](Cc1ccccc1)C(N)=O)N(C)C(=O)[C@H](Cc1c[nH]c2ccccc12)NC(=O)CNC(=O)[C@H]1CCCN1C(=O)[C@@H](N)Cc1ccc(O)cc1,0,CCCC[C@@H](C(=O)N[C@@H](CC(=O)O)C(=O)N[C@@H](Cc1ccccc1)C(N)=O)N(C)C(=O)[C@H](Cc1c[nH]c2ccccc12)NC(=O)CNC(=O)[C@H]1CCCN1C(=O)[C@@H](N)Cc1ccc(O)cc1,0.016666666666666666,True
875,O=C(N[C@@H]1CC[C@@]2(O)[C@H]3Cc4ccc(O)c5c4[C@@]2(CCN3CC2CC2)[C@H]1O5)c1ccc(C(F)(F)F)cc1,0,O=C(N[C@@H]1CC[C@@]2(O)[C@H]3Cc4ccc(O)c5c4[C@@]2(CCN3CC2CC2)[C@H]1O5)c1ccc(C(F)(F)F)cc1,0.12166666666666667,True
876,O=c1[nH]c2ccccc2n1C1CCN(Cc2ccc(Br)cc2)CC1,0,O=c1[nH]c2ccccc2n1C1CCN(Cc2ccc(Br)cc2)CC1,0.005,True
877,CN1CCC23c4c5ccc(O)c4OC2c2n[nH]cc2CC3(O)C1C5,0,CN1CCC23c4c5ccc(O)c4OC2c2n[nH]cc2CC3(O)C1C5,0.008333333333333333,True
878,CC(C)C(=O)N(c1ccccc1)C1CCN(CCc2ccccc2)CC1,0,CC(C)C(=O)N(c1ccccc1)C1CCN(CCc2ccccc2)CC1,0.005,True
879,CC1C2Cc3ccc(C(=O)NCCc4ccc(-c5ccc6c(c5)OCO6)cc4)cc3C1(C)CCN2CC1CC1,0,CC1C2Cc3ccc(C(=O)NCCc4ccc(-c5ccc6c(c5)OCO6)cc4)cc3C1(C)CCN2CC1CC1,0.060626837427030025,True
880,CC(C)CC(=O)N(c1ccccc1)C1CCN(CCc2ccccc2)CC1,0,CC(C)CC(=O)N(c1ccccc1)C1CCN(CCc2ccccc2)CC1,0.013333333333333334,True
881,Cc1ccc(CN2CCC(n3c(=O)[nH]c4ccccc43)CC2)cc1,0,Cc1ccc(CN2CCC(n3c(=O)[nH]c4ccccc43)CC2)cc1,0.005,True
882,COc1ccc(CN(C(=O)[C@@H](N)Cc2c(C)cc(C(N)=O)cc2C)[C@@H](C)c2nc(-c3ccccc3)c[nH]2)cc1C(=O)O,0,COc1ccc(CN(C(=O)[C@@H](N)Cc2c(C)cc(C(N)=O)cc2C)[C@@H](C)c2nc(-c3ccccc3)c[nH]2)cc1C(=O)O,0.12,True
883,CN1CC[C@]23c4c5ccc(O)c4O[C@H]2C(=O)CC[C@@]3(OCc2ccccc2)[C@H]1C5,0,CN1CC[C@]23c4c5ccc(O)c4O[C@H]2C(=O)CC[C@@]3(OCc2ccccc2)[C@H]1C5,0.09833333333333333,True
884,CCC(=O)N(c1ccccc1)C1CCN(CCc2cccs2)CC1C,0,CCC(=O)N(c1ccccc1)C1CCN(CCc2cccs2)CC1C,0.005,True
885,O=c1[nH]c2ccc(Cl)cc2n1C1CCN(Cc2ccccc2Cl)CC1,0,O=c1[nH]c2ccc(Cl)cc2n1C1CCN(Cc2ccccc2Cl)CC1,0.0016666666666666668,True
886,CC[C@](O)([C@H]1C[C@@]23CC[C@]1(OC)[C@@H]1Oc4c(O)ccc5c4[C@@]12CCN(CC1CC1)[C@@H]3C5)C(C)(C)C,0,CC[C@](O)([C@H]1C[C@@]23CC[C@]1(OC)[C@@H]1Oc4c(O)ccc5c4[C@@]12CCN(CC1CC1)[C@@H]3C5)C(C)(C)C,0.10333333333333333,True
887,CC[C@@]12CCN(CC3CC3)C(C(=O)c3ccc(N)cc31)[C@@H]2C,0,CC[C@@]12CCN(CC3CC3)C(C(=O)c3ccc(N)cc31)[C@@H]2C,0.016666666666666666,True
888,O=C(N[C@@H]1CC[C@@]2(O)[C@H]3Cc4ccc(O)c5c4[C@@]2(CCN3CC2CC2)[C@H]1O5)c1ccc(Cl)c(Cl)c1,0,O=C(N[C@@H]1CC[C@@]2(O)[C@H]3Cc4ccc(O)c5c4[C@@]2(CCN3CC2CC2)[C@H]1O5)c1ccc(Cl)c(Cl)c1,0.06166666666666667,True
889,CCC(=O)N(c1ccccc1)C1CCN(CCc2ccccc2)CC1C,0,CCC(=O)N(c1ccccc1)C1CCN(CCc2ccccc2)CC1C,0.011666666666666667,True
890,C[C@H]1C2Cc3ccc(C(=O)NCCc4ccc(-c5ccccc5)cn4)cc3[C@@]1(C)CCN2CC1CC1,0,C[C@H]1C2Cc3ccc(C(=O)NCCc4ccc(-c5ccccc5)cn4)cc3[C@@]1(C)CCN2CC1CC1,0.09062008032082397,True
891,Oc1ccc2c(c1)[C@]13CCN(C[C@@H]4CCCO4)[C@H](C2)[C@]1(O)Cc1cc2ccccc2nc1C3,0,Oc1ccc2c(c1)[C@]13CCN(C[C@@H]4CCCO4)[C@H](C2)[C@]1(O)Cc1cc2ccccc2nc1C3,0.16166666666666665,True
892,CCC(=O)N(c1ccccc1)C1CCN(C(=O)[C@H](Cc2ccccc2)NC(=O)CNC(=O)[C@@H](C)NC(=O)[C@@H](N)Cc2c(C)cc(O)cc2C)CC1,0,CCC(=O)N(c1ccccc1)C1CCN(C(=O)[C@H](Cc2ccccc2)NC(=O)CNC(=O)[C@@H](C)NC(=O)[C@@H](N)Cc2c(C)cc(O)cc2C)CC1,0.0033333333333333335,True
893,COc1ccc2c3c1O[C@H]1[C@@H](O)C=C[C@H]4[C@@H](C2)NCC[C@@]341,0,COc1ccc2c3c1O[C@H]1[C@@H](O)C=C[C@H]4[C@@H](C2)NCC[C@@]341,0.05333333333333334,True
894,Oc1ccc2c3c1O[C@H]1c4ncc(-c5cnccn5)cc4C[C@@]4(OCCCc5ccccc5)[C@@H](C2)N(CC2CC2)CC[C@]314,0,Oc1ccc2c3c1O[C@H]1c4ncc(-c5cnccn5)cc4C[C@@]4(OCCCc5ccccc5)[C@@H](C2)N(CC2CC2)CC[C@]314,0.01,True
895,Oc1ccc2c(c1)[C@]1(CCCCCc3ccccc3)CCN(CCc3ccccc3F)C[C@@H]1O2,0,Oc1ccc2c(c1)[C@]1(CCCCCc3ccccc3)CCN(CCc3ccccc3F)C[C@@H]1O2,0.0,True
896,Oc1ccc2c(c1)[C@]13CCN(CC4CC4)[C@H](C2)[C@]1(O)CCc1c([nH]c2ccccc12)C3,0,Oc1ccc2c(c1)[C@]13CCN(CC4CC4)[C@H](C2)[C@]1(O)CCc1c([nH]c2ccccc12)C3,0.13,True
897,CN1CC[C@]23c4cccc(O)c4O[C@H]2CCC[C@H]3C1,0,CN1CC[C@]23c4cccc(O)c4O[C@H]2CCC[C@H]3C1,0.035,True
898,C=C1C[C@H](C)[C@H]2[C@H]3Cc4ccc(O)cc4[C@@]2(CCN3CC2CCC2)C1,0,C=C1C[C@H](C)[C@H]2[C@H]3Cc4ccc(O)cc4[C@@]2(CCN3CC2CCC2)C1,0.03143904320987654,True
899,O=c1[nH]c2ccccc2n1C1CCN(Cc2cccc(Cl)c2)CC1,0,O=c1[nH]c2ccccc2n1C1CCN(Cc2cccc(Cl)c2)CC1,0.005,True
900,CC[C@]12CCNC[C@H]1Oc1ccc(O)cc12,0,CC[C@]12CCNC[C@H]1Oc1ccc(O)cc12,0.0644514959202176,True
901,C[C@H]1[C@H]2Cc3ccc(C(=O)NCCc4ccc(-c5ccc(O)cc5)cc4)cc3[C@]1(C)CCN2CC1CC1,0,C[C@H]1[C@H]2Cc3ccc(C(=O)NCCc4ccc(-c5ccc(O)cc5)cc4)cc3[C@]1(C)CCN2CC1CC1,0.04641692537204092,True
902,Cc1cc(O)cc(C)c1C[C@H](N)[C@@H](O)C/C=C/[C@H](O)[C@@H](Cc1ccccc1)C(=O)N[C@H](CO)Cc1ccccc1,0,Cc1cc(O)cc(C)c1C[C@H](N)[C@@H](O)C/C=C/[C@H](O)[C@@H](Cc1ccccc1)C(=O)N[C@H](CO)Cc1ccccc1,0.0016666666666666668,True
903,CC[C@H](C)[C@H](NC(=O)[C@H](CCCN=C(N)N)NC(=O)[C@H](CCCN=C(N)N)NC(=O)[C@H](CC(C)C)NC(=O)[C@H](Cc1ccccc1)NC(=O)CNC(=O)CNC(=O)[C@@H](N)Cc1ccc(O)cc1)C(=O)N[C@@H](CCCN=C(N)N)C(=O)N1CCC[C@H]1C(=O)N[C@@H](CCCCN)C(=O)N[C@@H](CC(C)C)C(=O)N[C@@H](CCCCN)C(=O)N[C@@H](Cc1c[nH]c2ccccc12)C(=O)N[C@@H](CC(=O)O)C(=O)N[C@@H](CC(N)=O)C(=O)N[C@@H](CCC(N)=O)C(=O)O,0,CC[C@H](C)[C@H](NC(=O)[C@H](CCCN=C(N)N)NC(=O)[C@H](CCCN=C(N)N)NC(=O)[C@H](CC(C)C)NC(=O)[C@H](Cc1ccccc1)NC(=O)CNC(=O)CNC(=O)[C@@H](N)Cc1ccc(O)cc1)C(=O)N[C@@H](CCCN=C(N)N)C(=O)N1CCC[C@H]1C(=O)N[C@@H](CCCCN)C(=O)N[C@@H](CC(C)C)C(=O)N[C@@H](CCCCN)C(=O)N[C@@H](Cc1c[nH]c2ccccc12)C(=O)N[C@@H](CC(=O)O)C(=O)N[C@@H](CC(N)=O)C(=O)N[C@@H](CCC(N)=O)C(=O)O,0.015,True
904,CCCC[C@H](NC(=O)[C@H](CC(=O)O)NC(=O)[C@H](Cc1ccccc1)N(C)N[C@@H](Cc1ccccc1)C(=O)NCC(=O)N[C@H](C)C(=O)N[C@@H](Cc1ccc(O)cc1)C(=O)O)C(=O)N[C@@H](Cc1cn(C(C)=O)c2ccccc12)C(=O)O,0,CCCC[C@H](NC(=O)[C@H](CC(=O)O)NC(=O)[C@H](Cc1ccccc1)N(C)N[C@@H](Cc1ccccc1)C(=O)NCC(=O)N[C@H](C)C(=O)N[C@@H](Cc1ccc(O)cc1)C(=O)O)C(=O)N[C@@H](Cc1cn(C(C)=O)c2ccccc12)C(=O)O,0.0016666666666666668,True
905,Oc1ccc2c(c1)[C@]1(CCCCCc3ccccc3)CCN(CCc3ccc(F)cc3)C[C@@H]1O2,0,Oc1ccc2c(c1)[C@]1(CCCCCc3ccccc3)CCN(CCc3ccc(F)cc3)C[C@@H]1O2,0.0016666666666666668,True
906,CO[C@]12C=C[C@]34C[C@@]1(C)[C@@H](c1ccccc1)N[C@H]2[C@@]31CCN(C)[C@@H]4Cc2ccc(O)cc21,0,CO[C@]12C=C[C@]34C[C@@]1(C)[C@@H](c1ccccc1)N[C@H]2[C@@]31CCN(C)[C@@H]4Cc2ccc(O)cc21,0.06295994568906993,True
907,COc1cccc(CNc2ccc3c(c2)[C@@]24CCCC[C@H]2[C@@H](C3)N(CC2CCC2)CC4)c1,0,COc1cccc(CNc2ccc3c(c2)[C@@]24CCCC[C@H]2[C@@H](C3)N(CC2CCC2)CC4)c1,0.0,True
908,CC(c1ccc(Cl)cc1)N1CCC(n2c(=O)[nH]c3ccccc32)CC1,0,CC(c1ccc(Cl)cc1)N1CCC(n2c(=O)[nH]c3ccccc32)CC1,0.0,True
909,CO[C@]12C=CC3(CC14CCC[C@H]4O)C1Cc4ccc(O)c5c4C3(CCN1C)[C@@H]2O5,0,CO[C@]12C=CC3(CC14CCC[C@H]4O)C1Cc4ccc(O)c5c4C3(CCN1C)[C@@H]2O5,0.02,True
910,Oc1ccc2c(c1)[C@]1(CCc3ccccc3)CCN(CCc3ccc(F)cc3)C[C@@H]1O2,0,Oc1ccc2c(c1)[C@]1(CCc3ccccc3)CCN(CCc3ccc(F)cc3)C[C@@H]1O2,0.0,True
911,CN(C)[C@]1(c2ccccc2)CC[C@]2(CC1)OCCc1c3ccccc3[nH]c12,0,CN(C)[C@]1(c2ccccc2)CC[C@]2(CC1)OCCc1c3ccccc3[nH]c12,0.005,True
912,CCOC(=O)C(CCN1CCOCC1)(c1ccccc1)c1ccccc1,0,CCOC(=O)C(CCN1CCOCC1)(c1ccccc1)c1ccccc1,0.028333333333333332,True
913,O=C(N[C@@H]1CC[C@@]2(O)[C@H]3Cc4ccc(O)c5c4[C@@]2(CCN3CC2CC2)[C@H]1O5)c1ccc(I)cc1,0,O=C(N[C@@H]1CC[C@@]2(O)[C@H]3Cc4ccc(O)c5c4[C@@]2(CCN3CC2CC2)[C@H]1O5)c1ccc(I)cc1,0.10666666666666667,True
914,O=C(N[C@@H]1CC[C@@]2(O)[C@H]3Cc4ccc(O)c5c4[C@@]2(CCN3CC2CC2)[C@H]1O5)c1ccc(Cl)cc1,0,O=C(N[C@@H]1CC[C@@]2(O)[C@H]3Cc4ccc(O)c5c4[C@@]2(CCN3CC2CC2)[C@H]1O5)c1ccc(Cl)cc1,0.08166666666666667,True
915,CCOc1ccc(CN2CC3CC3C2)cc1CNC(=O)[C@@H](N)Cc1c(C)cc(O)cc1C,0,CCOc1ccc(CN2CC3CC3C2)cc1CNC(=O)[C@@H](N)Cc1c(C)cc(O)cc1C,0.051666666666666666,True
916,CSCC[C@H](NC(=O)[C@H](Cc1ccccc1)NC(=O)CNC(=O)[C@@H](C)NC(=O)[C@@H](N)Cc1ccc(O)cc1)C(=O)N1CCC[C@H]1C(=O)N[C@@H](CC(C)C)C(=O)N[C@@H](Cc1c[nH]c2ccccc12)C(=O)OCc1cc(C(F)(F)F)cc(C(F)(F)F)c1,0,CSCC[C@H](NC(=O)[C@H](Cc1ccccc1)NC(=O)CNC(=O)[C@@H](C)NC(=O)[C@@H](N)Cc1ccc(O)cc1)C(=O)N1CCC[C@H]1C(=O)N[C@@H](CC(C)C)C(=O)N[C@@H](Cc1c[nH]c2ccccc12)C(=O)OCc1cc(C(F)(F)F)cc(C(F)(F)F)c1,0.0,True
917,O=c1[nH]c2cc(Cl)ccc2n1C1CCN(Cc2ccc(Br)cc2F)CC1,0,O=c1[nH]c2cc(Cl)ccc2n1C1CCN(Cc2ccc(Br)cc2F)CC1,0.005,True
918,Oc1nc2ccccc2n1C1CCN(Cc2ccccc2)CC1,0,Oc1nc2ccccc2n1C1CCN(Cc2ccccc2)CC1,0.011443418013856814,True
919,CCCC[C@H](NC(=O)[C@H](CC(=O)O)NC(=O)[C@H](Cc1ccccc1)NN[C@@H](Cc1ccccc1)C(=O)NCC(=O)N[C@H](C)C(=O)N[C@@H](Cc1ccc(O)cc1)C(=O)O)C(=O)N[C@H](Cc1cn(C(=O)OC2C3CC4CC(C3)CC2C4)c2ccccc12)C(=O)O,0,CCCC[C@H](NC(=O)[C@H](CC(=O)O)NC(=O)[C@H](Cc1ccccc1)NN[C@@H](Cc1ccccc1)C(=O)NCC(=O)N[C@H](C)C(=O)N[C@@H](Cc1ccc(O)cc1)C(=O)O)C(=O)N[C@H](Cc1cn(C(=O)OC2C3CC4CC(C3)CC2C4)c2ccccc12)C(=O)O,0.011666666666666667,True
920,CN1CC[C@]23c4c5ccc(OC(=O)CCCCCCCCC(=O)Oc6ccc7c(c6)[C@@]68CCCCC6[C@@H](C7)N(CC6CCC6)CC8)c4O[C@H]2[C@@H](O)C=C[C@H]3[C@H]1C5,0,CN1CC[C@]23c4c5ccc(OC(=O)CCCCCCCCC(=O)Oc6ccc7c(c6)[C@@]68CCCCC6[C@@H](C7)N(CC6CCC6)CC8)c4O[C@H]2[C@@H](O)C=C[C@H]3[C@H]1C5,0.041666666666666664,True
921,CN1CC[C@]23c4c5ccc(O)c4O[C@H]2c2[nH]c4ccccc4c2C[C@@]3(NCCCc2ccccc2)C1C5,0,CN1CC[C@]23c4c5ccc(O)c4O[C@H]2c2[nH]c4ccccc4c2C[C@@]3(NCCCc2ccccc2)C1C5,0.005859770114942529,True
922,COCCOCCOCCOCCOCCOCCO[C@H]1CCC2(O)[C@H]3Cc4ccc(OC)c5c4[C@@]2(CCN3C)[C@H]1O5,0,COCCOCCOCCOCCOCCOCCO[C@H]1CCC2(O)[C@H]3Cc4ccc(OC)c5c4[C@@]2(CCN3C)[C@H]1O5,0.09311985448975685,True
923,CN(C)[C@@H](c1cccc(O)c1)[C@H]1CCCC[C@H]1O,0,CN(C)[C@@H](c1cccc(O)c1)[C@H]1CCCC[C@H]1O,0.025,True
924,C[C@@H](NC(=O)[C@@H](N)Cc1ccc(O)cc1)C(=O)NCC(=O)N[C@@H](Cc1ccccc1)C(=O)NNC(=O)[C@H](Cc1ccccc1)NC(=O)CNC(=O)[C@@H](C)NC(=O)[C@@H](N)Cc1ccc(O)cc1,0,C[C@@H](NC(=O)[C@@H](N)Cc1ccc(O)cc1)C(=O)NCC(=O)N[C@@H](Cc1ccccc1)C(=O)NNC(=O)[C@H](Cc1ccccc1)NC(=O)CNC(=O)[C@@H](C)NC(=O)[C@@H](N)Cc1ccc(O)cc1,0.0,True
925,Cc1cnccc1C(=O)N[C@@H]1CC[C@@]2(O)[C@H]3Cc4ccc(O)c5c4[C@@]2(CCN3CC2CC2)[C@H]1O5,0,Cc1cnccc1C(=O)N[C@@H]1CC[C@@]2(O)[C@H]3Cc4ccc(O)c5c4[C@@]2(CCN3CC2CC2)[C@H]1O5,0.06333333333333334,True
926,CC(c1ccc(Br)cc1F)N1CCC(n2c(=O)[nH]c3ccccc32)CC1,0,CC(c1ccc(Br)cc1F)N1CCC(n2c(=O)[nH]c3ccccc32)CC1,0.0016666666666666668,True
927,C[C@H]1C2Cc3ccc(C(=O)NCCc4ccc(-c5ccncc5)cc4)cc3[C@@]1(C)CCN2CC1CC1,0,C[C@H]1C2Cc3ccc(C(=O)NCCc4ccc(-c5ccncc5)cc4)cc3[C@@]1(C)CCN2CC1CC1,0.04798500818772217,True
928,Oc1ccc2c(c1)[C@@]13CCCC[C@@]1(O)[C@@H](C2)N(CC1CCC1)CC3,0,Oc1ccc2c(c1)[C@@]13CCCC[C@@]1(O)[C@@H](C2)N(CC1CCC1)CC3,0.27476908212560386,True
929,COc1ccc(-c2ccc(CCNC(=O)c3ccc4c(c3)C3(C)CCN(CC5CC5)C(C4)C3C)cc2)cc1OC,0,COc1ccc(-c2ccc(CCNC(=O)c3ccc4c(c3)C3(C)CCN(CC5CC5)C(C4)C3C)cc2)cc1OC,0.041212962962962965,True
930,CC1(N2CCC(n3c(-c4cc5ccccc5o4)nc4ccccc43)CC2)CCCCCCC1,0,CC1(N2CCC(n3c(-c4cc5ccccc5o4)nc4ccccc43)CC2)CCCCCCC1,0.013998999683636581,True
931,O=C(Nc1ccccc1)Oc1ccc2c(c1)C13CCCCC1C(C2)N(CC1CCC1)CC3,0,O=C(Nc1ccccc1)Oc1ccc2c(c1)C13CCCCC1C(C2)N(CC1CCC1)CC3,0.0033333333333333335,True
932,O=C(Cc1ccncc1)N[C@@H]1CC[C@@]2(O)[C@H]3Cc4ccc(O)c5c4[C@@]2(CCN3CC2CC2)[C@H]1O5,0,O=C(Cc1ccncc1)N[C@@H]1CC[C@@]2(O)[C@H]3Cc4ccc(O)c5c4[C@@]2(CCN3CC2CC2)[C@H]1O5,0.04666666666666667,True
933,CCNC(=O)Oc1ccc2c(c1)C13CCCCC1C(C2)N(CC1CC1)CC3,0,CCNC(=O)Oc1ccc2c(c1)C13CCCCC1C(C2)N(CC1CC1)CC3,0.015,True
934,CCCC[C@@H](C(=O)N[C@@H](Cc1cn(C(C)=O)c2ccccc12)C(=O)O)N(C(=O)Nc1ccccc1Cl)C(=O)[C@H](CC(=O)O)NC(=O)[C@H](Cc1ccccc1)N(C)N[C@@H](Cc1ccccc1)C(=O)NCC(=O)N[C@H](C)C(=O)N[C@@H](Cc1ccc(O)cc1)C(=O)O,0,CCCC[C@@H](C(=O)N[C@@H](Cc1cn(C(C)=O)c2ccccc12)C(=O)O)N(C(=O)Nc1ccccc1Cl)C(=O)[C@H](CC(=O)O)NC(=O)[C@H](Cc1ccccc1)N(C)N[C@@H](Cc1ccccc1)C(=O)NCC(=O)N[C@H](C)C(=O)N[C@@H](Cc1ccc(O)cc1)C(=O)O,0.02,True
935,CCC(=O)N(Cc1ccc(C)cc1)C1(C(=O)NCCc2cccc(F)c2)CCN(CCc2ccccc2)CC1,0,CCC(=O)N(Cc1ccc(C)cc1)C1(C(=O)NCCc2cccc(F)c2)CCN(CCc2ccccc2)CC1,0.014771279675738273,True
936,COC(=O)[C@@H]1C[C@H](OC(=O)c2cccnc2)C(=O)[C@H]2[C@@]1(C)CC[C@H]1C(=O)O[C@H](c3ccoc3)C[C@]21C,0,COC(=O)[C@@H]1C[C@H](OC(=O)c2cccnc2)C(=O)[C@H]2[C@@]1(C)CC[C@H]1C(=O)O[C@H](c3ccoc3)C[C@]21C,0.006666666666666667,True
937,Cc1cc(O)cc(C)c1C[C@H](N)C(=O)N[C@H](CCCNC(=N)N)C(=O)N[C@H]1Cc2ccccc2CN(CCC(N)=O)C1=O,0,Cc1cc(O)cc(C)c1C[C@H](N)C(=O)N[C@H](CCCNC(=N)N)C(=O)N[C@H]1Cc2ccccc2CN(CCC(N)=O)C1=O,0.07666666666666666,True
938,CCC(C)(C)[C@@](C)(O)[C@H]1C[C@@]23CC[C@]1(OC)[C@@H]1Oc4c(O)ccc5c4[C@@]12CCN(CC1CC1)[C@@H]3C5,0,CCC(C)(C)[C@@](C)(O)[C@H]1C[C@@]23CC[C@]1(OC)[C@@H]1Oc4c(O)ccc5c4[C@@]12CCN(CC1CC1)[C@@H]3C5,0.115,True
939,COc1ccc(CNc2ccc3c(c2)[C@@]24CCCC[C@H]2[C@@H](C3)N(CC2CC2)CC4)cc1,0,COc1ccc(CNc2ccc3c(c2)[C@@]24CCCC[C@H]2[C@@H](C3)N(CC2CC2)CC4)cc1,0.0,True
940,CCOc1ccc(CN(C)Cc2ccccc2)cc1CNC(=O)[C@@H](N)Cc1c(C)cc(O)cc1C,0,CCOc1ccc(CN(C)Cc2ccccc2)cc1CNC(=O)[C@@H](N)Cc1c(C)cc(O)cc1C,0.01,True
941,Oc1cccc2c1O[C@H]1CCC[C@H]3CN(CCc4ccccc4)CC[C@@]231,0,Oc1cccc2c1O[C@H]1CCC[C@H]3CN(CCc4ccccc4)CC[C@@]231,0.043333333333333335,True
942,CC(=O)Nc1nc2c(s1)C[C@H]1[C@H]3Cc4ccc(O)cc4[C@@]1(CCN3CC1CC1)C2,0,CC(=O)Nc1nc2c(s1)C[C@H]1[C@H]3Cc4ccc(O)cc4[C@@]1(CCN3CC1CC1)C2,0.006666666666666667,True
943,Oc1ccc(CNc2ccc3c(c2)[C@@]24CCCC[C@H]2[C@@H](C3)N(CC2CC2)CC4)cc1,0,Oc1ccc(CNc2ccc3c(c2)[C@@]24CCCC[C@H]2[C@@H](C3)N(CC2CC2)CC4)cc1,0.0,True
944,CC(C)(CCCCCCC(C)(C)C(=O)Oc1ccc2c(c1)[C@@]13CCCC[C@H]1[C@@H](C2)N(CC1CCC1)CC3)C(=O)Oc1ccc2c(c1)[C@@]13CCCC[C@H]1[C@@H](C2)N(CC1CCC1)CC3,0,CC(C)(CCCCCCC(C)(C)C(=O)Oc1ccc2c(c1)[C@@]13CCCC[C@H]1[C@@H](C2)N(CC1CCC1)CC3)C(=O)Oc1ccc2c(c1)[C@@]13CCCC[C@H]1[C@@H](C2)N(CC1CCC1)CC3,0.0033333333333333335,True
945,C[C@@H]1CN(CCCc2ccccc2)[C@H]2C[C@H](N(C)CC3CC3)C[C@]1(c1cccc(O)c1)C2,0,C[C@@H]1CN(CCCc2ccccc2)[C@H]2C[C@H](N(C)CC3CC3)C[C@]1(c1cccc(O)c1)C2,0.02666666666666667,True
946,O=C(N[C@@H]1CC[C@@]2(O)[C@H]3Cc4ccc(O)c5c4[C@@]2(CCN3CC2CC2)[C@H]1O5)c1ccncc1Cl,0,O=C(N[C@@H]1CC[C@@]2(O)[C@H]3Cc4ccc(O)c5c4[C@@]2(CCN3CC2CC2)[C@H]1O5)c1ccncc1Cl,0.05,True
947,O=c1[nH]c2cc(Cl)ccc2n1C1CCN(Cc2ccccc2Cl)CC1,0,O=c1[nH]c2cc(Cl)ccc2n1C1CCN(Cc2ccccc2Cl)CC1,0.008333333333333333,True
948,CN1CCC23c4c5ccc(O)c4OC2c2nc(N)ncc2CC3(O)C1C5,0,CN1CCC23c4c5ccc(O)c4OC2c2nc(N)ncc2CC3(O)C1C5,0.0016666666666666668,True
949,CCC(=O)N(Cc1ccco1)C1(C(=O)Nc2ccc(OC)cc2)CCN(CCc2ccccc2)CC1,0,CCC(=O)N(Cc1ccco1)C1(C(=O)Nc2ccc(OC)cc2)CCN(CCc2ccccc2)CC1,0.018333333333333333,True
950,COc1ccccc1-c1cnc2c(c1)C[C@@]1(OCCCc3ccccc3)[C@H]3Cc4ccc(O)c5c4[C@@]1(CCN3CC1CC1)[C@H]2O5,0,COc1ccccc1-c1cnc2c(c1)C[C@@]1(OCCCc3ccccc3)[C@H]3Cc4ccc(O)c5c4[C@@]1(CCN3CC1CC1)[C@H]2O5,0.0,True
951,C=CC(=O)N(c1ccccc1)C1CCN(CCc2ccccc2)CC1,0,C=CC(=O)N(c1ccccc1)C1CCN(CCc2ccccc2)CC1,0.01,True
952,CC[C@@](O)(c1ccccc1)[C@H]1C[C@@]23CC[C@]1(OC)[C@@H]1Oc4c(O)ccc5c4[C@@]12CCN(CC1CC1)[C@@H]3C5,0,CC[C@@](O)(c1ccccc1)[C@H]1C[C@@]23CC[C@]1(OC)[C@@H]1Oc4c(O)ccc5c4[C@@]12CCN(CC1CC1)[C@@H]3C5,0.14833333333333334,True
953,CCC(=O)N(c1ccccc1)C1CCN(CC(C)c2ccccc2)CC1,0,CCC(=O)N(c1ccccc1)C1CCN(CC(C)c2ccccc2)CC1,0.005,True
954,O=C(CCCCCCCCC(=O)Oc1ccc2c(c1)[C@@]13CCCCC1[C@@H](C2)N(CC1CCC1)CC3)Oc1ccccc1,0,O=C(CCCCCCCCC(=O)Oc1ccc2c(c1)[C@@]13CCCCC1[C@@H](C2)N(CC1CCC1)CC3)Oc1ccccc1,0.005,True
955,COc1cccc2c1C13CCN(CC4CC4)[C@H](C2)[C@]1(OCCCc1ccccc1)CCC(=O)C3,0,COc1cccc2c1C13CCN(CC4CC4)[C@H](C2)[C@]1(OCCCc1ccccc1)CCC(=O)C3,0.058333333333333334,True
956,C[C@@H](NC(=O)[C@@H](N)Cc1ccc(O)cc1)C(=O)NCC(=O)N[C@@H](Cc1ccccc1)C(=O)NC1CCN(CCc2ccccc2)CC1,0,C[C@@H](NC(=O)[C@@H](N)Cc1ccc(O)cc1)C(=O)NCC(=O)N[C@@H](Cc1ccccc1)C(=O)NC1CCN(CCc2ccccc2)CC1,0.018333333333333333,True
957,CN1CCC23c4c5ccc(O)c4OC2c2nc(-c4ccccc4)ncc2CC3(O)C1C5,0,CN1CCC23c4c5ccc(O)c4OC2c2nc(-c4ccccc4)ncc2CC3(O)C1C5,0.02666666666666667,True
958,CC1(N2CCC(n3c(-c4cccc(OCCO)c4)nc4ccccc43)CC2)CCCCCCC1,0,CC1(N2CCC(n3c(-c4cccc(OCCO)c4)nc4ccccc43)CC2)CCCCCCC1,0.026943670423623008,True
959,CO[C@]12C=C[C@@]3(C[C@@H]1[C@H](O)c1ccccc1)[C@H]1Cc4ccc(O)c5c4[C@@]3(CCN1CC1CC1)[C@H]2O5,0,CO[C@]12C=C[C@@]3(C[C@@H]1[C@H](O)c1ccccc1)[C@H]1Cc4ccc(O)c5c4[C@@]3(CCN1CC1CC1)[C@H]2O5,0.018333333333333333,True
960,CCC1C(=O)N(C2CCN(C3CCCc4ccccc43)CC2)c2ccccc21,0,CCC1C(=O)N(C2CCN(C3CCCc4ccccc43)CC2)c2ccccc21,0.051666666666666666,True
961,Cc1cc(O)cc(C)c1C[C@H](NC(=O)[C@@H]1CCCN1C(=O)[C@H](CCCCN)NC(=O)[C@H](CCCCN)NC(=O)CCN1Cc2ccccc2C[C@H](NC(=O)[C@@H](CCCNC(=N)N)NC(=O)[C@@H](N)Cc2c(C)cc(O)cc2C)C1=O)C(=O)N[C@H](C(=O)N[C@@H](CC(C)C)C(=O)O)C(C)(C)C,0,Cc1cc(O)cc(C)c1C[C@H](NC(=O)[C@@H]1CCCN1C(=O)[C@H](CCCCN)NC(=O)[C@H](CCCCN)NC(=O)CCN1Cc2ccccc2C[C@H](NC(=O)[C@@H](CCCNC(=N)N)NC(=O)[C@@H](N)Cc2c(C)cc(O)cc2C)C1=O)C(=O)N[C@H](C(=O)N[C@@H](CC(C)C)C(=O)O)C(C)(C)C,0.0,True
962,COc1cc(C(=O)N[C@@H]2CC[C@@]3(O)[C@H]4Cc5ccc(O)c6c5[C@@]3(CCN4CC3CC3)[C@H]2O6)ccn1,0,COc1cc(C(=O)N[C@@H]2CC[C@@]3(O)[C@H]4Cc5ccc(O)c6c5[C@@]3(CCN4CC3CC3)[C@H]2O6)ccn1,0.04833333333333333,True
963,Cc1ccccc1-c1cnc2c(c1)C[C@@]1(OCCCc3ccccc3)[C@H]3Cc4ccc(O)c5c4[C@@]1(CCN3CC1CC1)[C@H]2O5,0,Cc1ccccc1-c1cnc2c(c1)C[C@@]1(OCCCc3ccccc3)[C@H]3Cc4ccc(O)c5c4[C@@]1(CCN3CC1CC1)[C@H]2O5,0.0,True
964,CC(C)C[C@H](NC(=O)[C@@H]1CCCN1C(=O)[C@H](CC[S+](C)[O-])NC(=O)[C@H](Cc1ccccc1)NC(=O)CNC(=O)[C@@H](C)NC(=O)[C@@H](N)Cc1ccc(O)cc1)C(=O)N[C@@H](Cc1c[nH]c2ccccc12)C(=O)OCc1cc(C(F)(F)F)cc(C(F)(F)F)c1,0,CC(C)C[C@H](NC(=O)[C@@H]1CCCN1C(=O)[C@H](CC[S+](C)[O-])NC(=O)[C@H](Cc1ccccc1)NC(=O)CNC(=O)[C@@H](C)NC(=O)[C@@H](N)Cc1ccc(O)cc1)C(=O)N[C@@H](Cc1c[nH]c2ccccc12)C(=O)OCc1cc(C(F)(F)F)cc(C(F)(F)F)c1,0.0033333333333333335,True
965,Cc1cc(O)cc(C)c1C[C@H](N)C(=O)N1Cc2ccccc2C[C@H]1CNCc1ccccc1,0,Cc1cc(O)cc(C)c1C[C@H](N)C(=O)N1Cc2ccccc2C[C@H]1CNCc1ccccc1,0.22666666666666666,True
966,O=C(CCCCCCCCC(=O)Nc1nc2cc3c(cc2s1)C[C@@H]1[C@@H]2CCCC[C@]32CCN1CC1CC1)Nc1nc2cc3c(cc2s1)C[C@@H]1[C@@H]2CCCC[C@]32CCN1CC1CC1,0,O=C(CCCCCCCCC(=O)Nc1nc2cc3c(cc2s1)C[C@@H]1[C@@H]2CCCC[C@]32CCN1CC1CC1)Nc1nc2cc3c(cc2s1)C[C@@H]1[C@@H]2CCCC[C@]32CCN1CC1CC1,0.006666666666666667,True
967,CCC(=O)N(c1ccccc1)C1(C(=O)Nc2ccc(OC)cc2)CCN(CCc2ccccc2)CC1,0,CCC(=O)N(c1ccccc1)C1(C(=O)Nc2ccc(OC)cc2)CCN(CCc2ccccc2)CC1,0.005,True
968,C[C@H]1C2Cc3ccc(C(=O)NCCc4cccc(-c5ccccc5)c4)cc3[C@@]1(C)CCN2CC1CC1,0,C[C@H]1C2Cc3ccc(C(=O)NCCc4cccc(-c5ccccc5)c4)cc3[C@@]1(C)CCN2CC1CC1,0.10629771455860301,True
969,O=C(N[C@@H]1CC[C@@]2(O)[C@H]3Cc4ccc(O)c5c4[C@@]2(CCN3CC2CC2)[C@H]1O5)c1ccncn1,0,O=C(N[C@@H]1CC[C@@]2(O)[C@H]3Cc4ccc(O)c5c4[C@@]2(CCN3CC2CC2)[C@H]1O5)c1ccncn1,0.02,True
970,Oc1ccccc1CNc1ccc2c(c1)[C@@]13CCCC[C@H]1[C@@H](C2)N(CC1CCC1)CC3,0,Oc1ccccc1CNc1ccc2c(c1)[C@@]13CCCC[C@H]1[C@@H](C2)N(CC1CCC1)CC3,0.0,True
971,O=C(Cc1ccc(Cl)cc1)N[C@@]12CCC(=O)[C@@H]3Oc4c(O)ccc5c4[C@@]31CCN(CC1CC1)[C@@H]2C5,0,O=C(Cc1ccc(Cl)cc1)N[C@@]12CCC(=O)[C@@H]3Oc4c(O)ccc5c4[C@@]31CCN(CC1CC1)[C@@H]2C5,0.21333333333333335,True
972,O=C(CCCCCCCCC(=O)Oc1ccc2c(c1)[C@@]13CCCC[C@H]1[C@@H](C2)N(CC1CC1)CC3)Oc1ccc2c(c1)[C@@]13CCCC[C@H]1[C@@H](C2)N(CC1CC1)CC3,0,O=C(CCCCCCCCC(=O)Oc1ccc2c(c1)[C@@]13CCCC[C@H]1[C@@H](C2)N(CC1CC1)CC3)Oc1ccc2c(c1)[C@@]13CCCC[C@H]1[C@@H](C2)N(CC1CC1)CC3,0.06,True
973,C[C@@]12CCCCC[C@@H](Cc3ccc(O)cc31)[C@@H]2N,0,C[C@@]12CCCCC[C@@H](Cc3ccc(O)cc31)[C@@H]2N,0.059785440613026826,True
974,CCC(=O)N(Cc1ccncc1)C1(C(=O)Nc2ccc(OC)cc2)CCN(CCc2ccccc2)CC1,0,CCC(=O)N(Cc1ccncc1)C1(C(=O)Nc2ccc(OC)cc2)CCN(CCc2ccccc2)CC1,0.006666666666666667,True
975,COc1cccc2c1[C@]13CCN(CC4CC4)[C@H](C2)[C@]1(OC)CCC(=O)C3,0,COc1cccc2c1[C@]13CCN(CC4CC4)[C@H](C2)[C@]1(OC)CCC(=O)C3,0.17333333333333334,True
976,Cc1cc(O)cc(C)c1C[C@H](N)C(=O)N[C@@H]1CSCc2ccccc2CSC[C@@H](NC(=O)[C@@H](N)Cc2c(C)cc(O)cc2C)C(=O)NCC(=O)N[C@@H](Cc2ccc(F)cc2)C(=O)NNC(=O)[C@H](Cc2ccc(F)cc2)NC(=O)CNC1=O,0,Cc1cc(O)cc(C)c1C[C@H](N)C(=O)N[C@@H]1CSCc2ccccc2CSC[C@@H](NC(=O)[C@@H](N)Cc2c(C)cc(O)cc2C)C(=O)NCC(=O)N[C@@H](Cc2ccc(F)cc2)C(=O)NNC(=O)[C@H](Cc2ccc(F)cc2)NC(=O)CNC1=O,0.025,True
977,CN(C)[C@]1(c2ccccc2)CC[C@]2(CC1)NCCc1c3ccccc3[nH]c12,0,CN(C)[C@]1(c2ccccc2)CC[C@]2(CC1)NCCc1c3ccccc3[nH]c12,0.008333333333333333,True
978,O=c1[nH]c2ccccc2n1C1CCN(C2(CO)CCCCCCC2)CC1,0,O=c1[nH]c2ccccc2n1C1CCN(C2(CO)CCCCCCC2)CC1,0.029592668024439918,True
979,COc1cccc(-c2ccc(CCNC(=O)c3ccc4c(c3)C3(C)CCN(CC5CC5)C(C4)C3C)cc2)c1,0,COc1cccc(-c2ccc(CCNC(=O)c3ccc4c(c3)C3(C)CCN(CC5CC5)C(C4)C3C)cc2)c1,0.08927801506689156,True
980,CCN(CC)C(=O)c1ccc(C(=C2CCNCC2)c2ccccc2)cc1,0,CCN(CC)C(=O)c1ccc(C(=C2CCNCC2)c2ccccc2)cc1,0.028333333333333332,True
981,CN(C)c1ccccc1-c1cnc2c(c1)C[C@@]1(OCCCc3ccccc3)[C@H]3Cc4ccc(O)c5c4[C@@]1(CCN3CC1CC1)[C@H]2O5,0,CN(C)c1ccccc1-c1cnc2c(c1)C[C@@]1(OCCCc3ccccc3)[C@H]3Cc4ccc(O)c5c4[C@@]1(CCN3CC1CC1)[C@H]2O5,0.0016666666666666668,True
982,CCC(=O)N(c1ccccn1)C(C)CN1CCCCC1,0,CCC(=O)N(c1ccccn1)C(C)CN1CCCCC1,0.03166666666666667,True
